order_id,payment_sequential,payment_type,payment_installments,payment_value
693c88ab-4,1,debit_card,1,479.23
b3a38c6d-b,1,debit_card,1,473.26
a0f08d79-3,1,boleto,1,367.49
c8601445-e,1,debit_card,1,313.99
31289aac-7,1,boleto,1,220.13
57671510-5,1,credit_card,4,310.38
4081e8e9-4,1,credit_card,9,852.95
b1556809-1,1,voucher,1,350.09
f0773731-3,1,credit_card,6,537.32
f0ae2ccf-8,1,credit_card,4,293.26
049908be-a,1,debit_card,1,161.95
c76ce310-6,1,credit_card,7,720.4
cd8a2f16-c,1,credit_card,3,328.33
a7341e4a-8,1,boleto,1,840.86
f12c5176-a,1,credit_card,8,433.52
5dbe67ae-1,1,credit_card,5,300.49
2872e68e-d,1,debit_card,1,592.0
7bde8032-3,1,credit_card,4,284.7
a3fd8aca-6,1,voucher,1,356.57
28d8192f-a,1,credit_card,8,219.58
fbb3343e-8,1,voucher,1,315.84
98927c05-7,1,debit_card,1,149.7
ee14f61d-7,1,debit_card,1,419.1
7029be50-4,1,voucher,1,372.04
c352cbd0-f,1,boleto,1,499.47
f06b399a-5,1,debit_card,1,470.33
afba75bb-2,1,credit_card,2,1496.11
6af5dbed-5,1,credit_card,4,290.37
60c5d036-5,1,credit_card,4,626.01
0d2acf6a-5,1,debit_card,1,107.63
3055b002-c,1,boleto,1,263.82
5f934244-d,1,debit_card,1,285.79
cd664b2b-5,1,voucher,1,248.01
4327feca-e,1,voucher,1,216.96
be4c24a2-c,1,credit_card,8,683.64
dc25f28d-7,1,debit_card,1,200.12
13e0f430-6,1,credit_card,8,392.17
860f2b36-c,1,credit_card,9,302.66
ebcca195-4,1,voucher,1,347.03
7df342dc-0,1,voucher,1,398.77
df771998-8,1,credit_card,7,290.64
9cb38135-e,1,voucher,1,558.72
e47eb100-a,1,voucher,1,702.31
9576ed8e-e,1,debit_card,1,57.3
d0baddc6-c,1,credit_card,3,439.46
df696635-d,1,boleto,1,182.77
09762659-d,1,voucher,1,1294.59
3c09037e-f,1,voucher,1,972.34
87d17a38-4,1,voucher,1,198.7
ac5e6c17-f,1,credit_card,10,274.95
46d0dd0d-8,1,credit_card,8,360.09
d3e9d053-7,1,boleto,1,81.01
4d83a745-f,1,credit_card,5,323.41
0a9c2c71-f,1,debit_card,1,1127.12
2b6775b3-9,1,debit_card,1,265.27
9e826d47-c,1,credit_card,2,531.85
f29f7591-c,1,boleto,1,202.74
04ca8382-0,1,debit_card,1,335.45
3f4a3674-d,1,boleto,1,335.01
865e16d6-0,1,credit_card,10,114.02
3943e842-d,1,voucher,1,361.79
81920ee0-5,1,voucher,1,258.08
69b43e5d-1,1,boleto,1,213.5
233386d5-e,1,voucher,1,321.48
43765636-a,1,boleto,1,444.07
2806fb5a-b,1,credit_card,1,109.23
2b4eb5f0-a,1,boleto,1,99.78
297de6c0-0,1,boleto,1,57.95
6400a422-8,1,voucher,1,438.01
ceed0065-d,1,boleto,1,352.4
6afa43ca-d,1,boleto,1,324.79
ca8d8b1d-2,1,credit_card,5,260.96
e1dd6a10-7,1,credit_card,7,59.98
8f3f196e-b,1,credit_card,8,238.29
224a4efb-4,1,credit_card,2,546.15
795d6b8a-3,1,debit_card,1,589.45
ad1769b6-4,1,credit_card,2,725.85
b3b7737f-4,1,credit_card,4,171.45
fd7815e8-b,1,debit_card,1,57.84
c6d65db0-b,1,credit_card,3,339.56
8ce5f66e-2,1,credit_card,8,423.85
b1d35145-6,1,boleto,1,-50.0
85b499b7-d,1,boleto,1,368.65
1acd8f1e-e,1,debit_card,1,188.5
824777e0-f,1,credit_card,4,371.59
ea9feebf-e,1,credit_card,8,254.0
3161deb8-6,1,credit_card,2,137.64
eed5cbfa-0,1,credit_card,5,422.89
6b4436e7-c,1,debit_card,1,259.11
aabb71ec-7,1,credit_card,3,195.44
70200fa9-7,1,credit_card,3,413.75
95403c53-7,1,boleto,1,355.23
3f539ffa-c,1,boleto,1,392.38
00b53d59-2,1,voucher,1,517.17
f7b12a66-3,1,boleto,1,475.56
fdc61963-e,1,boleto,1,1006.35
4270e8e8-f,1,debit_card,1,738.55
ced9f7aa-f,1,credit_card,7,657.11
807b7fba-8,1,credit_card,5,149.95
2d65a813-b,1,debit_card,1,40.23
e6ce468d-3,1,credit_card,5,335.11
105142f6-2,1,boleto,1,458.69
37fb9062-0,1,credit_card,2,377.02
ab811957-e,1,credit_card,3,655.84
20ecc525-f,1,credit_card,4,109.18
de04ac71-e,1,credit_card,2,465.5
3d4931c5-8,1,boleto,1,298.39
2202bc17-3,1,credit_card,3,116.39
ef6955e3-a,1,credit_card,9,83.05
e0a904fe-3,1,debit_card,1,465.56
07453fe0-8,1,credit_card,2,350.17
ad760576-4,1,credit_card,7,1164.75
f880c2c2-f,1,credit_card,2,378.54
a46a1659-e,1,debit_card,1,170.56
29fd152a-1,1,voucher,1,942.98
8d635802-3,1,debit_card,1,378.13
199f46a5-0,1,debit_card,1,288.91
8c43121e-a,1,credit_card,8,562.85
f73b46b5-6,1,voucher,1,342.31
0b972ca3-0,1,boleto,1,304.42
9d757e34-d,1,voucher,1,378.99
e3ddb492-1,1,credit_card,5,314.43
1ac5b092-6,1,boleto,1,610.0
f3835ffc-9,1,boleto,1,187.75
f1cdb377-8,1,debit_card,1,557.74
26b2218c-5,1,debit_card,1,162.87
d64d3090-f,1,voucher,1,544.31
4544dc2a-0,1,voucher,1,281.81
27889a9f-c,1,credit_card,3,240.09
dce66719-6,1,credit_card,1,460.23
f2c79205-e,1,credit_card,4,226.72
8ee71307-6,1,boleto,1,131.08
eac08354-4,1,voucher,1,135.08
36373aa0-8,1,credit_card,6,355.63
3d57f7f4-6,1,voucher,1,792.38
f3dd72d8-a,1,debit_card,1,67.44
ed534efe-7,1,boleto,1,31.74
a9173e23-7,1,credit_card,10,787.54
f874d865-f,1,credit_card,1,466.69
d47edd3d-6,1,debit_card,1,67.53
dab897c3-8,1,credit_card,4,401.14
acce2223-0,1,boleto,1,320.86
ecb48002-f,1,boleto,1,169.19
ad0d4e7b-4,1,boleto,1,409.77
d1f6d07f-5,1,credit_card,6,1451.26
94c3c0aa-5,1,voucher,1,155.43
d59519e8-e,1,credit_card,6,423.01
3c1e4a2a-0,1,credit_card,9,152.32
60fa6f34-f,1,credit_card,6,216.3
476613f7-4,1,boleto,1,470.52
04af7d23-0,1,voucher,1,142.88
c09129c0-9,1,boleto,1,653.57
5d0cf12e-8,1,debit_card,1,382.08
92f4ab65-e,1,debit_card,1,447.35
866dd089-6,1,boleto,1,408.42
1f584fc0-7,1,boleto,1,251.78
67623e6c-6,1,credit_card,2,396.18
be9450b5-d,1,voucher,1,325.3
a7843b05-9,1,debit_card,1,726.17
dfbe62f5-b,1,voucher,1,360.84
ceaed8af-9,1,debit_card,1,652.5
4e4ca594-6,1,voucher,1,162.74
de707fbc-2,1,debit_card,1,243.33
37e39dc7-4,1,voucher,1,351.94
fa1a0489-b,1,credit_card,1,162.84
d6fe4dcc-f,1,debit_card,1,80.97
5cbb315a-f,1,voucher,1,732.0
81891166-4,1,credit_card,5,435.54
621c49d1-2,1,voucher,1,83.97
2c5e5a4a-c,1,credit_card,9,204.48
a7ed5db8-e,1,credit_card,2,1260.37
0138ab7d-e,1,boleto,1,1309.04
15391f6e-1,1,voucher,1,317.47
a901e7ee-9,1,credit_card,9,365.8
8e48d18a-e,1,boleto,1,355.8
f78d2ac2-b,1,credit_card,8,67.85
28064723-c,1,boleto,1,399.01
54023084-c,1,boleto,1,325.53
966f7c4b-8,1,voucher,1,481.97
4f6d90c4-6,1,credit_card,10,1072.55
2288aa86-8,1,voucher,1,465.31
fb29d54d-a,1,voucher,1,417.72
78db113c-3,1,voucher,1,443.53
1f061ed1-7,1,boleto,1,318.75
be16fb21-2,1,voucher,1,172.16
fca24783-9,1,debit_card,1,242.34
f590e6fb-2,1,credit_card,6,199.44
4e30fec3-4,1,credit_card,5,269.23
43869221-6,1,credit_card,7,156.29
1854c7c8-3,1,credit_card,5,364.54
833f624e-b,1,credit_card,4,175.73
ad1919f4-c,1,credit_card,1,464.05
26f2ba56-d,1,credit_card,9,399.11
a7049e87-a,1,boleto,1,766.45
84742fa0-7,1,voucher,1,674.41
e8289c66-a,1,credit_card,1,724.68
b3eff237-2,1,boleto,1,136.51
26e2a5de-6,1,voucher,1,62.52
998290af-b,1,credit_card,2,337.71
d81bee53-f,1,voucher,1,708.08
bc5d175f-1,1,credit_card,6,599.3
9a3bb2f3-a,1,credit_card,1,181.36
14909ed5-6,1,boleto,1,470.88
251a7aa5-b,1,credit_card,1,316.45
1a91160c-c,1,debit_card,1,76.69
9548d1ac-4,1,voucher,1,237.41
39ca02ba-e,1,credit_card,10,70.43
f5c81fd3-8,1,credit_card,1,108.97
c0fc2c94-5,1,debit_card,1,284.05
af5f2722-8,1,debit_card,1,296.15
f334c43e-b,1,credit_card,4,614.58
ef0da0e9-1,1,credit_card,5,43.2
5406ceb1-c,1,credit_card,3,423.34
c5d244b8-7,1,voucher,1,712.67
2c3311ab-3,1,credit_card,9,75.61
bfe37ac8-b,1,debit_card,1,373.69
b340a396-1,1,debit_card,1,250.58
5b1a7984-f,1,boleto,1,430.73
925a160f-f,1,debit_card,1,294.23
b58002d0-6,1,credit_card,6,109.76
a9301cfa-4,1,boleto,1,199.9
d5722a00-b,1,credit_card,8,407.9
f48bdbf5-a,1,voucher,1,166.14
818821b8-b,1,boleto,1,264.79
60da92c9-2,1,credit_card,3,271.09
2995fc8c-8,1,debit_card,1,1079.49
531e6285-f,1,voucher,1,250.55
020263f3-6,1,debit_card,1,810.87
e7f10e7c-4,1,boleto,1,295.24
8b6d2757-9,1,boleto,1,205.03
4b408e28-7,1,credit_card,4,330.39
ca734716-9,1,credit_card,9,89.38
5513312e-e,1,credit_card,7,216.4
53408802-c,1,credit_card,8,72.97
41fba72f-4,1,credit_card,5,351.76
23cf3a86-c,1,credit_card,7,416.91
dd649f66-4,1,credit_card,1,194.8
e01be951-8,1,credit_card,3,400.39
f09a0050-e,1,voucher,1,444.05
e205d568-7,1,credit_card,5,209.27
53364c74-5,1,debit_card,1,855.74
5d2acf69-e,1,debit_card,1,855.34
60a8f247-1,1,voucher,1,787.2
b4603195-a,1,boleto,1,301.62
6c43180c-4,1,credit_card,10,435.8
b5f94621-b,1,voucher,1,101.72
30082a54-d,1,voucher,1,93.79
b87efd94-f,1,credit_card,5,45.73
66791da8-4,1,voucher,1,167.0
7dae4029-a,1,voucher,1,354.56
b39222d1-c,1,debit_card,1,459.34
9ba4aeef-7,1,credit_card,4,340.42
17dc4acc-f,1,credit_card,10,439.21
7c7de4b2-a,1,boleto,1,323.6
3e88f0cc-e,1,credit_card,8,710.42
c340df09-4,1,credit_card,4,106.63
9117266b-3,1,voucher,1,382.09
bbcc56b6-4,1,debit_card,1,174.09
9fba49bf-a,1,credit_card,6,1558.63
07a0db6f-3,1,credit_card,6,411.36
f24e9dfe-7,1,boleto,1,487.42
09dadcb9-a,1,debit_card,1,718.15
87e95f21-8,1,credit_card,3,613.91
2cc0c77d-f,1,voucher,1,447.83
e7e7a82c-e,1,voucher,1,653.59
5a6d262f-7,1,boleto,1,351.21
c14e325f-7,1,voucher,1,119.95
4c93922d-3,1,voucher,1,69.7
0d2dfdbd-5,1,credit_card,5,294.94
c54c1de8-8,1,credit_card,4,78.56
0fd19898-7,1,debit_card,1,414.27
732217d5-c,1,boleto,1,108.59
19ff634a-c,1,credit_card,1,577.8
3ebe5559-0,1,credit_card,2,310.68
fdd2830b-a,1,voucher,1,393.31
c406f150-1,1,voucher,1,227.02
30f97afe-d,1,debit_card,1,224.55
5db2c0a2-d,1,credit_card,1,717.61
b8ecad6f-e,1,voucher,1,265.71
9901a0c6-6,1,boleto,1,247.92
699bc4b4-1,1,credit_card,3,116.31
1c1f78aa-c,1,credit_card,7,148.04
77f33fd1-8,1,credit_card,6,481.76
e3e41de1-e,1,boleto,1,75.38
dc0e780d-9,1,credit_card,2,457.3
dd5fdd87-6,1,debit_card,1,419.86
4070b861-d,1,voucher,1,295.61
f97c339c-f,1,credit_card,6,214.99
33e2654e-5,1,boleto,1,388.91
e5c0931a-6,1,credit_card,2,742.05
6c6a3e8c-d,1,debit_card,1,346.07
85824482-3,1,debit_card,1,358.15
502bb09b-c,1,credit_card,6,467.02
019ccfb0-9,1,debit_card,1,228.38
fae14254-c,1,credit_card,7,82.56
cf19ac57-5,1,voucher,1,461.86
4f989de5-1,1,credit_card,3,468.55
51a99792-1,1,voucher,1,192.61
5a1c5eba-f,1,debit_card,1,136.41
a049f14c-c,1,credit_card,4,604.69
28a217b9-6,1,credit_card,9,135.23
f3e3c322-4,1,credit_card,5,421.92
84b16423-4,1,boleto,1,194.51
b3f49ebd-4,1,debit_card,1,413.76
d38760a3-d,1,voucher,1,303.42
8ebf640a-1,1,voucher,1,480.29
51079ea9-1,1,credit_card,1,207.42
8ab2cbd8-b,1,boleto,1,167.13
3f3a53a4-0,1,credit_card,5,443.07
cd5be561-5,1,boleto,1,295.68
275a8fa2-9,1,credit_card,8,799.69
fd8f75fa-4,1,credit_card,3,62.59
2cc8b200-3,1,boleto,1,443.49
dd9705b8-3,1,boleto,1,149.17
643e2fa2-4,1,credit_card,4,423.98
6f15a828-8,1,boleto,1,724.42
95002558-3,1,voucher,1,275.95
b24eb873-4,1,voucher,1,246.79
776962c6-3,1,credit_card,7,1307.4
2c2f556f-4,1,credit_card,2,385.86
d7bcf18c-8,1,credit_card,4,697.89
e1916cb7-d,1,credit_card,4,186.17
cfa61b58-c,1,voucher,1,254.26
9d88c504-a,1,credit_card,9,213.1
e54b971b-6,1,voucher,1,543.9
c3ca728b-9,1,credit_card,4,316.71
ec91d7f3-e,1,voucher,1,706.86
fa5ba713-5,1,credit_card,2,376.9
ed50f8ce-4,1,voucher,1,154.81
26469a1a-b,1,voucher,1,66.78
83834669-7,1,debit_card,1,117.25
e939968d-2,1,voucher,1,179.35
92acd26d-a,1,credit_card,8,229.12
43c22d9d-9,1,credit_card,10,441.35
c8a6df4f-6,1,credit_card,4,106.59
8c19b7a0-4,1,credit_card,3,431.76
4e9b1b7b-1,1,credit_card,5,142.93
22d1b5d4-3,1,voucher,1,80.06
6fa094df-8,1,voucher,1,61.92
b857d36d-9,1,credit_card,4,587.36
1b1c7f29-b,1,boleto,1,474.53
b0826361-1,1,credit_card,8,487.78
dada01f6-4,1,credit_card,6,591.83
2c89f63d-5,1,credit_card,9,743.42
e7d48cb1-3,1,credit_card,2,485.8
9edc542a-d,1,boleto,1,271.78
5f6d41e6-b,1,voucher,1,204.89
cc862410-7,1,voucher,1,759.85
79575fe3-6,1,voucher,1,463.83
7778444f-1,1,boleto,1,454.58
9885d720-c,1,boleto,1,412.93
80144fd1-e,1,credit_card,10,61.28
e2869935-1,1,credit_card,7,171.97
639e23d4-b,1,credit_card,8,427.72
19038382-4,1,credit_card,3,315.28
b83a87fe-6,1,credit_card,4,1009.21
024c422d-6,1,credit_card,6,157.22
1e746b40-8,1,voucher,1,687.01
7634c3f6-3,1,credit_card,8,122.94
70ddfb3e-3,1,credit_card,6,568.16
b0d943b1-d,1,debit_card,1,342.72
ee921353-8,1,credit_card,10,166.44
9167f710-0,1,boleto,1,136.81
e3bd120e-7,1,debit_card,1,488.92
e00a5166-2,1,debit_card,1,365.67
50e93c22-1,1,credit_card,3,461.95
4543032f-5,1,credit_card,1,397.91
8eb51d2f-7,1,credit_card,10,146.71
77a09772-7,1,voucher,1,258.87
9c986f9b-c,1,credit_card,2,544.55
a14f4298-6,1,debit_card,1,76.19
662027d3-2,1,debit_card,1,636.21
29875240-6,1,credit_card,2,310.5
3fac80d3-4,1,boleto,1,94.83
3c30c800-1,1,voucher,1,89.55
91e3cf5e-1,1,credit_card,2,72.35
4e598aed-c,1,voucher,1,432.81
ab20c683-d,1,debit_card,1,671.9
6c294e5b-f,1,credit_card,1,137.79
1b0c36d9-7,1,debit_card,1,317.26
835336d5-0,1,boleto,1,1021.64
97c8deef-8,1,credit_card,3,199.94
668d39ca-4,1,debit_card,1,336.57
3d8d3d30-3,1,credit_card,1,444.41
420e0e8c-9,1,credit_card,8,544.71
744bd0e5-1,1,credit_card,4,371.49
2dfae349-c,1,boleto,1,310.23
0224a3d6-b,1,boleto,1,244.92
c3fb36d4-9,1,debit_card,1,445.52
ee4d5491-5,1,voucher,1,269.21
743a92c3-a,1,voucher,1,242.56
70181d5b-7,1,voucher,1,1102.29
7afdcd5c-1,1,credit_card,2,466.19
542e2348-4,1,credit_card,2,396.52
8a2c64be-2,1,voucher,1,52.44
eea0b2cc-b,1,credit_card,4,507.05
98d633ee-b,1,boleto,1,458.44
59e76913-6,1,boleto,1,268.84
47b33b14-a,1,credit_card,6,195.24
7b97f682-0,1,credit_card,4,412.33
7b9c6b6b-b,1,voucher,1,67.03
1d79ff88-9,1,debit_card,1,104.53
d0fe850f-d,1,credit_card,2,406.94
de19386c-8,1,boleto,1,302.2
d317acba-f,1,credit_card,10,171.29
e734d913-3,1,debit_card,1,446.9
6712c429-0,1,voucher,1,330.52
0ca7e1c1-c,1,credit_card,6,442.39
e78ed648-c,1,credit_card,6,86.64
5b2a8526-6,1,debit_card,1,346.94
e9fbadb1-6,1,boleto,1,97.11
1231ed8e-7,1,debit_card,1,230.53
417297c8-e,1,credit_card,5,54.96
8d75a8bd-c,1,boleto,1,138.64
2a02827c-5,1,credit_card,1,181.73
5a87461c-0,1,credit_card,1,253.95
c1667490-0,1,credit_card,9,279.06
de4e4dde-3,1,credit_card,2,428.56
829cd70e-b,1,voucher,1,171.67
5b9bbd65-d,1,debit_card,1,389.16
b9afb302-8,1,boleto,1,28.23
cc60f43a-5,1,credit_card,4,109.76
753fac75-5,1,debit_card,1,73.12
60210b37-5,1,boleto,1,97.32
022edf45-5,1,credit_card,2,461.42
c5c8388a-3,1,voucher,1,64.05
10e583f2-3,1,debit_card,1,373.23
eff9b7ea-c,1,credit_card,6,159.51
7e758c76-1,1,voucher,1,276.79
d75ac2fc-a,1,credit_card,2,722.72
296c5451-4,1,credit_card,3,460.87
7c26a8a7-e,1,boleto,1,456.06
b288a3bd-0,1,voucher,1,927.02
df6f843b-6,1,debit_card,1,655.06
5b60cc70-9,1,voucher,1,434.78
a03b6654-4,1,credit_card,3,463.61
f75fd00f-9,1,credit_card,10,415.8
394269b4-b,1,credit_card,8,224.99
10140d19-8,1,credit_card,2,745.69
e8e78ef5-2,1,boleto,1,870.53
1956a63b-a,1,voucher,1,718.07
f6d56502-f,1,credit_card,1,273.34
7f6be615-5,1,credit_card,5,235.79
2ff52d1a-8,1,credit_card,5,876.27
2b71794d-e,1,voucher,1,209.6
af7073d8-b,1,credit_card,9,222.45
2d70d121-6,1,voucher,1,58.39
5d8b43d0-3,1,credit_card,3,262.01
8bf5665e-b,1,credit_card,9,433.24
ca2ce335-5,1,voucher,1,65.44
862f2300-d,1,debit_card,1,59.25
4ecf3d75-2,1,boleto,1,235.45
efdf9c06-2,1,boleto,1,134.71
a85aff62-1,1,voucher,1,381.21
b4ef86df-e,1,credit_card,2,314.93
43d7124a-3,1,credit_card,1,281.75
53687474-d,1,credit_card,9,411.99
7529a108-d,1,credit_card,2,291.71
880c957d-b,1,credit_card,7,205.23
cae1ff01-8,1,boleto,1,236.16
a20fff1a-6,1,credit_card,5,90.88
0c2e16a7-d,1,debit_card,1,284.06
9272b876-3,1,credit_card,5,801.07
ef6fe114-8,1,boleto,1,380.72
87b2567a-0,1,debit_card,1,245.0
a56cc34c-3,1,boleto,1,473.56
5bf60b1e-2,1,boleto,1,313.25
93fb892e-f,1,credit_card,4,195.99
299bf236-0,1,boleto,1,523.05
a47d55fa-2,1,credit_card,2,336.5
cfd69365-7,1,debit_card,1,175.25
079015c0-d,1,credit_card,2,228.83
efdb2d09-e,1,debit_card,1,150.2
5731a0fc-f,1,credit_card,10,256.76
30ee1e45-a,1,credit_card,6,385.7
049e9cb4-3,1,boleto,1,277.72
84f08622-2,1,boleto,1,76.34
b8e6af0d-4,1,voucher,1,722.55
932b5d40-5,1,credit_card,6,763.63
3ce54dd9-1,1,credit_card,8,117.64
61b22278-a,1,boleto,1,238.01
87d1d11d-b,1,boleto,1,639.0
1fbfdd93-b,1,credit_card,3,418.24
366f5295-e,1,credit_card,8,31.05
205afa89-6,1,debit_card,1,565.24
26984db6-d,1,credit_card,4,316.41
8a40c032-6,1,voucher,1,218.72
8d5e2b21-7,1,credit_card,6,403.09
b1a09f9c-6,1,voucher,1,469.29
4aae3eeb-d,1,boleto,1,323.37
5e8be99a-4,1,boleto,1,265.71
98190045-6,1,credit_card,2,268.76
b05609cd-3,1,debit_card,1,331.74
6b6e4e39-e,1,credit_card,7,990.89
91921e10-4,1,debit_card,1,326.81
4b7ea172-7,1,boleto,1,443.83
e681fe5f-1,1,boleto,1,73.58
e748c2ae-4,1,debit_card,1,276.13
ae6d2eea-8,1,voucher,1,260.81
27eeb142-8,1,debit_card,1,86.83
ffbd6fc7-8,1,voucher,1,315.46
20fee447-0,1,credit_card,2,102.75
efa96440-c,1,boleto,1,502.38
ef741350-8,1,voucher,1,547.64
451c0b3a-9,1,credit_card,6,310.9
0f9b9ee7-d,1,credit_card,8,295.09
056b7138-1,1,debit_card,1,244.7
f6c0a1af-3,1,voucher,1,437.0
d1a808a0-d,1,credit_card,5,350.15
093393d8-3,1,boleto,1,369.36
0e9334af-a,1,credit_card,5,449.58
aee42735-c,1,boleto,1,197.46
c1ebe017-b,1,credit_card,3,358.1
8c030d2b-0,1,debit_card,1,376.64
ddcab147-5,1,voucher,1,217.87
c223b7bf-3,1,voucher,1,620.24
ce0fffa6-5,1,credit_card,4,158.94
82b97d1a-4,1,credit_card,8,429.98
d76119f2-f,1,credit_card,8,292.18
7a78b6a9-a,1,debit_card,1,243.81
36b68e33-6,1,credit_card,3,264.99
57702707-c,1,credit_card,4,416.45
5038294f-7,1,debit_card,1,253.61
e5645751-2,1,voucher,1,768.19
aeaaf47e-0,1,boleto,1,395.39
3f7072dc-6,1,credit_card,4,475.5
1c67316d-d,1,debit_card,1,606.78
fe2b9370-3,1,credit_card,3,295.39
a2246f04-3,1,boleto,1,745.28
6ccd7671-6,1,credit_card,9,400.94
6e6e752b-7,1,debit_card,1,326.12
38d11b97-e,1,debit_card,1,1083.05
b31e7bb4-d,1,voucher,1,39.54
1938f308-c,1,debit_card,1,458.58
af5f049d-7,1,credit_card,6,382.05
df2d603c-f,1,voucher,1,359.98
c17a2dfb-5,1,voucher,1,204.25
1b9018f4-a,1,voucher,1,101.61
0477c77d-5,1,credit_card,7,88.63
cc859e59-c,1,voucher,1,460.99
977c1b4d-4,1,credit_card,8,46.22
f64ad015-5,1,debit_card,1,211.83
4adf84ad-c,1,credit_card,3,381.42
65948671-9,1,credit_card,10,415.28
4cf502a8-9,1,debit_card,1,258.54
472aa24d-e,1,credit_card,4,168.56
230e1506-a,1,voucher,1,358.42
469600a3-e,1,debit_card,1,246.19
4d3f90b4-3,1,credit_card,5,437.37
8e6bdf3f-9,1,boleto,1,364.75
4ee6466e-a,1,boleto,1,639.5
b30edbd6-1,1,credit_card,10,384.74
6fb84dcb-4,1,voucher,1,185.32
5a1fcba0-5,1,debit_card,1,140.95
468bfb31-d,1,boleto,1,289.55
1539177c-b,1,credit_card,9,354.25
bc7e0138-c,1,credit_card,2,281.02
4fd87a44-9,1,voucher,1,429.75
678737a3-c,1,boleto,1,474.14
629700ea-0,1,credit_card,6,323.05
6114e4b6-0,1,boleto,1,123.67
cacc2a1f-b,1,voucher,1,455.71
440847a9-6,1,voucher,1,701.5
28911532-1,1,boleto,1,806.21
d2f05320-7,1,debit_card,1,117.05
eac3ad7e-3,1,voucher,1,181.82
f9618ade-8,1,credit_card,3,999.42
8cec75b2-8,1,debit_card,1,113.5
3b088226-3,1,credit_card,6,598.04
1c81c8ec-b,1,debit_card,1,98.98
d5aabfbb-d,1,boleto,1,388.46
52c69c6a-2,1,debit_card,1,443.97
4cb8265a-f,1,debit_card,1,78.05
515a0600-8,1,credit_card,10,911.06
fdeb3ae9-d,1,debit_card,1,96.77
bf0fe1c0-0,1,debit_card,1,185.82
73b8ebef-e,1,credit_card,10,90.46
504682cc-c,1,credit_card,5,476.37
8d8cb063-6,1,voucher,1,490.88
3d6dfd11-3,1,voucher,1,120.03
e47ab3f1-f,1,debit_card,1,835.64
c0bbe303-0,1,voucher,1,654.69
e8f07852-2,1,debit_card,1,432.36
c901ba9d-c,1,credit_card,9,910.84
2242d4b4-9,1,boleto,1,1116.32
296325b7-3,1,credit_card,2,342.38
e6d9b18a-5,1,voucher,1,465.02
75ad5ef3-2,1,credit_card,9,696.4
9586837d-b,1,voucher,1,150.93
f863dd09-f,1,boleto,1,34.83
53f63616-2,1,credit_card,6,251.26
20dd9c0e-a,1,boleto,1,298.38
8b59e5a8-d,1,credit_card,1,361.81
9f286f1a-e,1,voucher,1,246.29
13b22132-b,1,boleto,1,565.68
6bd436c4-c,1,credit_card,6,430.02
0fadc147-3,1,debit_card,1,317.37
c3b9e07b-b,1,voucher,1,289.74
42014f65-e,1,credit_card,4,245.73
65e00dfc-8,1,voucher,1,370.43
0dc28f54-6,1,credit_card,1,346.26
59abe6fd-8,1,voucher,1,583.56
ec5ff591-6,1,credit_card,3,894.26
bf66c55d-3,1,voucher,1,218.32
9ddc2e88-7,1,credit_card,4,351.58
017ee4e6-0,1,boleto,1,467.9
2356bbcd-0,1,voucher,1,744.22
82db7a16-a,1,voucher,1,222.06
4579e776-8,1,boleto,1,212.79
5c495cbb-b,1,credit_card,3,1198.37
8d94f934-c,1,credit_card,10,424.37
26c496a8-2,1,credit_card,3,52.56
6e127d78-1,1,debit_card,1,254.18
02c96245-e,1,credit_card,2,280.32
423ee116-3,1,boleto,1,309.74
ca831cbf-7,1,credit_card,10,349.06
3399aa85-d,1,voucher,1,257.95
8763f020-8,1,credit_card,3,198.15
22cc2083-0,1,debit_card,1,245.2
f5dae7e7-3,1,boleto,1,180.64
099d5a7e-5,1,credit_card,6,40.04
f2d03f28-1,1,credit_card,6,368.13
422ee96e-8,1,credit_card,6,1232.24
095c7756-8,1,credit_card,7,421.99
ae58a2d3-a,1,voucher,1,653.98
404828fd-4,1,boleto,1,457.08
4c974bc6-4,1,debit_card,1,350.15
9a4e7e14-f,1,voucher,1,59.37
da38b938-0,1,boleto,1,79.99
0d368221-1,1,boleto,1,318.78
46ae9969-5,1,credit_card,3,682.64
135a9cfc-b,1,voucher,1,175.02
5b19691d-3,1,debit_card,1,346.37
8c5ce2e2-c,1,voucher,1,634.71
fc187cc7-c,1,credit_card,10,111.38
0ee8f645-c,1,debit_card,1,89.5
52655d46-a,1,voucher,1,141.38
4400b75b-b,1,boleto,1,438.95
31255242-1,1,boleto,1,123.83
4af723df-3,1,credit_card,2,253.96
902fc434-2,1,credit_card,1,375.57
660144b1-5,1,boleto,1,391.39
6684ac3b-b,1,credit_card,8,103.11
18fc9c98-4,1,boleto,1,443.75
f01046e9-e,1,voucher,1,1002.06
542186b8-5,1,credit_card,6,69.97
9b07ecc9-3,1,debit_card,1,442.76
5cd9d836-3,1,voucher,1,726.82
68f6946a-c,1,credit_card,1,419.06
120042aa-c,1,credit_card,4,162.48
9b5cb6ba-9,1,boleto,1,452.3
26807a4a-8,1,debit_card,1,326.4
9941913c-8,1,debit_card,1,411.81
6967b2f1-c,1,boleto,1,356.4
e1c24d8c-0,1,boleto,1,302.93
50cc3084-f,1,credit_card,9,306.12
a30f2005-e,1,credit_card,8,402.47
026d6b5b-3,1,voucher,1,447.17
955e3791-9,1,voucher,1,196.2
4a3f6e0b-b,1,debit_card,1,427.12
8e40772f-0,1,voucher,1,429.42
d8157b7c-b,1,boleto,1,253.92
c046d5ca-a,1,credit_card,7,129.48
d099b621-5,1,credit_card,6,59.42
137fa2bd-9,1,debit_card,1,80.44
58427d36-5,1,voucher,1,278.42
47aaa56a-b,1,boleto,1,59.88
c176ceaa-2,1,credit_card,4,331.98
1c406bdb-8,1,credit_card,1,293.4
2a54a687-a,1,voucher,1,454.56
b647df24-f,1,voucher,1,95.18
6fc4a59a-c,1,credit_card,6,425.51
b60de563-f,1,credit_card,10,153.48
64373fd7-0,1,voucher,1,271.08
c170f028-b,1,voucher,1,126.6
fc1d83e2-a,1,voucher,1,295.94
40430e36-5,1,boleto,1,260.9
7345d24f-d,1,credit_card,1,115.15
0100d3de-e,1,credit_card,1,64.8
0e842e5c-1,1,boleto,1,384.33
914cbb3e-c,1,credit_card,7,603.99
2e266a83-6,1,voucher,1,244.16
767ca429-8,1,credit_card,9,420.79
c407d332-c,1,boleto,1,410.07
7ba476da-9,1,voucher,1,676.24
94341e39-e,1,boleto,1,427.2
4b775a92-2,1,boleto,1,47.71
66758cf9-0,1,credit_card,10,258.0
03db4a37-d,1,debit_card,1,612.67
75797cea-8,1,credit_card,5,130.18
5f8a5282-7,1,credit_card,10,258.36
3365b37a-b,1,credit_card,7,329.38
cf8b0566-b,1,debit_card,1,426.88
688823b7-7,1,credit_card,1,127.34
f978c4c6-d,1,credit_card,1,197.17
652ab340-0,1,voucher,1,555.41
8a5a3901-d,1,boleto,1,64.73
9f096050-d,1,boleto,1,201.09
ffaa8aa0-b,1,voucher,1,435.4
e41004da-9,1,voucher,1,384.61
4ba84b1b-d,1,credit_card,1,229.73
dcbcdefc-6,1,voucher,1,1115.34
6c9885e7-9,1,debit_card,1,344.38
3a19c479-3,1,credit_card,2,817.33
2f5dda1c-c,1,credit_card,6,151.53
cf2cf2a2-d,1,boleto,1,846.99
81f237f8-b,1,credit_card,3,69.84
6de1f7eb-8,1,boleto,1,117.47
c739f651-2,1,credit_card,2,168.58
7dd6eebc-5,1,credit_card,8,68.46
8f03ab02-f,1,credit_card,1,531.5
f0951d36-4,1,debit_card,1,383.56
f4a13840-7,1,credit_card,5,1001.07
aac73b10-3,1,voucher,1,444.35
602fad88-6,1,debit_card,1,97.05
6266cb81-4,1,debit_card,1,477.89
a85d5166-9,1,credit_card,6,1074.8
0fcfea32-1,1,credit_card,2,397.8
a5d43dbc-1,1,credit_card,4,581.81
357a2f78-2,1,voucher,1,175.11
89915725-6,1,credit_card,6,109.19
8968928d-9,1,credit_card,4,434.41
3b2ccb8a-b,1,debit_card,1,229.92
f53817d2-7,1,credit_card,10,269.47
9581ac44-2,1,voucher,1,67.54
54274605-3,1,credit_card,4,387.13
116d14d8-5,1,voucher,1,111.16
f0af9967-8,1,credit_card,3,476.66
d1ea3670-5,1,boleto,1,483.18
9538deec-e,1,boleto,1,393.02
fb641f8d-3,1,credit_card,5,359.35
412db09c-7,1,debit_card,1,274.43
9c0d48b1-e,1,debit_card,1,818.13
22bea745-b,1,credit_card,10,350.44
6539c42b-4,1,boleto,1,421.5
fe251e4e-c,1,debit_card,1,132.1
1d6d1743-6,1,voucher,1,232.62
1e3e61cb-e,1,credit_card,5,1373.52
620ada6d-d,1,credit_card,2,132.67
648d7196-a,1,credit_card,6,384.55
d7131e93-f,1,voucher,1,1075.51
4c83b783-0,1,boleto,1,115.76
b0ad805a-a,1,credit_card,5,163.19
212827cb-3,1,credit_card,5,506.07
780d186c-1,1,credit_card,9,191.2
31f4d666-3,1,debit_card,1,190.93
db458958-a,1,debit_card,1,162.03
006e483e-b,1,debit_card,1,253.46
1ede4efb-a,1,voucher,1,168.53
81f96ff2-2,1,debit_card,1,523.05
4b2d7c8b-1,1,debit_card,1,380.71
c9720ef5-5,1,credit_card,6,108.03
67e49cf0-e,1,voucher,1,274.11
5c86fb9b-c,1,debit_card,1,158.02
dd7874da-6,1,credit_card,10,133.4
d55366bb-c,1,credit_card,10,376.26
3235dc68-8,1,voucher,1,440.25
61ce866d-2,1,boleto,1,190.4
196c6c2f-f,1,credit_card,7,384.43
02e701f5-e,1,voucher,1,149.19
11d28752-d,1,debit_card,1,183.96
0e826ad1-4,1,credit_card,3,248.57
5e3e2413-b,1,credit_card,10,260.9
c1e995f5-d,1,credit_card,7,348.08
0eed93df-b,1,boleto,1,185.57
bd4c0978-6,1,voucher,1,53.76
d7c59b0b-8,1,boleto,1,493.55
edd54b60-3,1,credit_card,9,304.7
0eac3550-0,1,credit_card,3,145.22
77e891d4-b,1,credit_card,7,206.19
7cae676f-b,1,voucher,1,91.06
cfcd28fe-0,1,credit_card,2,558.41
04dd3c63-7,1,credit_card,6,256.34
374af81c-e,1,debit_card,1,127.0
3b18d302-9,1,boleto,1,242.25
5ca4f38c-8,1,debit_card,1,457.8
2a666f86-3,1,credit_card,10,114.77
b3cfaac5-8,1,voucher,1,191.79
3ec546b6-e,1,boleto,1,415.85
b1ce9c7b-a,1,voucher,1,161.0
c0df712d-d,1,credit_card,4,363.09
837ff04b-0,1,credit_card,3,406.3
b5bc3e6c-0,1,voucher,1,265.49
59006e57-4,1,credit_card,6,84.09
fb9a7453-d,1,boleto,1,350.63
0fac55ea-2,1,voucher,1,377.67
a722f654-1,1,voucher,1,350.71
4b865df9-a,1,credit_card,3,430.06
0cb622e4-7,1,debit_card,1,226.29
755313a7-4,1,credit_card,9,192.52
8a3b37a6-1,1,credit_card,6,539.39
e4a5175a-5,1,voucher,1,203.36
215687ad-1,1,credit_card,5,694.18
c5fb7d54-a,1,credit_card,1,402.71
b0f9eecd-d,1,voucher,1,52.27
a7ab9937-b,1,boleto,1,290.54
b4290732-a,1,credit_card,6,325.5
c4f99701-2,1,voucher,1,365.66
b37755fe-4,1,credit_card,4,326.19
166256cf-7,1,credit_card,2,528.12
b8268a28-7,1,voucher,1,460.86
4b0a86e6-9,1,credit_card,3,161.87
906b80de-a,1,voucher,1,829.56
6387899a-8,1,credit_card,9,647.97
60736006-f,1,credit_card,8,384.88
7d91beaf-e,1,credit_card,6,940.39
795878b9-f,1,voucher,1,319.33
657d3297-c,1,debit_card,1,1079.32
0052ca4f-5,1,credit_card,3,168.86
910acaf0-c,1,debit_card,1,858.9
ced68cc4-3,1,credit_card,9,212.17
8e5bcc65-4,1,voucher,1,257.97
a30c16da-4,1,debit_card,1,640.47
b6d67d35-2,1,credit_card,3,215.99
77565413-1,1,boleto,1,347.69
f6e99e82-1,1,boleto,1,161.75
9cdd4ba3-7,1,credit_card,4,132.76
ae408a7a-7,1,voucher,1,184.57
bf1e8b53-1,1,credit_card,5,390.11
abc0999d-d,1,credit_card,2,791.52
ce67c1c4-3,1,credit_card,6,119.01
3c177312-6,1,boleto,1,78.43
1522e883-a,1,boleto,1,352.88
f1ab22ce-c,1,voucher,1,916.88
fe1b7bdc-4,1,boleto,1,483.72
ba50268c-c,1,credit_card,6,386.13
6d4d3a48-9,1,credit_card,5,271.4
638d9751-7,1,boleto,1,796.71
e9ee61ce-9,1,voucher,1,264.39
75275ad9-4,1,credit_card,3,354.79
bc976be0-d,1,credit_card,6,111.46
65a0b08f-e,1,credit_card,9,131.65
5edbe6b1-a,1,voucher,1,143.57
f76d4900-a,1,voucher,1,309.52
f510fa11-6,1,credit_card,8,445.73
a94c43d5-9,1,credit_card,3,60.19
202d2e70-f,1,debit_card,1,588.95
7ca38f2f-a,1,credit_card,4,196.79
c915bdf3-8,1,boleto,1,179.55
d4bacaaf-0,1,debit_card,1,570.37
2f7ab5ba-f,1,credit_card,7,99.21
d85d24e8-a,1,credit_card,3,87.59
7d5cd695-1,1,credit_card,10,388.08
8dabe4a8-7,1,boleto,1,327.1
876570ad-b,1,boleto,1,718.59
235a63f3-0,1,voucher,1,468.59
a9cd6704-9,1,voucher,1,104.47
182f0f90-f,1,debit_card,1,450.14
b4398a9a-f,1,credit_card,8,322.26
ab548d0e-4,1,credit_card,7,242.47
0666aa7f-9,1,credit_card,4,408.4
27c36bb1-d,1,boleto,1,308.5
2d062bdb-9,1,debit_card,1,516.82
af2690a0-e,1,credit_card,7,358.43
e39e1e10-1,1,credit_card,6,312.98
4aed204a-5,1,credit_card,1,232.43
9ef0d024-1,1,credit_card,6,54.69
6d52f668-7,1,debit_card,1,246.41
3d5936df-7,1,boleto,1,673.6
f27c0744-9,1,boleto,1,214.05
ee6b0cb8-4,1,boleto,1,339.64
3876a5d8-9,1,debit_card,1,441.85
dea379eb-9,1,debit_card,1,391.08
ea835d7d-a,1,debit_card,1,784.13
9d93c86d-1,1,boleto,1,82.57
369231d0-2,1,voucher,1,394.16
52d916b6-7,1,debit_card,1,98.8
700a0d7f-5,1,credit_card,2,223.55
9fca1db3-b,1,boleto,1,479.51
3b1131df-5,1,debit_card,1,287.71
b6d584ea-7,1,credit_card,4,186.95
c3d4f83e-e,1,debit_card,1,263.73
80e784a7-f,1,credit_card,10,1024.45
95821b3d-9,1,credit_card,3,258.46
50426ffd-3,1,voucher,1,378.91
6fe677da-3,1,boleto,1,644.97
09d1dc4a-5,1,boleto,1,196.79
7778ccb3-a,1,credit_card,5,262.83
66621b8c-f,1,debit_card,1,200.51
b2c586f0-e,1,debit_card,1,146.99
55f89ea0-c,1,credit_card,1,502.57
217605dc-8,1,boleto,1,367.8
9d995423-1,1,voucher,1,56.28
c1f8eb5e-e,1,credit_card,7,317.49
2022ec62-3,1,credit_card,6,284.71
66a291b2-a,1,debit_card,1,348.54
f5a8ccbf-c,1,credit_card,2,478.55
fae5613b-9,1,credit_card,2,876.24
10f284e3-3,1,credit_card,2,549.15
774ce51a-9,1,debit_card,1,58.05
7378fabb-4,1,boleto,1,460.37
55e9f49f-4,1,voucher,1,315.68
25de8676-5,1,credit_card,4,374.36
f9977fa9-e,1,boleto,1,61.24
6d29669a-9,1,credit_card,8,80.14
42a854a4-2,1,credit_card,5,196.55
37834c4f-2,1,debit_card,1,455.35
385afc0f-6,1,boleto,1,120.24
f1fea7e0-d,1,credit_card,4,691.27
8e523b8b-7,1,voucher,1,419.57
1cbd64e6-0,1,boleto,1,333.8
451cc4b1-b,1,credit_card,4,319.24
d25165b8-c,1,voucher,1,595.13
2d2cb88d-7,1,voucher,1,420.95
40d48911-b,1,credit_card,1,693.3
62767b81-e,1,boleto,1,175.49
66060314-b,1,credit_card,5,642.15
e77ebb38-1,1,voucher,1,430.84
81163cae-3,1,credit_card,9,149.84
ed3c8e7c-2,1,debit_card,1,564.09
af180276-f,1,debit_card,1,576.4
b03f71c4-5,1,voucher,1,55.67
23ab3914-1,1,voucher,1,448.04
d0cf9a53-1,1,credit_card,2,237.34
d9bb2b7a-2,1,debit_card,1,189.62
8faf67a2-7,1,credit_card,1,249.62
08881753-e,1,credit_card,7,200.57
06b206ef-6,1,debit_card,1,214.25
be59c999-d,1,debit_card,1,297.83
f03d75d3-f,1,boleto,1,388.1
45e74e5d-7,1,credit_card,7,112.93
1f13b203-c,1,credit_card,9,199.56
1ca5793b-2,1,credit_card,3,420.88
dc298116-5,1,credit_card,3,537.32
0a4a6f87-1,1,credit_card,2,350.2
4e122499-4,1,credit_card,10,449.63
f221839e-e,1,debit_card,1,810.64
db830a3b-7,1,credit_card,10,796.11
8adc01e7-1,1,boleto,1,90.74
2dd3ba90-f,1,debit_card,1,254.09
7e2e8830-e,1,voucher,1,662.37
a1be3ff7-9,1,credit_card,6,50.74
593307bc-c,1,voucher,1,434.21
a4e541ac-a,1,voucher,1,825.86
cb7e3cd7-1,1,credit_card,9,340.56
8fa7c406-b,1,credit_card,2,334.95
207f30b5-9,1,voucher,1,345.78
374a7f35-9,1,debit_card,1,430.17
7a362315-3,1,debit_card,1,548.0
aff0ab98-a,1,credit_card,5,173.28
7699fffa-d,1,debit_card,1,420.9
1470e23d-f,1,credit_card,7,520.79
e0d92206-0,1,credit_card,4,474.85
76f0a917-8,1,credit_card,6,210.75
8af263f5-2,1,voucher,1,164.01
f27a7be6-f,1,credit_card,5,334.1
39c36553-e,1,credit_card,1,389.65
838a2775-6,1,credit_card,7,122.3
875791f0-0,1,credit_card,2,686.72
da9b1de6-6,1,credit_card,1,235.05
492c2214-8,1,credit_card,1,435.83
a55d23fe-1,1,debit_card,1,333.91
d8443fcf-6,1,debit_card,1,373.28
f78f83e4-3,1,voucher,1,1182.5
ff1baef0-e,1,credit_card,5,116.82
4fabe000-7,1,credit_card,3,388.17
1f78d8b2-2,1,credit_card,7,673.61
777c5d4c-0,1,credit_card,10,701.89
c00cbc96-3,1,credit_card,5,556.08
bd1c7c54-8,1,credit_card,2,299.51
9ea55dac-d,1,credit_card,2,1108.65
4a783359-c,1,voucher,1,155.06
c6fa110f-d,1,credit_card,8,176.87
e8ac2193-7,1,credit_card,2,918.1
9f02bed4-e,1,voucher,1,1037.61
a11c52fa-1,1,credit_card,6,1551.79
33073953-f,1,debit_card,1,376.03
71de0cca-d,1,credit_card,7,820.12
6bf14b36-3,1,credit_card,6,865.71
1ccad96e-f,1,voucher,1,1028.85
090877ed-f,1,credit_card,3,707.02
5a196a0c-0,1,voucher,1,235.24
eb18cc92-1,1,credit_card,2,414.58
109ad6cb-a,1,debit_card,1,351.04
c56d0922-e,1,credit_card,9,435.87
2df20046-f,1,credit_card,1,806.82
54699a5f-7,1,credit_card,2,255.78
324e61ac-d,1,debit_card,1,637.17
bf4ff572-8,1,credit_card,6,370.59
06b8fb2c-9,1,credit_card,6,391.39
0b150f5f-1,1,voucher,1,438.12
79373f9c-b,1,boleto,1,284.35
45a2ff1e-6,1,voucher,1,365.81
8b99f1c6-0,1,credit_card,3,330.9
a17bcd99-a,1,debit_card,1,210.2
18cc609a-e,1,voucher,1,672.38
8385b786-4,1,boleto,1,383.06
abe64fea-7,1,voucher,1,320.31
5c0f9c3e-b,1,credit_card,6,61.08
2db0d7b9-2,1,debit_card,1,295.58
2ace23cf-9,1,credit_card,1,78.92
fe527234-b,1,credit_card,5,106.62
1526ff7d-6,1,debit_card,1,220.56
8b09cb06-9,1,debit_card,1,340.31
461ba12c-f,1,boleto,1,457.55
62037d1d-5,1,boleto,1,344.44
e6a1fccb-8,1,voucher,1,377.94
0f0a3598-5,1,voucher,1,226.85
b41bc5fa-9,1,credit_card,7,457.4
0ee67857-6,1,voucher,1,202.42
3921e8f4-a,1,debit_card,1,219.07
aad76354-1,1,credit_card,6,307.8
33d2417f-d,1,debit_card,1,484.11
0887cb02-8,1,boleto,1,219.15
99713261-1,1,credit_card,7,378.69
db01ec83-c,1,boleto,1,168.28
62644260-6,1,credit_card,10,299.61
41c90b94-0,1,voucher,1,557.36
f8dc03fc-e,1,voucher,1,184.89
a2369918-0,1,voucher,1,300.9
ba2ee471-2,1,boleto,1,269.12
cd6cb81e-8,1,boleto,1,270.36
011b1c63-4,1,voucher,1,158.82
d2c4ed3f-c,1,debit_card,1,365.38
7a5f426b-5,1,boleto,1,1195.4
8d4c9aa0-1,1,credit_card,4,368.37
d600a0c8-b,1,credit_card,1,276.51
99480ff1-e,1,voucher,1,330.42
4a95d311-e,1,credit_card,1,483.54
46065325-c,1,credit_card,1,174.78
e0cc7048-7,1,credit_card,5,464.05
730efbe1-e,1,voucher,1,402.41
c0782f27-e,1,credit_card,6,852.34
fabb7ace-0,1,voucher,1,375.84
7b4d0bfe-7,1,credit_card,3,247.82
c23e2abd-6,1,debit_card,1,470.85
59432eb4-5,1,credit_card,8,244.28
4774fc1c-6,1,debit_card,1,744.85
5619963e-6,1,credit_card,1,310.99
4afdb40d-8,1,voucher,1,130.65
58410992-c,1,voucher,1,213.06
78c2fece-f,1,debit_card,1,178.04
95bee7d7-9,1,voucher,1,460.31
bb3a2400-f,1,credit_card,7,251.17
4f882612-e,1,debit_card,1,80.6
4bd322ec-b,1,credit_card,1,335.93
6cfbe564-f,1,credit_card,6,94.72
7370c066-e,1,debit_card,1,375.86
3209713b-5,1,credit_card,1,380.26
0d0c4816-7,1,voucher,1,278.25
494ed4b9-9,1,credit_card,10,142.06
aba31451-8,1,credit_card,2,442.94
3f6cbe3a-1,1,credit_card,9,292.77
1ae4e0db-a,1,credit_card,1,371.38
7325299f-4,1,boleto,1,48.05
89a3554c-1,1,debit_card,1,456.5
113034db-3,1,credit_card,4,773.73
08bd7a9a-5,1,credit_card,9,366.03
a0b30c0a-b,1,credit_card,7,446.74
1566bd53-8,1,debit_card,1,119.16
ae4a030b-4,1,credit_card,6,107.77
3a4f7792-3,1,credit_card,7,343.09
a5930d28-f,1,boleto,1,99.77
badb2b81-0,1,credit_card,8,338.21
80511ea2-6,1,boleto,1,243.6
5cf2c70b-7,1,boleto,1,285.69
9b009c94-7,1,credit_card,7,272.07
ecea8c42-1,1,credit_card,9,189.8
808f30b7-0,1,debit_card,1,522.22
9f49f270-6,1,debit_card,1,177.79
29705550-e,1,voucher,1,63.58
c66c8b81-8,1,debit_card,1,100.17
81fc328c-f,1,credit_card,2,259.4
ac116382-0,1,credit_card,1,241.94
596587c4-d,1,debit_card,1,347.71
010deb6e-0,1,debit_card,1,107.5
506c7271-d,1,boleto,1,175.3
47318d81-e,1,credit_card,9,645.46
d1a7bd84-c,1,debit_card,1,93.17
8f7efa7e-7,1,credit_card,8,154.84
4994788d-8,1,boleto,1,344.77
393e1d23-1,1,debit_card,1,71.39
5aeb4efa-f,1,boleto,1,862.59
8743fef1-c,1,debit_card,1,328.77
0b81af36-3,1,credit_card,4,120.81
9e04a501-9,1,credit_card,9,264.87
2a2c7900-8,1,boleto,1,246.78
055299d5-e,1,credit_card,5,267.02
17a52c82-e,1,credit_card,5,295.44
e92e367d-d,1,credit_card,10,170.49
c5bb27e1-d,1,credit_card,9,179.45
bc731724-4,1,boleto,1,306.14
ed21ad22-a,1,debit_card,1,292.74
11a9efd0-4,1,debit_card,1,565.29
078f2f0b-c,1,voucher,1,1191.7
73bf130c-4,1,credit_card,2,381.52
6332d0b3-6,1,debit_card,1,366.82
7cd4473e-9,1,voucher,1,119.17
49e1cd49-5,1,credit_card,6,368.42
f95801e3-9,1,voucher,1,161.89
1d473e14-9,1,credit_card,9,185.52
1a592e25-b,1,debit_card,1,230.71
aafd0edd-8,1,credit_card,10,277.96
6e88eba8-e,1,boleto,1,241.87
af5c58b6-1,1,credit_card,8,436.74
93f282ea-9,1,credit_card,9,181.49
7a2dfed7-3,1,boleto,1,652.97
b961ad58-c,1,credit_card,1,265.9
39f1f359-3,1,debit_card,1,334.02
c97cf1d3-b,1,debit_card,1,219.88
63d8989b-1,1,voucher,1,100.24
9555e03c-4,1,credit_card,4,418.4
8f19235e-5,1,debit_card,1,243.44
e5bc8572-4,1,credit_card,1,90.75
d3433aec-a,1,boleto,1,223.8
de495977-d,1,boleto,1,274.69
05f30ffb-4,1,credit_card,3,89.44
61a36458-d,1,credit_card,3,420.76
5cd34989-2,1,debit_card,1,101.68
f1156461-b,1,debit_card,1,45.3
416642d8-e,1,credit_card,2,222.75
b909847e-c,1,credit_card,3,39.6
60c2480c-7,1,voucher,1,134.25
bef81147-2,1,voucher,1,432.04
5f2ba37f-a,1,credit_card,9,461.59
74abbd79-e,1,credit_card,10,990.76
2021b298-e,1,voucher,1,362.23
0e5bac62-d,1,voucher,1,98.2
0fcb57c3-6,1,debit_card,1,811.72
a518a557-2,1,debit_card,1,525.96
904f0b77-d,1,credit_card,8,222.31
754ecab7-3,1,credit_card,1,96.0
101c8843-4,1,boleto,1,400.91
d8b0fa7b-e,1,boleto,1,458.16
f62fe526-2,1,credit_card,6,349.02
6821a326-a,1,voucher,1,395.6
fb4ceb5d-a,1,credit_card,7,462.17
983e8cbe-6,1,debit_card,1,696.03
eb80063f-5,1,debit_card,1,55.11
af9d9569-d,1,debit_card,1,248.42
e1bd9b0c-f,1,credit_card,2,114.87
ea28630e-8,1,debit_card,1,296.4
b25ac0a7-f,1,credit_card,3,162.97
e92ee227-8,1,debit_card,1,821.89
98abaa2a-e,1,credit_card,9,554.67
8408a146-5,1,boleto,1,325.42
b2eec829-a,1,voucher,1,128.08
3ae7d203-0,1,credit_card,4,365.27
6b120f05-7,1,credit_card,8,461.2
31a76cad-d,1,voucher,1,341.03
918f0c4e-e,1,credit_card,5,208.8
c4852aaf-a,1,voucher,1,711.24
a48a89bc-4,1,credit_card,10,862.89
0da129c3-1,1,credit_card,6,332.53
4d644783-d,1,boleto,1,451.15
ea1b8af9-9,1,voucher,1,386.34
6b891587-8,1,boleto,1,320.3
04965360-5,1,credit_card,8,263.79
cec1d09d-0,1,credit_card,2,272.66
34032568-c,1,boleto,1,876.74
780b59cd-9,1,debit_card,1,185.8
7006faa1-2,1,credit_card,4,460.04
510c5e58-e,1,voucher,1,912.4
21148b74-c,1,credit_card,9,756.6
f2196f53-e,1,credit_card,2,483.04
f877a86b-5,1,credit_card,4,384.18
08345dc6-1,1,debit_card,1,803.22
6a2fc38d-2,1,debit_card,1,73.04
e7da85dc-9,1,boleto,1,525.06
18e335b7-9,1,voucher,1,194.37
ad817092-2,1,credit_card,5,389.61
e86e96b7-a,1,debit_card,1,314.38
a794e5df-f,1,debit_card,1,266.75
8ccaa1ae-a,1,voucher,1,111.02
2ebbf30a-a,1,credit_card,10,186.32
110e6494-3,1,voucher,1,374.34
21bdacf8-6,1,boleto,1,238.15
dd961f1b-0,1,credit_card,9,246.06
1d9beddb-7,1,voucher,1,354.82
cc86f621-5,1,debit_card,1,418.55
0b078526-8,1,credit_card,4,325.51
221cd3fb-2,1,debit_card,1,427.47
fbf0c8e6-1,1,credit_card,6,730.79
25e1cd11-8,1,credit_card,6,250.69
6dbde63e-0,1,voucher,1,204.14
e46ac6cb-0,1,credit_card,9,310.13
2ae7b473-3,1,credit_card,8,55.45
2c23b3ca-6,1,boleto,1,75.45
081853f7-4,1,credit_card,7,138.09
b0e044d2-5,1,boleto,1,369.21
f6fe4fbd-2,1,voucher,1,1050.72
2db30893-1,1,credit_card,9,779.65
341dd9b8-3,1,debit_card,1,313.54
bb0c6931-5,1,credit_card,10,133.24
f9016c82-c,1,voucher,1,380.64
63727415-d,1,voucher,1,185.42
9dafd704-7,1,voucher,1,242.35
34062611-6,1,credit_card,10,299.96
ec6b43de-e,1,debit_card,1,292.67
d67dca37-9,1,debit_card,1,1023.36
348be3c1-1,1,boleto,1,406.64
531e3cf4-3,1,debit_card,1,692.69
219c4f2e-5,1,debit_card,1,353.76
5653bacc-3,1,voucher,1,83.27
0c4b1994-c,1,boleto,1,212.04
84b009ea-2,1,credit_card,2,118.16
c2da073c-c,1,voucher,1,311.61
5c60fce3-6,1,boleto,1,398.21
61953a75-9,1,boleto,1,185.44
2a7958c1-2,1,credit_card,9,177.94
aecb4c99-0,1,credit_card,10,930.38
37c2800f-3,1,credit_card,3,201.57
e95b93ba-c,1,debit_card,1,378.03
c8a5acf0-6,1,debit_card,1,361.93
cc2dfe84-9,1,credit_card,9,503.89
b3362f0f-4,1,credit_card,1,288.53
1bea12e4-f,1,credit_card,10,99.55
fc8a8f3b-3,1,credit_card,4,410.58
ed524acf-1,1,credit_card,5,263.92
47a6172b-8,1,credit_card,8,728.59
dd361321-d,1,credit_card,8,48.67
d6c52414-b,1,debit_card,1,513.89
23dc7fca-9,1,credit_card,4,173.3
60f0285d-1,1,credit_card,8,936.5
de98019e-5,1,debit_card,1,404.9
a145ee63-7,1,credit_card,8,185.38
901c81bb-0,1,credit_card,3,246.31
c3000f55-d,1,debit_card,1,554.62
03d1e772-1,1,voucher,1,62.79
02b42458-7,1,voucher,1,342.62
2bf62bf9-1,1,credit_card,6,366.38
ca4bed39-a,1,credit_card,10,105.47
115f7bc0-f,1,voucher,1,410.14
c36c1f0d-b,1,voucher,1,129.57
d75a7e9a-6,1,debit_card,1,233.22
0a98af6e-4,1,debit_card,1,145.96
43cf9674-c,1,credit_card,6,745.21
88aef5ee-3,1,credit_card,9,305.24
b52d4803-2,1,debit_card,1,391.06
76d6d979-a,1,credit_card,9,241.62
70f5bc63-3,1,debit_card,1,62.7
648383e7-5,1,debit_card,1,255.36
47d2b4e1-5,1,credit_card,9,130.63
9724c2e3-5,1,debit_card,1,196.4
f5410b6d-7,1,voucher,1,894.52
71f96b89-9,1,credit_card,8,281.39
0387f280-2,1,boleto,1,416.49
07bd8b72-d,1,boleto,1,471.1
43eff47e-c,1,voucher,1,187.6
6dd3b053-b,1,debit_card,1,138.58
19932a75-d,1,boleto,1,452.76
178da535-9,1,debit_card,1,162.18
cc809980-2,1,debit_card,1,521.75
95b66ff4-d,1,credit_card,7,449.46
7bf193d9-4,1,boleto,1,68.85
edbfbf8d-3,1,credit_card,3,123.31
ea656b20-7,1,voucher,1,456.71
860e82e1-0,1,debit_card,1,142.72
be4e31a0-0,1,credit_card,5,213.79
81a0cb3f-d,1,credit_card,3,657.49
8a74cbf8-4,1,debit_card,1,432.96
6c6f88f9-7,1,debit_card,1,112.77
67306a0c-2,1,debit_card,1,332.26
53e3afec-3,1,debit_card,1,462.58
d9e66a2f-0,1,credit_card,2,854.64
b7bcce56-d,1,credit_card,8,262.47
d55fc4ba-d,1,debit_card,1,413.04
44f02860-6,1,debit_card,1,238.57
41b6de59-f,1,debit_card,1,205.71
11ac7128-2,1,debit_card,1,447.2
e0993e1a-f,1,credit_card,6,278.98
72dd6ca9-1,1,credit_card,7,323.26
c0e69835-6,1,debit_card,1,91.09
b0d88e3b-4,1,boleto,1,426.85
d4a18c58-b,1,credit_card,7,260.63
47c31ba0-4,1,debit_card,1,306.54
de4b9480-2,1,voucher,1,352.82
8aec7532-2,1,credit_card,2,380.07
434d853e-5,1,credit_card,8,455.69
b34f702a-2,1,voucher,1,235.56
867844cb-0,1,debit_card,1,296.72
93867eeb-7,1,voucher,1,55.71
4f52d062-3,1,debit_card,1,410.36
c3351928-f,1,credit_card,4,349.15
6a523f7b-9,1,voucher,1,303.4
3abd60c9-9,1,credit_card,1,1249.18
605d7c8e-a,1,debit_card,1,50.85
f8552521-6,1,credit_card,2,519.35
f519091c-6,1,credit_card,5,83.15
1f5b21e3-a,1,credit_card,6,232.97
82b5156e-0,1,debit_card,1,162.21
01782c6f-2,1,boleto,1,141.16
922d2034-a,1,voucher,1,319.86
678a5d83-1,1,boleto,1,271.08
25dea848-2,1,credit_card,4,203.14
676349ce-b,1,debit_card,1,274.26
460f44b1-5,1,voucher,1,151.43
a68b832c-f,1,credit_card,5,681.16
2e94da16-e,1,credit_card,1,52.15
5234b0a6-0,1,credit_card,5,258.43
1d60b8b1-a,1,boleto,1,82.31
878c686a-f,1,voucher,1,787.55
668c63ef-2,1,credit_card,4,45.16
06da2851-8,1,credit_card,8,92.48
7d85ece4-5,1,debit_card,1,256.93
82616816-7,1,voucher,1,483.63
5b6d42b0-c,1,debit_card,1,102.69
0f4be7a0-a,1,debit_card,1,168.9
d66b0d0a-8,1,voucher,1,100.6
98755590-1,1,debit_card,1,111.55
df394008-3,1,voucher,1,27.49
d21615bc-6,1,credit_card,4,379.32
6f9779ed-3,1,voucher,1,71.64
c4474026-8,1,debit_card,1,369.47
594546f7-5,1,debit_card,1,374.45
21fa6372-f,1,credit_card,7,472.89
c0cfe549-6,1,boleto,1,446.88
2d5d16ac-1,1,voucher,1,263.33
ac235e6c-c,1,credit_card,3,188.54
23545cd4-1,1,credit_card,4,54.81
8bdae908-9,1,credit_card,7,357.38
6435cde3-5,1,boleto,1,127.91
45ed83fe-2,1,credit_card,10,412.46
f04a412d-e,1,boleto,1,268.58
894f064d-5,1,voucher,1,364.75
b338dc2f-a,1,voucher,1,500.44
a4ddee42-e,1,credit_card,6,196.52
d9798b53-c,1,voucher,1,371.28
c66d5ecc-1,1,boleto,1,262.11
88711a27-4,1,boleto,1,740.18
e758c3b8-b,1,credit_card,8,550.24
c2b54adb-2,1,boleto,1,439.02
9e3a146d-1,1,voucher,1,346.49
c8fee959-5,1,voucher,1,73.84
b19f86de-5,1,voucher,1,162.29
4da2d2e2-2,1,debit_card,1,283.97
c6e3da66-d,1,voucher,1,178.84
4823e262-6,1,credit_card,9,126.52
fdaf283a-1,1,credit_card,3,477.04
ba4d5570-1,1,debit_card,1,543.25
3a26ebbd-e,1,debit_card,1,284.75
2868d28c-8,1,boleto,1,432.75
b0ec9b8e-1,1,boleto,1,463.57
c6e4cd96-c,1,credit_card,6,78.75
d7503d21-f,1,credit_card,5,260.64
a95c8967-4,1,voucher,1,224.9
7b4681dd-d,1,boleto,1,471.68
6d4ab456-5,1,voucher,1,395.1
1039c37f-b,1,credit_card,2,136.55
efdfd76b-b,1,debit_card,1,143.41
644f04b3-e,1,voucher,1,577.78
e202d4b1-3,1,voucher,1,339.98
a9b95dfe-b,1,boleto,1,414.35
c96ae2bd-d,1,credit_card,3,740.79
61e3b1c9-8,1,credit_card,9,220.55
fd0566c3-f,1,voucher,1,60.55
8ff06ecd-c,1,credit_card,2,1456.69
5c3e828e-e,1,boleto,1,381.65
6a693778-b,1,boleto,1,434.04
2fc7c10f-f,1,debit_card,1,190.59
41b66884-1,1,debit_card,1,462.21
a477ebb3-a,1,boleto,1,413.74
0e3e7149-2,1,debit_card,1,203.44
69daa2bb-5,1,credit_card,3,291.22
f6d898d0-4,1,credit_card,9,226.85
ff0fb0b9-d,1,credit_card,5,288.31
26362347-1,1,credit_card,10,73.64
f48cdc67-8,1,debit_card,1,321.06
c8efbf9a-3,1,credit_card,1,200.8
d704bc23-6,1,credit_card,5,123.58
2617311f-e,1,voucher,1,88.16
f83546e6-f,1,debit_card,1,48.53
befab37c-6,1,credit_card,5,397.11
a232d85f-a,1,credit_card,4,283.26
328fd663-d,1,boleto,1,118.56
af1a4520-5,1,debit_card,1,100.65
bcf34ff8-4,1,credit_card,6,448.88
3efde020-6,1,debit_card,1,1240.13
87039282-f,1,voucher,1,332.51
25d4135c-5,1,voucher,1,292.97
3ac82438-e,1,voucher,1,430.84
40400adf-6,1,voucher,1,424.4
85280354-4,1,boleto,1,214.0
62c02774-d,1,debit_card,1,96.68
83088fb4-0,1,credit_card,7,246.94
516063f6-a,1,credit_card,9,473.57
33ed4b16-0,1,voucher,1,291.61
85f8b1b7-1,1,voucher,1,400.43
9323d381-c,1,boleto,1,419.13
37ac226c-1,1,boleto,1,342.77
e5d99457-9,1,debit_card,1,132.69
df641c26-6,1,debit_card,1,280.01
9577c73c-a,1,boleto,1,1232.14
61c01685-5,1,boleto,1,360.43
246baa43-2,1,credit_card,10,485.35
8417a681-a,1,credit_card,2,628.38
c4a2b302-7,1,voucher,1,647.04
6540dd9c-6,1,debit_card,1,299.97
dd5e30b1-2,1,credit_card,10,100.4
c0849244-c,1,credit_card,1,156.08
655b523b-8,1,credit_card,6,120.38
60994303-f,1,credit_card,7,450.0
b9592e9a-e,1,boleto,1,47.3
8b2141b3-b,1,credit_card,8,713.87
ec7ac0d5-f,1,voucher,1,79.62
93abe04a-5,1,credit_card,9,41.43
f43fac4e-2,1,boleto,1,122.3
4c26e93d-f,1,credit_card,9,47.0
978f8816-1,1,boleto,1,417.32
f27f11f5-e,1,credit_card,10,1178.99
a417d3fa-2,1,boleto,1,78.15
c8e8a307-9,1,boleto,1,294.32
af71d5f3-f,1,boleto,1,41.03
efd04db4-1,1,debit_card,1,317.02
08290922-4,1,credit_card,7,137.27
6bde9cd1-5,1,credit_card,7,223.64
0ae42e29-9,1,debit_card,1,273.72
388bf553-e,1,debit_card,1,134.34
5120afd0-3,1,credit_card,9,403.63
0b922c46-c,1,voucher,1,440.96
c95c4282-6,1,credit_card,3,155.27
9de46269-d,1,debit_card,1,403.94
88d456b8-a,1,debit_card,1,135.58
c9dbf761-a,1,voucher,1,37.72
a55afaff-6,1,credit_card,7,197.14
40ef457c-2,1,boleto,1,288.95
106caab1-4,1,debit_card,1,310.53
89474b54-e,1,voucher,1,355.28
ca049be5-f,1,debit_card,1,260.27
d393abba-5,1,voucher,1,724.62
635a2511-4,1,voucher,1,924.95
78bcd113-3,1,debit_card,1,202.69
32bc6972-9,1,voucher,1,56.74
3b6d6ae9-f,1,credit_card,7,183.5
28a9ad09-f,1,credit_card,10,431.46
a2054ba2-d,1,debit_card,1,235.43
ab5ac854-1,1,voucher,1,136.01
9a544bf0-e,1,credit_card,7,386.53
00805c17-9,1,boleto,1,687.73
8c3a316d-e,1,debit_card,1,700.88
2d54de1d-8,1,voucher,1,428.21
81824a15-8,1,credit_card,3,425.17
68430969-9,1,voucher,1,160.55
767ebf39-a,1,debit_card,1,230.18
c496e98e-e,1,credit_card,10,336.21
f87bc944-3,1,credit_card,1,437.77
093f7c11-8,1,debit_card,1,131.54
245096ad-b,1,boleto,1,310.82
8fa61d0e-1,1,boleto,1,79.42
3a4493c6-e,1,boleto,1,89.95
52fc3898-d,1,debit_card,1,136.67
da466231-b,1,debit_card,1,302.73
9ac82f5a-1,1,boleto,1,82.77
923dba02-6,1,credit_card,7,107.44
8dd17b56-c,1,voucher,1,216.46
fbf4f8ec-b,1,voucher,1,118.22
f62be292-8,1,debit_card,1,198.04
6a57b2bf-0,1,debit_card,1,473.91
39de2328-7,1,boleto,1,170.39
d05aacbe-d,1,credit_card,1,57.24
5d77486c-c,1,credit_card,5,230.78
a2110733-e,1,credit_card,1,494.21
8eba6f6f-1,1,voucher,1,756.79
11e18b0c-4,1,credit_card,5,88.48
e7c12d88-f,1,voucher,1,417.8
e83c101d-b,1,debit_card,1,83.63
10f3349a-5,1,boleto,1,259.63
f6ef7eba-c,1,credit_card,3,591.5
e95dc64d-c,1,credit_card,2,936.78
4bc66472-f,1,credit_card,5,218.32
dfcd6ee3-c,1,credit_card,10,346.72
8c4187f9-b,1,voucher,1,471.38
6466622d-e,1,voucher,1,354.55
717c6eed-b,1,credit_card,5,471.43
079e9909-7,1,voucher,1,85.23
2e6de76e-d,1,credit_card,4,792.41
288a4082-3,1,credit_card,9,49.14
65191623-2,1,credit_card,3,413.99
9a15d523-b,1,voucher,1,207.74
78e4c894-4,1,debit_card,1,262.07
d31bc456-d,1,debit_card,1,137.4
650c3419-2,1,boleto,1,244.45
412bf493-a,1,credit_card,7,582.56
42a74f4f-d,1,credit_card,8,434.36
0f1fb252-b,1,credit_card,8,53.74
4e170b92-0,1,boleto,1,1001.43
22ed0706-1,1,boleto,1,1114.91
e3c4bb76-b,1,credit_card,10,107.57
c48ca4cf-9,1,boleto,1,336.14
322e63cc-1,1,credit_card,9,158.91
3a55a504-9,1,credit_card,2,381.48
e01af8de-9,1,credit_card,7,462.03
1076546d-5,1,credit_card,5,301.67
e57f8366-a,1,boleto,1,461.35
aa8be7a5-a,1,boleto,1,439.89
9a9c53cf-f,1,debit_card,1,717.97
1492579c-8,1,credit_card,9,248.06
2e704ee9-8,1,voucher,1,186.07
823f99da-4,1,credit_card,10,52.53
eb56a645-0,1,credit_card,7,680.83
54da2493-4,1,credit_card,9,166.17
e4a77416-c,1,debit_card,1,409.37
28749717-a,1,credit_card,7,72.47
1001e3ae-a,1,boleto,1,678.4
8b96b8cd-8,1,credit_card,8,738.88
7c10553a-1,1,credit_card,2,229.64
c9b0442d-1,1,credit_card,9,45.04
1c692843-a,1,credit_card,4,301.5
1a23d976-2,1,debit_card,1,367.08
155e617f-d,1,credit_card,5,470.45
ad6420a5-9,1,credit_card,3,333.1
4f6790fa-d,1,credit_card,5,373.45
11f00bcf-e,1,credit_card,5,346.31
65ee03a9-e,1,credit_card,3,150.33
328aaa19-b,1,voucher,1,108.61
0dcf94d6-5,1,debit_card,1,394.44
d4ddd8a3-9,1,credit_card,10,73.55
c9360a91-1,1,voucher,1,54.28
8cb063c5-1,1,credit_card,5,738.41
7255a299-c,1,credit_card,4,314.91
bfb2b68f-b,1,boleto,1,99.84
fd44efa5-1,1,debit_card,1,85.67
47294dd3-b,1,voucher,1,277.27
3d33cb32-5,1,debit_card,1,481.13
32c8a105-8,1,credit_card,5,54.67
43c474f4-3,1,credit_card,2,242.15
57317895-d,1,debit_card,1,223.33
88e2de3d-9,1,credit_card,9,142.31
7d8813a1-c,1,voucher,1,369.86
7b300fb5-b,1,credit_card,3,241.45
6017dd86-e,1,voucher,1,414.81
ca52a53c-0,1,credit_card,7,481.07
7cd92c0e-3,1,credit_card,7,449.84
c2dae94e-6,1,credit_card,6,206.08
a08e4c9c-2,1,boleto,1,211.88
b41e736e-4,1,boleto,1,116.1
3654ea71-0,1,voucher,1,338.0
8bf0f2b4-7,1,boleto,1,176.02
c16483e1-5,1,boleto,1,229.43
7d826aa6-a,1,boleto,1,463.33
e8976cb9-8,1,debit_card,1,295.89
f7f12fae-d,1,credit_card,1,65.92
d3c5e9a3-0,1,credit_card,2,203.84
bd244699-c,1,credit_card,5,187.7
c0f3c3fa-3,1,debit_card,1,213.36
ebf5262d-d,1,credit_card,10,121.09
bf3675fa-5,1,credit_card,5,195.94
4c07756c-7,1,debit_card,1,380.33
fe55b652-9,1,boleto,1,141.13
49f186fd-d,1,debit_card,1,383.21
6e6adb37-3,1,credit_card,7,200.94
befd2aa9-a,1,credit_card,2,237.67
b25c9525-e,1,credit_card,2,548.31
1de5903c-8,1,credit_card,2,505.11
c42e12ca-5,1,credit_card,2,425.17
c8a3f424-1,1,debit_card,1,312.67
f8cf6e5d-3,1,boleto,1,786.36
d1106db0-2,1,voucher,1,252.84
3a1dae4b-d,1,debit_card,1,219.1
182ad419-5,1,credit_card,9,243.4
d2234221-b,1,debit_card,1,888.88
caa5c8f3-3,1,debit_card,1,642.1
1345e8df-d,1,boleto,1,443.9
98b26b72-c,1,voucher,1,434.46
4df2850d-f,1,credit_card,6,694.23
6716fa35-f,1,credit_card,4,169.24
49baa304-2,1,voucher,1,311.98
a82a35a1-d,1,voucher,1,215.49
801154c8-c,1,debit_card,1,368.12
52b525ac-3,1,credit_card,1,466.15
68ffb676-c,1,voucher,1,136.93
3697486b-a,1,credit_card,6,321.88
781b2d68-1,1,debit_card,1,304.85
6a8fb0c1-e,1,debit_card,1,340.6
e1f9b837-2,1,voucher,1,470.61
62db967a-e,1,boleto,1,219.36
8274d58a-5,1,debit_card,1,314.2
0714ec88-b,1,debit_card,1,198.29
8a8fcac6-2,1,credit_card,4,194.62
ac00e6f0-b,1,debit_card,1,137.27
8ffe6bd9-7,1,boleto,1,379.9
86180693-c,1,voucher,1,717.4
e739dca5-f,1,debit_card,1,266.64
3db95fec-7,1,credit_card,6,217.49
8202c7b3-0,1,credit_card,4,54.21
496c15bc-e,1,credit_card,5,137.61
d216f8b4-4,1,credit_card,6,381.43
8162caf0-1,1,credit_card,6,963.42
eaf451a3-f,1,debit_card,1,471.25
cbdd6427-a,1,debit_card,1,813.2
6476925a-3,1,debit_card,1,274.37
139724e3-2,1,credit_card,8,117.48
2dc858f6-b,1,credit_card,6,212.07
dd745a62-2,1,credit_card,10,318.89
fc367910-e,1,boleto,1,155.87
78f469be-6,1,boleto,1,173.48
3d743ad1-6,1,boleto,1,833.74
d2df9038-6,1,credit_card,7,293.6
d0b579e4-7,1,credit_card,1,397.05
edd72890-f,1,voucher,1,374.03
380ca201-b,1,boleto,1,98.91
9d9a8fc4-7,1,boleto,1,528.44
edf90e5b-f,1,debit_card,1,65.34
34c64cee-d,1,boleto,1,426.93
33fba91e-1,1,boleto,1,248.18
449d45e7-e,1,voucher,1,254.47
3ef7f4a9-3,1,boleto,1,102.43
fa026112-b,1,boleto,1,307.15
72869349-9,1,credit_card,7,288.73
f59e0b01-f,1,boleto,1,267.53
124c6f88-a,1,credit_card,10,398.37
bc1efc58-0,1,debit_card,1,831.4
0724f52d-0,1,boleto,1,679.56
d14a2cd4-6,1,boleto,1,442.8
cf31d073-6,1,credit_card,7,714.4
e62c253a-d,1,boleto,1,143.14
9333f0b1-3,1,credit_card,10,153.09
e885d3a4-4,1,credit_card,3,297.52
b90fbfed-c,1,boleto,1,536.0
db0d948c-5,1,boleto,1,314.31
08d97c13-4,1,voucher,1,243.67
4e7bb45d-b,1,credit_card,9,228.15
3d6b9c7e-6,1,voucher,1,163.16
3045fdb7-d,1,boleto,1,429.9
fd688e6e-a,1,voucher,1,195.36
986dc68f-2,1,boleto,1,558.52
e800975e-d,1,voucher,1,312.13
bde88539-a,1,credit_card,6,820.71
29297362-2,1,debit_card,1,959.45
4bd09bfc-4,1,voucher,1,196.01
d407ccf1-2,1,debit_card,1,120.82
9817cac8-2,1,debit_card,1,659.42
a3bd7778-b,1,voucher,1,302.17
c733cfc3-f,1,debit_card,1,308.58
8ec4b0f4-9,1,boleto,1,69.72
6265bd04-2,1,credit_card,6,222.1
980f6ca9-9,1,voucher,1,183.85
b432cddc-8,1,debit_card,1,52.88
1a062f60-d,1,debit_card,1,62.38
7f60df28-9,1,credit_card,4,1106.31
b0bd1950-a,1,voucher,1,401.64
6d4e6f62-c,1,debit_card,1,1092.75
781c8398-d,1,voucher,1,248.14
60774e60-6,1,credit_card,3,1549.85
1323fb8e-a,1,voucher,1,428.06
b2741298-a,1,credit_card,1,160.99
5b5c3915-d,1,voucher,1,697.39
f8a024b6-4,1,credit_card,8,306.75
b6df9876-a,1,credit_card,1,271.06
f9583994-a,1,boleto,1,150.56
8e176ddb-e,1,voucher,1,283.36
19b60623-9,1,debit_card,1,763.25
fa293d5a-f,1,credit_card,7,426.67
6cd8d45c-b,1,boleto,1,281.3
d096354f-4,1,credit_card,1,425.77
b72d25c8-f,1,boleto,1,195.21
a18e7d52-b,1,credit_card,6,666.03
2caf9c29-2,1,credit_card,10,191.76
0f2fd12d-0,1,debit_card,1,754.64
2bc6be49-0,1,debit_card,1,656.91
860ba0c4-8,1,boleto,1,50.75
6d863a9d-7,1,credit_card,10,661.12
9fd07a4e-9,1,debit_card,1,287.79
d2067897-1,1,credit_card,3,274.85
74d38109-0,1,debit_card,1,209.68
8a8a90e6-8,1,voucher,1,457.13
473a19e2-9,1,debit_card,1,359.83
8bff3197-d,1,boleto,1,545.16
788072f2-3,1,credit_card,5,467.74
6e26f322-6,1,voucher,1,146.75
50b1aa0f-7,1,voucher,1,122.16
fac9c412-7,1,credit_card,7,263.72
b2fd3c39-d,1,credit_card,9,664.98
834a13ce-8,1,voucher,1,587.39
ec15aac5-2,1,credit_card,2,443.09
51f2fc6e-1,1,voucher,1,128.8
22035a7b-f,1,voucher,1,277.47
802738f5-e,1,credit_card,1,89.06
3fa670a1-8,1,credit_card,4,227.78
894b4e82-8,1,voucher,1,285.98
9843e87e-9,1,debit_card,1,411.45
fe6c3c63-f,1,credit_card,6,310.15
1ef92139-4,1,credit_card,10,86.34
959d5507-1,1,boleto,1,385.27
88c9b00d-b,1,credit_card,8,151.95
3b509b76-6,1,debit_card,1,743.24
f39cb2a2-7,1,boleto,1,309.58
3b037000-f,1,credit_card,9,381.92
13956013-2,1,credit_card,7,235.6
7b9a0612-7,1,credit_card,8,444.99
4463696d-d,1,boleto,1,171.02
211e881c-3,1,debit_card,1,129.79
21a57b21-5,1,credit_card,6,711.55
2b3f4d55-6,1,credit_card,7,362.86
ba42ed7a-0,1,voucher,1,242.23
c7695a73-5,1,boleto,1,415.4
79e02e2e-d,1,credit_card,5,463.3
9b34bfb8-0,1,debit_card,1,292.05
acba92f9-c,1,voucher,1,81.43
e3065c28-a,1,credit_card,1,136.33
68993721-e,1,voucher,1,195.39
8400d0bd-6,1,boleto,1,324.65
9662c068-a,1,credit_card,3,198.3
8de68c9f-4,1,boleto,1,780.59
9ff95bbb-e,1,debit_card,1,433.39
caab06e6-2,1,voucher,1,328.97
3ba60049-e,1,credit_card,1,514.41
98cc66fd-2,1,voucher,1,282.77
10c0c97a-c,1,boleto,1,345.51
a2d7a814-9,1,credit_card,7,372.89
f1057e14-a,1,voucher,1,337.59
264c7d50-4,1,voucher,1,448.56
4f747f66-1,1,credit_card,7,470.45
9423edc0-e,1,credit_card,9,354.23
756ca02e-8,1,boleto,1,198.21
a4072b8d-7,1,credit_card,3,284.45
f5e610c0-e,1,credit_card,2,369.33
460db9c6-0,1,credit_card,1,163.96
f6ecfe1c-9,1,credit_card,9,467.54
4ed3cc2c-9,1,credit_card,5,144.92
caf5a871-e,1,boleto,1,56.43
6bd24efb-4,1,debit_card,1,105.96
697464f1-9,1,voucher,1,198.57
629b3bea-a,1,boleto,1,136.47
939c49ac-b,1,boleto,1,275.87
9629943f-c,1,credit_card,3,236.9
b7508016-f,1,credit_card,7,291.03
493c5acb-3,1,debit_card,1,289.22
d2941455-a,1,credit_card,9,359.29
96e97572-8,1,credit_card,9,172.15
0be30433-7,1,debit_card,1,405.44
7b6887c6-a,1,credit_card,4,121.79
7ad3c42c-3,1,credit_card,3,449.71
9dfd6a6d-3,1,credit_card,4,230.44
9905ace3-8,1,boleto,1,328.19
0d2edf20-a,1,voucher,1,325.72
185341fc-c,1,voucher,1,91.89
9b5a5a08-0,1,voucher,1,187.97
1ecd4c5d-9,1,boleto,1,203.55
3d4365c6-2,1,debit_card,1,219.18
ad2f568d-c,1,credit_card,7,265.08
cc00d693-c,1,boleto,1,319.01
bb2df8e1-f,1,credit_card,1,344.68
f51cf427-f,1,voucher,1,190.27
f92428ad-1,1,boleto,1,485.69
5d64f37c-6,1,credit_card,5,449.92
8747dfef-6,1,debit_card,1,434.41
f81175e6-5,1,voucher,1,423.98
e644795c-a,1,debit_card,1,429.95
7b1901a9-0,1,credit_card,2,398.88
9a2523f8-0,1,voucher,1,363.85
1a21b072-3,1,boleto,1,334.49
2437902f-b,1,voucher,1,374.54
7b11611c-9,1,credit_card,2,194.38
55254fac-8,1,debit_card,1,395.15
09974bc9-2,1,debit_card,1,380.81
3a3949a0-b,1,voucher,1,102.34
efa22641-3,1,debit_card,1,481.27
bad6d1dd-7,1,credit_card,6,923.38
eb63246e-0,1,credit_card,10,116.01
0306555d-d,1,credit_card,6,396.98
78cfc079-9,1,voucher,1,399.26
b537fb1e-0,1,credit_card,7,173.88
4594d0ae-3,1,voucher,1,56.88
9cdbe31e-5,1,boleto,1,98.39
9da48898-c,1,credit_card,8,454.18
3e476869-9,1,credit_card,2,150.56
86fe97c8-f,1,voucher,1,455.71
aca4e3ac-8,1,credit_card,1,272.6
bd07bfa9-5,1,voucher,1,117.54
ffed7094-5,1,credit_card,8,386.45
50f64608-8,1,boleto,1,317.5
650c748b-7,1,credit_card,6,461.25
0707915e-7,1,credit_card,8,428.23
ebc6e31c-b,1,voucher,1,58.54
92bb7015-b,1,credit_card,5,34.65
4be80f74-3,1,boleto,1,50.23
61acde08-0,1,debit_card,1,247.13
181638ba-e,1,credit_card,10,74.99
b75ed0b3-0,1,credit_card,3,344.91
dfe57476-3,1,voucher,1,352.22
c0154abe-3,1,credit_card,5,148.45
f301abd4-3,1,boleto,1,69.91
62b470e8-e,1,debit_card,1,401.2
4ffeb246-8,1,credit_card,2,196.56
6a8b37b1-7,1,voucher,1,800.8
a463dad0-e,1,debit_card,1,321.73
7b244d20-8,1,credit_card,8,1302.08
a24cc21a-4,1,voucher,1,396.39
1ce57df2-f,1,credit_card,1,412.71
e38642f2-8,1,credit_card,7,576.44
7abef9dd-a,1,boleto,1,1261.74
90d63f7a-0,1,credit_card,8,936.08
57bda72b-7,1,voucher,1,256.77
4775996d-7,1,boleto,1,222.58
28ac9eee-0,1,voucher,1,452.7
766b14bd-7,1,boleto,1,163.53
b32da681-4,1,credit_card,7,425.77
4d62c0fd-7,1,credit_card,3,400.27
37b44bbb-7,1,credit_card,3,1005.99
71eea75a-3,1,credit_card,1,231.08
ddfa98cd-b,1,credit_card,8,127.64
13cf0823-d,1,debit_card,1,237.82
705f3fce-4,1,credit_card,7,211.08
8e4b7d66-9,1,voucher,1,332.11
bace8d4f-3,1,credit_card,5,47.49
caf63405-b,1,credit_card,10,756.67
1efe0575-4,1,credit_card,9,461.59
9e1c1075-2,1,boleto,1,183.23
eef16df9-c,1,voucher,1,1211.1
de1b1a0d-1,1,boleto,1,240.09
e4490c12-b,1,credit_card,8,280.98
6661c4f5-f,1,voucher,1,254.39
304bfab5-6,1,credit_card,9,279.71
f0638394-a,1,credit_card,9,203.63
5a5c372b-e,1,debit_card,1,583.21
47bbf61b-a,1,debit_card,1,370.57
1585e452-1,1,voucher,1,253.62
22d58dfa-d,1,boleto,1,340.2
7accea9c-0,1,boleto,1,225.67
40ee067b-f,1,credit_card,8,62.64
a266ba14-0,1,debit_card,1,53.16
7cb00e2c-0,1,voucher,1,333.52
0220a06e-1,1,boleto,1,320.12
b7615a23-3,1,voucher,1,687.97
da7621ae-9,1,debit_card,1,356.88
aa85ff63-c,1,voucher,1,272.39
54577287-0,1,debit_card,1,468.35
04ebd15b-b,1,voucher,1,290.12
696c5b48-c,1,credit_card,9,69.58
d33421ba-6,1,boleto,1,312.94
4149cc6c-8,1,credit_card,5,70.15
ec54a2cd-7,1,voucher,1,150.95
99b2c799-3,1,voucher,1,280.63
e2360539-c,1,credit_card,5,409.04
43395ea0-2,1,boleto,1,884.62
98191138-1,1,debit_card,1,311.19
dea92875-0,1,boleto,1,151.94
cba7c98e-8,1,credit_card,9,1279.67
b3b10644-1,1,boleto,1,235.71
ed2d7f80-2,1,voucher,1,402.8
c048d655-d,1,voucher,1,447.22
9206c20b-5,1,credit_card,3,236.87
3e63b860-4,1,voucher,1,287.24
ddf33277-4,1,voucher,1,206.15
d4617925-8,1,voucher,1,408.57
251bc8ed-b,1,voucher,1,397.29
5fa93308-2,1,boleto,1,453.27
f8d81392-b,1,credit_card,8,357.33
c6e2f6cb-5,1,debit_card,1,473.24
14e05e6f-f,1,boleto,1,130.2
bb87ca9e-6,1,voucher,1,54.15
edc18f77-c,1,credit_card,10,437.37
8c3b799c-d,1,boleto,1,1136.66
f38847c4-f,1,credit_card,3,248.72
1ca8c7d8-1,1,voucher,1,289.55
c14930c1-f,1,boleto,1,298.4
be33581f-5,1,credit_card,4,53.49
84ce0f70-2,1,boleto,1,93.82
1b49040f-4,1,credit_card,4,448.33
b7c767bc-b,1,credit_card,6,123.46
682053b9-6,1,credit_card,7,435.2
519a1cc7-9,1,debit_card,1,434.13
9a0e554b-d,1,credit_card,10,872.41
0d1570f1-e,1,credit_card,5,274.77
6ab5ff69-b,1,credit_card,10,415.52
abeca493-2,1,debit_card,1,126.08
76dfacfb-1,1,debit_card,1,176.05
ba9e36d8-c,1,credit_card,4,417.74
7455c794-9,1,credit_card,2,248.44
d7b7e1c7-3,1,boleto,1,50.88
daf85d02-e,1,boleto,1,299.66
efffac33-d,1,debit_card,1,369.92
be4b79a6-a,1,voucher,1,429.4
7f9c3300-0,1,credit_card,9,418.74
11decc7d-3,1,credit_card,5,65.8
7fa425da-3,1,credit_card,6,618.88
988ab767-1,1,debit_card,1,421.7
cefefc4e-8,1,voucher,1,858.41
b9a273c0-a,1,voucher,1,220.23
fbd9cb07-6,1,voucher,1,419.88
60cc60b1-e,1,credit_card,10,141.28
50c916eb-7,1,credit_card,4,359.24
8a86737d-9,1,voucher,1,935.54
46cdeb86-7,1,voucher,1,340.47
e8564196-a,1,credit_card,3,74.29
b19a0737-0,1,debit_card,1,48.86
549f073a-5,1,credit_card,7,83.57
36f61c5b-d,1,boleto,1,1085.7
c5071c04-9,1,credit_card,8,460.22
1e5083c1-8,1,boleto,1,485.83
8fa1733f-4,1,voucher,1,308.03
bb5f0d39-0,1,voucher,1,333.35
c3658bc4-c,1,credit_card,5,61.57
0f4b9c93-f,1,credit_card,4,692.73
f5a6c8eb-8,1,voucher,1,377.89
0c27b989-d,1,boleto,1,162.33
0adea3a5-7,1,voucher,1,477.53
24efed99-2,1,credit_card,7,352.93
912fbb2c-9,1,credit_card,1,201.96
d6f71a6e-2,1,credit_card,6,124.68
8af7c01e-d,1,voucher,1,364.93
83c084d5-7,1,debit_card,1,226.79
fa25c4fc-5,1,credit_card,7,337.91
02fec273-f,1,voucher,1,1008.35
997d08f5-a,1,boleto,1,432.4
96a4a252-8,1,debit_card,1,366.43
121b0904-c,1,debit_card,1,450.31
74febdd9-d,1,credit_card,2,377.46
b96ea661-f,1,credit_card,3,1182.9
d31450f8-9,1,voucher,1,341.08
db956b34-a,1,boleto,1,423.34
e59b6bfb-f,1,debit_card,1,378.3
d9cf40f2-0,1,voucher,1,473.27
9daa0974-b,1,credit_card,8,969.63
8e603086-4,1,boleto,1,196.08
248dafc7-4,1,boleto,1,282.11
bc3be32c-9,1,debit_card,1,459.71
798ab5a8-b,1,credit_card,1,365.61
e96e3206-7,1,voucher,1,124.98
f5525b57-3,1,boleto,1,458.64
94fbf320-4,1,credit_card,7,467.28
8591108e-e,1,credit_card,5,263.66
257c0bf5-7,1,debit_card,1,445.51
28785eb4-0,1,voucher,1,79.01
218f147e-5,1,debit_card,1,106.5
045769df-0,1,debit_card,1,332.69
d42b3790-7,1,voucher,1,189.9
9621f523-6,1,credit_card,1,42.16
2294faf7-3,1,voucher,1,190.1
547ac9d3-6,1,voucher,1,173.75
f6584b85-7,1,boleto,1,80.43
f79489dc-8,1,boleto,1,233.63
0f4c19c3-c,1,credit_card,6,114.79
58c3d777-a,1,boleto,1,515.18
c851c37d-b,1,boleto,1,256.58
e4388bab-f,1,credit_card,5,216.59
b320a10b-9,1,boleto,1,107.98
45fc6c4d-3,1,boleto,1,416.01
06fdffaa-5,1,debit_card,1,250.09
f1f5c3e0-2,1,boleto,1,775.66
91f0a861-6,1,boleto,1,433.3
c49ce82f-9,1,debit_card,1,1118.0
cf578698-3,1,debit_card,1,342.62
c3df4157-1,1,credit_card,5,56.7
e9e26f13-d,1,debit_card,1,287.17
e7f4573f-1,1,boleto,1,73.56
e718ce99-e,1,credit_card,7,356.53
98a4d5c4-8,1,credit_card,1,669.39
70d4cdcd-1,1,debit_card,1,393.63
feff4d1b-0,1,debit_card,1,427.06
16b1b305-3,1,boleto,1,53.19
6fb9e3b6-c,1,debit_card,1,141.76
f150bc07-9,1,boleto,1,1106.98
636678e5-9,1,voucher,1,257.89
90d86b20-4,1,voucher,1,675.97
f4da6649-8,1,voucher,1,108.34
c8119b27-1,1,voucher,1,218.69
46f9ecda-9,1,credit_card,6,173.32
1c50541f-f,1,credit_card,6,421.93
09a74c5d-a,1,boleto,1,109.36
9b42ea5f-0,1,credit_card,1,104.75
70b6dff4-0,1,credit_card,5,442.02
68413d23-f,1,voucher,1,342.7
2bf2bc56-4,1,voucher,1,532.96
6e4ee6dd-7,1,credit_card,5,393.72
0742177c-0,1,boleto,1,264.94
d6b2bcb6-f,1,boleto,1,386.94
6e76fe2b-7,1,credit_card,1,244.08
b8a603a7-1,1,credit_card,7,96.43
2edd8c74-5,1,boleto,1,186.12
448528a8-1,1,credit_card,10,148.56
3a2c765b-2,1,credit_card,10,529.97
b0218acf-b,1,boleto,1,554.98
3dbad6d3-3,1,voucher,1,254.14
32344edb-e,1,voucher,1,295.09
4c40d039-8,1,voucher,1,566.71
0b51cfc0-3,1,credit_card,7,392.83
2fdb0e2f-8,1,credit_card,9,341.02
86f4a927-0,1,credit_card,5,525.55
4a18ef01-9,1,voucher,1,429.39
5a8064b7-9,1,boleto,1,125.01
90a7d555-8,1,credit_card,7,450.3
f417e2d3-3,1,debit_card,1,375.68
4cd0fb8b-f,1,debit_card,1,400.08
7ba173d0-d,1,boleto,1,132.65
9dee564b-d,1,debit_card,1,283.41
fcd8eeb2-9,1,credit_card,9,396.73
d3a98469-8,1,voucher,1,336.75
8ad4d0e3-d,1,boleto,1,251.69
a9ed340d-e,1,debit_card,1,590.08
232c5b71-c,1,voucher,1,213.34
ab4bc5a2-d,1,credit_card,3,238.26
dddf1a41-d,1,voucher,1,428.66
d522074d-f,1,credit_card,10,696.71
8cd9c2df-d,1,credit_card,6,402.65
4dcbecb8-6,1,voucher,1,409.3
d8082ee8-9,1,voucher,1,673.58
848841e4-3,1,boleto,1,159.06
980d097c-8,1,voucher,1,354.05
03fcadbe-4,1,credit_card,8,75.66
65058c98-3,1,boleto,1,148.01
b5a96229-3,1,credit_card,4,241.11
9e377ab4-6,1,credit_card,8,162.2
aa593808-f,1,debit_card,1,389.63
ea15ccc4-0,1,debit_card,1,230.62
66f31181-6,1,boleto,1,645.01
539d292d-e,1,credit_card,10,323.32
dda56182-5,1,debit_card,1,155.43
7740986c-d,1,voucher,1,476.34
ec5f0d6e-e,1,boleto,1,280.72
a7d09013-8,1,boleto,1,240.18
7b33b5c8-3,1,credit_card,8,48.49
3b196ea7-1,1,debit_card,1,421.38
209f7a8d-c,1,debit_card,1,451.81
5a46f713-0,1,credit_card,2,113.12
b3191ddc-8,1,debit_card,1,108.98
6e5d1204-8,1,credit_card,3,382.59
aefa288c-7,1,credit_card,1,300.01
cd97fb6c-c,1,debit_card,1,1354.55
2b7a30f7-6,1,boleto,1,156.68
cddd8301-d,1,boleto,1,864.1
429e32cf-f,1,credit_card,6,388.27
5f3e2a76-4,1,debit_card,1,400.25
697f4a8f-2,1,boleto,1,377.4
72ed7e4b-a,1,voucher,1,138.54
d7c48331-b,1,credit_card,9,246.99
4a8ec6d8-6,1,boleto,1,547.75
3ae4431a-3,1,boleto,1,433.52
cde057fa-1,1,voucher,1,404.64
41120a2b-8,1,credit_card,3,431.41
2465a10b-4,1,credit_card,1,605.43
9c20783a-b,1,voucher,1,422.61
e2637c76-9,1,credit_card,5,1010.11
0f9c7d62-4,1,voucher,1,90.24
ebe26a60-a,1,credit_card,2,1109.29
19367d68-9,1,boleto,1,104.34
1e706d30-e,1,credit_card,3,230.03
cc13c8bc-a,1,credit_card,1,1010.5
290a5ea0-3,1,credit_card,7,230.0
d5c1b554-b,1,voucher,1,376.48
9c167c11-c,1,boleto,1,259.87
297dee02-f,1,debit_card,1,438.05
e72d89fa-9,1,boleto,1,182.85
596a036b-c,1,debit_card,1,767.69
3a0e5690-9,1,voucher,1,832.22
74c44ef9-c,1,boleto,1,265.09
dff2897b-d,1,voucher,1,636.08
e5eb1b44-4,1,credit_card,3,59.58
bce72a52-1,1,credit_card,5,377.41
dcc7ba87-5,1,credit_card,10,91.95
ea1d16d7-c,1,debit_card,1,137.12
81dbd6b9-9,1,voucher,1,275.19
6fde9430-6,1,credit_card,6,361.63
5b60e9f5-d,1,boleto,1,303.83
a05fd885-d,1,credit_card,5,307.02
209fb0ae-7,1,credit_card,1,78.21
368ff243-2,1,voucher,1,205.16
3b9dead4-8,1,credit_card,3,225.12
78b49d4b-f,1,credit_card,7,456.66
e1b88b87-6,1,boleto,1,757.15
840091a2-a,1,credit_card,9,395.02
024ee000-7,1,credit_card,1,611.84
25df5a98-6,1,voucher,1,417.32
c37552ac-7,1,voucher,1,125.13
54c6b181-7,1,boleto,1,60.35
1c4300d2-6,1,credit_card,5,88.31
2978ce91-3,1,boleto,1,43.66
97661331-1,1,boleto,1,103.52
4e1a29e2-c,1,credit_card,6,218.88
796348d0-b,1,credit_card,8,199.23
9057d366-7,1,boleto,1,201.96
91837253-9,1,voucher,1,875.95
afb95d5a-1,1,credit_card,8,979.89
231b9b9a-f,1,voucher,1,243.42
f97b3ac5-5,1,debit_card,1,81.18
4fa51d3e-0,1,credit_card,4,777.52
f983809e-5,1,credit_card,7,446.79
266b2365-2,1,debit_card,1,319.11
f9516fa0-5,1,credit_card,7,412.05
f7dd6680-3,1,credit_card,4,227.45
189a0f6d-d,1,voucher,1,129.16
7a32b646-e,1,credit_card,3,125.91
6812409d-0,1,credit_card,3,277.31
a72386ba-6,1,credit_card,6,953.85
661fbad1-0,1,credit_card,5,445.62
58c16567-d,1,credit_card,8,207.71
15649335-b,1,voucher,1,232.1
ef386886-d,1,debit_card,1,477.61
92c74d40-6,1,boleto,1,793.28
9286507c-2,1,debit_card,1,389.55
835930ec-3,1,credit_card,9,253.28
bc720e33-0,1,voucher,1,46.33
00f0536a-b,1,boleto,1,397.36
5a5e68bc-f,1,credit_card,4,319.74
ecdade9c-2,1,debit_card,1,224.22
3c538a3d-2,1,debit_card,1,378.55
a4404421-2,1,credit_card,3,172.48
a925082f-0,1,voucher,1,63.57
b54df5a5-5,1,boleto,1,718.72
2218cd91-e,1,credit_card,1,29.96
949bf95b-3,1,debit_card,1,248.84
e04cd3f7-8,1,credit_card,4,133.75
3274f74a-5,1,credit_card,2,489.67
68c7fbc3-3,1,credit_card,5,389.69
69725d6b-9,1,credit_card,3,233.35
48ff829f-1,1,credit_card,5,394.43
24a0bf03-4,1,boleto,1,699.77
f059da4b-2,1,credit_card,1,111.45
1ef6d9c0-5,1,voucher,1,448.79
ff2ebcba-5,1,credit_card,8,288.46
985ca5ae-2,1,debit_card,1,142.83
68eac841-a,1,voucher,1,378.02
10531bf5-a,1,boleto,1,513.17
b1919234-8,1,boleto,1,317.89
31a25585-9,1,boleto,1,358.01
80021eca-f,1,voucher,1,268.55
5e30a5f2-7,1,boleto,1,728.84
5c1fe68c-3,1,voucher,1,179.25
7a1c776f-8,1,voucher,1,604.36
f1d97dda-0,1,credit_card,9,318.65
9c54043d-f,1,boleto,1,343.95
6b236531-c,1,voucher,1,235.07
a1cb2f7b-a,1,credit_card,9,1340.78
c5177ec2-1,1,credit_card,8,740.96
8b883461-2,1,credit_card,2,325.47
66a59f00-8,1,voucher,1,168.69
d72c97c4-2,1,voucher,1,383.97
7c32ae97-d,1,boleto,1,457.46
992af41f-2,1,voucher,1,238.96
2a53b884-3,1,credit_card,10,317.87
75f9df28-e,1,credit_card,8,682.1
7eedb2d3-4,1,credit_card,6,337.48
6b7edc84-3,1,credit_card,7,328.01
de6cf193-3,1,boleto,1,906.84
45fe095d-2,1,credit_card,1,476.68
5dc971b6-4,1,credit_card,3,273.99
a58085c1-d,1,boleto,1,97.08
365ebbae-0,1,voucher,1,88.67
e84c1578-f,1,voucher,1,547.86
2cb68453-4,1,debit_card,1,546.95
4cd63134-b,1,credit_card,1,609.73
325bd7d3-9,1,voucher,1,602.55
eba262e0-8,1,credit_card,6,167.77
2f5d56af-5,1,credit_card,4,192.5
72bdd32a-2,1,voucher,1,547.26
bb423687-2,1,voucher,1,162.11
4558f8c6-e,1,boleto,1,363.64
b7678a66-f,1,credit_card,6,109.68
43e1f118-4,1,debit_card,1,410.35
c1cebe81-f,1,boleto,1,387.96
fb100754-8,1,debit_card,1,278.78
6a6ea926-f,1,voucher,1,437.29
c9c854b2-0,1,boleto,1,461.17
bc2959a5-7,1,boleto,1,39.41
04e8c288-4,1,debit_card,1,80.14
762c8149-f,1,credit_card,8,214.56
39b99691-3,1,debit_card,1,385.25
215c4150-6,1,voucher,1,806.56
b1253cc9-0,1,boleto,1,767.3
ad0fe9f1-7,1,boleto,1,257.8
13e4d0fd-b,1,credit_card,9,78.57
9bdeddbe-1,1,boleto,1,68.14
4f75d334-2,1,voucher,1,416.48
593201a8-6,1,boleto,1,838.45
ede5950b-b,1,credit_card,10,68.26
e12d12e5-a,1,boleto,1,559.76
bb43ffef-d,1,voucher,1,89.59
2b3ba9b1-4,1,boleto,1,306.15
390fca63-f,1,credit_card,8,371.89
e33ee678-4,1,boleto,1,931.14
5b7fd425-7,1,boleto,1,276.23
73df958d-a,1,credit_card,9,322.29
4d7d454d-9,1,boleto,1,316.32
40468ee4-3,1,voucher,1,544.15
06bb88c9-c,1,voucher,1,70.64
038b5aa1-0,1,debit_card,1,220.39
ffb45a9c-6,1,credit_card,7,63.34
6a061ec4-f,1,credit_card,8,731.86
56d7c093-1,1,boleto,1,1372.69
4baf20df-4,1,voucher,1,416.17
29759150-7,1,credit_card,7,88.51
0337319d-7,1,boleto,1,209.31
a9185247-1,1,boleto,1,364.8
a9d8dbef-1,1,boleto,1,405.7
07949bf6-3,1,credit_card,2,249.11
2591827e-a,1,credit_card,4,121.25
ecf33052-6,1,credit_card,4,55.07
db10793e-1,1,voucher,1,265.94
356805d8-1,1,boleto,1,1339.64
85160aaa-1,1,boleto,1,240.44
d6b29f75-f,1,voucher,1,52.15
c0c0df0d-3,1,debit_card,1,403.49
3923c3c8-2,1,boleto,1,152.12
00ff5db6-5,1,debit_card,1,62.69
2c052bc1-4,1,voucher,1,870.39
6a36d235-f,1,voucher,1,222.51
08f4281c-c,1,voucher,1,483.71
31697d88-d,1,debit_card,1,794.18
f84737bd-2,1,credit_card,10,741.54
f7c5dab6-2,1,credit_card,6,125.96
4c31a492-8,1,voucher,1,287.47
cd3394e4-e,1,debit_card,1,314.4
b3a3387f-3,1,boleto,1,260.23
d984450b-6,1,debit_card,1,333.88
a671a635-8,1,debit_card,1,230.16
5449a04b-9,1,boleto,1,249.06
afee192b-b,1,voucher,1,269.43
c0485a52-f,1,boleto,1,351.78
f5100591-e,1,debit_card,1,558.2
183f89d7-6,1,boleto,1,182.76
62e25d84-c,1,boleto,1,1158.93
f19350ff-e,1,voucher,1,369.56
d9ef44e3-e,1,voucher,1,458.56
c6105be6-8,1,credit_card,10,629.49
4b1e5b10-7,1,credit_card,6,320.37
f2a2ae43-4,1,boleto,1,362.95
3b76871a-0,1,credit_card,9,528.85
48d83660-a,1,credit_card,4,492.87
f4b242f4-d,1,voucher,1,224.95
c29cd095-9,1,debit_card,1,309.65
f1bfe830-0,1,boleto,1,208.36
9d93d3db-8,1,debit_card,1,303.2
fd683248-e,1,credit_card,5,441.01
12892dba-e,1,voucher,1,232.95
184bb3cc-2,1,credit_card,6,828.1
b1666d22-5,1,credit_card,8,341.03
9948b3cf-e,1,voucher,1,62.6
84f8edc5-1,1,credit_card,5,455.84
c9902f93-1,1,debit_card,1,94.68
29b686ab-1,1,credit_card,7,426.36
3c7c83f4-b,1,voucher,1,821.7
cb89c409-e,1,credit_card,4,189.26
3057b8fd-f,1,boleto,1,392.45
756dd384-d,1,credit_card,2,326.92
ed6aa75f-b,1,boleto,1,798.82
7c22875c-9,1,credit_card,8,178.33
665882c2-c,1,credit_card,1,448.38
b1a507a9-3,1,credit_card,3,308.67
239812f4-4,1,credit_card,3,141.21
30aa27ad-2,1,credit_card,3,286.67
10c4b1e8-3,1,debit_card,1,469.77
d88e301a-c,1,voucher,1,301.49
0df727b4-b,1,boleto,1,382.21
d69e995d-e,1,voucher,1,225.87
470a08f5-7,1,voucher,1,480.41
4f46fd52-c,1,credit_card,3,787.17
893ec1fd-4,1,credit_card,7,257.17
b432f495-6,1,debit_card,1,810.23
284fb547-3,1,credit_card,4,167.96
f84ada3e-6,1,credit_card,2,66.39
3e25b1b9-2,1,debit_card,1,724.49
623efb64-d,1,credit_card,9,323.55
b7f676cd-b,1,credit_card,4,462.35
17020995-7,1,debit_card,1,171.34
0b26384d-d,1,credit_card,10,382.12
ef6836b8-9,1,credit_card,7,657.17
007978e3-5,1,boleto,1,380.73
0baaa33b-a,1,boleto,1,124.81
787cc65a-f,1,credit_card,8,432.41
15748167-a,1,boleto,1,317.48
784e682e-0,1,credit_card,7,78.54
0fcc7bba-3,1,debit_card,1,122.5
c85b5c32-f,1,credit_card,5,871.43
f1a2150d-e,1,credit_card,5,52.8
f077e416-d,1,debit_card,1,940.88
8dad2fe0-6,1,credit_card,7,266.88
04f4d1e7-2,1,credit_card,3,75.84
32f31fb4-f,1,credit_card,3,834.85
87e9d450-7,1,voucher,1,415.83
9232d00b-5,1,credit_card,9,392.52
be295fc0-c,1,voucher,1,233.76
0735a136-8,1,voucher,1,177.44
62b64f5f-2,1,credit_card,1,253.68
06e3fe77-f,1,credit_card,4,387.04
081422b4-5,1,voucher,1,321.11
c6b10a69-4,1,boleto,1,325.58
686491c8-c,1,credit_card,6,203.92
ac6e31b9-a,1,boleto,1,514.09
2dbf6b86-2,1,debit_card,1,467.99
2d46b28b-8,1,voucher,1,390.72
049342d8-1,1,debit_card,1,171.57
7db2ecaa-9,1,credit_card,8,324.74
b1c18b4e-d,1,boleto,1,161.4
2d0c3855-6,1,credit_card,1,597.31
5a0f8998-e,1,voucher,1,75.67
bbd86ac1-0,1,voucher,1,771.36
8b31b3a9-7,1,voucher,1,320.79
3f79f458-4,1,voucher,1,270.33
ac254187-a,1,credit_card,4,175.83
4c3e834e-6,1,boleto,1,387.6
894b5f2d-2,1,credit_card,5,137.62
d62681e7-1,1,voucher,1,35.68
18aeffbb-2,1,voucher,1,174.74
e43340e8-c,1,debit_card,1,222.34
52b555a6-2,1,boleto,1,152.08
8b66754b-4,1,debit_card,1,174.54
2b039ea9-8,1,voucher,1,583.1
4b71a258-1,1,credit_card,5,170.99
11a90d90-8,1,debit_card,1,439.54
897aa688-c,1,debit_card,1,459.12
d46a8f2f-b,1,credit_card,8,710.26
a4b4fb97-b,1,debit_card,1,46.5
bc378377-b,1,boleto,1,407.77
b3847bda-6,1,boleto,1,269.37
06597459-2,1,voucher,1,82.8
d410bf48-e,1,boleto,1,438.23
6547507b-2,1,debit_card,1,633.9
cee5194a-8,1,debit_card,1,272.76
cfac9645-b,1,credit_card,6,776.33
f770eb24-a,1,voucher,1,193.63
097bfc90-d,1,voucher,1,314.96
04570089-9,1,voucher,1,548.22
4fa9ce5b-5,1,boleto,1,471.23
bb25c0b7-3,1,credit_card,2,1199.17
195afb2a-f,1,voucher,1,64.14
e8ad70fe-5,1,credit_card,3,1330.54
e5937574-a,1,credit_card,1,288.86
71c593d2-7,1,debit_card,1,176.96
e365e8b5-c,1,credit_card,1,145.11
fa4bd4bc-f,1,credit_card,7,76.63
5f5230b3-9,1,credit_card,10,739.79
06cee3c6-9,1,voucher,1,779.03
3ca90a7b-5,1,voucher,1,586.77
381f8891-1,1,credit_card,3,472.15
38b3932f-6,1,credit_card,1,963.24
5a9543e1-6,1,voucher,1,119.56
cae7278a-e,1,credit_card,10,394.25
63f8c91d-e,1,credit_card,1,304.92
8c1330f0-f,1,credit_card,5,151.39
980bd1ae-3,1,credit_card,2,274.42
4bd89eda-6,1,boleto,1,110.98
283e2772-c,1,debit_card,1,57.14
434212dd-5,1,voucher,1,150.46
9cb38f81-7,1,boleto,1,726.85
6f39d705-b,1,voucher,1,74.18
808df759-3,1,credit_card,4,268.4
c10ec12a-e,1,credit_card,7,157.56
f274c038-e,1,credit_card,7,370.91
fbe14e3c-0,1,boleto,1,330.15
a5419065-5,1,debit_card,1,353.02
23f32bd3-e,1,credit_card,4,925.77
3edc9e15-a,1,boleto,1,239.45
aa1ef3cf-e,1,boleto,1,79.55
f2e1884b-3,1,voucher,1,111.67
9c1881da-3,1,credit_card,4,217.87
d5159b33-1,1,credit_card,9,362.56
6d5e0f76-8,1,voucher,1,508.73
67045e79-5,1,credit_card,3,451.8
7d481bda-2,1,voucher,1,428.44
c7f72ddc-b,1,debit_card,1,185.48
8c6c35c4-0,1,credit_card,9,491.88
408f17e7-e,1,voucher,1,303.05
dbbf2264-0,1,boleto,1,114.63
7595a7e1-3,1,voucher,1,448.56
6aaeb4c6-f,1,debit_card,1,266.35
c1dc0c99-e,1,credit_card,4,449.47
dd738a95-6,1,credit_card,7,856.94
6848288d-b,1,voucher,1,398.53
09f1bd67-9,1,voucher,1,71.87
e8f0273b-c,1,voucher,1,179.37
6f637be1-3,1,credit_card,2,676.76
02c97cbe-9,1,boleto,1,311.57
9f6d22a3-1,1,debit_card,1,461.56
f8fc9b99-7,1,voucher,1,263.49
bfe2a024-7,1,credit_card,1,974.25
60d6beff-1,1,credit_card,9,406.3
26642570-b,1,debit_card,1,156.81
e6db8bd0-e,1,boleto,1,1057.34
179ed4bd-c,1,debit_card,1,46.71
cd0f12a5-c,1,credit_card,10,156.04
f0f9c55c-9,1,credit_card,5,330.44
7718cfa7-6,1,credit_card,6,300.02
97778024-6,1,credit_card,7,304.31
e50896b9-8,1,debit_card,1,215.87
419014cf-0,1,debit_card,1,169.75
80378e65-4,1,boleto,1,282.85
ec02cd04-5,1,debit_card,1,127.07
e3a9c145-4,1,boleto,1,397.83
9e29306b-e,1,voucher,1,460.3
1cfd61bb-f,1,voucher,1,179.87
91d5ff94-7,1,debit_card,1,609.63
df6b7283-9,1,credit_card,7,238.3
b66b6eed-1,1,credit_card,5,159.67
533beb48-b,1,debit_card,1,1060.81
df626202-3,1,boleto,1,565.47
5a142e68-b,1,credit_card,2,149.58
fa719770-a,1,credit_card,5,160.31
b339a734-4,1,credit_card,1,158.59
6a00b73d-8,1,boleto,1,120.55
79cfc075-0,1,debit_card,1,426.69
7ea393d3-5,1,credit_card,9,342.88
1737cdef-e,1,credit_card,7,428.94
3f40650c-3,1,voucher,1,427.69
b0bac6e5-d,1,credit_card,5,419.58
f97c1069-0,1,voucher,1,435.03
d11fe52d-b,1,boleto,1,281.81
75d87fee-1,1,credit_card,7,335.82
5876f922-c,1,debit_card,1,127.43
e27774e5-f,1,credit_card,6,455.61
4da31967-e,1,credit_card,9,214.99
45497e32-2,1,boleto,1,589.78
a08ac9ff-1,1,credit_card,10,450.38
cd707f76-2,1,debit_card,1,197.42
ed6e7ae6-2,1,voucher,1,412.42
f89da210-3,1,voucher,1,406.35
f332422c-a,1,credit_card,5,392.66
d01a7592-8,1,credit_card,5,212.95
dcb51e5f-e,1,voucher,1,461.02
9de9d553-3,1,credit_card,5,100.84
2ac47141-3,1,debit_card,1,408.22
6d2e61df-9,1,debit_card,1,190.63
63f67c18-7,1,credit_card,1,172.09
26aec254-f,1,voucher,1,796.14
2e28f667-a,1,boleto,1,931.59
5a3ef97e-b,1,boleto,1,626.91
6026d27e-3,1,boleto,1,360.78
c14c12ac-0,1,debit_card,1,763.71
3a40a03e-1,1,voucher,1,1456.75
96e6a57f-c,1,boleto,1,262.01
b15650db-3,1,voucher,1,410.67
d21d0f2b-d,1,debit_card,1,132.76
88dfca45-f,1,credit_card,7,1214.56
59127972-5,1,boleto,1,164.35
bea667a8-c,1,credit_card,9,112.85
d7ecf732-c,1,boleto,1,224.58
6290b7f2-2,1,debit_card,1,171.84
ea39e637-a,1,boleto,1,361.61
2cb81ce1-2,1,boleto,1,437.21
8ba3aa4b-5,1,debit_card,1,80.66
36931306-9,1,boleto,1,1025.61
9dad26b7-8,1,voucher,1,235.05
6f3e6d1f-8,1,voucher,1,238.53
3f6a3ea9-b,1,voucher,1,563.81
2126cae6-c,1,voucher,1,250.66
ee8289c4-a,1,credit_card,1,598.68
6c4e771b-9,1,voucher,1,335.56
e4ea7323-9,1,debit_card,1,384.9
d354c5b4-4,1,voucher,1,310.62
3c1f86d5-b,1,credit_card,1,555.81
c50dab34-0,1,credit_card,6,408.59
871f064a-9,1,credit_card,7,445.01
60473503-8,1,voucher,1,293.18
b8c950b9-d,1,boleto,1,300.21
c86ae998-3,1,credit_card,5,250.65
cfbdedcd-8,1,debit_card,1,227.87
369e52cd-a,1,voucher,1,317.83
3c1b4e42-7,1,credit_card,2,333.27
3e076d75-b,1,debit_card,1,278.98
c25ef11f-0,1,credit_card,7,369.75
88ba5721-b,1,voucher,1,907.07
6de5f9ff-a,1,boleto,1,338.56
1eeee808-1,1,credit_card,4,1031.64
9d0f3434-4,1,credit_card,2,393.26
e1840322-b,1,debit_card,1,382.36
f2035e38-c,1,credit_card,4,444.74
e1010a7c-b,1,credit_card,3,136.81
f5b75e23-3,1,debit_card,1,275.52
9c64fa6f-e,1,boleto,1,448.49
474c00c2-5,1,credit_card,9,157.79
63a2b796-4,1,credit_card,9,162.62
81527484-7,1,debit_card,1,65.38
065171b9-8,1,boleto,1,136.48
52fafb5e-f,1,voucher,1,122.97
67737a24-4,1,voucher,1,169.55
cc9f232e-c,1,voucher,1,137.67
2ffc4765-2,1,credit_card,7,454.03
6072704e-4,1,credit_card,7,367.78
863f9552-7,1,boleto,1,265.13
e9aa7f50-6,1,debit_card,1,210.01
3c2d06b3-8,1,boleto,1,65.74
6c94bf51-8,1,credit_card,10,641.06
e7e86826-b,1,credit_card,5,131.7
ef6c4572-a,1,voucher,1,464.6
a94ab82f-d,1,credit_card,10,774.68
1fddec1e-6,1,voucher,1,112.6
ae2d4bf9-2,1,voucher,1,370.36
e0c76a65-f,1,credit_card,5,476.87
aaa3d1c4-b,1,debit_card,1,842.29
1b35fac2-b,1,voucher,1,212.51
c07d5b94-b,1,debit_card,1,94.92
21df6f7e-c,1,voucher,1,408.76
cd1fa135-b,1,credit_card,8,393.53
d8113f69-3,1,voucher,1,713.52
6c41d6bc-6,1,voucher,1,271.79
6fb03df8-b,1,voucher,1,640.84
13a3d1b6-1,1,credit_card,3,298.46
d8b00092-e,1,credit_card,6,720.25
57513100-6,1,credit_card,1,238.81
455aac45-8,1,voucher,1,643.98
d80f8fc2-2,1,credit_card,7,468.31
6bb3c97b-1,1,credit_card,8,392.38
e3064534-0,1,debit_card,1,164.91
3aa7ebab-1,1,credit_card,10,350.0
09ad2d81-8,1,credit_card,10,393.21
40e52dca-9,1,credit_card,7,455.84
983e0f12-d,1,debit_card,1,310.33
e809f539-8,1,credit_card,6,192.39
c7675210-8,1,debit_card,1,400.11
db4714cb-a,1,voucher,1,327.52
230a69c7-3,1,boleto,1,841.06
6b9a9950-b,1,debit_card,1,159.28
656d276c-e,1,credit_card,8,374.44
58498b0e-f,1,debit_card,1,390.91
eba55f25-5,1,boleto,1,170.38
5710c1c4-e,1,voucher,1,103.46
b781218d-b,1,debit_card,1,493.85
2bf5b1be-b,1,debit_card,1,216.39
0cb94b53-8,1,boleto,1,95.77
63ade697-e,1,debit_card,1,482.15
fb86f497-8,1,boleto,1,318.41
74d2f933-7,1,voucher,1,430.99
b0d36fd0-9,1,credit_card,2,441.66
39276f8d-9,1,boleto,1,126.79
76ecdb39-9,1,boleto,1,441.1
492b8a8a-6,1,voucher,1,708.44
9ccf7585-5,1,credit_card,3,451.68
6d55c51c-7,1,credit_card,7,97.5
10962455-7,1,debit_card,1,88.72
b333ea1e-f,1,boleto,1,475.16
f624b1e5-9,1,voucher,1,136.71
51fe9b23-c,1,debit_card,1,235.15
1cf07ebc-6,1,voucher,1,36.31
9cd05add-0,1,voucher,1,415.05
98490255-e,1,credit_card,3,287.75
66fa457a-8,1,credit_card,2,454.51
feedc291-c,1,debit_card,1,173.57
fc49126b-b,1,voucher,1,134.91
2eac1bd7-0,1,boleto,1,315.39
39672865-d,1,credit_card,2,293.44
1e980deb-4,1,voucher,1,130.04
f78d8e19-7,1,boleto,1,487.2
2fa1b9a9-7,1,voucher,1,351.14
d553eae2-f,1,credit_card,2,444.78
90522957-7,1,debit_card,1,71.31
7b467087-1,1,credit_card,6,90.45
a17247fa-4,1,credit_card,4,483.01
a77d3d4a-b,1,credit_card,3,72.64
ceb7e352-4,1,voucher,1,463.18
40d85f15-3,1,boleto,1,307.84
a4f24eee-1,1,boleto,1,846.71
542379ac-2,1,voucher,1,327.85
b5f954be-2,1,credit_card,1,238.08
32410e57-9,1,voucher,1,321.74
646efc9c-4,1,boleto,1,57.41
4532ca42-7,1,voucher,1,396.31
2175f03c-6,1,voucher,1,171.73
3003df4e-8,1,credit_card,7,80.65
0fd6d58c-7,1,voucher,1,298.63
8250216d-8,1,boleto,1,81.9
8934ca8b-6,1,credit_card,8,93.55
efda4393-e,1,credit_card,8,781.07
ab114f47-c,1,credit_card,6,122.44
06b0f271-6,1,debit_card,1,635.05
7aaa8ac1-5,1,credit_card,2,126.15
cf385106-9,1,credit_card,2,376.83
742e601c-6,1,debit_card,1,357.18
6578ea4e-3,1,credit_card,7,270.37
4a92b7fc-0,1,boleto,1,166.39
fbc991cd-9,1,debit_card,1,279.07
4d7bfc72-c,1,credit_card,8,66.27
8857cb64-1,1,voucher,1,118.08
9ea0031e-f,1,credit_card,5,682.59
65eab05c-9,1,credit_card,2,359.23
ed9202ac-9,1,debit_card,1,150.17
4db917f3-c,1,debit_card,1,1385.04
74291b00-3,1,credit_card,7,243.42
b23b7dcd-c,1,credit_card,4,100.22
2a35bfd7-c,1,credit_card,4,638.8
563b1628-9,1,voucher,1,262.72
d78144f6-2,1,debit_card,1,487.1
2b230501-7,1,debit_card,1,630.52
f40e1643-3,1,debit_card,1,557.56
8ad9c7d6-0,1,boleto,1,384.42
74a2a4fc-7,1,boleto,1,407.37
30bb7672-9,1,credit_card,9,342.03
f40320fc-1,1,credit_card,6,628.4
e1771dc7-d,1,credit_card,4,437.5
9c4953c1-4,1,credit_card,2,149.23
270143f0-a,1,voucher,1,817.37
9ef72c46-b,1,credit_card,1,85.34
76b9ab38-7,1,boleto,1,399.83
667a8ed5-1,1,debit_card,1,472.37
b410961d-c,1,credit_card,10,485.72
5c66198b-2,1,voucher,1,809.44
309bc433-e,1,credit_card,5,86.85
4cd755cd-5,1,voucher,1,373.85
51ffc31d-d,1,boleto,1,342.68
a6135b8d-1,1,debit_card,1,587.74
4dab1bdb-0,1,credit_card,8,66.29
f27a452d-e,1,boleto,1,275.75
bcf00741-2,1,voucher,1,370.01
e6ff6176-7,1,credit_card,2,687.53
a2a99201-b,1,voucher,1,144.3
631010fe-3,1,credit_card,3,84.12
cef3185a-4,1,boleto,1,457.92
c053b488-0,1,boleto,1,284.33
defd4472-7,1,voucher,1,238.71
339ad61d-0,1,debit_card,1,235.07
8e7f585d-c,1,debit_card,1,236.41
6fd92452-1,1,boleto,1,842.66
f441778d-b,1,credit_card,10,407.02
b887c69c-6,1,credit_card,6,919.99
f272f067-a,1,credit_card,6,192.56
f31215c4-7,1,boleto,1,55.4
848d2100-f,1,debit_card,1,778.25
59881753-f,1,credit_card,8,395.76
85f82907-d,1,boleto,1,328.6
4676b037-e,1,voucher,1,276.94
7be77a64-5,1,voucher,1,309.3
831d4b9e-8,1,boleto,1,136.46
36dbe371-6,1,credit_card,2,597.12
11365777-6,1,boleto,1,283.1
227f0be3-f,1,credit_card,10,334.98
242748c1-4,1,credit_card,9,306.98
229c071e-c,1,voucher,1,207.97
3d3fcb20-9,1,voucher,1,744.23
28f6b081-d,1,boleto,1,238.36
d90869e2-d,1,credit_card,9,400.3
44619b7a-9,1,voucher,1,46.29
d297740d-4,1,credit_card,2,78.36
7f5f2691-c,1,credit_card,3,226.96
a3495830-7,1,credit_card,5,222.91
9ad9cee4-d,1,credit_card,6,311.97
2cf62f58-9,1,voucher,1,364.39
f336ec5e-3,1,debit_card,1,937.22
a0c97acb-7,1,credit_card,9,284.38
a4504122-e,1,voucher,1,211.65
a5e1a1f9-c,1,boleto,1,457.51
3e4b19f9-f,1,voucher,1,456.14
f6418891-8,1,voucher,1,884.88
6d469a85-c,1,boleto,1,228.7
cb044049-2,1,credit_card,9,386.96
656bdec0-9,1,voucher,1,238.09
aab9840f-0,1,boleto,1,257.27
e853b801-e,1,voucher,1,383.8
2686de7e-f,1,voucher,1,714.27
7e6d5b34-5,1,credit_card,1,316.71
bc86fadf-7,1,boleto,1,423.37
77b5cc8f-9,1,boleto,1,368.96
df0c9d75-5,1,debit_card,1,209.9
0da96e87-4,1,credit_card,9,1188.17
3534101b-f,1,debit_card,1,567.62
2811c833-a,1,boleto,1,125.7
ac741f76-3,1,credit_card,3,473.16
52053ec5-3,1,debit_card,1,230.99
fe1b3dc1-c,1,voucher,1,362.39
044e819c-2,1,voucher,1,542.63
7d54363f-4,1,voucher,1,94.06
795f4250-0,1,credit_card,7,209.21
48bb4913-6,1,credit_card,1,1126.63
bc40c599-6,1,credit_card,5,124.69
205a1ad4-e,1,debit_card,1,423.3
b2d6dac4-5,1,voucher,1,716.92
f26451bc-a,1,credit_card,1,220.14
684b5da3-f,1,debit_card,1,208.41
99688868-2,1,debit_card,1,189.33
58ce3dcc-c,1,debit_card,1,87.71
b17eb954-9,1,credit_card,9,428.1
83744149-e,1,boleto,1,475.42
1244d8f6-c,1,debit_card,1,378.46
a38694d9-c,1,credit_card,10,322.95
c5181016-1,1,credit_card,8,415.17
e6afd8d3-5,1,voucher,1,302.92
a8963003-9,1,boleto,1,342.48
12522c10-6,1,boleto,1,313.6
eb22f502-1,1,credit_card,10,415.42
088f3681-e,1,credit_card,9,54.3
3a8c8fb8-4,1,voucher,1,361.3
191c390a-a,1,debit_card,1,109.33
2bf52770-6,1,voucher,1,269.67
0168afd0-5,1,credit_card,6,574.88
4ef2c01d-a,1,credit_card,5,339.84
bfa05f07-4,1,voucher,1,291.51
fd05a61b-3,1,debit_card,1,963.48
306f769a-d,1,credit_card,6,699.56
51dc25ab-6,1,credit_card,8,415.07
678c69a0-b,1,debit_card,1,953.16
69ab0916-3,1,credit_card,6,133.58
ce8d3e75-5,1,boleto,1,342.23
61917afd-9,1,credit_card,10,204.29
430465cb-7,1,boleto,1,102.62
ed6a7475-6,1,credit_card,9,476.02
d370c523-1,1,voucher,1,225.63
396c70d0-a,1,debit_card,1,160.4
39f142b4-0,1,credit_card,2,258.86
a07e784c-7,1,boleto,1,293.74
8fc2501b-a,1,debit_card,1,223.07
ee79e164-1,1,credit_card,8,432.75
f302b084-3,1,credit_card,1,472.16
4a89e085-c,1,voucher,1,274.67
1be16ad6-9,1,boleto,1,204.17
80f3e0f7-8,1,credit_card,3,94.45
ebb2bb96-d,1,debit_card,1,202.88
ea84b77c-8,1,debit_card,1,123.4
6f524e2c-4,1,boleto,1,905.9
e43c135d-f,1,credit_card,5,351.61
ccaff094-b,1,credit_card,10,143.44
f93ac4a6-0,1,credit_card,10,276.97
ce7e70a3-0,1,debit_card,1,257.38
39799583-b,1,debit_card,1,185.4
296bbe64-9,1,credit_card,3,424.08
b854e0aa-c,1,credit_card,4,227.41
de93a1e4-e,1,voucher,1,418.66
953fd0f7-5,1,credit_card,10,184.97
7ea085bf-e,1,voucher,1,249.01
3b39ea15-9,1,boleto,1,352.36
145a0674-f,1,debit_card,1,443.42
5fdbda91-2,1,voucher,1,1496.48
93ef4706-d,1,credit_card,8,400.85
087db043-2,1,voucher,1,652.62
45fddd38-2,1,voucher,1,560.58
5aecfd94-4,1,boleto,1,456.91
3fa8c653-0,1,voucher,1,256.93
3ac86d93-4,1,boleto,1,1011.38
3c64bd6b-5,1,voucher,1,342.13
0ebdc18e-7,1,credit_card,6,242.8
cec9c0fa-4,1,credit_card,2,426.44
95958c83-4,1,credit_card,10,329.99
25500ed6-d,1,debit_card,1,215.36
dcaf8c65-0,1,voucher,1,330.0
3920b237-c,1,debit_card,1,1014.42
2c477140-5,1,debit_card,1,412.49
4bb7f13c-0,1,boleto,1,472.9
b53eed63-0,1,credit_card,4,307.66
2573b73f-f,1,debit_card,1,453.92
f867eca2-9,1,voucher,1,318.34
7bdb1476-d,1,credit_card,2,453.67
2b11cb92-1,1,credit_card,1,210.3
d09f44f5-e,1,debit_card,1,383.19
69fbab99-7,1,credit_card,10,445.68
925ad827-0,1,boleto,1,843.27
250c4b0d-8,1,boleto,1,434.22
1c2563e6-0,1,credit_card,5,274.51
54569ef2-1,1,credit_card,5,370.48
97a58e8c-6,1,credit_card,6,433.26
4d0024ef-e,1,credit_card,8,459.44
dd2a4216-7,1,credit_card,4,538.7
51b463ee-7,1,voucher,1,250.32
b528a77b-a,1,voucher,1,976.29
b7443a4c-6,1,boleto,1,407.71
d4f60897-b,1,boleto,1,510.98
6d9db27e-5,1,credit_card,7,436.2
90f54ede-1,1,credit_card,7,386.41
978e6e88-5,1,boleto,1,1295.27
54b04968-f,1,debit_card,1,98.57
7082d2dc-1,1,credit_card,3,279.32
0cefffad-d,1,voucher,1,418.69
8324e156-d,1,credit_card,5,109.68
fe138f6f-3,1,voucher,1,95.24
da360bcf-b,1,debit_card,1,349.29
feb5de92-d,1,credit_card,1,1530.6
cd54f480-b,1,credit_card,4,200.84
b6dadfee-a,1,debit_card,1,896.44
a6abc1aa-f,1,debit_card,1,165.36
c7524e88-a,1,credit_card,2,144.91
5a404e36-6,1,boleto,1,702.33
87e1715c-c,1,debit_card,1,194.85
ae6c22fd-7,1,voucher,1,71.03
87948948-c,1,debit_card,1,409.13
7713e1e9-0,1,debit_card,1,295.16
a730d833-4,1,voucher,1,96.46
396d95f5-5,1,credit_card,8,64.35
36306da9-8,1,debit_card,1,412.5
e65e69e7-6,1,credit_card,8,55.82
7004dc8b-8,1,boleto,1,355.93
848da818-0,1,debit_card,1,69.71
7ff9ff03-1,1,credit_card,1,125.3
b6809627-a,1,voucher,1,193.4
61cd3036-2,1,boleto,1,452.22
0a4bcf01-c,1,voucher,1,167.32
130416e3-4,1,credit_card,4,193.43
483ce8b3-0,1,credit_card,1,219.49
d92f2e94-f,1,credit_card,10,100.46
3dd6a84f-a,1,credit_card,7,523.24
ddf892c0-b,1,credit_card,10,642.21
3fb22551-f,1,voucher,1,485.99
0c1e8e4f-d,1,credit_card,8,72.23
10c1530e-e,1,credit_card,10,970.47
534f203c-0,1,voucher,1,356.36
7f7adc93-7,1,credit_card,6,34.97
c2fb9926-7,1,boleto,1,294.09
d1cfc200-0,1,debit_card,1,303.11
bcde4653-c,1,credit_card,9,325.46
84ec266f-a,1,voucher,1,84.68
33754aa7-9,1,credit_card,9,201.59
32ae3d64-b,1,debit_card,1,720.78
3e99b701-9,1,credit_card,6,151.69
53a93ede-1,1,credit_card,10,102.46
b2272839-a,1,debit_card,1,482.71
c7fea99b-4,1,voucher,1,317.41
45dc94bd-d,1,credit_card,10,46.65
ec26913d-a,1,credit_card,5,316.7
ec22ea60-e,1,boleto,1,392.94
082a6408-f,1,credit_card,8,116.45
250e3240-c,1,boleto,1,307.94
c8571a74-c,1,debit_card,1,48.75
72c908fd-b,1,voucher,1,83.76
d98b64d9-5,1,credit_card,8,415.41
8fcee499-f,1,credit_card,2,354.37
127ae741-9,1,credit_card,1,215.57
82f2d57a-a,1,boleto,1,53.76
5b292cd6-8,1,boleto,1,439.48
9c9360b1-4,1,debit_card,1,380.63
359a030d-2,1,credit_card,4,750.55
eb32f214-b,1,debit_card,1,57.66
3ede7e3c-4,1,debit_card,1,121.1
6a6d5bf2-c,1,debit_card,1,329.47
174cd4a3-0,1,credit_card,2,256.95
06b8b9fd-2,1,debit_card,1,438.05
5e540b6c-f,1,debit_card,1,445.68
a983033c-0,1,credit_card,8,75.07
90c29222-b,1,boleto,1,80.69
8a72ce3a-7,1,credit_card,8,463.41
d065d9ad-a,1,credit_card,3,466.06
7be1fc91-8,1,boleto,1,99.04
ba5a56e4-f,1,credit_card,8,239.84
d3d976a9-0,1,debit_card,1,345.15
ecfdc3a3-2,1,voucher,1,140.3
320c2960-9,1,debit_card,1,185.66
e6d70203-4,1,debit_card,1,225.87
4f8fd519-5,1,voucher,1,207.21
fde06bc9-c,1,credit_card,8,643.34
42fc58f0-5,1,debit_card,1,484.51
686fae08-a,1,credit_card,8,312.36
8911b5e5-7,1,voucher,1,300.51
35fbed91-5,1,credit_card,8,752.21
deed2330-2,1,credit_card,7,255.82
b315136d-a,1,credit_card,7,134.55
3b562215-3,1,credit_card,9,292.91
558722d0-a,1,credit_card,4,159.17
bb4f00d9-c,1,credit_card,3,519.09
53ac30eb-d,1,credit_card,7,268.75
b139eadb-5,1,boleto,1,99.62
7d4baa7b-3,1,credit_card,3,332.37
e20eed22-0,1,voucher,1,240.32
d0cad916-3,1,boleto,1,280.18
34590e47-7,1,voucher,1,447.56
fef70346-0,1,voucher,1,266.64
06e290fa-5,1,boleto,1,380.73
47d09f4c-c,1,boleto,1,233.35
c138c842-c,1,debit_card,1,956.71
330a5877-9,1,voucher,1,380.7
0f7c7019-1,1,voucher,1,614.19
9fddf96b-1,1,debit_card,1,104.81
cd71a152-5,1,credit_card,5,418.25
267aabdc-7,1,voucher,1,212.5
55117c00-e,1,boleto,1,507.7
64d45f7b-d,1,credit_card,8,451.04
f4c69eca-a,1,boleto,1,243.74
f0ce9456-a,1,credit_card,1,733.91
f1366831-3,1,boleto,1,188.54
ad7e9943-f,1,boleto,1,146.96
3c1bccc3-2,1,debit_card,1,317.78
1fb23206-c,1,voucher,1,198.6
43b2201b-9,1,debit_card,1,87.9
804356a4-0,1,boleto,1,412.97
d1a684af-3,1,debit_card,1,59.16
bfe0d1ca-d,1,debit_card,1,193.32
f1d5f800-7,1,credit_card,2,389.2
d08e87d7-2,1,credit_card,5,307.52
49b9c839-d,1,voucher,1,172.59
42a7563e-c,1,credit_card,10,384.16
644f0c4f-1,1,debit_card,1,322.35
cf22e146-f,1,boleto,1,413.06
45fc6356-1,1,boleto,1,489.23
ea64ebc4-6,1,credit_card,1,207.83
ef52d713-7,1,boleto,1,416.28
a856cc91-9,1,debit_card,1,322.09
9f6d4f54-7,1,boleto,1,607.65
65a43740-2,1,debit_card,1,472.17
214df450-e,1,credit_card,1,166.15
5ef75902-4,1,credit_card,1,112.92
6b6edb75-c,1,credit_card,5,707.8
5cbab26f-f,1,credit_card,8,66.48
809a5ba8-6,1,debit_card,1,55.03
8a850503-0,1,voucher,1,248.59
e2434f2d-d,1,credit_card,4,219.48
c8628cfe-c,1,debit_card,1,380.73
4adb8675-9,1,credit_card,1,395.3
8f6f5712-0,1,boleto,1,454.88
d40c29c3-2,1,credit_card,2,119.87
3cc9f372-c,1,credit_card,1,732.35
c9149696-8,1,boleto,1,1067.69
15b543a5-c,1,voucher,1,474.07
d50c30b7-d,1,credit_card,7,73.29
c0dbcfdb-0,1,boleto,1,197.66
e8e51709-b,1,credit_card,7,1108.37
41a26e76-d,1,credit_card,10,91.46
502d7668-b,1,debit_card,1,232.23
3ab34aab-7,1,debit_card,1,152.09
b7d28f54-4,1,debit_card,1,86.5
f4869cac-4,1,voucher,1,79.63
5a5e4588-5,1,credit_card,3,176.42
dec22280-1,1,voucher,1,289.33
de86aea4-3,1,credit_card,4,203.48
c921e98a-f,1,voucher,1,434.07
8cfcb3c3-d,1,boleto,1,440.51
15838e56-b,1,voucher,1,208.91
0259c0b0-0,1,credit_card,6,189.32
be9a2391-b,1,credit_card,8,91.62
5cc72038-a,1,boleto,1,436.68
9870f24b-6,1,boleto,1,337.95
ce0d55ae-c,1,credit_card,3,420.02
fac0c087-8,1,voucher,1,321.26
f0d0418e-8,1,credit_card,10,138.52
f6bba372-9,1,debit_card,1,140.31
0e617cd0-5,1,boleto,1,193.44
ef7782b7-a,1,credit_card,9,455.57
89a152f0-2,1,credit_card,6,35.16
fceb73e4-8,1,credit_card,1,73.2
25664ba9-3,1,credit_card,2,211.59
d69cbeb4-1,1,credit_card,10,225.6
954090e6-2,1,voucher,1,162.46
a64135e6-1,1,debit_card,1,179.02
8a842137-1,1,debit_card,1,396.17
1cb64237-9,1,boleto,1,80.72
44f60d8d-7,1,debit_card,1,87.16
cbd43a9e-5,1,credit_card,1,292.55
115e6574-f,1,credit_card,9,427.12
3a629ba4-5,1,boleto,1,354.33
1ef48a63-9,1,debit_card,1,457.84
77504ac7-2,1,voucher,1,374.91
50a1b06c-c,1,boleto,1,331.88
4a6bd315-2,1,credit_card,1,170.07
f5b5f731-a,1,credit_card,3,729.43
5a22d3cb-c,1,boleto,1,364.65
bf20b443-7,1,credit_card,9,185.22
e61e0d4e-c,1,voucher,1,192.58
317f5544-9,1,voucher,1,406.29
d788604b-3,1,voucher,1,193.81
9ca67877-f,1,boleto,1,180.38
4ee24192-1,1,boleto,1,164.32
251861f5-4,1,boleto,1,132.91
6005f47f-f,1,credit_card,5,321.46
8984e721-7,1,voucher,1,423.84
4d18afd1-2,1,boleto,1,282.49
9b233a89-e,1,credit_card,9,219.26
0ad7cd71-1,1,boleto,1,81.24
bcd45ccd-4,1,boleto,1,361.51
6536d56a-f,1,credit_card,8,457.11
04b9282e-f,1,boleto,1,392.33
a8dd4709-f,1,boleto,1,370.91
eee590d9-0,1,credit_card,3,167.95
38cfd6c5-c,1,credit_card,10,70.05
3678ae32-f,1,boleto,1,347.97
ff76ae21-e,1,boleto,1,417.24
d56f0e55-d,1,boleto,1,425.04
d99429d0-9,1,credit_card,4,404.97
a76c20bd-2,1,debit_card,1,297.77
a42d5feb-b,1,voucher,1,429.8
3f285503-f,1,boleto,1,285.12
a46ae1a7-9,1,debit_card,1,185.91
5090c700-1,1,credit_card,6,353.57
c40b975f-0,1,credit_card,4,265.23
315466a2-3,1,boleto,1,334.08
ce6cf43a-3,1,credit_card,1,352.38
bc9353a5-1,1,credit_card,10,146.89
39740b47-8,1,boleto,1,914.32
b718606d-5,1,debit_card,1,384.06
ebe0bcd1-5,1,credit_card,7,303.71
062d2c77-4,1,boleto,1,566.23
773387d5-4,1,credit_card,5,134.9
538ba7ca-e,1,credit_card,4,489.36
810f8781-2,1,credit_card,10,661.19
c4e48291-3,1,credit_card,10,198.45
c77d0224-d,1,debit_card,1,538.63
7df8b9eb-6,1,boleto,1,302.55
2ef47dd7-6,1,debit_card,1,132.82
e90c08c0-f,1,voucher,1,211.2
2daac47c-c,1,credit_card,3,256.99
6da547be-6,1,credit_card,1,414.98
4e4cc5af-3,1,credit_card,10,229.94
94b8adba-c,1,boleto,1,107.88
fdccf745-2,1,debit_card,1,354.01
ab9987c1-a,1,voucher,1,644.5
383f969f-9,1,voucher,1,155.4
49d7da7b-0,1,credit_card,2,369.6
bd486e26-b,1,voucher,1,95.92
e2b914cc-0,1,credit_card,7,596.96
bd7370f7-e,1,credit_card,6,328.66
db98f37b-8,1,credit_card,7,175.0
c3d5abca-2,1,voucher,1,175.98
e4adffc8-7,1,debit_card,1,80.09
43d93962-9,1,credit_card,7,701.36
c1794b34-a,1,debit_card,1,113.24
397710d9-3,1,debit_card,1,360.62
23406598-f,1,boleto,1,1219.32
70707ea5-1,1,debit_card,1,436.64
35642d8b-5,1,credit_card,7,361.22
fcee0881-9,1,debit_card,1,421.42
fed21a34-2,1,credit_card,7,97.59
54fc9227-4,1,credit_card,5,28.14
c953ff15-2,1,credit_card,1,471.92
84ce0438-4,1,credit_card,10,46.54
9eb7fe73-a,1,credit_card,8,322.24
9366cf07-5,1,credit_card,7,317.95
b6cb4db5-3,1,boleto,1,444.99
cbcc6536-e,1,credit_card,10,207.47
4deccd77-8,1,boleto,1,373.29
6eb52ea3-0,1,voucher,1,390.82
53f87140-9,1,credit_card,5,481.41
03a64f81-8,1,credit_card,3,211.94
bcb00d8d-c,1,boleto,1,769.55
43f8fe24-8,1,credit_card,8,168.88
cba1fbf9-1,1,credit_card,1,215.77
822acb62-0,1,debit_card,1,286.77
5854ef3c-6,1,boleto,1,254.59
a3b11161-b,1,credit_card,3,351.18
ebf653f4-0,1,credit_card,3,391.82
a30efbc7-0,1,debit_card,1,631.88
66d3563c-7,1,credit_card,9,539.19
02c75315-9,1,credit_card,7,506.09
160fa1cf-e,1,credit_card,3,122.36
0ae0b561-f,1,credit_card,2,422.2
33a255ca-9,1,boleto,1,450.07
b673e407-3,1,credit_card,10,405.02
c5030f9c-0,1,credit_card,10,295.97
1cbeb5ef-6,1,credit_card,9,1354.06
487806c1-9,1,debit_card,1,321.27
a80357c1-8,1,boleto,1,428.56
6c33b054-8,1,credit_card,8,369.59
990a3131-a,1,boleto,1,62.98
7010290d-1,1,boleto,1,596.29
45b70cf0-c,1,voucher,1,761.52
e83d9b4f-f,1,boleto,1,587.28
6dea239c-0,1,debit_card,1,263.15
2625561d-0,1,credit_card,6,76.66
85b5d965-e,1,credit_card,7,381.78
3aea6c90-b,1,voucher,1,245.59
b5731502-7,1,debit_card,1,312.94
f6d8d425-9,1,credit_card,10,302.62
f45a371d-5,1,credit_card,2,324.7
ae6678ca-2,1,boleto,1,707.19
839cb141-c,1,boleto,1,409.23
3ce5eb11-4,1,debit_card,1,217.37
9d9882b2-d,1,credit_card,5,437.51
a3191d4e-d,1,credit_card,6,266.88
ed7ddc2e-6,1,credit_card,2,423.69
6fc9fe50-3,1,debit_card,1,638.21
a41e0e06-d,1,debit_card,1,325.82
ea31a762-3,1,debit_card,1,450.73
78992777-8,1,credit_card,2,263.33
b5be1406-4,1,voucher,1,283.18
5cf58f7d-8,1,credit_card,4,430.59
a492c14f-0,1,voucher,1,382.88
b7592340-0,1,credit_card,2,191.08
492d1630-b,1,credit_card,7,674.13
96e021f9-1,1,voucher,1,248.21
3610ab9c-8,1,credit_card,5,213.26
3054387d-a,1,boleto,1,345.47
a91b88aa-b,1,credit_card,2,246.62
b01fbb69-f,1,boleto,1,101.49
bb291a56-a,1,credit_card,5,281.24
f0556c2d-f,1,boleto,1,1672.65
4f64217d-9,1,voucher,1,302.47
7463d6c5-8,1,debit_card,1,365.92
250d0cbd-f,1,credit_card,10,45.1
23446b00-a,1,credit_card,6,408.18
6cf66c4c-2,1,debit_card,1,824.92
afe4aa21-e,1,boleto,1,440.5
b0af2158-5,1,debit_card,1,619.74
e03e2af2-0,1,debit_card,1,1047.54
b23c4d1d-2,1,credit_card,3,133.69
a69fd413-7,1,debit_card,1,241.02
9864fe0f-c,1,credit_card,2,425.56
6945df49-0,1,credit_card,3,260.14
4d4eb038-8,1,debit_card,1,194.18
80924d35-3,1,credit_card,8,764.62
7fc52b20-3,1,credit_card,7,311.26
b2d81761-2,1,credit_card,4,26.18
1c75bb66-d,1,credit_card,4,339.49
ac59e711-b,1,debit_card,1,468.87
ef1667a5-b,1,credit_card,1,846.78
c1bc8e34-3,1,debit_card,1,689.41
4177988e-e,1,credit_card,5,129.65
3cac010e-b,1,voucher,1,315.3
66665917-d,1,credit_card,4,407.92
0a106452-2,1,credit_card,1,147.49
977998a2-6,1,credit_card,6,242.95
2daf063e-9,1,boleto,1,220.13
e21c3db5-2,1,voucher,1,245.41
9057dcc9-0,1,voucher,1,630.29
25530580-4,1,credit_card,2,277.73
6522fda8-b,1,debit_card,1,420.39
38bea480-b,1,credit_card,5,161.9
7b4c649d-0,1,voucher,1,247.06
8e395ac9-9,1,voucher,1,298.28
7dc7c169-b,1,credit_card,5,381.92
d892d26c-1,1,voucher,1,498.9
00aa1f11-2,1,credit_card,8,359.14
45f7d469-3,1,voucher,1,188.64
e11637e6-9,1,boleto,1,333.04
567272b2-3,1,voucher,1,671.39
875192a8-0,1,credit_card,3,666.87
3eb695b7-2,1,credit_card,2,192.35
0a07487c-a,1,debit_card,1,586.33
a0fa8755-d,1,credit_card,6,216.71
b885273d-7,1,credit_card,1,420.2
730d71aa-4,1,credit_card,3,450.46
c91f5e5e-c,1,debit_card,1,257.99
47a8df9c-9,1,credit_card,8,147.25
31442add-5,1,debit_card,1,276.58
67677837-c,1,voucher,1,55.34
a70435a9-7,1,credit_card,6,96.11
635fe0c0-b,1,debit_card,1,363.07
ddd08051-3,1,boleto,1,351.48
d4d6662b-b,1,voucher,1,420.27
80c032eb-2,1,boleto,1,1016.24
63b237e1-e,1,boleto,1,205.63
11f7ab9c-2,1,credit_card,3,176.84
78058db1-4,1,voucher,1,275.32
9e4c0ca7-6,1,debit_card,1,421.91
d61b82e9-e,1,voucher,1,895.9
f02dedf4-4,1,debit_card,1,177.53
09660ca2-e,1,voucher,1,134.4
c1a01887-5,1,boleto,1,325.95
029a901f-e,1,debit_card,1,458.9
c25b4633-5,1,credit_card,10,740.85
27cd8ca0-9,1,voucher,1,150.3
c4d89b68-4,1,credit_card,8,201.13
eeaf8b5c-7,1,credit_card,3,225.68
6cf10365-5,1,credit_card,5,226.84
c847412e-b,1,voucher,1,471.12
d3a9759c-1,1,debit_card,1,76.75
6320c24b-1,1,voucher,1,351.65
41d39df1-f,1,credit_card,7,204.51
26aeba58-9,1,boleto,1,119.0
6fb13d75-2,1,boleto,1,237.23
dc8bd46a-9,1,voucher,1,574.09
08199426-7,1,boleto,1,627.38
d06bf430-9,1,boleto,1,312.85
d2551f94-4,1,voucher,1,167.78
fe607dc0-5,1,boleto,1,603.88
37c9472e-f,1,debit_card,1,656.0
bac32330-8,1,credit_card,7,447.47
4accf51f-1,1,credit_card,7,399.67
b121dc3c-c,1,boleto,1,1239.67
6bfb2d13-c,1,voucher,1,497.92
653e699f-f,1,boleto,1,424.27
b0a76df8-0,1,debit_card,1,402.45
58c76d7c-1,1,debit_card,1,319.67
434ed713-7,1,debit_card,1,295.65
9132d03d-0,1,credit_card,3,353.4
c3b8ff97-6,1,credit_card,10,295.0
bf209d50-4,1,credit_card,1,306.92
29e1610e-d,1,debit_card,1,97.28
66822cc9-9,1,credit_card,10,189.43
ba4958f3-f,1,credit_card,8,61.62
7b8662df-0,1,boleto,1,291.13
cc00716a-f,1,credit_card,3,246.72
b68c091a-0,1,credit_card,5,324.05
d3d2e628-5,1,debit_card,1,171.97
25d17d80-6,1,credit_card,1,317.06
61b4a43c-2,1,debit_card,1,338.1
d72af3fb-6,1,credit_card,8,962.06
020d4c91-f,1,debit_card,1,535.29
02751ee5-2,1,debit_card,1,417.02
74754b2a-9,1,boleto,1,630.26
fbcb30be-8,1,credit_card,4,769.19
10abcd8a-3,1,voucher,1,361.81
ee872e20-7,1,debit_card,1,129.4
076cfa93-8,1,voucher,1,345.46
375374fc-b,1,credit_card,2,345.51
943f4cd9-0,1,credit_card,3,412.38
3cc2ad2e-5,1,debit_card,1,371.67
c8a01a30-4,1,debit_card,1,140.87
18320c91-6,1,credit_card,1,586.63
f9961479-2,1,credit_card,8,375.45
e2d52c08-3,1,credit_card,5,124.33
23fa7375-0,1,boleto,1,812.31
d5a493ae-b,1,credit_card,6,387.53
3caf3005-a,1,voucher,1,425.87
045e415f-3,1,credit_card,6,313.49
db21b9aa-8,1,debit_card,1,293.26
a5f4391c-4,1,credit_card,9,144.91
c9d736c8-9,1,credit_card,9,230.38
c9e4a99d-d,1,credit_card,5,199.43
25fd1583-8,1,boleto,1,350.79
0b4fb056-3,1,boleto,1,199.16
40c4c16c-f,1,debit_card,1,467.75
89ae0d23-2,1,debit_card,1,273.16
7f6ba106-f,1,credit_card,4,170.37
094646e7-1,1,boleto,1,769.34
e185a593-b,1,credit_card,2,205.77
3e63bbef-8,1,boleto,1,569.33
6a09b2f9-5,1,credit_card,7,962.21
62ba22af-b,1,credit_card,3,808.71
b3b5263b-1,1,credit_card,9,299.23
a2bfbf01-6,1,debit_card,1,310.24
46e110e4-b,1,debit_card,1,676.83
89307e98-f,1,voucher,1,83.72
f31a2a06-c,1,voucher,1,313.19
0a7b472e-3,1,credit_card,9,376.17
81f87e70-2,1,boleto,1,103.76
b39f4e10-8,1,debit_card,1,98.26
b73684af-9,1,credit_card,9,58.38
f88d837c-d,1,credit_card,8,422.6
b1de437a-5,1,credit_card,7,443.21
0b8e4d7c-9,1,credit_card,7,951.21
abdfaed4-3,1,credit_card,10,559.21
cbed30fc-6,1,voucher,1,175.02
9826a834-d,1,boleto,1,696.97
0d3451ea-4,1,voucher,1,313.09
ef7911bc-a,1,credit_card,6,397.57
7c9e9e4b-0,1,debit_card,1,136.52
c7958534-6,1,credit_card,6,385.43
613c6bfd-3,1,boleto,1,1170.81
8a52e2f5-0,1,debit_card,1,134.44
64d325fc-3,1,debit_card,1,1026.4
3a7c9c63-1,1,boleto,1,362.39
b19708ed-6,1,voucher,1,486.74
87929261-8,1,credit_card,3,134.78
6d3c5153-d,1,boleto,1,92.83
a53beed9-1,1,credit_card,8,289.09
0b37a48b-8,1,credit_card,9,299.25
1568bd8d-1,1,credit_card,9,212.67
1071b60b-5,1,credit_card,7,317.12
1afd5053-7,1,boleto,1,362.33
91da2bfe-0,1,debit_card,1,1201.42
7a9c64de-8,1,credit_card,4,301.44
31242cc8-7,1,debit_card,1,388.23
593eb70e-4,1,boleto,1,199.67
84b0c88b-1,1,boleto,1,125.26
d30458e8-3,1,voucher,1,340.35
f0c4e709-9,1,voucher,1,337.38
3576c7d3-5,1,voucher,1,90.3
b77efb4f-9,1,boleto,1,598.61
62b7a2cf-b,1,credit_card,6,64.41
f8ff2244-3,1,credit_card,7,372.46
63ce41e5-c,1,voucher,1,469.44
52188aed-f,1,debit_card,1,461.42
dd432c49-e,1,debit_card,1,205.17
593a216a-7,1,credit_card,6,855.76
19a0d75b-c,1,voucher,1,67.66
f2c8593c-4,1,debit_card,1,311.32
1bfc5d7b-1,1,credit_card,3,220.49
aabf6149-c,1,debit_card,1,168.89
a1f261dd-1,1,debit_card,1,986.41
93ceb04b-7,1,credit_card,6,65.95
f7253f30-f,1,credit_card,3,100.61
7c0164b0-5,1,credit_card,9,111.78
23bde6e7-e,1,debit_card,1,999.71
a026367d-3,1,boleto,1,60.56
d03a736c-c,1,credit_card,2,364.33
1ed80da0-f,1,voucher,1,627.04
37f727b0-8,1,credit_card,4,314.38
0e3766d0-a,1,voucher,1,414.3
538c9e1a-a,1,voucher,1,360.46
344fb9e3-b,1,voucher,1,461.32
b356f900-1,1,debit_card,1,462.05
118c5739-9,1,credit_card,4,189.81
248301db-c,1,credit_card,9,262.89
8611d84e-8,1,boleto,1,752.96
0e2ee107-0,1,credit_card,3,132.25
632c34d8-6,1,credit_card,3,284.52
77fefe0b-7,1,debit_card,1,480.49
4e3ec2ac-c,1,debit_card,1,303.6
d8d2e3ee-9,1,credit_card,7,206.49
c295dc5a-5,1,voucher,1,292.62
cf6d2188-5,1,debit_card,1,439.19
446bc273-a,1,boleto,1,334.97
2356eba5-9,1,credit_card,8,190.06
1ce38dd1-2,1,voucher,1,461.63
ee7ee4c4-d,1,credit_card,10,243.99
e92b0fe6-f,1,debit_card,1,250.67
29ed9eb1-0,1,boleto,1,450.37
a30a00dc-7,1,debit_card,1,99.92
a9195b19-f,1,credit_card,3,286.62
874164d1-f,1,debit_card,1,38.21
1d04d4c3-5,1,debit_card,1,494.2
a6645155-1,1,credit_card,6,361.08
c9c50037-4,1,credit_card,2,251.1
13379c0f-9,1,credit_card,2,378.47
ffc52140-2,1,debit_card,1,95.68
bef266b7-1,1,credit_card,8,258.79
ff7a2008-0,1,boleto,1,61.55
6e0ecde2-6,1,credit_card,2,372.3
d2433499-7,1,debit_card,1,336.67
8736a80f-5,1,debit_card,1,368.47
cdc1617e-7,1,debit_card,1,344.31
3ffbb41b-5,1,credit_card,2,168.41
1744bfd5-6,1,credit_card,2,124.71
bebfbd02-e,1,credit_card,8,905.36
24103610-0,1,boleto,1,160.66
12985bfc-2,1,voucher,1,405.71
3a655c51-a,1,credit_card,6,74.28
1627fe20-6,1,voucher,1,243.26
78b85459-1,1,voucher,1,210.69
10ea066e-c,1,boleto,1,56.93
59bcee21-0,1,credit_card,9,44.99
72ac5274-3,1,debit_card,1,288.1
85122892-c,1,credit_card,8,55.55
5246247c-d,1,credit_card,3,332.22
d511aeae-d,1,voucher,1,100.07
ac566298-0,1,voucher,1,568.13
f99e8b69-6,1,credit_card,6,82.57
882ed038-4,1,boleto,1,238.61
c4554e06-4,1,voucher,1,197.34
d57e6dee-4,1,credit_card,2,1387.14
b4e9a77b-5,1,debit_card,1,179.07
ce12aa28-8,1,voucher,1,47.74
372a3aec-d,1,credit_card,4,867.78
c6f57334-9,1,debit_card,1,531.41
f5546028-6,1,voucher,1,206.27
f33cd92d-c,1,boleto,1,270.73
620b7550-6,1,credit_card,2,246.88
33b563bd-4,1,credit_card,4,449.78
f6c98fdd-7,1,boleto,1,910.98
481607f1-6,1,debit_card,1,123.54
3d98f594-0,1,debit_card,1,687.93
c187517f-3,1,credit_card,10,273.83
d87c83b4-a,1,boleto,1,201.28
4c4c01e6-7,1,debit_card,1,296.83
6bed733c-c,1,boleto,1,685.63
988962d8-5,1,boleto,1,739.41
d28839a6-6,1,boleto,1,263.7
cbf3115d-d,1,boleto,1,110.97
27624fce-e,1,boleto,1,211.4
9b455459-f,1,credit_card,8,420.76
2201ff74-0,1,debit_card,1,315.76
a0ae5ea8-5,1,voucher,1,625.79
2b5713ce-0,1,boleto,1,951.94
ff7d1e82-c,1,boleto,1,283.2
3f06fcd0-6,1,credit_card,1,363.54
0080edf7-9,1,boleto,1,98.68
34840cf6-c,1,voucher,1,383.83
56b2b1d1-c,1,debit_card,1,604.23
354a903d-4,1,credit_card,4,374.47
4e9186e2-7,1,credit_card,6,279.33
07ec3fd0-3,1,debit_card,1,132.89
f611671b-8,1,voucher,1,116.61
357059bf-2,1,boleto,1,1263.18
acc2423f-b,1,debit_card,1,164.49
70b223eb-e,1,voucher,1,232.03
beca4ec1-5,1,debit_card,1,398.92
92626773-4,1,credit_card,1,283.53
c42c6481-6,1,boleto,1,335.95
3e18516f-e,1,debit_card,1,360.98
604d54b6-7,1,debit_card,1,494.14
dfbd733a-9,1,credit_card,1,782.08
3b7c064b-3,1,debit_card,1,790.51
ca8c2075-8,1,debit_card,1,415.78
84061879-0,1,debit_card,1,61.67
9a754cfa-2,1,boleto,1,431.32
5bdd6868-b,1,credit_card,4,463.18
bb9276e1-1,1,credit_card,8,704.05
6c1cc806-6,1,credit_card,2,388.39
aa83bddc-2,1,debit_card,1,475.36
46fcff51-1,1,debit_card,1,304.65
8531e007-8,1,credit_card,6,104.45
70ca199b-6,1,debit_card,1,308.86
216140c7-f,1,credit_card,6,440.18
5af127a7-6,1,credit_card,6,152.63
2df977a0-0,1,credit_card,6,401.82
04ac2f14-9,1,voucher,1,1086.01
fb2ebc12-3,1,credit_card,10,729.09
4f6b36a3-8,1,debit_card,1,229.43
6c7b737b-7,1,credit_card,1,78.55
4ebf0720-6,1,credit_card,3,127.45
62001724-1,1,boleto,1,648.32
758d5de8-2,1,credit_card,6,401.31
c89cdc2c-5,1,boleto,1,458.0
bb9422a1-c,1,boleto,1,178.37
ba71713c-d,1,credit_card,4,692.1
6c530b63-f,1,debit_card,1,462.9
78843bd1-7,1,boleto,1,166.87
19874aba-7,1,debit_card,1,169.12
09c03a09-a,1,boleto,1,622.53
a6fda38e-6,1,boleto,1,351.04
d9ad5fee-c,1,credit_card,8,112.14
1f21e35b-6,1,boleto,1,354.95
4d133018-a,1,credit_card,9,162.55
8aa611b7-3,1,boleto,1,240.9
f5511c90-f,1,credit_card,6,522.98
a6d7b374-3,1,debit_card,1,162.48
3763ae26-1,1,debit_card,1,419.83
5673de41-b,1,credit_card,10,313.48
245ac923-9,1,debit_card,1,209.45
eeb4fb82-8,1,boleto,1,573.83
5f9dd397-6,1,debit_card,1,338.96
a3f0e9a4-9,1,credit_card,8,314.56
ca978c2f-8,1,credit_card,6,110.58
f746a9b2-d,1,boleto,1,376.87
ef7eb8fd-2,1,credit_card,4,388.67
c22fedc2-6,1,credit_card,7,319.1
6e6243c5-b,1,credit_card,3,492.56
32a75aba-6,1,debit_card,1,435.97
387c5f47-4,1,voucher,1,305.51
13c61d3e-3,1,boleto,1,687.74
4678ea5c-e,1,debit_card,1,148.79
45aa76f9-4,1,boleto,1,145.63
83ddf7d6-a,1,credit_card,9,324.79
37253493-0,1,credit_card,8,457.87
125cd071-5,1,credit_card,3,47.81
a7e80a16-5,1,credit_card,3,290.7
befbe61b-6,1,credit_card,2,239.39
293d6b53-4,1,voucher,1,100.08
68c5b2b3-1,1,boleto,1,471.14
88b382cc-1,1,debit_card,1,655.65
986eb9b0-0,1,boleto,1,130.39
0a1d1b52-a,1,credit_card,4,297.29
b83feddf-5,1,credit_card,10,234.07
df12e7a3-5,1,voucher,1,1495.77
ae0bfe0d-8,1,boleto,1,88.15
ee48f0ea-d,1,credit_card,9,112.65
d3d02fe5-b,1,credit_card,2,395.44
e34ad138-8,1,voucher,1,313.95
e3042045-b,1,debit_card,1,443.68
aeaa80d9-c,1,boleto,1,232.43
01836d06-6,1,debit_card,1,339.47
11cb216d-f,1,credit_card,4,266.41
3e7ee7ad-1,1,boleto,1,221.07
271c025d-e,1,boleto,1,39.4
b49540ac-2,1,voucher,1,453.03
435fb68e-e,1,voucher,1,185.49
9e8f2e4f-e,1,credit_card,4,327.72
c307c846-2,1,boleto,1,513.22
047ae8d1-c,1,credit_card,6,41.18
12f9e8ab-4,1,boleto,1,837.6
46d2986b-4,1,boleto,1,792.18
45a3e5dc-2,1,voucher,1,214.21
377e70ef-a,1,credit_card,6,356.39
15b1386a-c,1,boleto,1,375.6
7f72b268-0,1,debit_card,1,178.15
b9ac7120-8,1,boleto,1,165.22
f4c5f177-e,1,credit_card,5,240.16
020d88ac-e,1,boleto,1,144.8
4cc2ea70-e,1,debit_card,1,129.17
fe11dbe2-b,1,voucher,1,331.17
1d0b724a-5,1,debit_card,1,264.03
0f253493-2,1,boleto,1,679.64
b576f6f2-c,1,credit_card,7,452.55
4758ceb6-1,1,voucher,1,371.63
4a33bb6d-e,1,debit_card,1,254.31
8fd5ca3b-a,1,voucher,1,174.93
113046da-b,1,credit_card,9,408.72
1b9e90f6-d,1,credit_card,8,286.45
7740e045-c,1,boleto,1,140.58
785fa0b3-e,1,voucher,1,732.87
70241138-d,1,voucher,1,108.15
85ba3e7b-0,1,credit_card,7,48.19
6f933ca7-6,1,credit_card,1,304.62
f084dc7e-2,1,credit_card,10,257.0
75f8fd42-d,1,boleto,1,819.23
1df21410-7,1,boleto,1,407.98
8abb2899-9,1,credit_card,9,384.98
74d71948-0,1,voucher,1,131.47
43cf6cb0-c,1,credit_card,9,457.49
5f93c624-8,1,voucher,1,375.8
fa885a92-1,1,debit_card,1,737.15
ce590a4b-9,1,boleto,1,570.49
fd592d4a-8,1,credit_card,9,338.84
7919634a-a,1,voucher,1,226.84
fca94466-f,1,debit_card,1,297.08
6ac0a722-a,1,voucher,1,141.3
e09e0733-c,1,credit_card,5,1062.23
e4da8465-5,1,voucher,1,98.93
fe3123c9-0,1,credit_card,5,143.64
2ca65ade-1,1,voucher,1,230.22
ebe86f7a-7,1,debit_card,1,406.34
dcd8d9f5-7,1,debit_card,1,455.36
4845b51a-b,1,boleto,1,661.0
0795caf0-e,1,credit_card,10,320.74
97dcd353-4,1,debit_card,1,401.48
99e96326-9,1,boleto,1,107.18
0af60d1c-3,1,boleto,1,261.24
399ba705-8,1,voucher,1,82.71
40cb9278-5,1,debit_card,1,431.34
993c7454-0,1,credit_card,6,99.74
ee9dc812-4,1,voucher,1,460.26
623f38a3-d,1,credit_card,1,435.08
c645c154-f,1,boleto,1,311.29
0990754d-4,1,debit_card,1,345.79
eb921eab-8,1,voucher,1,40.48
73b14a2e-b,1,boleto,1,372.78
5f0c3704-f,1,voucher,1,83.51
73115cc2-5,1,boleto,1,578.21
46001e3c-a,1,voucher,1,285.17
0b35b7c6-4,1,credit_card,5,514.84
12b560e3-f,1,debit_card,1,479.07
f18bbced-8,1,credit_card,6,280.26
f226493e-6,1,debit_card,1,142.74
bc424306-f,1,credit_card,1,449.04
ce07f3e9-0,1,debit_card,1,81.3
3e791164-a,1,credit_card,2,684.87
0aa116ed-e,1,debit_card,1,84.52
1f8aa42c-8,1,credit_card,6,366.86
e421ce81-a,1,credit_card,1,255.19
851e5d58-4,1,credit_card,4,179.38
0fc8eb17-d,1,debit_card,1,116.49
e8c33299-9,1,debit_card,1,444.3
6a9e57eb-f,1,credit_card,8,321.86
5255bc10-d,1,boleto,1,276.48
8815fc48-7,1,debit_card,1,261.82
c89ba117-4,1,credit_card,2,454.97
2808862c-3,1,voucher,1,440.1
594468af-e,1,credit_card,8,288.08
8e1063cc-6,1,boleto,1,330.61
1e19a473-1,1,credit_card,7,203.84
a84c1f2f-8,1,credit_card,5,176.75
94110f8f-c,1,debit_card,1,993.9
517e1d2f-9,1,credit_card,5,114.43
60c78717-8,1,credit_card,6,249.14
c586a2fb-5,1,boleto,1,133.18
cdb32f40-8,1,credit_card,9,956.39
7d716f97-4,1,voucher,1,321.29
8c388d00-1,1,credit_card,8,226.28
21bc75d2-a,1,boleto,1,1176.86
2922a94b-2,1,credit_card,9,175.0
65405fd8-6,1,debit_card,1,555.79
b42c569d-5,1,voucher,1,43.51
1f776d83-2,1,voucher,1,259.91
bb3138a4-d,1,credit_card,3,146.35
dab783ce-7,1,credit_card,3,235.0
7cd4bf3a-6,1,voucher,1,584.46
0f5ff2ac-1,1,boleto,1,121.19
63ce2775-c,1,voucher,1,206.26
0f23c128-7,1,credit_card,9,278.4
e428a0aa-7,1,boleto,1,65.21
6871cfc3-5,1,credit_card,9,130.81
1a43e3cc-0,1,credit_card,1,184.0
724b743c-7,1,credit_card,8,51.9
99e9c0cb-0,1,debit_card,1,414.82
0091eefc-8,1,debit_card,1,270.27
edd7aee8-6,1,boleto,1,71.62
be46d8de-0,1,voucher,1,445.44
a1d5edc2-e,1,boleto,1,664.41
cbdcd9c7-5,1,voucher,1,391.11
269a81fb-1,1,debit_card,1,368.82
3a6ba8c0-a,1,credit_card,1,979.02
0d5ad2eb-4,1,debit_card,1,268.15
37ce4766-d,1,debit_card,1,285.75
9baf314e-7,1,voucher,1,738.84
fed34030-b,1,debit_card,1,202.74
ee7f364b-7,1,voucher,1,118.77
205243a1-4,1,voucher,1,89.44
d18c0832-e,1,credit_card,8,82.62
b5cc768f-5,1,voucher,1,199.55
16bb7577-9,1,credit_card,8,89.46
3b520ea1-e,1,credit_card,1,614.62
15407b87-4,1,boleto,1,330.78
6a236018-1,1,debit_card,1,169.89
08a1f010-c,1,credit_card,9,183.36
4ec8d909-2,1,voucher,1,153.21
5ed92ebf-7,1,credit_card,1,265.0
ca928a71-0,1,credit_card,5,163.44
1f478327-6,1,debit_card,1,431.57
08e987d0-d,1,boleto,1,165.99
4dc218f0-d,1,voucher,1,456.62
6c9099aa-b,1,debit_card,1,311.22
15c925a8-f,1,debit_card,1,463.98
2821e2c5-6,1,debit_card,1,221.79
150675d7-b,1,debit_card,1,504.88
35a8317a-b,1,credit_card,10,371.15
25784cf9-4,1,credit_card,8,211.39
a5ef1d96-3,1,credit_card,3,558.57
747c375e-6,1,credit_card,6,211.55
8d2fd801-8,1,credit_card,2,317.66
02982d22-8,1,credit_card,10,150.03
c90a94b5-d,1,credit_card,2,118.91
d9251bac-6,1,credit_card,1,249.59
7a4e31c9-2,1,debit_card,1,233.1
21a4f87b-e,1,boleto,1,291.15
7cd36cbb-4,1,credit_card,5,423.62
eeee1dea-e,1,boleto,1,655.87
27447657-a,1,boleto,1,139.47
08941f44-f,1,debit_card,1,391.59
d35bb423-8,1,voucher,1,321.03
cc7b7475-8,1,boleto,1,123.2
5914cf36-a,1,voucher,1,564.51
5089c1e5-6,1,credit_card,1,102.84
52871ce4-5,1,credit_card,7,1122.86
6d040a56-7,1,credit_card,10,466.63
27c1a1e0-1,1,voucher,1,536.11
060c9284-3,1,debit_card,1,460.5
fe925235-3,1,boleto,1,422.96
29e5d255-e,1,debit_card,1,210.97
eb0d09ad-2,1,credit_card,4,410.23
c275ad6b-7,1,credit_card,6,221.45
ddf65f51-0,1,credit_card,8,160.95
5deb626a-9,1,boleto,1,203.12
f4f4e201-f,1,boleto,1,361.61
17796b59-3,1,boleto,1,267.15
0434ceca-e,1,voucher,1,329.16
e710cbff-6,1,credit_card,6,282.02
b4a58b21-f,1,credit_card,9,417.84
44e4b50a-8,1,credit_card,10,679.89
ca9db873-5,1,credit_card,8,60.51
ba055052-a,1,credit_card,6,118.79
a36b2926-e,1,boleto,1,588.13
765547c1-b,1,credit_card,6,362.76
132e1b03-9,1,debit_card,1,383.01
383fe45c-f,1,credit_card,2,348.86
170ed03b-2,1,voucher,1,363.39
dc0c2e9a-9,1,voucher,1,130.98
0b7991e1-6,1,boleto,1,353.89
16aaf706-7,1,debit_card,1,105.21
e1f3cae1-c,1,credit_card,8,185.96
ea712454-c,1,boleto,1,134.5
376b3e7e-2,1,voucher,1,382.39
cd49b034-0,1,boleto,1,463.96
5d3d912c-9,1,credit_card,4,217.96
20ffabb5-c,1,credit_card,4,883.04
58a1a64a-d,1,credit_card,6,347.35
3d24d399-d,1,credit_card,1,87.06
502f7743-5,1,voucher,1,587.18
b682e191-4,1,voucher,1,73.5
c4f63d0a-5,1,voucher,1,102.48
4b0b96d7-a,1,credit_card,6,361.05
a38735c8-e,1,credit_card,1,238.01
24546c17-9,1,boleto,1,163.69
41da09b5-4,1,debit_card,1,71.96
d04bfe4d-4,1,boleto,1,203.05
0d875d23-2,1,debit_card,1,215.25
75bd6f3c-0,1,boleto,1,207.7
9e4063df-9,1,debit_card,1,486.42
e5e1260a-5,1,debit_card,1,190.37
faa33cca-c,1,voucher,1,40.59
5d4540a0-3,1,boleto,1,244.08
3ecd2eb0-1,1,credit_card,1,335.43
1493d0cd-9,1,boleto,1,366.14
3cd5e98e-0,1,debit_card,1,131.39
550ef832-8,1,boleto,1,153.71
3740a47c-0,1,credit_card,7,795.4
5c71444a-3,1,credit_card,3,463.23
74cb0c59-f,1,boleto,1,418.06
50901734-6,1,voucher,1,223.14
c8f19502-0,1,boleto,1,374.68
0cc3d00e-9,1,debit_card,1,63.46
29298971-1,1,credit_card,2,219.1
fd2c8884-4,1,boleto,1,293.7
2d15f353-7,1,voucher,1,433.63
aaeb49ca-c,1,debit_card,1,110.5
0b821c58-3,1,debit_card,1,111.81
686ca755-2,1,boleto,1,363.44
e8998427-5,1,voucher,1,180.74
6347534c-a,1,debit_card,1,168.27
1918e64e-2,1,boleto,1,328.48
8b311399-3,1,boleto,1,390.83
739e434f-2,1,credit_card,8,148.72
c5f01074-3,1,credit_card,4,315.72
3487dc19-0,1,credit_card,7,402.98
56411398-4,1,credit_card,5,416.67
71c1684e-0,1,debit_card,1,382.91
d2ef83cc-9,1,credit_card,8,434.02
b22ac24e-2,1,credit_card,2,197.58
012c5324-0,1,voucher,1,455.74
1bfe3bdd-6,1,boleto,1,112.86
6a90536c-c,1,credit_card,2,86.08
427ba241-b,1,credit_card,3,482.73
3029bcf0-d,1,voucher,1,72.4
38a06aee-f,1,credit_card,10,83.68
20b0a2b8-0,1,credit_card,2,307.22
c6ac953b-4,1,voucher,1,220.33
7f6528c1-b,1,debit_card,1,117.77
8cd9e6ab-b,1,credit_card,2,222.41
6eb12c35-c,1,boleto,1,225.78
a83238b5-2,1,debit_card,1,470.22
cb387fbc-1,1,debit_card,1,422.97
d3e9a41c-7,1,credit_card,4,343.58
780d74b6-a,1,credit_card,1,248.67
3099337e-a,1,voucher,1,372.87
d6209407-c,1,boleto,1,53.23
fb4f7983-4,1,boleto,1,273.8
2bfb84b1-d,1,boleto,1,254.53
41fd9c63-6,1,credit_card,2,249.82
48d92435-1,1,debit_card,1,338.28
1936ab6b-3,1,boleto,1,267.43
4b8f2348-9,1,credit_card,8,295.39
120f7c21-6,1,voucher,1,633.66
c5891bbf-4,1,credit_card,9,79.34
9f670ab9-2,1,credit_card,1,49.47
e2b35a70-7,1,boleto,1,350.82
fe915c85-0,1,credit_card,8,350.6
11812ddf-f,1,credit_card,1,212.49
7f1bace0-0,1,debit_card,1,354.49
9745e9f0-e,1,credit_card,9,672.86
28af7e14-7,1,boleto,1,48.09
e3ae16fc-0,1,boleto,1,302.76
827c4e35-2,1,credit_card,7,304.52
886e520f-4,1,boleto,1,685.76
ac83cea2-2,1,credit_card,7,94.63
4ac13155-c,1,voucher,1,246.29
464376cd-9,1,debit_card,1,299.1
fac90a87-1,1,voucher,1,239.6
e66005c5-5,1,credit_card,4,202.44
36e835c0-5,1,credit_card,3,391.57
bf593e08-6,1,credit_card,3,400.5
b7a8e079-6,1,credit_card,9,410.46
070323e1-a,1,debit_card,1,197.23
bb5cb46b-3,1,debit_card,1,451.28
bf889405-f,1,debit_card,1,259.63
fea8d045-7,1,credit_card,10,335.34
fdf75027-1,1,debit_card,1,146.07
925ed39a-d,1,voucher,1,367.95
5eb4a143-7,1,voucher,1,182.31
c1b1a019-b,1,debit_card,1,158.66
fe656e24-9,1,debit_card,1,280.13
1691e565-b,1,credit_card,4,448.91
d1c6bd00-2,1,credit_card,9,298.59
b54db189-d,1,credit_card,5,449.42
35aaac27-2,1,voucher,1,305.43
3c9c1ed7-e,1,debit_card,1,426.34
7366d36f-7,1,credit_card,1,405.05
689e5caf-4,1,debit_card,1,64.0
4009f289-b,1,credit_card,6,400.54
7d3e0ab2-3,1,boleto,1,267.42
8bcaa0f1-d,1,credit_card,7,336.16
00b5fe78-6,1,voucher,1,384.91
1adebfd5-d,1,voucher,1,339.71
9bd1e48f-e,1,voucher,1,343.2
d32f1d95-2,1,credit_card,7,470.81
27eb99b4-2,1,debit_card,1,258.74
63f4d464-4,1,credit_card,3,261.4
7030d62d-1,1,boleto,1,128.98
c16ac696-2,1,voucher,1,451.45
fd22e763-9,1,voucher,1,222.07
3c773fab-4,1,voucher,1,500.84
ae133466-2,1,credit_card,3,802.86
829f5418-e,1,credit_card,3,131.68
5ff5ffd9-a,1,credit_card,9,755.16
954df4da-e,1,credit_card,9,270.26
89d4e482-c,1,credit_card,8,247.15
00143f95-f,1,debit_card,1,267.58
1c1906fb-5,1,credit_card,9,299.81
16c0fd85-0,1,boleto,1,482.19
6e1a1c8e-a,1,boleto,1,285.6
341b82b5-1,1,boleto,1,475.02
f07e8c5e-2,1,boleto,1,1114.58
54f637d5-8,1,credit_card,10,233.09
77bf2db6-1,1,boleto,1,374.33
89cc619a-5,1,credit_card,8,132.51
8964089e-f,1,credit_card,10,156.05
92f26474-e,1,boleto,1,269.4
78d3477c-c,1,boleto,1,395.93
28e03b35-9,1,boleto,1,452.84
a67be714-6,1,credit_card,8,257.25
e423bd32-7,1,debit_card,1,360.93
390f3673-4,1,boleto,1,192.07
0f79856b-c,1,voucher,1,248.61
6ffb89f3-b,1,voucher,1,114.14
f4f68b05-4,1,boleto,1,724.86
3c03d70f-8,1,boleto,1,350.72
0948b62c-0,1,debit_card,1,499.39
c84a51a2-1,1,credit_card,7,462.82
c10f0709-7,1,credit_card,4,133.88
8566ba57-d,1,debit_card,1,453.38
a83f09f5-b,1,credit_card,10,449.96
6e7b1877-e,1,credit_card,8,362.94
9be9947b-f,1,credit_card,8,425.85
68503cf2-9,1,credit_card,3,205.24
8071973f-4,1,credit_card,8,1190.52
011faf53-5,1,boleto,1,487.59
a246d6dd-e,1,credit_card,5,220.83
0cebff25-6,1,credit_card,7,223.72
c9e9d6c1-2,1,credit_card,3,304.94
d67e4c3a-4,1,debit_card,1,583.31
6602d278-5,1,credit_card,2,282.62
11ff4e41-7,1,credit_card,9,563.13
9994aa0a-d,1,credit_card,9,179.84
16fba803-b,1,credit_card,8,961.28
5012685e-b,1,voucher,1,381.93
3a2ab307-d,1,credit_card,9,187.88
cf6b449a-7,1,credit_card,8,123.45
c7f3f7dc-3,1,debit_card,1,400.89
4e2f84ca-e,1,credit_card,3,163.07
0342de1a-d,1,credit_card,9,461.56
3a1e199e-6,1,credit_card,1,71.48
682596d9-4,1,debit_card,1,328.17
b00713c0-6,1,voucher,1,103.65
5c1281ae-e,1,credit_card,10,414.47
bde2c413-8,1,voucher,1,361.32
7131b4ce-7,1,credit_card,4,66.59
af9300a4-0,1,credit_card,7,298.61
52de828d-3,1,boleto,1,135.15
80f19052-7,1,debit_card,1,1352.58
4be232ff-9,1,boleto,1,492.21
b5e71589-8,1,credit_card,7,453.21
92b56183-7,1,boleto,1,92.64
7cfe666f-c,1,debit_card,1,282.5
0ddd322d-9,1,voucher,1,218.36
dcb78740-3,1,boleto,1,192.93
094803c9-c,1,boleto,1,204.99
21341ced-0,1,credit_card,8,683.94
5a1ab69d-4,1,credit_card,4,82.08
0062ad72-d,1,credit_card,8,446.05
34109cef-5,1,credit_card,9,144.23
e1d31cab-9,1,boleto,1,200.43
88c161a8-0,1,debit_card,1,415.53
6b9d72ec-5,1,boleto,1,689.07
2a4f29c1-a,1,credit_card,2,226.46
cea6348f-4,1,voucher,1,393.03
f3404886-6,1,voucher,1,849.77
e12cf8f9-5,1,credit_card,10,143.71
b135ff43-7,1,voucher,1,304.33
1182d18a-6,1,credit_card,5,695.8
099dac58-3,1,credit_card,3,412.14
c3b8d2ef-7,1,credit_card,9,301.54
ac25ef0f-f,1,credit_card,1,742.45
7aa83ebe-2,1,boleto,1,454.12
5caae3df-4,1,voucher,1,274.13
e4229b3a-0,1,voucher,1,313.51
8cea3c36-c,1,credit_card,9,308.22
690e4fb6-2,1,boleto,1,206.04
c6a62216-f,1,debit_card,1,194.29
b277bb8e-a,1,voucher,1,442.38
074d4317-c,1,credit_card,3,95.86
2c71ba6f-7,1,boleto,1,253.93
7805f2fc-d,1,credit_card,9,648.16
1efc9d80-1,1,credit_card,10,466.61
e32cf899-d,1,boleto,1,232.01
6d0084ab-1,1,voucher,1,290.47
e6dc341f-f,1,credit_card,2,270.6
2f230f20-3,1,debit_card,1,599.04
3868cc70-e,1,credit_card,8,297.84
852c9c9d-1,1,credit_card,1,438.87
0b80cb30-7,1,debit_card,1,750.54
6bf66f21-f,1,voucher,1,822.4
3b3364ef-8,1,debit_card,1,259.64
b5243089-2,1,voucher,1,925.3
618b0515-0,1,credit_card,10,98.89
3b5f701e-d,1,credit_card,5,279.82
67b8a477-a,1,debit_card,1,106.07
dfc43f40-1,1,boleto,1,173.18
88b68f4b-9,1,voucher,1,423.51
c04e0680-0,1,boleto,1,182.04
5a46f7a0-8,1,credit_card,3,136.75
a6eb7bf1-5,1,debit_card,1,317.55
3e211932-3,1,credit_card,3,241.5
b6170a48-f,1,credit_card,2,343.96
4c78d7bb-e,1,credit_card,5,60.29
c7974307-7,1,credit_card,7,1086.45
dce86c18-4,1,credit_card,4,287.18
12d8c286-3,1,voucher,1,338.26
70d6feb6-a,1,credit_card,1,73.95
27321980-a,1,credit_card,9,74.78
516d5c7c-f,1,voucher,1,344.63
65f8fc4d-b,1,voucher,1,294.29
1672f2b1-2,1,credit_card,10,321.62
d6976607-0,1,credit_card,4,383.68
504868ac-6,1,voucher,1,113.53
bc605c87-1,1,voucher,1,498.21
6a897545-c,1,voucher,1,182.53
3c795b49-0,1,credit_card,2,551.66
fc0da70d-d,1,credit_card,6,586.23
855bb60c-1,1,credit_card,5,312.53
9e43b064-5,1,credit_card,3,737.79
be97743e-6,1,credit_card,2,265.14
2e24ea68-2,1,credit_card,6,496.69
313b7879-c,1,boleto,1,200.06
d3b627f0-0,1,boleto,1,419.18
bb8cacd9-4,1,credit_card,6,264.18
b0c8ce98-4,1,credit_card,10,456.51
efa5356c-0,1,boleto,1,660.84
2b437fdd-0,1,debit_card,1,386.9
47092120-a,1,boleto,1,184.71
72fa3057-c,1,debit_card,1,361.91
133a0e0f-c,1,credit_card,2,67.65
7ae780fe-b,1,credit_card,10,77.77
9b57b4fc-2,1,credit_card,5,215.85
79a6db40-7,1,debit_card,1,447.5
1be17cf0-e,1,credit_card,3,196.94
60fbcee7-3,1,credit_card,5,166.51
2ad80f6f-8,1,credit_card,1,323.45
abd1e4ff-c,1,credit_card,1,407.33
e40a27fd-5,1,debit_card,1,409.49
c15ee614-8,1,boleto,1,560.94
6e6b7398-6,1,credit_card,5,271.19
1a3dceb0-5,1,voucher,1,753.01
8812ce76-c,1,credit_card,8,265.68
5572f65b-3,1,debit_card,1,386.26
7b9b338a-b,1,voucher,1,403.58
a6d1a3fa-7,1,credit_card,4,216.82
f7149845-d,1,boleto,1,247.14
8be569c4-5,1,credit_card,5,367.66
c3740186-5,1,credit_card,8,242.92
7da3ce20-b,1,boleto,1,105.35
a0460b9d-4,1,credit_card,10,373.8
9d22608a-8,1,credit_card,8,277.16
0b6b05f7-c,1,voucher,1,894.94
ce623934-a,1,credit_card,1,441.62
0c7893d7-b,1,voucher,1,568.28
98ff0479-b,1,voucher,1,438.34
fd806660-6,1,debit_card,1,174.43
7353f7b1-4,1,voucher,1,175.69
a425539d-5,1,credit_card,2,454.64
e49f66db-1,1,voucher,1,102.6
61812729-0,1,boleto,1,238.03
609d218c-8,1,boleto,1,97.62
3a195115-9,1,credit_card,4,314.52
21667e62-6,1,voucher,1,325.48
33b0299b-3,1,boleto,1,618.92
179dfa0d-2,1,boleto,1,377.87
1899b0b2-4,1,credit_card,7,704.17
6dc4414e-f,1,voucher,1,413.93
bf02ea9d-c,1,credit_card,1,396.05
a739dfb7-b,1,debit_card,1,446.31
4530b208-a,1,voucher,1,319.26
150d55ca-b,1,credit_card,7,114.1
b06e410e-a,1,boleto,1,423.66
dbf14b63-e,1,credit_card,7,281.99
b49690b2-2,1,debit_card,1,135.84
2d788fea-c,1,boleto,1,377.61
423cd6b8-c,1,debit_card,1,567.07
313b8b61-7,1,debit_card,1,419.54
bbefd108-5,1,credit_card,7,52.96
118c5e14-0,1,boleto,1,102.69
3797b0f8-3,1,credit_card,10,106.21
f56b1681-8,1,boleto,1,94.16
ef4942cf-5,1,debit_card,1,954.42
0aee190c-5,1,debit_card,1,224.62
e18ab41d-7,1,credit_card,4,52.16
490c78f6-e,1,credit_card,4,237.78
456bcbc1-2,1,voucher,1,461.34
195191f1-d,1,voucher,1,625.5
62a52f62-f,1,voucher,1,554.41
2ea776b9-2,1,credit_card,5,351.58
7e51728e-d,1,voucher,1,223.97
bbbd03ec-7,1,credit_card,8,103.08
4cc3630c-a,1,boleto,1,257.66
48a9b374-2,1,credit_card,1,191.82
43e29521-5,1,boleto,1,302.25
9200c102-a,1,debit_card,1,843.17
a9eb7cb4-6,1,boleto,1,130.18
25394584-3,1,debit_card,1,122.51
3e9b58cf-f,1,debit_card,1,353.01
6154768d-a,1,debit_card,1,309.45
ac28b1cb-7,1,voucher,1,112.08
eac4d49e-e,1,credit_card,6,129.96
ed0ccd55-5,1,credit_card,2,358.97
83ef5a58-a,1,boleto,1,413.63
c857bac1-f,1,credit_card,7,1107.03
04380531-0,1,debit_card,1,297.43
5fb936dc-0,1,credit_card,2,637.23
610d9ca0-5,1,debit_card,1,80.58
bcbf294d-f,1,credit_card,8,735.59
3f586ca8-6,1,credit_card,2,147.81
0ebd7a71-9,1,debit_card,1,852.24
02c024f8-7,1,voucher,1,34.57
bb94ae78-7,1,credit_card,2,155.74
510ad7ea-c,1,debit_card,1,591.76
1265d60d-b,1,debit_card,1,453.97
5a59e92a-c,1,credit_card,2,230.85
b23c05ce-4,1,voucher,1,222.82
8d913192-a,1,voucher,1,519.15
782974a5-e,1,debit_card,1,321.19
42696840-b,1,voucher,1,121.14
3291d500-d,1,voucher,1,118.21
fd85aa1a-c,1,voucher,1,312.7
a607661d-7,1,voucher,1,90.98
bae12636-3,1,boleto,1,268.51
53f8a550-7,1,credit_card,5,53.8
7ad537db-7,1,credit_card,6,447.49
8915f3ae-d,1,credit_card,8,214.94
24636d55-a,1,credit_card,8,286.87
84f77fa4-9,1,voucher,1,114.56
885658c4-c,1,credit_card,9,188.62
eb1cf0e3-2,1,voucher,1,469.42
447f46ed-b,1,voucher,1,114.3
12b1ebaa-0,1,credit_card,6,758.7
52819489-9,1,debit_card,1,138.69
4af83f5a-c,1,voucher,1,382.88
18d932b9-8,1,debit_card,1,309.78
2ced8c5b-e,1,credit_card,3,463.99
8a8dd3b2-e,1,debit_card,1,452.59
180ea49d-8,1,credit_card,9,1189.44
f202c4b3-c,1,credit_card,5,336.36
6f4d207b-f,1,boleto,1,82.57
22a72e22-1,1,debit_card,1,1212.15
1ed4edf2-2,1,credit_card,3,170.21
f26ee964-7,1,boleto,1,326.98
2fd53c12-5,1,debit_card,1,444.48
ff6c53f7-a,1,boleto,1,417.12
bf37cb0d-4,1,debit_card,1,356.32
cf850509-8,1,credit_card,3,595.72
4ef7f500-2,1,voucher,1,430.72
3afadeac-d,1,boleto,1,909.58
8196388b-c,1,debit_card,1,139.95
fad5c559-c,1,boleto,1,54.41
d65097bf-e,1,credit_card,5,315.63
f76783fc-2,1,voucher,1,724.07
81b78f0a-d,1,credit_card,7,293.85
d2ac56ed-b,1,debit_card,1,396.19
440c5e16-4,1,credit_card,9,472.16
a6f211c4-f,1,debit_card,1,344.91
5ec98efe-9,1,boleto,1,256.07
bb3b8886-a,1,credit_card,5,301.08
98ba926b-d,1,credit_card,10,112.06
e3fe81e5-4,1,debit_card,1,272.58
465cabde-e,1,debit_card,1,336.56
9db11131-d,1,voucher,1,190.49
1a152fc8-2,1,debit_card,1,81.85
738169c0-f,1,voucher,1,228.31
52156530-9,1,credit_card,1,460.0
7edbe8fb-7,1,debit_card,1,802.31
fe82a738-d,1,credit_card,1,365.11
fc940738-4,1,boleto,1,435.15
116fd545-6,1,voucher,1,244.15
7055cc89-8,1,voucher,1,238.55
0e55c312-5,1,credit_card,2,161.35
eb4edcc3-4,1,boleto,1,482.95
90d9e4ad-7,1,voucher,1,289.93
ce115c52-6,1,credit_card,4,287.57
9dee747e-9,1,voucher,1,365.48
db7bc91f-3,1,debit_card,1,638.77
f17c8a48-4,1,boleto,1,359.34
39a466e8-d,1,voucher,1,489.55
ed225c23-4,1,credit_card,6,461.33
2390a138-c,1,credit_card,5,270.19
3e1a7f5a-0,1,boleto,1,514.51
60ae7d25-3,1,credit_card,8,637.89
b45e18de-0,1,boleto,1,398.52
8e506689-1,1,boleto,1,369.85
456688df-7,1,boleto,1,272.57
5abad71d-0,1,boleto,1,359.92
a051c01b-4,1,credit_card,8,311.86
a967696f-9,1,voucher,1,271.81
830e0c71-8,1,boleto,1,436.57
7363a143-b,1,credit_card,1,261.79
ffdc976c-b,1,credit_card,1,327.11
f759f055-1,1,credit_card,7,332.4
79856f35-8,1,credit_card,6,669.48
f397cfd3-7,1,debit_card,1,129.94
70c9ea11-7,1,credit_card,4,174.09
02c02072-8,1,debit_card,1,722.57
6cffe9ee-c,1,boleto,1,242.81
fc799688-f,1,credit_card,1,195.99
33dbbc90-b,1,voucher,1,138.17
9ddaeb2c-3,1,credit_card,1,121.51
1a636a66-b,1,boleto,1,85.74
20c30310-0,1,credit_card,8,326.17
ba05741a-e,1,boleto,1,410.13
3e8880d3-0,1,boleto,1,679.95
59b508c3-8,1,voucher,1,1048.73
66ad5a04-f,1,credit_card,10,363.47
e36d1178-0,1,credit_card,8,100.87
941a8237-e,1,boleto,1,67.82
ff9241b5-e,1,credit_card,6,440.72
408bd16a-1,1,credit_card,5,182.8
b352ba93-1,1,voucher,1,266.67
47896391-a,1,debit_card,1,295.04
cc2389b7-5,1,credit_card,7,458.93
389b8bdb-8,1,credit_card,10,437.63
88c85223-1,1,voucher,1,300.69
2eaf7375-a,1,boleto,1,115.69
6db5d4a5-8,1,debit_card,1,218.15
2f43bda8-8,1,boleto,1,272.25
25fd1211-8,1,credit_card,5,217.87
60a73b5c-4,1,boleto,1,413.92
cd47bb31-7,1,credit_card,1,60.86
5ec4d38b-d,1,voucher,1,35.59
1d517d54-3,1,voucher,1,637.4
a1adb075-6,1,debit_card,1,290.78
54cba4b3-a,1,debit_card,1,162.65
339d7e83-1,1,credit_card,6,96.12
c576c2df-e,1,voucher,1,305.74
dac29db6-f,1,credit_card,9,182.93
c37ee9db-f,1,credit_card,5,529.05
a90c0b21-7,1,boleto,1,317.78
84da35d6-b,1,voucher,1,755.27
f5c68b4b-f,1,credit_card,5,128.15
7c7e4c15-2,1,credit_card,1,383.82
789a3919-1,1,credit_card,6,206.99
1eae4831-0,1,boleto,1,352.86
1fee3d2a-9,1,boleto,1,74.35
deb5d27f-1,1,boleto,1,316.72
4a33434f-2,1,credit_card,8,617.49
e4a313d7-c,1,credit_card,4,866.66
c97dc5cc-e,1,debit_card,1,96.26
9fd90c1f-0,1,credit_card,4,61.72
b0d633df-f,1,boleto,1,173.16
2fc75bf5-3,1,credit_card,5,479.49
e297d1ab-4,1,boleto,1,230.15
3b0f6b83-3,1,boleto,1,585.4
5c85765e-6,1,boleto,1,229.06
7905e4ec-a,1,boleto,1,382.44
65a3d034-8,1,debit_card,1,401.64
8d85a46f-1,1,voucher,1,309.46
ae3593a7-7,1,debit_card,1,770.51
35d48217-e,1,boleto,1,479.68
aba19ab9-5,1,credit_card,7,1066.71
524dfc97-a,1,debit_card,1,342.3
d41f0d0f-c,1,debit_card,1,400.23
568ee147-a,1,credit_card,3,106.26
d62dc387-4,1,voucher,1,442.49
bbbedd92-0,1,credit_card,10,729.26
342a59d3-7,1,voucher,1,371.33
88362c8c-d,1,credit_card,8,139.6
a5bdd5fe-9,1,voucher,1,287.3
22a38367-d,1,voucher,1,453.56
d8e8d53e-1,1,debit_card,1,975.24
005fcf99-1,1,boleto,1,357.89
6da85743-2,1,boleto,1,473.95
b713f257-f,1,debit_card,1,142.23
34416c17-b,1,credit_card,9,868.46
b77af65e-d,1,boleto,1,100.64
e1ac71ea-7,1,credit_card,9,412.15
586b541d-d,1,debit_card,1,164.64
e1b7092a-0,1,credit_card,9,901.11
0c037439-2,1,credit_card,7,445.72
ea744da0-6,1,credit_card,10,64.74
8664b9e6-0,1,boleto,1,422.43
5619b0da-6,1,debit_card,1,741.96
b435f214-5,1,boleto,1,250.12
3b60e490-4,1,credit_card,2,396.79
a7047b33-1,1,credit_card,8,313.49
64842c09-0,1,voucher,1,344.63
2106e943-1,1,credit_card,1,593.86
3bf28518-2,1,boleto,1,130.0
707b31b0-d,1,voucher,1,117.71
4970918e-5,1,voucher,1,294.63
e176ba61-6,1,credit_card,4,408.6
449a4338-b,1,credit_card,6,183.16
e35af795-5,1,credit_card,9,69.96
ea22aa29-c,1,boleto,1,242.53
9364ce39-5,1,boleto,1,467.62
05eb639f-6,1,debit_card,1,324.08
01d7a840-b,1,boleto,1,200.93
a119a94d-2,1,credit_card,7,203.7
c44281e6-5,1,boleto,1,320.29
75a043f3-0,1,voucher,1,93.5
d30f4c36-2,1,credit_card,8,192.4
5b50f827-e,1,credit_card,2,620.82
d80d2830-c,1,debit_card,1,202.47
68d4b270-9,1,credit_card,5,43.5
3eeb4674-e,1,credit_card,6,77.9
8a5bf9e4-a,1,voucher,1,266.03
8a9cca0d-b,1,voucher,1,263.9
512ecc80-b,1,boleto,1,939.78
4227a92a-6,1,credit_card,9,379.41
be5c8c5a-d,1,boleto,1,112.62
bd7a7b6d-3,1,credit_card,9,470.69
db20aab6-8,1,voucher,1,319.53
5ae4e68b-1,1,credit_card,5,313.58
52d05bf7-2,1,debit_card,1,288.14
e8fd99d1-b,1,voucher,1,305.47
27ac3ba6-4,1,boleto,1,301.91
b94cb20c-b,1,credit_card,4,316.05
84909cde-f,1,credit_card,2,488.8
67b0ea98-4,1,boleto,1,94.99
1e82f976-0,1,voucher,1,427.4
333a297a-8,1,credit_card,8,1363.98
15c9a39b-f,1,debit_card,1,194.75
96891f6b-7,1,voucher,1,563.49
9505da65-e,1,boleto,1,234.29
1a8a0479-9,1,boleto,1,975.4
de92058b-9,1,debit_card,1,647.34
482fea3b-7,1,voucher,1,342.54
e1f98f5f-b,1,debit_card,1,311.79
ab227718-9,1,voucher,1,745.99
c6c560a6-3,1,credit_card,7,68.93
7103df2d-3,1,debit_card,1,331.5
d59dd91d-8,1,debit_card,1,171.61
19264a79-6,1,debit_card,1,96.86
dcc92b83-d,1,voucher,1,340.73
c4b775e9-8,1,boleto,1,720.88
adae2951-9,1,credit_card,1,617.89
45635d35-e,1,credit_card,6,420.99
0e3a0074-d,1,credit_card,8,397.8
9fb21e17-3,1,credit_card,7,453.89
5d462240-1,1,boleto,1,410.64
6906e1c8-c,1,credit_card,2,748.39
8def6355-a,1,boleto,1,111.37
c86e69cd-a,1,boleto,1,481.38
4668f0bc-d,1,voucher,1,427.92
68ab0700-d,1,debit_card,1,174.21
5190a9bc-9,1,voucher,1,698.48
bd6fcde3-7,1,credit_card,8,352.62
104de842-5,1,boleto,1,172.69
37736392-3,1,credit_card,10,480.04
bec12805-5,1,credit_card,7,364.13
24a84c93-2,1,credit_card,1,91.3
07b052b1-7,1,voucher,1,174.05
4d60948f-d,1,credit_card,6,398.96
9f0d9a83-5,1,credit_card,10,238.24
2d33a9a6-5,1,boleto,1,398.24
c56c1061-f,1,boleto,1,443.23
89e26ee3-7,1,credit_card,10,419.37
09071bc6-5,1,credit_card,8,113.83
959be4db-0,1,voucher,1,945.38
115dc3eb-a,1,voucher,1,593.39
f4fe475e-0,1,voucher,1,451.78
36fd727e-9,1,boleto,1,510.97
71106f61-0,1,debit_card,1,943.08
26c909ea-8,1,debit_card,1,155.85
8629cd3a-6,1,boleto,1,161.54
b6d48557-d,1,credit_card,4,1176.32
dac78dfa-a,1,voucher,1,240.49
4f1b6a35-c,1,credit_card,5,918.25
a2e5af5a-7,1,voucher,1,210.12
6f84fdc5-b,1,boleto,1,335.48
e8df783f-f,1,credit_card,3,387.29
5f561480-9,1,debit_card,1,70.81
fa4bfe31-e,1,credit_card,4,817.56
3b7f9106-a,1,credit_card,10,294.41
f4b2729b-0,1,voucher,1,58.57
dea94b56-7,1,credit_card,9,425.19
18a27db9-f,1,boleto,1,1421.63
a32303c9-7,1,debit_card,1,439.3
0ed57580-e,1,credit_card,3,56.92
d976ed6b-6,1,boleto,1,218.01
1703fe56-9,1,credit_card,4,298.01
7a5c222a-2,1,debit_card,1,1034.49
51ec0f3f-b,1,credit_card,4,617.4
617cf491-4,1,voucher,1,358.11
b41a6718-a,1,debit_card,1,415.65
22476ef7-7,1,credit_card,3,462.59
f025280d-c,1,boleto,1,319.78
2df46556-9,1,boleto,1,263.65
be567aff-3,1,credit_card,5,286.12
cbdbdf8b-2,1,debit_card,1,151.34
987f3724-e,1,debit_card,1,168.32
2130b671-b,1,boleto,1,192.14
0521c5cb-2,1,boleto,1,266.7
d491e383-1,1,voucher,1,115.32
e7dec53d-e,1,voucher,1,448.04
3f75bd1b-5,1,credit_card,7,229.53
f29dd33d-1,1,debit_card,1,62.1
1249d784-d,1,boleto,1,164.68
34214a01-8,1,boleto,1,162.91
63610fc8-8,1,debit_card,1,333.09
d5a0e784-7,1,voucher,1,772.56
128008d0-f,1,boleto,1,412.66
499e48af-b,1,debit_card,1,647.05
eec92599-a,1,credit_card,7,409.95
82508af1-b,1,boleto,1,169.92
99c14440-4,1,credit_card,8,171.4
1a780311-6,1,credit_card,3,448.62
a447614d-e,1,credit_card,5,245.61
91fd8dd6-e,1,debit_card,1,116.69
7ccba196-4,1,credit_card,1,754.72
2dc8efed-5,1,voucher,1,74.19
a8cb893c-9,1,credit_card,8,323.02
da872f20-e,1,credit_card,4,931.33
51cce7bd-8,1,boleto,1,738.5
ee102ea6-c,1,debit_card,1,169.86
23f26854-2,1,debit_card,1,386.96
2568b4da-e,1,boleto,1,406.31
e8ef73f0-f,1,boleto,1,168.93
77d579ec-4,1,boleto,1,106.93
a05d2434-d,1,debit_card,1,166.53
3b9922ac-3,1,credit_card,1,310.3
71ec05c7-f,1,voucher,1,163.73
0218055c-f,1,credit_card,10,146.94
c3ae44c4-3,1,credit_card,9,138.89
3421b2ad-d,1,boleto,1,101.55
b7b1216c-f,1,debit_card,1,442.3
7fae42cc-e,1,boleto,1,460.52
c80747f0-0,1,credit_card,2,305.9
5014a058-8,1,boleto,1,104.91
0fd6c96b-0,1,credit_card,1,193.88
764b919e-2,1,credit_card,1,622.81
de736f0f-5,1,debit_card,1,416.96
0f814c84-6,1,credit_card,4,230.87
87e02a0e-6,1,credit_card,3,504.87
f0bee7f3-a,1,credit_card,3,397.24
1d095bfd-c,1,credit_card,5,161.1
2870069d-a,1,credit_card,3,395.28
37c1fd15-1,1,credit_card,4,500.09
8c1a31a0-8,1,debit_card,1,209.55
30b5c08e-e,1,boleto,1,87.52
d8d38bd4-b,1,credit_card,10,370.82
cf3ac23b-5,1,debit_card,1,415.93
12db0fca-8,1,voucher,1,187.28
2bf0de47-c,1,voucher,1,869.14
f358c0c2-1,1,voucher,1,383.88
0540cd01-e,1,boleto,1,400.52
3d8100a9-b,1,boleto,1,381.04
709aee1d-1,1,voucher,1,200.88
55e6130c-f,1,voucher,1,220.83
18ec658c-1,1,voucher,1,166.73
9a6e3a91-9,1,credit_card,8,550.35
41f9a292-8,1,debit_card,1,503.9
986689e3-c,1,credit_card,7,321.57
019b9417-f,1,voucher,1,327.53
1d1e75fe-c,1,debit_card,1,361.83
2d47edbb-6,1,credit_card,8,460.07
40789e65-7,1,voucher,1,237.15
21832d2a-f,1,credit_card,4,95.71
d80c5712-0,1,voucher,1,284.91
a1fb5c4d-9,1,voucher,1,316.07
afaf4562-8,1,credit_card,2,237.09
12da6086-4,1,debit_card,1,792.01
5b69e0d4-3,1,credit_card,5,711.86
d16eed4c-4,1,credit_card,6,110.66
21b0218d-f,1,boleto,1,449.5
b80d847b-2,1,credit_card,5,394.61
56640bf3-6,1,boleto,1,661.29
eda6c59e-4,1,credit_card,2,424.95
df46a65e-d,1,voucher,1,244.95
66e04f2d-5,1,credit_card,1,367.71
14834e4c-b,1,credit_card,1,887.56
6b42ebca-3,1,voucher,1,261.98
1e727361-c,1,boleto,1,195.43
9f6229e7-9,1,debit_card,1,65.06
19121f46-4,1,credit_card,5,472.69
cea619ef-0,1,credit_card,7,475.77
60fa3a3b-0,1,boleto,1,110.07
1994eb30-b,1,boleto,1,184.89
99b07794-e,1,boleto,1,473.66
5dcd55e4-d,1,credit_card,4,352.55
0ffde893-6,1,boleto,1,282.83
41d1eb93-f,1,voucher,1,318.61
ce0279c9-e,1,voucher,1,386.0
5454f4ce-0,1,voucher,1,896.52
33d0c8c5-2,1,boleto,1,163.53
