order_id,order_item_id,product_id,seller_id,shipping_limit_date,price,freight_value
35b71e06-4,1,cd04d99b,5005fffd,2025-06-21 15:11:00,371.49,11.53
35b71e06-4,2,e44dc6e0,4c0b1f1a,2025-06-21 15:11:00,31.26,37.91
693c88ab-4,1,73ae90c5,82ed0d91,2025-02-03 10:22:00,290.74,31.39
693c88ab-4,2,27dbfee3,a26a165e,2025-02-03 10:22:00,147.58,9.52
b3a38c6d-b,1,4715402d,154c9629,2025-06-22 16:44:00,437.4,35.86
a0f08d79-3,1,fdfdede0,5f00a90d,2025-04-29 13:18:00,339.21,28.28
c8601445-e,1,5a01c7ca,ed950fdd,2025-09-19 13:49:00,298.73,15.26
31289aac-7,1,499552bf,e350992e,2025-05-10 02:17:00,199.24,20.89
57671510-5,1,85b148ec,fa6b83a7,2025-12-07 00:49:00,286.08,24.3
4081e8e9-4,1,1f27dff3,bdbcf6bb,2025-03-26 23:54:00,392.91,38.34
4081e8e9-4,2,edc1d87a,4c51dfcb,2025-03-26 23:54:00,164.32,37.76
4081e8e9-4,3,11ce6482,1b5aebee,2025-03-26 23:54:00,210.78,8.84
b1556809-1,1,695cee78,c26af590,2025-10-12 16:48:00,317.36,32.73
1adabc28-a,1,a490f0cd,6eb0c742,2025-10-02 01:16:00,358.3,30.86
f0773731-3,1,e5ae839e,18e9e58e,2025-12-07 00:04:00,390.96,8.71
f0773731-3,2,53ca8c22,f1edb8d2,2025-12-07 00:04:00,115.56,22.09
f0ae2ccf-8,1,a0683d93,d2006aa5,2025-11-07 17:05:00,258.9,34.36
049908be-a,1,06d10537,7d435b01,2025-06-25 15:25:00,117.75,44.2
c76ce310-6,1,40663e45,18413785,2025-02-06 20:16:00,113.13,20.65
c76ce310-6,2,4715402d,7c32dfed,2025-02-06 20:16:00,300.77,11.25
c76ce310-6,3,ccdaacf2,5d60ddbc,2025-02-06 20:16:00,241.51,33.09
cd8a2f16-c,1,3cebde76,a615a691,2025-03-25 13:19:00,298.83,29.5
c9bd61b7-9,1,a01c84b0,16c140de,2026-01-02 16:58:00,300.46,28.9
a7341e4a-8,1,cbe411a2,2f4c6d27,2025-02-09 17:34:00,347.96,40.56
a7341e4a-8,2,499552bf,6c3821aa,2025-02-09 17:34:00,433.12,19.22
f12c5176-a,1,943a1be7,d0c94c41,2025-04-12 03:08:00,278.44,30.66
f12c5176-a,2,ae2a4ad9,5b8aa2f9,2025-04-12 03:08:00,115.45,8.97
5dbe67ae-1,1,25449731,8a16f7bd,2025-11-11 15:45:00,221.12,14.06
5dbe67ae-1,2,f1a25060,28eb65cf,2025-11-11 15:45:00,29.02,36.29
2872e68e-d,1,dc1cad4b,95b94e2a,2025-12-15 06:48:00,314.22,40.07
2872e68e-d,2,5b76386b,aee958df,2025-12-15 06:48:00,200.99,36.72
36c5dfa2-9,1,89c04c0a,1507c73a,2025-06-15 12:39:00,294.01,34.05
7bde8032-3,1,7bfdad86,f8568580,2025-03-02 14:29:00,257.6,27.1
a3fd8aca-6,1,27dbfee3,a2ed68fe,2025-07-28 09:49:00,315.13,41.44
28d8192f-a,1,4715402d,f5324ae1,2025-02-21 23:32:00,194.9,24.68
82620007-5,1,141650f5,04c43f64,2025-04-19 14:05:00,327.49,12.57
0036d9e8-a,1,f3583162,aa10f3e9,2025-08-24 20:23:00,331.19,44.08
fbb3343e-8,1,63cb55c9,826e3742,2025-07-18 17:24:00,85.52,13.35
fbb3343e-8,2,ae33358f,7537a467,2025-07-18 17:24:00,197.52,19.45
01f98183-e,1,ad3fe261,4999a13a,2025-04-08 03:57:00,285.81,17.37
01f98183-e,2,a0683d93,abbe6253,2025-04-08 03:57:00,231.47,26.45
01f98183-e,3,e8f2b837,3a5d45f0,2025-04-08 03:57:00,279.47,26.26
98927c05-7,1,dbd26aa1,39648345,2025-12-09 15:29:00,121.45,28.25
ee14f61d-7,1,a01c84b0,33d338aa,2025-04-22 01:11:00,386.42,32.68
7029be50-4,1,46247658,7913f30a,2025-02-19 01:06:00,357.48,14.56
c352cbd0-f,1,8c4d1c4c,cc7fd8a3,2025-01-24 02:49:00,381.84,10.4
c352cbd0-f,2,02e52845,3bebbf35,2025-01-24 02:49:00,73.53,33.7
f06b399a-5,1,dfdbc83d,b2469d85,2025-08-05 16:13:00,444.43,25.9
afba75bb-2,1,7ca12e2f,940b8845,2025-08-12 19:54:00,418.29,30.73
afba75bb-2,2,19c7a2a5,b64c2abc,2025-08-12 19:54:00,241.07,31.38
afba75bb-2,3,af2aae2e,afa665a3,2025-08-12 19:54:00,366.47,40.7
afba75bb-2,4,06697ada,f06b63b0,2025-08-12 19:54:00,323.24,44.23
6af5dbed-5,1,ac092b61,dc727bf7,2025-11-22 03:47:00,258.78,31.59
60c5d036-5,1,ae6650c6,2108324b,2025-05-16 02:19:00,313.34,20.63
60c5d036-5,2,b604b57b,fea2d2ec,2025-05-16 02:19:00,282.96,9.08
0d2acf6a-5,1,91a01fb1,ea9bf3a7,2025-06-28 21:30:00,82.59,25.04
3055b002-c,1,bdb03f62,c296967a,2025-08-05 23:03:00,248.11,15.71
5f934244-d,1,4c249fa5,eb2a5b7b,2025-03-23 08:53:00,263.38,22.41
cd664b2b-5,1,9e445642,21284480,2025-06-12 22:54:00,231.22,16.79
4327feca-e,1,8492863a,1899a1e3,2025-10-01 09:11:00,208.04,8.92
be4c24a2-c,1,7ad28f77,5a0321a0,2025-04-13 10:59:00,349.72,11.64
be4c24a2-c,2,444631da,61b97a64,2025-04-13 10:59:00,309.37,12.91
c60ed7cc-f,1,9e445642,c174dfaf,2025-09-30 03:00:00,159.98,40.9
c60ed7cc-f,2,858d2ce8,3956f054,2025-09-30 03:00:00,241.45,32.38
c60ed7cc-f,3,86289f74,1d8cfb28,2025-09-30 03:00:00,24.78,36.06
dc25f28d-7,1,12b1c297,f70ab406,2025-06-19 06:12:00,133.6,13.83
dc25f28d-7,2,ae6650c6,ba7aa899,2025-06-19 06:12:00,21.64,31.05
13e0f430-6,1,46247658,e566e56e,2025-10-10 11:35:00,121.5,10.64
13e0f430-6,2,f73320d2,c2becaa5,2025-10-10 11:35:00,250.15,9.88
860f2b36-c,1,4ebc1480,1167ba83,2025-03-01 12:03:00,283.1,19.56
ebcca195-4,1,e8254a94,82faa026,2025-09-01 18:08:00,312.75,34.28
7df342dc-0,1,edeebea4,5c67f922,2025-04-30 04:55:00,358.12,40.65
df771998-8,1,4f06f5f6,7d168698,2025-02-08 15:07:00,277.93,12.71
9cb38135-e,1,71149b97,b8bbfc36,2025-03-01 10:35:00,215.52,29.85
9cb38135-e,2,6ac32529,9da9161f,2025-03-01 10:35:00,285.08,28.27
e47eb100-a,1,924c80ea,a8eb659a,2025-06-29 06:52:00,316.95,14.4
e47eb100-a,2,5398e4a2,6aa53ff9,2025-06-29 06:52:00,336.62,34.34
9576ed8e-e,1,bb8a0b65,7c4db3c8,2025-11-07 14:20:00,45.28,12.02
d0baddc6-c,1,4ba1d7fc,520a59e4,2025-09-16 20:42:00,407.92,31.54
df696635-d,1,13f00340,a304c964,2025-08-25 17:18:00,145.38,37.39
10ad3dbe-8,1,dd9ea5e6,96419357,2025-07-01 02:37:00,190.83,12.72
09762659-d,1,7de3f7af,dced5330,2025-07-14 17:03:00,389.64,40.03
09762659-d,2,b131e4c7,6d20eced,2025-07-14 17:03:00,202.8,29.84
09762659-d,3,13f00340,77826588,2025-07-14 17:03:00,324.62,23.02
09762659-d,4,215571b7,978b72f7,2025-07-14 17:03:00,252.13,32.51
3c09037e-f,1,d7fc0a60,a0246f40,2025-10-17 12:53:00,73.41,10.65
3c09037e-f,2,5a5a81da,156e30ec,2025-10-17 12:53:00,77.64,40.74
3c09037e-f,3,92ebab06,6c3851e5,2025-10-17 12:53:00,439.11,13.02
3c09037e-f,4,f7d02a95,a846432a,2025-10-17 12:53:00,294.38,23.39
87d17a38-4,1,63a33f6d,a8f183e9,2025-08-11 19:11:00,182.35,16.35
ac5e6c17-f,1,87aa2d53,3d2eb7cf,2025-10-28 15:54:00,265.71,9.24
db84dde5-2,1,962a09ee,b509b994,2025-07-13 03:37:00,76.81,35.06
db84dde5-2,2,40663e45,7b3b17c6,2025-07-13 03:37:00,217.25,10.89
db84dde5-2,3,aef5d53f,16676df8,2025-07-13 03:37:00,121.68,31.33
97c13ee6-8,1,86289f74,42eddfa6,2025-02-14 21:40:00,281.67,41.43
97c13ee6-8,2,5d8fa470,e1df63ff,2025-02-14 21:40:00,353.66,25.35
46d0dd0d-8,1,1bef1134,82d7d187,2025-10-26 23:21:00,331.23,28.86
d3e9d053-7,1,edb8f78e,0efe77e8,2025-10-26 01:42:00,70.17,10.84
4d83a745-f,1,343dcfd1,4fd0f665,2025-11-17 08:17:00,301.73,21.68
0a9c2c71-f,1,346d75cc,2bea798a,2025-09-11 05:51:00,379.36,35.85
0a9c2c71-f,2,499552bf,3a64abcf,2025-09-11 05:51:00,350.11,16.8
0a9c2c71-f,3,7c16586a,2c3e73bd,2025-09-11 05:51:00,330.81,14.19
2b6775b3-9,1,06d10537,0365f0f4,2025-11-30 08:48:00,222.18,43.09
9e826d47-c,1,c7d80541,0a3641d7,2025-12-21 22:24:00,140.62,37.5
9e826d47-c,2,ccdaacf2,9a9d2817,2025-12-21 22:24:00,310.14,43.59
a84d07bf-f,1,0203ff6f,9c53701d,2025-07-06 13:39:00,132.59,37.69
a84d07bf-f,2,5414d82a,f25e4e8b,2025-07-06 13:39:00,299.64,22.47
4f1cbad2-4,1,a69afd9f,47d1562b,2025-05-09 23:43:00,161.77,33.54
4f1cbad2-4,2,4767d031,bb8f560d,2025-05-09 23:43:00,151.27,8.39
f29f7591-c,1,4ebc1480,b83e1145,2025-02-09 00:26:00,167.91,34.83
04ca8382-0,1,bad7bd4a,4167b1b8,2025-01-18 19:05:00,323.01,12.44
3f4a3674-d,1,80f192ad,e658e6e7,2025-12-08 20:36:00,292.87,42.14
de902ed3-e,1,c2a0ed70,5d47432c,2025-12-13 10:16:00,353.04,22.16
de902ed3-e,2,b25c0395,8567793b,2025-12-13 10:16:00,448.24,17.55
865e16d6-0,1,24a1c73a,2aefc37d,2025-08-19 02:31:00,77.58,36.44
3943e842-d,1,c587f345,3feb63ae,2025-08-20 22:16:00,353.1,8.69
a88bddd8-c,1,943a1be7,418b91fc,2025-11-29 00:59:00,80.95,20.2
81920ee0-5,1,c3b5fec6,54383c3a,2025-01-07 16:45:00,249.96,8.12
69b43e5d-1,1,8fb9b9d4,413c140b,2025-10-07 11:21:00,173.93,39.57
233386d5-e,1,f3583162,982c937c,2025-08-29 09:41:00,302.42,19.06
c8ecc430-7,1,64e7c9dc,6c136518,2025-12-24 11:31:00,334.87,13.18
c8ecc430-7,2,b499bd3c,40964cfc,2025-12-24 11:31:00,26.03,44.87
43765636-a,1,63a33f6d,1dd00e45,2025-07-24 02:50:00,435.46,8.61
2806fb5a-b,1,623da73e,fe372f26,2025-01-27 12:07:00,79.79,29.44
2b4eb5f0-a,1,edc1d87a,91ba2b6b,2025-12-06 00:30:00,89.93,9.85
297de6c0-0,1,1a17b66b,7ab13e7b,2025-11-14 05:53:00,42.45,15.5
6400a422-8,1,4821bd82,1d10bf63,2025-06-21 03:43:00,347.44,29.94
6400a422-8,2,0203ff6f,5dced064,2025-06-21 03:43:00,42.5,18.13
dbe902d7-0,1,4ba1d7fc,41b4f58d,2025-07-14 17:10:00,32.7,11.7
ceed0065-d,1,aef5d53f,55eae0b6,2025-07-17 05:01:00,322.43,29.97
1d4beb42-1,1,f8241532,a804c6ca,2025-09-06 22:08:00,242.54,23.25
6afa43ca-d,1,aef5d53f,1ea04918,2025-12-26 01:38:00,287.83,36.96
ca8d8b1d-2,1,508bf8ab,16a8f2c1,2025-10-18 07:12:00,235.78,25.18
e1dd6a10-7,1,7c8eb5e3,e22abe4c,2025-03-04 04:43:00,38.5,21.48
8f3f196e-b,1,b1a45968,501561c6,2025-11-17 14:02:00,226.0,12.29
224a4efb-4,1,2a4d40ff,4f737ae3,2025-06-21 13:12:00,114.09,16.77
224a4efb-4,2,499552bf,4fe4a753,2025-06-21 13:12:00,393.4,21.89
795d6b8a-3,1,ea93ce95,4e333dbe,2025-09-11 01:56:00,92.46,21.82
795d6b8a-3,2,a0683d93,fe6ccf8a,2025-09-11 01:56:00,328.12,31.38
795d6b8a-3,3,f8241532,0728037e,2025-09-11 01:56:00,102.96,12.71
ad1769b6-4,1,1a17b66b,033bf6d4,2025-03-16 03:54:00,400.59,30.33
ad1769b6-4,2,a35c6479,01da6299,2025-03-16 03:54:00,266.48,28.45
b3b7737f-4,1,3f0171a6,417cf586,2025-09-30 15:55:00,136.44,35.01
fd7815e8-b,1,7c8eb5e3,af01da2f,2025-10-29 07:57:00,32.43,25.41
c6d65db0-b,1,c7d80541,e6e76045,2025-10-04 12:30:00,316.52,23.04
8ce5f66e-2,1,32d9c356,ecbc10fa,2025-05-08 20:05:00,388.2,35.65
b1d35145-6,1,af7c3d3f,05a56523,2025-03-17 22:25:00,389.27,10.62
85b499b7-d,1,c766242f,3c429a4e,2025-06-06 13:48:00,357.65,11.0
1acd8f1e-e,1,7bfdad86,7f51c728,2025-12-17 11:56:00,174.02,14.48
824777e0-f,1,21c6d812,06a4ad28,2025-10-20 22:49:00,335.76,35.83
ea9feebf-e,1,0145b8da,cb8eeb04,2025-05-22 16:43:00,226.51,27.49
3161deb8-6,1,18b2b5a9,32f6d840,2025-12-19 17:57:00,96.93,40.71
eed5cbfa-0,1,343dcfd1,3d889984,2025-06-02 02:06:00,395.62,27.27
bb2eebed-b,1,ed213a56,61fb324e,2025-10-10 04:30:00,141.81,10.33
6b4436e7-c,1,45104aa7,b385f97a,2025-09-29 20:21:00,226.47,32.64
aabb71ec-7,1,76252a44,93b64f29,2025-08-28 09:36:00,176.78,18.66
70200fa9-7,1,01b22555,0be12202,2025-08-27 05:39:00,380.11,33.64
95403c53-7,1,7aac1942,e7753d90,2025-01-27 10:36:00,322.6,32.63
3f539ffa-c,1,844c0629,90a1c429,2025-08-23 17:10:00,349.31,43.07
00b53d59-2,1,46247658,72eef937,2025-10-12 16:21:00,305.1,37.58
00b53d59-2,2,85b148ec,d718549b,2025-10-12 16:21:00,162.33,12.16
f7b12a66-3,1,4ebc1480,5b41ff5a,2025-12-19 17:07:00,170.47,20.08
f7b12a66-3,2,572684f3,f0f5b861,2025-12-19 17:07:00,268.79,16.22
fdc61963-e,1,4715402d,b988ec4a,2025-02-17 17:54:00,99.59,19.76
fdc61963-e,2,dd9ea5e6,cfebbfba,2025-02-17 17:54:00,425.38,41.61
fdc61963-e,3,e5ae839e,b0631b81,2025-02-17 17:54:00,187.94,34.49
fdc61963-e,4,8c4d1c4c,bac0fb54,2025-02-17 17:54:00,175.79,21.79
4270e8e8-f,1,b3cf73d5,5fd32e1b,2025-06-12 14:55:00,364.6,18.68
4270e8e8-f,2,17bbcd88,eebab780,2025-06-12 14:55:00,331.94,23.33
ced9f7aa-f,1,8c184e16,f690b036,2025-03-20 06:19:00,53.48,23.15
ced9f7aa-f,2,8ff0f5a7,bacc55eb,2025-03-20 06:19:00,195.31,28.57
ced9f7aa-f,3,8464d5d5,256c9068,2025-03-20 06:19:00,343.53,13.07
807b7fba-8,1,d0fd83ca,a01cdd1e,2025-09-14 01:52:00,112.67,37.28
2793e977-6,1,671b4fed,7269ed39,2025-11-27 15:07:00,196.46,26.2
aa7609ce-9,1,1a67a9ff,6bab7178,2025-05-11 00:07:00,275.52,21.39
2d65a813-b,1,8af3c722,fe529020,2025-08-17 08:40:00,22.63,17.6
e6ce468d-3,1,72966584,586d80ba,2025-06-18 14:56:00,291.77,43.34
105142f6-2,1,714642dd,158d254e,2025-11-29 02:32:00,251.51,40.28
105142f6-2,2,06d10537,f8a08159,2025-11-29 02:32:00,133.08,33.82
37fb9062-0,1,36dcbb7e,8f442762,2025-10-29 11:52:00,353.78,23.24
ab811957-e,1,e930d17d,2394a1f9,2025-09-20 07:53:00,383.04,34.36
ab811957-e,2,ae6650c6,597eb3ec,2025-09-20 07:53:00,196.55,41.89
20ecc525-f,1,cc935477,ceb2a495,2025-07-03 09:44:00,89.91,19.27
de04ac71-e,1,05f43073,4eb6e14e,2025-12-27 04:44:00,441.78,23.72
3d4931c5-8,1,d8cc903c,8bce851d,2025-09-10 13:02:00,273.03,25.36
2202bc17-3,1,a490f0cd,0b9a04ca,2025-06-09 21:00:00,95.38,21.01
ef6955e3-a,1,b604b57b,9b3a957e,2025-07-03 11:10:00,44.73,38.32
7aab33c9-4,1,b721a513,562c9fa5,2025-04-14 09:10:00,417.04,42.06
e0a904fe-3,1,7ca12e2f,b016644c,2025-07-12 22:37:00,441.87,23.69
07453fe0-8,1,e5ae839e,01c0d32b,2025-03-04 10:07:00,321.56,28.61
ad760576-4,1,bb2dcad1,c89066ff,2025-03-06 12:18:00,113.25,23.07
ad760576-4,2,35b07f2f,05ee7425,2025-03-06 12:18:00,97.12,10.58
ad760576-4,3,45284e60,72a95cbc,2025-03-06 12:18:00,423.5,21.6
ad760576-4,4,c7d80541,be51ef02,2025-03-06 12:18:00,449.44,26.19
f880c2c2-f,1,858d2ce8,9d4d0d9b,2025-12-09 21:05:00,337.52,41.02
a46a1659-e,1,844c0629,198724ce,2025-06-28 06:38:00,136.16,34.4
29fd152a-1,1,dd9ea5e6,ff5e262f,2025-12-01 12:22:00,136.32,36.42
29fd152a-1,2,24a1c73a,c0674c3d,2025-12-01 12:22:00,68.15,26.11
29fd152a-1,3,ae2a4ad9,14351906,2025-12-01 12:22:00,288.34,12.98
29fd152a-1,4,b721a513,ce1f7fdc,2025-12-01 12:22:00,335.94,38.72
8d635802-3,1,a0ea4d65,7b2e24c2,2025-04-07 12:38:00,345.67,32.46
199f46a5-0,1,30b713c0,a6f978b1,2025-09-01 06:18:00,250.96,37.95
8c43121e-a,1,85b148ec,700c7505,2025-01-22 13:56:00,214.95,9.22
8c43121e-a,2,34bf6985,c04b2a93,2025-01-22 13:56:00,301.84,36.84
f73b46b5-6,1,72b33988,6fa04305,2025-06-14 22:24:00,313.14,29.17
0b972ca3-0,1,17e5d58b,ecb7cef0,2025-03-27 16:03:00,283.37,21.05
9d757e34-d,1,92a83e26,42e0f487,2025-01-20 18:02:00,347.86,31.13
e3ddb492-1,1,86289f74,172b4080,2025-07-01 11:26:00,272.75,41.68
1ac5b092-6,1,8464d5d5,baa4afc5,2025-04-02 00:34:00,238.92,23.58
1ac5b092-6,2,ed213a56,042bbdb2,2025-04-02 00:34:00,317.74,29.76
f3835ffc-9,1,3cebde76,59d75d8e,2025-07-24 10:36:00,161.15,26.6
f1cdb377-8,1,80f192ad,9ee0521b,2025-06-08 11:27:00,380.57,27.83
f1cdb377-8,2,671b4fed,e5104e07,2025-06-08 11:27:00,130.34,19.0
26b2218c-5,1,c076efd0,f74bc51e,2025-05-01 19:47:00,133.91,28.96
d64d3090-f,1,56c23881,a091e61b,2025-04-23 11:50:00,303.6,19.59
d64d3090-f,2,b3cf73d5,1362f2de,2025-04-23 11:50:00,190.0,31.12
4544dc2a-0,1,860994ba,11f3927a,2025-10-13 05:56:00,265.93,15.88
a39a5aaf-e,1,b9ebeafd,5317426f,2025-10-05 19:54:00,242.19,21.48
a39a5aaf-e,2,1f27dff3,dafa6847,2025-10-05 19:54:00,119.56,35.62
a39a5aaf-e,3,e44dc6e0,8202d4ed,2025-10-05 19:54:00,382.19,23.18
1e88ac24-8,1,661320a7,4021ea67,2025-04-20 13:17:00,313.78,16.74
27889a9f-c,1,92ebab06,58ef9b0b,2025-03-23 06:01:00,198.58,41.51
dce66719-6,1,0f9cd918,a6c3cfde,2025-01-20 08:50:00,434.25,25.98
f2c79205-e,1,8fb9b9d4,569a190a,2025-11-10 09:55:00,187.65,39.07
8ee71307-6,1,8fb9b9d4,91bcd261,2025-09-19 03:33:00,118.56,12.52
eac08354-4,1,4179340c,7d6ff647,2025-11-01 23:24:00,91.19,43.89
36373aa0-8,1,45284e60,29039b01,2025-11-03 01:31:00,311.99,43.64
9f13fb69-5,1,3ed09add,45ac0ea6,2025-07-13 09:01:00,381.04,32.5
9f13fb69-5,2,27dbfee3,21bc059d,2025-07-13 09:01:00,315.45,37.19
9f13fb69-5,3,6ac32529,004d615b,2025-07-13 09:01:00,125.05,22.23
4546adb5-7,1,85b148ec,241d77af,2025-07-10 21:07:00,183.98,41.66
4546adb5-7,2,4715402d,3ff321c9,2025-07-10 21:07:00,418.47,41.96
3d57f7f4-6,1,2942d890,e5e61863,2025-05-06 09:13:00,358.35,18.14
3d57f7f4-6,2,a35409cd,ec5079a2,2025-05-06 09:13:00,373.09,42.8
f3dd72d8-a,1,026bf726,295ea992,2025-06-25 22:27:00,43.87,23.57
ed534efe-7,1,e36d4b42,40bf7f60,2025-12-27 00:48:00,16.34,15.4
a9173e23-7,1,a2ee6258,11f3367b,2025-02-17 03:10:00,359.8,19.82
a9173e23-7,2,21c6d812,a2fa6ec5,2025-02-17 03:10:00,394.98,12.94
f874d865-f,1,17e5d58b,4d0adb77,2025-05-30 06:05:00,425.97,40.72
d47edd3d-6,1,43835fbf,1cfefdc3,2025-12-03 19:40:00,36.66,30.87
dab897c3-8,1,ea93ce95,b3284efa,2025-02-20 11:10:00,374.86,26.28
acce2223-0,1,3cebde76,1630d3c8,2025-05-22 09:47:00,276.04,44.82
6e08340e-3,1,b1a45968,9aeffb5e,2025-04-12 13:11:00,141.23,17.69
6e08340e-3,2,63a33f6d,e8749909,2025-04-12 13:11:00,409.69,21.68
8801c378-f,1,8de4e26c,306e2314,2025-08-28 02:00:00,438.86,22.71
d09df82d-6,1,1d6c8389,b8454397,2025-07-21 22:27:00,257.29,9.93
ecb48002-f,1,ccdaacf2,0865bc24,2025-07-06 19:42:00,146.59,22.6
ad0d4e7b-4,1,f73320d2,dbe7f82f,2025-01-27 18:11:00,396.89,12.88
d1f6d07f-5,1,844c0629,86f16a2a,2025-08-15 04:16:00,394.18,38.89
d1f6d07f-5,2,e5ae839e,0343afda,2025-08-15 04:16:00,417.91,18.47
d1f6d07f-5,3,0b14df53,dc56a8bf,2025-08-15 04:16:00,281.63,36.18
d1f6d07f-5,4,b95998dd,aa76efbb,2025-08-15 04:16:00,239.88,24.12
94c3c0aa-5,1,27dbfee3,0001c518,2025-03-24 17:54:00,97.18,10.02
94c3c0aa-5,2,55ba7e8c,9ff2f86c,2025-03-24 17:54:00,30.6,17.63
d59519e8-e,1,5d0203f7,f7359445,2025-09-16 01:28:00,382.94,40.07
3c1e4a2a-0,1,3ec0f88d,fc6ebb74,2025-05-31 05:53:00,107.39,44.93
60fa6f34-f,1,bad7bd4a,2ad23759,2025-08-07 02:15:00,186.46,29.84
476613f7-4,1,e8f2b837,e8b3eafd,2025-02-16 14:53:00,158.3,9.62
476613f7-4,2,0145b8da,a459cfbc,2025-02-16 14:53:00,156.34,35.07
476613f7-4,3,b604b57b,5e014e6d,2025-02-16 14:53:00,71.25,39.94
04af7d23-0,1,f2168bc4,cbd833fd,2025-02-03 23:04:00,126.0,16.88
c09129c0-9,1,346d75cc,a028eff9,2025-04-22 05:24:00,67.46,26.16
c09129c0-9,2,56c23881,c8103dcc,2025-04-22 05:24:00,335.11,42.1
c09129c0-9,3,ddea18ae,924f95eb,2025-04-22 05:24:00,171.18,11.56
5d0cf12e-8,1,8fb9b9d4,7d557d76,2025-09-13 14:56:00,344.07,38.01
92f4ab65-e,1,41386a8b,3832c515,2025-11-24 13:05:00,419.84,27.51
866dd089-6,1,e44dc6e0,9fff916e,2025-09-02 13:05:00,381.07,27.35
1f584fc0-7,1,1d6c8389,5b62e35b,2025-10-15 02:58:00,217.13,34.65
67623e6c-6,1,b5c58c9d,abfa0d79,2025-11-01 02:49:00,356.99,39.19
38df5bb6-5,1,63a33f6d,08851583,2025-06-07 10:37:00,286.36,17.81
38df5bb6-5,2,860994ba,a8d1fe46,2025-06-07 10:37:00,106.81,10.89
be9450b5-d,1,a35c6479,289bfd48,2025-12-16 03:27:00,300.27,25.03
814ba77c-c,1,e5ae839e,f34ae39f,2025-11-10 23:31:00,315.44,43.64
a7843b05-9,1,00f1f66d,cf516118,2025-06-09 02:08:00,388.67,15.74
a7843b05-9,2,a01c84b0,82d401db,2025-06-09 02:08:00,297.64,24.12
dfbe62f5-b,1,346d75cc,c7919a6a,2025-06-09 14:09:00,336.37,24.47
ceaed8af-9,1,ae33358f,7c56e433,2025-08-24 18:15:00,160.22,11.8
ceaed8af-9,2,56c23881,086947fc,2025-08-24 18:15:00,441.08,39.4
cc548c88-2,1,d8cc903c,43569dd4,2025-10-16 09:02:00,272.1,30.63
4e4ca594-6,1,cd04d99b,6d1fe72e,2025-09-12 07:45:00,152.39,10.35
de707fbc-2,1,b499bd3c,f4e4b033,2025-09-16 19:41:00,219.12,24.21
37e39dc7-4,1,a65474a3,2024a372,2025-12-22 10:58:00,329.5,22.44
95c54a86-5,1,d1310ac6,dc8045a7,2025-07-09 15:51:00,315.45,11.19
fa1a0489-b,1,af2aae2e,02c6d3b5,2025-04-04 06:10:00,147.09,15.75
d6fe4dcc-f,1,c024873d,60068332,2025-07-07 21:10:00,64.58,16.39
5cbb315a-f,1,83ffdcdd,9c940d4b,2025-05-18 10:50:00,277.87,11.85
5cbb315a-f,2,0570f6af,3ba7088e,2025-05-18 10:50:00,418.08,24.2
81891166-4,1,12b1c297,b318d0b1,2025-11-14 19:50:00,393.83,41.71
621c49d1-2,1,f7d02a95,4e19bfde,2025-09-22 15:46:00,68.5,15.47
2c5e5a4a-c,1,b3cf73d5,9aca9093,2025-09-05 10:18:00,171.88,32.6
a7ed5db8-e,1,a0683d93,abece36f,2025-05-02 04:51:00,429.05,27.1
a7ed5db8-e,2,46130b9f,c7250af1,2025-05-02 04:51:00,425.53,24.38
a7ed5db8-e,3,73ae90c5,288c81e2,2025-05-02 04:51:00,327.17,27.14
0138ab7d-e,1,343dcfd1,07edc734,2025-07-30 05:27:00,407.59,10.14
0138ab7d-e,2,a69afd9f,08b6754e,2025-07-30 05:27:00,438.11,23.51
0138ab7d-e,3,72b33988,f38338c9,2025-07-30 05:27:00,394.99,34.7
15391f6e-1,1,924c80ea,96bb42f9,2025-05-29 16:39:00,286.6,30.87
a901e7ee-9,1,11b5ce57,1894dedc,2025-12-04 12:49:00,330.42,35.38
8e48d18a-e,1,42986a86,33ed59ff,2025-04-25 02:32:00,25.19,40.94
8e48d18a-e,2,508bf8ab,f2b46858,2025-04-25 02:32:00,272.74,16.93
f78d2ac2-b,1,fcd95cf7,54563831,2025-09-21 03:46:00,35.76,32.09
28064723-c,1,5d8fa470,8edabfbc,2025-01-08 14:21:00,382.36,16.65
c6af5697-2,1,5b76386b,4027b133,2025-10-26 21:08:00,60.77,27.11
54023084-c,1,a35409cd,f1cfe253,2025-07-09 14:06:00,55.13,23.72
54023084-c,2,05f43073,b18ff4e3,2025-07-09 14:06:00,222.17,24.51
966f7c4b-8,1,e31ba7d4,f72c9a67,2025-07-31 18:35:00,448.48,33.49
4f6d90c4-6,1,d8cc903c,bc23056c,2025-03-30 04:32:00,390.52,12.37
4f6d90c4-6,2,b81b3046,b4a37bca,2025-03-30 04:32:00,213.11,9.21
4f6d90c4-6,3,82a623b9,47ecc752,2025-03-30 04:32:00,425.67,21.67
2288aa86-8,1,11ce6482,e305df30,2025-03-08 11:36:00,446.09,19.22
fb29d54d-a,1,11ce6482,db2d63f3,2025-03-20 04:50:00,401.74,15.98
78db113c-3,1,0145b8da,11386c9a,2025-10-13 11:04:00,406.62,36.91
1f061ed1-7,1,63a33f6d,94c4b15e,2025-11-12 04:48:00,305.24,13.51
be16fb21-2,1,5a01c7ca,5493cd12,2025-11-21 21:39:00,162.46,9.7
672f7e99-0,1,e8254a94,5634da77,2025-02-20 05:45:00,259.05,12.58
fca24783-9,1,45284e60,d6f71f16,2025-04-14 19:34:00,233.65,8.69
f590e6fb-2,1,2a5ed824,3c0230b4,2025-05-26 06:15:00,189.78,9.66
4e30fec3-4,1,b721a513,c37b736a,2025-08-06 00:55:00,250.67,18.56
43869221-6,1,81b3a025,31ae1282,2025-06-12 13:43:00,144.64,11.65
1854c7c8-3,1,e1a1c8e9,b37cf915,2025-07-17 03:03:00,342.29,22.25
833f624e-b,1,f30d14a5,4ce48938,2025-08-31 17:26:00,132.08,43.65
ac242a48-2,1,b27e8c45,6a7a0d20,2025-03-11 09:36:00,103.5,43.81
ad1919f4-c,1,d0fd83ca,8d64eaa3,2025-04-02 07:34:00,433.08,30.97
26f2ba56-d,1,3ec0f88d,a78bb3ee,2025-05-25 19:16:00,380.7,18.41
a7049e87-a,1,13d52475,3080f3ac,2025-06-08 02:25:00,280.54,43.42
a7049e87-a,2,13f00340,e94bfc1f,2025-06-08 02:25:00,399.51,42.98
84742fa0-7,1,cb2a336f,1b1e3310,2025-05-25 07:42:00,21.91,33.6
84742fa0-7,2,ad3fe261,8e712e71,2025-05-25 07:42:00,279.82,8.16
84742fa0-7,3,e1c6fa6e,048e958c,2025-05-25 07:42:00,307.63,23.29
e8289c66-a,1,bb2dcad1,e749ff2a,2025-02-16 20:41:00,307.43,21.06
e8289c66-a,2,8c184e16,3d494645,2025-02-16 20:41:00,374.95,21.24
b3eff237-2,1,dac043c1,a0a5ad3e,2025-07-14 06:28:00,98.31,38.2
26e2a5de-6,1,13d52475,3aca5e76,2025-05-05 15:23:00,18.1,44.42
998290af-b,1,aa9168b7,37922b3d,2025-05-28 18:32:00,307.4,30.31
d81bee53-f,1,b499bd3c,fb153d2d,2025-02-08 04:16:00,383.74,8.86
d81bee53-f,2,71149b97,90c63af0,2025-02-08 04:16:00,282.29,33.19
bc5d175f-1,1,ebdd156e,b9224deb,2025-11-30 21:41:00,67.95,27.18
bc5d175f-1,2,2ce3ae86,e5489efb,2025-11-30 21:41:00,172.24,36.08
bc5d175f-1,3,4b9fe1f9,6b047cf2,2025-11-30 21:41:00,35.43,41.98
bc5d175f-1,4,71149b97,ade47b1b,2025-11-30 21:41:00,210.25,8.19
9a3bb2f3-a,1,cb2a336f,13cbd074,2025-01-18 23:14:00,150.2,31.16
14909ed5-6,1,6ac32529,2c4ae060,2025-01-18 18:51:00,432.08,38.8
251a7aa5-b,1,1d6c8389,21f16358,2025-05-07 02:49:00,287.03,29.42
1a91160c-c,1,56c23881,1f0908b3,2025-06-15 22:04:00,43.62,33.07
9548d1ac-4,1,73ae90c5,f3dfae6c,2025-07-20 12:06:00,212.23,25.18
39ca02ba-e,1,b499bd3c,59470585,2025-02-26 10:41:00,61.98,8.45
f5c81fd3-8,1,bb2dcad1,f652494b,2025-03-11 20:32:00,95.88,13.09
c0fc2c94-5,1,a01c84b0,fc3a4589,2025-11-01 13:32:00,79.12,19.42
c0fc2c94-5,2,cc935477,f51c8bd0,2025-11-01 13:32:00,141.61,43.9
7744f296-5,1,0edb474e,17a82d91,2025-12-19 04:03:00,388.54,23.62
af5f2722-8,1,18555030,48c890cf,2025-11-29 06:50:00,275.9,20.25
f334c43e-b,1,0f9cd918,88fa4e71,2025-11-17 09:26:00,230.73,42.04
f334c43e-b,2,4b9fe1f9,046e2837,2025-11-17 09:26:00,316.55,25.26
5c4716a9-8,1,dbd26aa1,0d85e8a9,2025-06-24 23:24:00,172.83,10.73
ef0da0e9-1,1,e5ae839e,5ac2f5ee,2025-03-05 04:18:00,34.1,9.1
5406ceb1-c,1,b617be37,ef7a582f,2025-05-20 23:11:00,381.65,41.69
17783d06-2,1,6ac32529,028ed9c9,2025-03-03 10:59:00,175.79,21.78
c5d244b8-7,1,05f43073,9db80082,2025-11-21 13:56:00,360.78,15.09
c5d244b8-7,2,17e5d58b,92dbd718,2025-11-21 13:56:00,317.04,19.76
2c3311ab-3,1,5b76386b,3da3617a,2025-01-29 19:37:00,38.17,37.44
bfe37ac8-b,1,dce37340,939f77cc,2025-04-23 23:05:00,341.82,31.87
b340a396-1,1,2ce3ae86,1f009e02,2025-09-28 14:11:00,221.08,29.5
5b1a7984-f,1,17bbcd88,2cd715bb,2025-04-22 07:57:00,401.59,29.14
925a160f-f,1,e74981f9,47f76a93,2025-02-18 04:48:00,269.02,25.21
b58002d0-6,1,e2aac2dd,b040c2e3,2025-08-24 14:27:00,93.11,16.65
a9301cfa-4,1,bacdb118,e4aff50e,2025-09-19 16:34:00,171.7,28.2
a40c6f6f-b,1,2fde09c6,0b0d1442,2025-06-23 08:19:00,321.95,44.93
a40c6f6f-b,2,924c80ea,f7631eb9,2025-06-23 08:19:00,411.89,8.32
d5722a00-b,1,63cb55c9,6ce73a46,2025-07-02 12:25:00,391.48,16.42
f48bdbf5-a,1,cf55c767,60121040,2025-11-02 17:48:00,151.19,14.95
818821b8-b,1,e1c6fa6e,61930499,2025-08-24 17:01:00,232.41,32.38
60da92c9-2,1,f96eeb5c,54173772,2025-08-08 13:43:00,261.9,9.19
2995fc8c-8,1,7ee46027,431fb17d,2025-11-24 19:58:00,427.68,10.36
2995fc8c-8,2,53ca8c22,361ea221,2025-11-24 19:58:00,96.93,12.02
2995fc8c-8,3,b604b57b,aad6bb69,2025-11-24 19:58:00,433.44,31.64
2995fc8c-8,4,1bef1134,d9d2dd27,2025-11-24 19:58:00,55.56,11.86
531e6285-f,1,53ca8c22,80d9c006,2025-12-24 19:31:00,138.46,16.62
531e6285-f,2,89c04c0a,c1546169,2025-12-24 19:31:00,45.44,10.13
531e6285-f,3,d8012882,96d8bee6,2025-12-24 19:31:00,19.81,20.09
020263f3-6,1,3cebde76,2b265111,2025-03-03 04:34:00,71.52,15.61
020263f3-6,2,56c23881,e3ab73e7,2025-03-03 04:34:00,370.78,32.6
020263f3-6,3,42986a86,c5b32b82,2025-03-03 04:34:00,277.61,42.75
e7f10e7c-4,1,f2168bc4,0b7eece9,2025-12-22 14:17:00,278.11,17.13
8b6d2757-9,1,331264ad,e4365532,2025-08-29 14:36:00,165.85,39.18
4b408e28-7,1,55ba7e8c,429ca0a4,2025-04-05 13:15:00,318.86,11.53
ca734716-9,1,72b33988,03f19c41,2025-11-23 17:18:00,67.74,21.64
5513312e-e,1,3f0171a6,76424adb,2025-08-24 05:16:00,180.8,35.6
53408802-c,1,3f0171a6,29cd73b1,2025-05-14 03:45:00,44.68,28.29
41fba72f-4,1,5d8fa470,677595d4,2025-05-28 05:10:00,337.53,14.23
23cf3a86-c,1,c173b5e1,d934ed69,2025-07-08 05:13:00,378.88,38.03
dd649f66-4,1,b7259473,feb0bcbd,2025-08-21 01:38:00,177.97,16.83
e01be951-8,1,a0ea4d65,19ccc3f5,2025-01-13 10:52:00,361.66,38.73
f09a0050-e,1,c766242f,50135cf1,2025-09-25 03:52:00,421.43,22.62
e205d568-7,1,c7d80541,939cb8ea,2025-04-25 03:22:00,184.3,24.97
53364c74-5,1,844c0629,4eac22b3,2025-07-13 01:04:00,442.65,11.77
53364c74-5,2,623da73e,c12f24bf,2025-07-13 01:04:00,359.2,42.12
5d2acf69-e,1,5a677ab7,6c31adee,2025-02-23 19:20:00,159.44,31.51
5d2acf69-e,2,13f00340,d2d4a1b6,2025-02-23 19:20:00,440.44,32.66
5d2acf69-e,3,1a67a9ff,7e7f8296,2025-02-23 19:20:00,160.77,30.52
60a8f247-1,1,06697ada,e305cd83,2025-09-24 20:47:00,24.23,36.08
60a8f247-1,2,fcd95cf7,c98158a7,2025-09-24 20:47:00,149.35,35.3
60a8f247-1,3,73bf66cd,5cba97ec,2025-09-24 20:47:00,284.6,10.22
60a8f247-1,4,ad14c942,451db54a,2025-09-24 20:47:00,231.95,15.47
ab8f2f27-f,1,bb2dcad1,3117a729,2025-01-25 07:59:00,336.58,20.16
ab8f2f27-f,2,71088410,ac711258,2025-01-25 07:59:00,153.13,37.12
ab8f2f27-f,3,7bfdad86,a27230b2,2025-01-25 07:59:00,241.58,44.17
ab8f2f27-f,4,671b4fed,e99fdcaf,2025-01-25 07:59:00,341.49,16.47
b4603195-a,1,d470fd17,b4b84322,2025-05-10 06:34:00,279.51,22.11
6c43180c-4,1,695cee78,8540f780,2025-11-24 00:04:00,423.15,12.65
b5f94621-b,1,86289f74,b982b31e,2025-04-20 07:32:00,86.41,15.31
30082a54-d,1,91a01fb1,c0170de2,2025-05-13 09:18:00,49.81,43.98
b87efd94-f,1,91a01fb1,b6e0ff3e,2025-09-04 14:27:00,23.62,22.11
66791da8-4,1,ea93ce95,bb9cd661,2025-03-25 17:46:00,138.2,28.8
7dae4029-a,1,b27e8c45,2e961c7e,2025-03-16 22:30:00,332.71,21.85
b39222d1-c,1,25286f10,04b42f24,2025-07-16 12:31:00,446.73,12.61
9ba4aeef-7,1,81b3a025,030aa6a7,2025-08-17 08:49:00,298.14,42.28
17dc4acc-f,1,331264ad,f40df7d4,2025-07-10 20:45:00,425.76,13.45
cf2aa1ab-9,1,f3583162,ed73fa25,2025-03-29 00:07:00,187.99,29.69
7c7de4b2-a,1,71149b97,891304be,2025-04-12 13:10:00,301.44,22.16
3e88f0cc-e,1,d424c64b,7f3802d4,2025-02-20 03:40:00,340.7,42.41
3e88f0cc-e,2,87953b9c,90440797,2025-02-20 03:40:00,319.07,8.24
c340df09-4,1,a35c6479,bd2d77fe,2025-02-10 22:26:00,91.73,14.9
9117266b-3,1,55ba7e8c,96ab26f0,2025-09-20 03:28:00,366.99,15.1
1b918edc-8,1,a65474a3,a0b94809,2025-11-21 03:55:00,52.28,12.61
bbcc56b6-4,1,eb85827d,c94c8b93,2025-01-21 18:15:00,130.75,43.34
9fba49bf-a,1,943a1be7,c7548295,2025-04-24 16:50:00,420.48,25.51
9fba49bf-a,2,c076efd0,845e3cb2,2025-04-24 16:50:00,277.9,20.45
9fba49bf-a,3,cc935477,2dd11dbb,2025-04-24 16:50:00,449.76,38.22
9fba49bf-a,4,e5ae839e,7df240b5,2025-04-24 16:50:00,304.31,22.0
07a0db6f-3,1,bad7bd4a,c67e872e,2025-02-26 00:29:00,393.02,18.34
f24e9dfe-7,1,ad3fe261,1469aadd,2025-12-23 21:55:00,443.99,43.43
f5068e5c-1,1,06697ada,bde63a1b,2025-07-09 01:51:00,278.94,22.81
09dadcb9-a,1,59105597,988e8147,2025-02-16 11:27:00,334.41,18.87
09dadcb9-a,2,572684f3,6872443e,2025-02-16 11:27:00,324.69,40.18
87e95f21-8,1,18555030,bc4c4c4a,2025-01-22 04:31:00,88.1,24.51
87e95f21-8,2,584eb8cb,325554d2,2025-01-22 04:31:00,224.74,28.0
87e95f21-8,3,73bf66cd,3b7af023,2025-01-22 04:31:00,107.06,35.87
87e95f21-8,4,aef5d53f,d64f94c0,2025-01-22 04:31:00,60.88,44.75
2cc0c77d-f,1,e36d4b42,534a1ea9,2025-05-29 07:46:00,416.39,31.44
e7e7a82c-e,1,18b2b5a9,96b9ef8f,2025-12-26 10:55:00,295.13,21.95
e7e7a82c-e,2,ccdaacf2,421c70d3,2025-12-26 10:55:00,299.46,37.05
5a6d262f-7,1,00f1f66d,a12f9aec,2025-05-18 03:18:00,338.91,12.3
c14e325f-7,1,623da73e,3d42aa9d,2025-06-15 12:36:00,97.59,22.36
4c93922d-3,1,d470fd17,a4eb583a,2025-07-11 21:59:00,61.36,8.34
0d2dfdbd-5,1,3ed09add,7dbf5872,2025-06-06 07:31:00,275.51,19.43
c54c1de8-8,1,8c184e16,1e854bfe,2025-09-07 20:53:00,40.58,37.98
49e59dc3-2,1,e44dc6e0,c15b0876,2025-02-01 05:54:00,443.21,32.39
0fd19898-7,1,34b60de6,fd7fdcb6,2025-10-13 12:21:00,46.24,34.89
0fd19898-7,2,d1310ac6,352f5139,2025-10-13 12:21:00,317.92,15.22
732217d5-c,1,cd04d99b,f6d9afa5,2025-03-14 10:48:00,74.84,33.75
19ff634a-c,1,858d2ce8,8665969b,2025-04-27 23:12:00,310.07,44.57
19ff634a-c,2,1f27dff3,8bbdb795,2025-04-27 23:12:00,178.8,44.36
3ebe5559-0,1,63cb55c9,5b137ef2,2025-09-05 05:03:00,287.73,22.95
fdd2830b-a,1,aef5d53f,ffbc4868,2025-09-13 09:44:00,353.31,40.0
9d3327fd-a,1,edb8f78e,bc7bdafb,2025-12-06 14:23:00,68.09,31.73
c406f150-1,1,4767d031,899834bc,2025-01-17 18:36:00,182.02,45.0
30f97afe-d,1,ed213a56,37a12e17,2025-03-11 03:20:00,186.3,38.25
5db2c0a2-d,1,4767d031,9b009ff2,2025-09-28 18:34:00,389.97,33.72
5db2c0a2-d,2,e8f2b837,1081c06a,2025-09-28 18:34:00,256.3,37.62
b8ecad6f-e,1,3ed09add,3a150819,2025-04-21 20:10:00,51.81,12.61
b8ecad6f-e,2,25cbedf2,8d377429,2025-04-21 20:10:00,173.15,28.14
9901a0c6-6,1,cd04d99b,56a694a5,2025-05-13 09:02:00,228.34,19.58
699bc4b4-1,1,00f1f66d,97fcb890,2025-09-24 06:44:00,76.63,39.68
1c1f78aa-c,1,c18b5129,5d65b526,2025-04-26 18:22:00,125.91,22.13
77f33fd1-8,1,d424c64b,ec21a3c9,2025-05-16 21:27:00,447.98,33.78
ae14b0fd-9,1,346d75cc,c19da752,2025-12-03 16:38:00,152.62,37.15
e3e41de1-e,1,2942d890,d5848d2e,2025-11-11 07:04:00,43.69,31.69
dc0e780d-9,1,17e5d58b,c346a235,2025-05-25 04:55:00,441.08,16.22
dd5fdd87-6,1,fdfdede0,8537c688,2025-06-11 18:52:00,391.45,28.41
4070b861-d,1,71149b97,118a5883,2025-04-03 10:48:00,254.98,40.63
f97c339c-f,1,7ad28f77,7f0c10e2,2025-03-12 08:00:00,179.78,35.21
33e2654e-5,1,7ca12e2f,ed752fbb,2025-05-13 21:38:00,362.33,26.58
e5c0931a-6,1,8fb9b9d4,242c884c,2025-05-03 09:40:00,291.08,10.84
e5c0931a-6,2,6ac32529,ec74d2ec,2025-05-03 09:40:00,426.02,14.11
6c6a3e8c-d,1,83ffdcdd,b6a71c9d,2025-09-15 00:27:00,313.03,33.04
85824482-3,1,5d8fa470,8d312f79,2025-08-01 00:39:00,341.11,17.04
502bb09b-c,1,01b22555,f1351f8f,2025-01-27 19:28:00,47.68,39.06
502bb09b-c,2,83ffdcdd,c52198f2,2025-01-27 19:28:00,168.68,9.88
502bb09b-c,3,2ce3ae86,f61d3990,2025-01-27 19:28:00,179.91,21.81
019ccfb0-9,1,b604b57b,a283d9b1,2025-10-09 03:18:00,186.23,42.15
fae14254-c,1,7ca12e2f,1f902e33,2025-11-18 15:03:00,61.62,20.94
cf19ac57-5,1,a2ee6258,51ffa3c2,2025-02-26 13:31:00,68.87,26.03
cf19ac57-5,2,41386a8b,1d4dc4b7,2025-02-26 13:31:00,349.71,17.25
4f989de5-1,1,64e7c9dc,6297f54a,2025-06-08 11:27:00,85.4,21.09
4f989de5-1,2,215571b7,14ed203b,2025-06-08 11:27:00,17.53,40.69
4f989de5-1,3,42ac8785,bee09288,2025-06-08 11:27:00,63.14,18.54
4f989de5-1,4,5a677ab7,3c9e1e68,2025-06-08 11:27:00,186.63,35.53
51a99792-1,1,4dae095f,bd6d5240,2025-09-08 21:17:00,156.33,36.28
b39906b9-1,1,d7fc0a60,363527ce,2025-07-24 04:07:00,82.66,26.5
b39906b9-1,2,227bd523,c0fafc62,2025-07-24 04:07:00,37.64,38.7
5a1c5eba-f,1,35b07f2f,243fae8d,2025-01-10 13:30:00,122.77,13.64
a049f14c-c,1,42ac8785,573e03fe,2025-05-29 03:55:00,221.14,36.96
a049f14c-c,2,858d2ce8,7804c8fa,2025-05-29 03:55:00,320.0,26.59
96ecd54c-3,1,25286f10,e8955ffc,2025-11-26 04:14:00,134.13,15.11
28a217b9-6,1,ae2a4ad9,a48d8572,2025-01-15 19:12:00,111.47,23.76
c9dfba12-c,1,ac092b61,5a22d1b7,2025-02-01 09:07:00,324.54,17.14
f3e3c322-4,1,40663e45,87c07ba8,2025-01-26 00:03:00,410.19,11.73
84b16423-4,1,05f43073,89eb28a4,2025-06-26 09:07:00,159.08,35.43
b3f49ebd-4,1,9e445642,9fb9cf6c,2025-11-11 11:15:00,400.93,12.83
d38760a3-d,1,87aa2d53,e812dc92,2025-11-02 20:52:00,284.27,19.15
8ebf640a-1,1,0edb474e,04b47470,2025-03-25 01:08:00,439.18,41.11
edf43801-8,1,8b02e1d3,db11a79b,2025-03-07 13:04:00,359.04,14.18
43bf97c3-4,1,2fde09c6,8f705010,2025-03-13 09:02:00,337.21,22.71
51079ea9-1,1,11b5ce57,cc22eaf9,2025-09-25 02:10:00,189.37,18.05
8ab2cbd8-b,1,89c04c0a,3afd4041,2025-04-27 18:44:00,127.59,39.54
3f3a53a4-0,1,1f27dff3,36aac9c9,2025-10-15 03:10:00,424.79,18.28
0b8d2b76-a,1,fa0c448e,3be83d36,2025-05-13 06:34:00,290.22,43.97
cd5be561-5,1,81b3a025,301faa24,2026-01-02 17:16:00,287.29,8.39
6b3416fa-d,1,ab6a864d,35304f28,2025-05-29 05:16:00,61.3,35.59
82b62f1d-1,1,85b148ec,186a9661,2025-05-17 20:40:00,110.98,17.95
8ca7830b-3,1,215571b7,4a43f109,2025-07-27 04:28:00,175.36,41.38
275a8fa2-9,1,4767d031,707e46a9,2025-04-08 14:11:00,296.69,8.78
275a8fa2-9,2,141650f5,77fbad9f,2025-04-08 14:11:00,400.09,38.25
275a8fa2-9,3,00f1f66d,9c0243a4,2025-04-08 14:11:00,45.21,10.67
fd8f75fa-4,1,f3583162,67e9b31e,2025-02-26 23:33:00,24.01,38.58
2cc8b200-3,1,e1c6fa6e,9dbaf7fe,2025-02-17 08:09:00,431.56,11.93
dd9705b8-3,1,41386a8b,5b37f33a,2025-04-19 04:30:00,121.06,28.11
643e2fa2-4,1,dd9ea5e6,7cd9120e,2025-03-10 00:52:00,400.61,23.37
6f15a828-8,1,f3583162,94c166d6,2025-08-12 12:09:00,313.74,34.45
6f15a828-8,2,5d0203f7,b8e776df,2025-08-12 12:09:00,228.94,44.66
6f15a828-8,3,4b9fe1f9,19a45d4d,2025-08-12 12:09:00,59.26,43.37
95002558-3,1,35b07f2f,8c5cd143,2025-06-25 03:23:00,245.76,30.19
5b40ba21-4,1,c909b752,df073083,2025-12-23 09:39:00,132.93,26.47
b24eb873-4,1,11b5ce57,76d6fffc,2026-01-05 02:50:00,209.31,37.48
776962c6-3,1,55ba7e8c,971b283b,2025-10-28 13:46:00,348.88,21.05
776962c6-3,2,2ce3ae86,78ea4eec,2025-10-28 13:46:00,199.37,33.66
776962c6-3,3,499552bf,6877134b,2025-10-28 13:46:00,276.76,31.55
776962c6-3,4,f7d02a95,d0269ac5,2025-10-28 13:46:00,363.93,32.2
2c2f556f-4,1,f3583162,dfb18b7b,2025-09-17 17:34:00,51.37,34.45
2c2f556f-4,2,e930d17d,c752ee36,2025-09-17 17:34:00,266.38,33.66
d7bcf18c-8,1,7de3f7af,7cc6633a,2025-01-07 06:54:00,40.92,20.93
d7bcf18c-8,2,5cd14ab1,daa688a8,2025-01-07 06:54:00,143.19,13.33
d7bcf18c-8,3,056408d4,8497b79d,2025-01-07 06:54:00,437.74,41.78
e1916cb7-d,1,36dcbb7e,9e01040a,2025-03-17 03:44:00,38.53,11.92
e1916cb7-d,2,4ba1d7fc,34bc0e45,2025-03-17 03:44:00,47.09,38.99
e1916cb7-d,3,82a623b9,c7d681cf,2025-03-17 03:44:00,28.13,21.51
cfa61b58-c,1,e44dc6e0,fd28f196,2025-10-24 13:09:00,219.53,34.73
b227b9d2-f,1,21155322,3153682c,2025-01-12 09:07:00,277.82,14.42
9d88c504-a,1,acae5659,847790f1,2025-07-27 13:43:00,199.3,13.8
e54b971b-6,1,0edb474e,efa99e65,2025-04-24 12:39:00,278.21,10.86
e54b971b-6,2,18555030,b80e0912,2025-04-24 12:39:00,222.68,32.15
c3ca728b-9,1,46130b9f,be3dd7d7,2025-02-02 11:41:00,277.39,39.32
ec91d7f3-e,1,00f1f66d,1f490a9b,2025-10-10 03:04:00,254.99,31.62
ec91d7f3-e,2,21155322,bb291b76,2025-10-10 03:04:00,119.55,11.15
ec91d7f3-e,3,b604b57b,ff0c0e0b,2025-10-10 03:04:00,260.69,28.86
fa5ba713-5,1,ced3cd7c,32223453,2025-06-16 02:19:00,342.05,34.85
ed50f8ce-4,1,25286f10,0d240c49,2025-09-20 03:32:00,141.2,13.61
43521a50-6,1,695cee78,57e87ead,2025-02-22 22:14:00,349.44,13.96
43521a50-6,2,b27e8c45,cb6cd0bf,2025-02-22 22:14:00,239.59,34.96
26469a1a-b,1,c024873d,c4e31576,2025-06-29 14:50:00,32.41,34.37
83834669-7,1,edc1d87a,a0a45ee5,2025-11-14 19:04:00,77.04,40.21
e939968d-2,1,efbe5223,3f9aaa3f,2025-02-23 14:20:00,168.72,10.63
92acd26d-a,1,432acc63,253be0b3,2025-05-17 14:41:00,189.41,39.71
43c22d9d-9,1,0b14df53,46e323c0,2025-11-21 10:23:00,396.67,44.68
c8a6df4f-6,1,8c184e16,e4d0a700,2025-05-11 22:52:00,83.82,22.77
8c19b7a0-4,1,5d8fa470,c5182051,2025-08-30 21:05:00,406.56,25.2
4e9b1b7b-1,1,e0125e51,a712ae4b,2025-07-28 13:12:00,107.5,35.43
22d1b5d4-3,1,259a60e5,c516f4d1,2025-10-12 04:30:00,42.14,37.92
6fa094df-8,1,b617be37,d0ec7841,2025-02-02 06:55:00,51.36,10.56
b857d36d-9,1,1fa19b01,27526a80,2026-01-05 14:55:00,376.29,11.42
b857d36d-9,2,35b07f2f,ebb8406e,2026-01-05 14:55:00,163.78,35.87
1b1c7f29-b,1,fdfdede0,56e79403,2025-09-09 15:34:00,184.28,8.37
1b1c7f29-b,2,42ac8785,3698faaf,2025-09-09 15:34:00,48.85,32.71
1b1c7f29-b,3,a01c84b0,00b6405e,2025-09-09 15:34:00,155.82,44.5
b0826361-1,1,ad3fe261,cfdd3b93,2025-08-28 04:31:00,444.88,42.9
dada01f6-4,1,17e5d58b,12e31d7a,2025-02-24 01:13:00,109.02,15.76
dada01f6-4,2,2fde09c6,6595914c,2025-02-24 01:13:00,437.71,29.34
2c89f63d-5,1,499552bf,78a27e3c,2025-06-09 09:32:00,193.52,21.03
2c89f63d-5,2,135ab652,43c887c8,2025-06-09 09:32:00,200.24,44.04
2c89f63d-5,3,0203ff6f,d140a74c,2025-06-09 09:32:00,64.32,14.51
2c89f63d-5,4,35b07f2f,1ceeb292,2025-06-09 09:32:00,177.31,28.45
e7d48cb1-3,1,b721a513,9eab5647,2025-05-31 21:44:00,447.98,37.82
9edc542a-d,1,bb2dcad1,107322ee,2025-11-17 13:06:00,233.96,37.82
5f6d41e6-b,1,fcd95cf7,f682b281,2025-04-30 14:35:00,167.52,37.37
cc862410-7,1,4b9fe1f9,77a79333,2025-12-02 22:50:00,235.79,17.9
cc862410-7,2,b95998dd,c00e8574,2025-12-02 22:50:00,148.72,41.4
cc862410-7,3,b3cf73d5,ec183a91,2025-12-02 22:50:00,307.89,8.15
79575fe3-6,1,fdfdede0,458a58b8,2025-01-19 04:50:00,446.88,16.95
7778444f-1,1,11b5ce57,bf1380ef,2025-12-01 12:53:00,440.15,14.43
9885d720-c,1,34b60de6,71656c28,2025-08-17 07:06:00,381.72,31.21
80144fd1-e,1,346d75cc,b719c338,2025-06-20 06:05:00,27.1,34.18
e2869935-1,1,d470fd17,1ca113ff,2025-03-13 14:40:00,144.16,27.81
ca12d015-7,1,96559be2,d69a8418,2025-02-01 08:05:00,392.12,12.1
639e23d4-b,1,46130b9f,260aecd5,2025-03-01 04:18:00,412.03,15.69
19038382-4,1,ea4ef1a7,5740120a,2025-02-12 15:40:00,290.6,24.68
b83a87fe-6,1,fa0c448e,6253af50,2025-04-07 21:36:00,225.5,30.72
b83a87fe-6,2,87aa2d53,936ef9d0,2025-04-07 21:36:00,17.18,27.3
b83a87fe-6,3,5414d82a,a689d353,2025-04-07 21:36:00,418.06,15.14
b83a87fe-6,4,cbe411a2,aabc8456,2025-04-07 21:36:00,248.14,27.17
024c422d-6,1,d7fc0a60,1e8a7e0b,2025-04-27 00:20:00,131.4,25.82
1e746b40-8,1,b499bd3c,ea19e600,2025-12-05 09:29:00,123.79,15.32
1e746b40-8,2,40663e45,766a9d35,2025-12-05 09:29:00,433.41,11.81
1e746b40-8,3,86289f74,8be7f355,2025-12-05 09:29:00,87.06,15.62
7634c3f6-3,1,35b07f2f,0a7c0e8e,2025-08-10 19:47:00,101.88,21.06
70ddfb3e-3,1,578b6230,7ad350c9,2025-09-24 08:37:00,168.23,9.11
70ddfb3e-3,2,4767d031,828ecd41,2025-09-24 08:37:00,366.93,23.89
b0d943b1-d,1,73ae90c5,86ea5f2c,2025-04-26 21:23:00,326.81,15.91
ee921353-8,1,7aac1942,04bed5fa,2025-10-20 02:24:00,135.95,30.49
9167f710-0,1,844c0629,a8cc0284,2025-12-21 13:20:00,35.35,18.15
9167f710-0,2,bd91e8ae,e6c286cf,2025-12-21 13:20:00,68.98,14.33
e3bd120e-7,1,e8f2b837,587ae86c,2025-05-07 18:01:00,411.56,18.52
e3bd120e-7,2,89e99561,56393a70,2025-05-07 18:01:00,31.1,27.74
e00a5166-2,1,13f00340,a0336d1a,2025-12-02 00:04:00,342.86,22.81
50e93c22-1,1,bad7bd4a,a702946a,2025-11-15 01:25:00,381.74,42.7
50e93c22-1,2,858d2ce8,4e0cdd1b,2025-11-15 01:25:00,27.74,9.77
4543032f-5,1,ae28a23e,a22005fe,2025-12-24 23:27:00,370.02,27.89
8eb51d2f-7,1,259a60e5,c0d73ed4,2025-01-28 03:03:00,132.41,14.3
77a09772-7,1,bad7bd4a,24189c16,2025-03-11 10:55:00,241.97,16.9
9c986f9b-c,1,edb8f78e,8d45f50d,2025-05-29 10:49:00,168.56,38.92
9c986f9b-c,2,73bf66cd,9b154130,2025-05-29 10:49:00,301.87,35.2
a14f4298-6,1,aba91719,2afc5211,2025-02-05 06:00:00,60.47,15.72
662027d3-2,1,4179340c,64afc24b,2025-06-15 09:45:00,412.64,16.1
662027d3-2,2,efbe5223,232770a3,2025-06-15 09:45:00,182.73,24.74
29875240-6,1,cd04d99b,904e6f07,2025-07-29 06:04:00,297.05,13.45
3fac80d3-4,1,b95998dd,2bd0bc51,2025-08-29 05:17:00,66.47,28.36
3c30c800-1,1,b34dafed,3c841133,2025-03-24 12:32:00,57.55,32.0
91e3cf5e-1,1,56c23881,2e6336d5,2025-04-12 12:11:00,62.5,9.85
4e598aed-c,1,f1a25060,d33ba2bb,2025-02-02 01:36:00,398.93,33.88
ab20c683-d,1,fa0c448e,528c46d2,2025-02-26 07:46:00,292.05,34.12
ab20c683-d,2,671b4fed,3a2b9245,2025-02-26 07:46:00,334.24,11.49
6c294e5b-f,1,714642dd,9a609fea,2025-09-07 23:19:00,96.49,41.3
1b0c36d9-7,1,e1c6fa6e,cd9bad2b,2025-08-13 10:01:00,273.39,43.87
835336d5-0,1,acae5659,f3bc23c2,2025-05-12 15:07:00,243.49,14.19
835336d5-0,2,1f27dff3,3cc1bff6,2025-05-12 15:07:00,352.24,11.7
835336d5-0,3,0203ff6f,28a4707b,2025-05-12 15:07:00,211.89,35.19
835336d5-0,4,87aa2d53,59f62eb7,2025-05-12 15:07:00,126.94,26.0
97c8deef-8,1,76252a44,b315e809,2025-07-05 09:45:00,64.05,33.37
97c8deef-8,2,ed213a56,227d1255,2025-07-05 09:45:00,79.34,23.18
668d39ca-4,1,17e5d58b,0602cd3d,2025-01-21 07:36:00,292.85,43.72
3d8d3d30-3,1,d8b47e9b,74d554e2,2025-04-05 08:58:00,426.19,18.22
420e0e8c-9,1,8464d5d5,7ab64def,2025-12-31 10:53:00,436.15,37.32
420e0e8c-9,2,671b4fed,8a63581f,2025-12-31 10:53:00,62.93,8.31
744bd0e5-1,1,18b2b5a9,44d8681f,2025-09-30 09:39:00,362.91,8.58
2dfae349-c,1,35bf64d1,23490ba5,2025-11-05 03:03:00,302.21,8.02
0224a3d6-b,1,dd59ea80,28753480,2025-05-31 16:42:00,202.94,41.98
c3fb36d4-9,1,b721a513,bfa0ea19,2025-09-05 11:15:00,403.47,42.05
ee4d5491-5,1,c587f345,89652a63,2025-10-21 13:43:00,74.03,28.51
ee4d5491-5,2,06d10537,64427971,2025-10-21 13:43:00,147.67,19.0
743a92c3-a,1,dac043c1,5532ad85,2025-07-17 13:06:00,218.74,23.82
70181d5b-7,1,73bf66cd,bfd0c589,2025-01-20 17:01:00,267.44,21.81
70181d5b-7,2,924c80ea,febbc572,2025-01-20 17:01:00,406.46,40.48
70181d5b-7,3,27dbfee3,54c3daf7,2025-01-20 17:01:00,343.57,22.53
7afdcd5c-1,1,4179340c,f0ef9dea,2025-08-30 16:29:00,160.07,11.6
7afdcd5c-1,2,c6b454f7,430a74f2,2025-08-30 16:29:00,260.97,33.55
af1f0f26-1,1,444631da,a7470782,2025-09-24 23:45:00,77.71,35.4
542e2348-4,1,dbd26aa1,1ec7d5ae,2025-04-30 21:40:00,365.44,31.08
8a2c64be-2,1,2ec4191e,24f1dc58,2025-03-25 19:56:00,25.73,26.71
eea0b2cc-b,1,64e7c9dc,edb6f4fe,2025-06-08 12:30:00,388.8,30.83
eea0b2cc-b,2,56c23881,9091e58f,2025-06-08 12:30:00,78.62,8.8
98d633ee-b,1,59105597,19d3cf8b,2025-12-30 17:12:00,432.2,26.24
59e76913-6,1,bd91e8ae,50289671,2025-12-29 03:29:00,260.43,8.41
d1da3830-a,1,7ca12e2f,1b7dd752,2025-12-05 21:39:00,433.82,25.31
47b33b14-a,1,89c04c0a,5011b2b5,2025-05-27 00:10:00,184.92,10.32
15e290bc-2,1,1bef1134,fd7568c3,2025-10-21 10:29:00,416.71,10.52
7b97f682-0,1,e930d17d,a63339cf,2025-07-17 15:38:00,127.76,33.82
7b97f682-0,2,4ba1d7fc,e1e74959,2025-07-17 15:38:00,166.42,30.85
7b97f682-0,3,89e99561,ebd63006,2025-07-17 15:38:00,44.39,9.09
b73b0bc0-4,1,ae2a4ad9,957cdabd,2025-03-01 15:59:00,441.88,37.92
7b9c6b6b-b,1,ae6650c6,ba72f831,2025-04-05 23:57:00,31.28,35.75
1d79ff88-9,1,17e5d58b,76779de2,2025-11-25 00:59:00,72.95,31.58
d0fe850f-d,1,215571b7,1c60fb56,2025-05-15 15:28:00,369.02,37.92
de19386c-8,1,2942d890,e0c8c3ab,2025-11-24 21:06:00,262.21,39.99
5e222eaa-a,1,fdfdede0,9e08c7c0,2025-11-30 16:31:00,375.0,26.53
5e222eaa-a,2,5d7f440d,7c5e7886,2025-11-30 16:31:00,284.04,28.67
d317acba-f,1,b604b57b,9265bae6,2025-02-09 14:27:00,48.99,36.95
d317acba-f,2,25cbedf2,46b0836f,2025-02-09 14:27:00,58.9,26.45
e734d913-3,1,82a623b9,b43eb171,2025-01-17 07:52:00,436.13,10.77
6712c429-0,1,87aa2d53,21fd8d48,2025-09-28 19:32:00,318.42,12.1
5b83849c-9,1,0203ff6f,2170a546,2025-01-21 01:21:00,401.29,10.2
0ca7e1c1-c,1,8c2dc506,7f998b94,2025-06-23 21:58:00,408.38,34.01
e78ed648-c,1,0f9cd918,94d6e4d9,2025-11-08 23:39:00,60.27,26.37
5b2a8526-6,1,259a60e5,174f94b2,2025-06-10 07:01:00,311.64,35.3
e9fbadb1-6,1,64e7c9dc,469634de,2025-07-23 12:44:00,66.33,30.78
1231ed8e-7,1,acae5659,ffbebf42,2025-06-30 13:58:00,194.68,35.85
417297c8-e,1,d1310ac6,fcf9754d,2025-01-13 23:15:00,34.02,20.94
8d75a8bd-c,1,924c80ea,9cebf282,2025-07-28 15:42:00,104.55,34.09
2a02827c-5,1,943a1be7,0abc44cf,2026-01-06 09:23:00,153.7,28.03
5a87461c-0,1,a69afd9f,ad4bf96b,2026-01-02 19:31:00,115.28,35.45
5a87461c-0,2,13d52475,fc43a754,2026-01-02 19:31:00,68.4,34.82
7d42415a-1,1,ed213a56,80a629d8,2025-08-19 20:48:00,232.02,9.25
7d42415a-1,2,71088410,df58b3b9,2025-08-19 20:48:00,270.88,19.12
7d42415a-1,3,cf55c767,2cd1c032,2025-08-19 20:48:00,40.98,39.62
c1667490-0,1,c024873d,e9fae71e,2025-01-15 12:24:00,246.63,32.43
de4e4dde-3,1,215571b7,e4d28f1a,2025-11-13 10:59:00,391.6,36.96
829cd70e-b,1,d8012882,70dcceb1,2025-12-19 09:54:00,128.14,43.53
5b9bbd65-d,1,ba99f4cc,87a367cd,2025-01-13 08:51:00,161.83,22.6
5b9bbd65-d,2,ebdd156e,a89b9d66,2025-01-13 08:51:00,172.34,32.39
b9afb302-8,1,7c16586a,a1208d46,2025-06-12 18:42:00,18.86,9.37
154bc692-f,1,962a09ee,2386be5b,2025-10-17 06:26:00,135.25,30.58
cc60f43a-5,1,01b22555,a5e79e32,2025-08-19 05:16:00,78.9,30.86
61f64eb2-7,1,96559be2,4713a3f1,2025-01-25 05:43:00,153.04,28.48
61f64eb2-7,2,acae5659,79482ab0,2025-01-25 05:43:00,41.45,34.44
753fac75-5,1,24a1c73a,1fce72dc,2025-01-14 21:54:00,48.7,24.42
60210b37-5,1,d1310ac6,14823d84,2025-04-20 10:36:00,77.24,20.08
022edf45-5,1,c6b454f7,e15a07c7,2025-12-05 11:30:00,419.68,41.74
c5c8388a-3,1,ab6a864d,d0b1aca8,2025-06-15 16:45:00,29.18,34.87
10e583f2-3,1,c39c1db2,7885a531,2025-02-14 07:36:00,333.87,39.36
eff9b7ea-c,1,8af3c722,450003d8,2025-09-04 21:33:00,142.48,17.03
7e758c76-1,1,0edb474e,ede1f91d,2025-06-16 23:07:00,234.95,41.84
d75ac2fc-a,1,2942d890,3afff94b,2025-08-23 13:14:00,308.24,32.64
d75ac2fc-a,2,30b713c0,5e666306,2025-08-23 13:14:00,361.2,20.64
296c5451-4,1,edc1d87a,96fafe0a,2025-09-21 04:36:00,87.55,23.49
296c5451-4,2,72b33988,6ea7e002,2025-09-21 04:36:00,324.45,25.38
7c26a8a7-e,1,578b6230,52ba4e0b,2025-08-14 00:44:00,414.6,41.46
b288a3bd-0,1,24a1c73a,188a5277,2025-12-28 17:15:00,447.45,9.67
b288a3bd-0,2,7ca12e2f,f22932e6,2025-12-28 17:15:00,428.21,41.69
df6f843b-6,1,edb8f78e,7ba3ea59,2025-09-07 22:08:00,81.23,8.29
df6f843b-6,2,b34dafed,f99a8796,2025-09-07 22:08:00,308.15,24.78
df6f843b-6,3,2a5ed824,2e5e003e,2025-09-07 22:08:00,205.79,26.82
5b60cc70-9,1,d8012882,d57dd66a,2025-02-24 07:19:00,405.33,29.45
a03b6654-4,1,13d52475,e0f89f6d,2025-07-21 10:48:00,202.28,18.3
a03b6654-4,2,ea4ef1a7,9b25073a,2025-07-21 10:48:00,58.27,18.54
a03b6654-4,3,12b1c297,89a7e6b1,2025-07-21 10:48:00,140.21,26.01
f75fd00f-9,1,056408d4,e477eae8,2025-11-12 03:59:00,379.87,35.93
394269b4-b,1,fdfdede0,fb53f7ac,2025-10-08 06:00:00,200.53,24.46
10140d19-8,1,71088410,3251ad2b,2026-01-02 03:28:00,333.26,12.31
10140d19-8,2,7ca12e2f,2e3dc33a,2026-01-02 03:28:00,364.58,35.54
e8e78ef5-2,1,ced3cd7c,99194ead,2025-09-22 10:17:00,403.14,9.42
e8e78ef5-2,2,59105597,596b248c,2025-09-22 10:17:00,420.58,37.39
1956a63b-a,1,e1c6fa6e,efdee91f,2025-10-18 21:53:00,121.97,29.69
1956a63b-a,2,1a17b66b,7ee541d9,2025-10-18 21:53:00,307.91,17.82
1956a63b-a,3,343dcfd1,117388fd,2025-10-18 21:53:00,225.76,14.92
f6d56502-f,1,25449731,9380ce1c,2025-04-17 20:56:00,257.62,15.72
5f32d858-1,1,4f06f5f6,68f2953d,2025-05-20 19:24:00,225.64,32.31
7f6be615-5,1,924c80ea,f0584a64,2025-05-04 09:42:00,224.22,11.57
2ff52d1a-8,1,ae6650c6,6cda4004,2025-06-21 07:42:00,166.2,22.73
2ff52d1a-8,2,4dae095f,b86c486e,2025-06-21 07:42:00,351.55,25.9
2ff52d1a-8,3,dc1cad4b,4e999cb3,2025-06-21 07:42:00,276.46,33.43
2b71794d-e,1,a2ee6258,8b1bc0ca,2025-04-26 13:03:00,185.25,24.35
af7073d8-b,1,d38de927,ed783901,2025-05-23 15:46:00,193.27,29.18
2d70d121-6,1,508bf8ab,ae98d9e7,2025-11-22 03:39:00,23.67,34.72
5d8b43d0-3,1,0570f6af,14a7d984,2026-01-01 10:58:00,240.61,21.4
8bf5665e-b,1,b7259473,842f3580,2025-05-03 09:51:00,423.91,9.33
ca2ce335-5,1,5b76386b,5bc89f10,2025-07-28 15:02:00,29.69,35.75
862f2300-d,1,b3cf73d5,b59f5bf4,2025-03-14 23:56:00,23.77,35.48
4ecf3d75-2,1,8de4e26c,477d9f25,2025-02-23 23:37:00,199.94,35.51
efdf9c06-2,1,8492863a,389923d4,2025-04-19 03:16:00,111.68,23.03
a85aff62-1,1,36dcbb7e,c4f3ba55,2025-12-31 17:32:00,346.77,34.44
b4ef86df-e,1,24a1c73a,be7ed682,2025-01-18 12:49:00,294.63,20.3
43d7124a-3,1,2ec4191e,4c0c16b4,2025-04-22 15:37:00,242.68,39.07
53687474-d,1,2942d890,c79447c8,2025-08-04 09:47:00,394.07,17.92
7529a108-d,1,83ffdcdd,af5e8c27,2025-09-18 10:41:00,256.34,35.37
50ae4833-0,1,bad7bd4a,5debb14e,2025-02-14 12:08:00,87.3,24.19
880c957d-b,1,0192baf0,3bbd9ea5,2025-08-11 15:10:00,196.89,8.34
e04dedde-7,1,36dcbb7e,2bd359a2,2025-12-18 08:33:00,260.26,14.14
cae1ff01-8,1,c587f345,2573469a,2025-12-22 06:51:00,220.37,15.79
a20fff1a-6,1,b5c58c9d,7bc1fdcb,2025-03-16 05:33:00,80.4,10.48
0c2e16a7-d,1,18555030,c3fb924c,2025-04-18 22:06:00,273.59,10.47
9272b876-3,1,8c4d1c4c,8a0bbdd5,2025-11-23 00:59:00,269.24,19.31
9272b876-3,2,89e99561,75abccfb,2025-11-23 00:59:00,421.42,28.76
9272b876-3,3,068b1543,41cac9c6,2025-11-23 00:59:00,48.7,13.64
ef6fe114-8,1,8af3c722,ef5682f7,2025-10-21 03:08:00,350.81,29.91
49a14968-8,1,8ee662e2,a6dcf30f,2025-09-05 06:10:00,54.73,37.72
49a14968-8,2,1f27dff3,4e8d4705,2025-09-05 06:10:00,77.35,25.59
87b2567a-0,1,06d10537,51067a47,2025-02-14 01:08:00,232.66,12.34
a56cc34c-3,1,4821bd82,74b6637e,2025-07-22 22:30:00,430.58,42.98
5bf60b1e-2,1,215571b7,18b849e4,2025-08-17 17:28:00,298.66,14.59
93fb892e-f,1,2fde09c6,cbf1a29c,2025-12-15 11:46:00,181.37,14.62
299bf236-0,1,9ae01382,59f6eb91,2025-10-02 06:00:00,233.72,8.48
299bf236-0,2,8ff0f5a7,52e2377a,2025-10-02 06:00:00,29.58,18.17
299bf236-0,3,32431646,ba12b5ef,2025-10-02 06:00:00,188.26,44.84
250555ac-8,1,02e52845,2cea770f,2025-02-04 18:52:00,448.8,31.39
250555ac-8,2,25449731,492799e9,2025-02-04 18:52:00,90.59,35.75
a47d55fa-2,1,346d75cc,a0854cd5,2025-10-12 03:02:00,321.95,14.55
cfd69365-7,1,924c80ea,8e76987c,2025-03-08 01:28:00,135.7,39.55
079015c0-d,1,89e99561,aae19c52,2025-12-16 10:57:00,196.12,32.71
efdb2d09-e,1,7c8eb5e3,52fedca8,2025-09-19 04:46:00,134.85,15.35
5731a0fc-f,1,64059073,b5600567,2025-11-27 23:53:00,217.82,38.94
30ee1e45-a,1,ed213a56,b7c4ed5e,2025-03-06 02:11:00,348.52,37.18
049e9cb4-3,1,ddea18ae,8859baa2,2025-05-12 09:53:00,150.06,22.03
049e9cb4-3,2,432acc63,37d5e231,2025-05-12 09:53:00,92.43,13.2
84f08622-2,1,b95998dd,ad51419d,2025-04-12 08:56:00,55.2,21.14
b8e6af0d-4,1,22af20fd,64df7941,2025-11-30 16:28:00,428.1,29.65
b8e6af0d-4,2,41386a8b,ed4773f0,2025-11-30 16:28:00,249.01,15.79
e7c919bb-2,1,8b02e1d3,0f7c3bd0,2025-12-21 09:13:00,254.95,35.5
932b5d40-5,1,444631da,6271fd43,2025-09-25 06:16:00,301.37,14.9
932b5d40-5,2,5cd14ab1,2f73d9c8,2025-09-25 06:16:00,218.25,19.95
932b5d40-5,3,8c2dc506,d60d55aa,2025-09-25 06:16:00,179.39,29.77
3ce54dd9-1,1,59105597,1903637a,2025-11-24 11:55:00,96.39,21.25
61b22278-a,1,f2168bc4,62b3792e,2025-01-17 14:51:00,221.0,17.01
87d1d11d-b,1,026bf726,db5b39c6,2025-09-10 21:25:00,61.92,23.76
87d1d11d-b,2,d424c64b,05977caf,2025-09-10 21:25:00,429.98,22.83
87d1d11d-b,3,b1a45968,0477f9eb,2025-09-10 21:25:00,86.35,14.16
c441d555-5,1,b25c0395,550794f2,2025-10-01 06:36:00,358.03,9.99
1fbfdd93-b,1,a490f0cd,33c93588,2025-03-19 11:29:00,399.09,19.15
366f5295-e,1,ad14c942,0697260b,2025-04-20 13:05:00,17.15,13.9
79433d71-e,1,d0fd83ca,07eede3a,2025-07-26 22:13:00,322.21,36.23
205afa89-6,1,17bbcd88,2687b8d0,2025-03-12 10:48:00,274.67,27.76
205afa89-6,2,fa0c448e,88de653c,2025-03-12 10:48:00,227.41,35.4
26984db6-d,1,af7c3d3f,62598d00,2025-11-13 05:49:00,280.6,35.81
8a40c032-6,1,4767d031,fd866c64,2025-04-12 01:13:00,200.18,18.54
8d5e2b21-7,1,444631da,f8c55a5a,2025-09-09 01:16:00,377.89,25.2
6c774f08-c,1,c7d80541,4cf38d77,2025-02-26 20:55:00,84.98,12.76
6c774f08-c,2,026bf726,c79d25fb,2025-02-26 20:55:00,182.04,24.82
6732b7d0-5,1,6f1a0713,5b9c3ae5,2025-12-15 12:27:00,337.8,12.29
b1a09f9c-6,1,b5c58c9d,1b007ba8,2025-07-15 15:45:00,441.62,27.67
4aae3eeb-d,1,ea93ce95,139fc6b7,2025-03-23 00:21:00,204.18,25.2
4aae3eeb-d,2,7bfdad86,f042ebb5,2025-03-23 00:21:00,67.87,26.12
5e8be99a-4,1,e2aac2dd,303b412a,2025-12-23 11:16:00,251.1,14.61
98190045-6,1,22af20fd,073fdd2b,2025-08-22 10:19:00,246.1,22.66
b05609cd-3,1,a0683d93,5d03c5f0,2025-03-11 23:09:00,314.71,17.03
6b6e4e39-e,1,59105597,3a6a0172,2025-01-26 02:20:00,181.13,44.27
6b6e4e39-e,2,962a09ee,49acd215,2025-01-26 02:20:00,161.93,31.56
6b6e4e39-e,3,06d10537,31e5b071,2025-01-26 02:20:00,198.8,8.83
6b6e4e39-e,4,661320a7,87a07340,2025-01-26 02:20:00,328.89,35.48
91921e10-4,1,73bf66cd,4a0d608b,2025-04-14 18:16:00,317.0,9.81
4b7ea172-7,1,f2168bc4,bb1adfb0,2025-08-17 08:47:00,410.74,33.09
e681fe5f-1,1,13f00340,eb5c8017,2025-04-22 00:50:00,57.26,16.32
e748c2ae-4,1,cb2a336f,17e75af7,2025-11-15 09:46:00,250.53,25.6
ae6d2eea-8,1,13d52475,e1814537,2025-06-29 10:22:00,246.52,14.29
27eeb142-8,1,bc304333,c87cbaa9,2025-01-22 21:54:00,51.15,35.68
ffbd6fc7-8,1,714642dd,df96e796,2025-06-04 10:28:00,286.56,28.9
20fee447-0,1,c39c1db2,c528d344,2025-05-31 17:47:00,72.29,30.46
efa96440-c,1,bcf2bce8,af351c60,2025-04-24 03:36:00,254.28,21.02
efa96440-c,2,4fbb9951,383e38c4,2025-04-24 03:36:00,196.91,30.17
8b466d44-9,1,13f00340,5bd34c97,2025-03-01 21:56:00,233.5,27.7
8b466d44-9,2,f1a25060,09bc21ac,2025-03-01 21:56:00,388.69,26.31
8b466d44-9,3,d0fd83ca,32739646,2025-03-01 21:56:00,139.53,42.21
ef741350-8,1,d0fd83ca,699b32d0,2025-04-06 12:18:00,300.44,33.28
ef741350-8,2,b721a513,d020a46d,2025-04-06 12:18:00,181.76,32.16
451c0b3a-9,1,a35409cd,38c96ea8,2025-11-27 00:39:00,275.81,35.09
0f9b9ee7-d,1,11b5ce57,4335ff05,2025-04-01 18:40:00,255.14,39.95
fefe41d5-7,1,a65474a3,da5f1b5d,2025-05-08 05:30:00,43.19,9.14
056b7138-1,1,3f0171a6,9916ec2f,2025-08-29 07:43:00,232.59,12.11
f6c0a1af-3,1,2942d890,471728c1,2025-03-28 07:29:00,392.17,44.83
d1a808a0-d,1,5d8fa470,f6e03095,2025-08-07 08:56:00,325.92,24.23
093393d8-3,1,35b07f2f,db0ba8e9,2025-01-26 11:25:00,357.53,11.83
0e9334af-a,1,695cee78,da1065bb,2025-03-04 23:10:00,412.14,37.44
aee42735-c,1,30b713c0,1f88a8ef,2025-11-30 22:04:00,163.96,33.5
1dcb6ab1-5,1,5cd14ab1,6509921b,2025-05-18 18:17:00,79.39,18.67
c1ebe017-b,1,45284e60,78b83130,2025-10-21 11:45:00,325.19,32.91
8c030d2b-0,1,ab6a864d,346dc9df,2025-06-04 12:16:00,146.79,29.62
8c030d2b-0,2,6f1a0713,22433877,2025-06-04 12:16:00,173.41,26.82
ddcab147-5,1,ae2723a6,c187264c,2025-11-18 05:22:00,177.85,40.02
c223b7bf-3,1,cc935477,c7e8a8b1,2025-10-01 15:11:00,112.8,15.64
c223b7bf-3,2,63cb55c9,604094c5,2025-10-01 15:11:00,136.07,36.79
c223b7bf-3,3,bd91e8ae,f06b8d6d,2025-10-01 15:11:00,297.75,21.19
eccebef1-5,1,068b1543,93ad5911,2025-01-12 23:54:00,173.15,9.22
eccebef1-5,2,b721a513,90d52805,2025-01-12 23:54:00,429.13,26.77
ce0fffa6-5,1,5b76386b,3408d90f,2025-10-06 23:34:00,121.44,37.5
5a0b1c47-c,1,71088410,dcfff231,2025-08-27 05:02:00,54.74,15.03
82b97d1a-4,1,21c6d812,99929c56,2025-09-30 09:03:00,216.96,27.87
82b97d1a-4,2,ae33358f,def4fbac,2025-09-30 09:03:00,153.7,31.45
d76119f2-f,1,e44dc6e0,bae0cfe5,2025-02-17 15:12:00,262.66,29.52
7a78b6a9-a,1,f8241532,050918ab,2025-11-03 20:39:00,229.28,14.53
36b68e33-6,1,7aac1942,8d084b76,2025-05-31 20:19:00,233.83,31.16
57702707-c,1,1bef1134,308e3e6b,2025-06-18 16:30:00,56.14,39.9
57702707-c,2,cc935477,9f590196,2025-06-18 16:30:00,292.48,27.93
5038294f-7,1,578b6230,bb75a9b2,2025-05-04 06:19:00,220.27,33.34
e5645751-2,1,82a623b9,6cc6d01b,2025-12-16 04:20:00,280.4,13.81
e5645751-2,2,444631da,77feb8af,2025-12-16 04:20:00,441.8,32.18
aeaaf47e-0,1,7ca12e2f,18d82339,2025-05-03 08:30:00,375.72,19.67
3f7072dc-6,1,5cd14ab1,9df97cd7,2025-07-26 13:00:00,439.12,36.38
d4a9f197-0,1,8c4d1c4c,2bb54fc7,2025-05-17 09:53:00,359.05,20.05
be1853fc-b,1,ebdd156e,947f9799,2025-04-18 06:39:00,61.47,17.0
f44e9669-1,1,1ca67118,1a339720,2025-09-08 23:37:00,354.83,22.43
f44e9669-1,2,aba91719,73c8f30d,2025-09-08 23:37:00,123.68,44.52
f44e9669-1,3,8c184e16,66ad4761,2025-09-08 23:37:00,40.8,10.08
1c67316d-d,1,833cec1b,426c46b3,2025-10-08 11:28:00,156.18,36.68
1c67316d-d,2,499552bf,cd9285b0,2025-10-08 11:28:00,373.58,40.34
fe2b9370-3,1,30b713c0,c0ae5b15,2025-04-18 17:05:00,257.15,38.24
a2246f04-3,1,4ebc1480,111f6d7f,2025-12-30 22:47:00,340.06,15.95
a2246f04-3,2,2a5ed824,c8f29025,2025-12-30 22:47:00,218.72,25.05
a2246f04-3,3,b25c0395,7270d4c3,2025-12-30 22:47:00,101.56,43.94
6ccd7671-6,1,aba91719,17367488,2025-01-17 04:07:00,362.17,38.77
6e6e752b-7,1,b25c0395,b29beef9,2025-10-22 13:02:00,290.95,35.17
38d11b97-e,1,2fde09c6,092702d0,2025-03-04 17:10:00,342.08,36.38
38d11b97-e,2,c024873d,d1bc1b24,2025-03-04 17:10:00,370.72,25.23
38d11b97-e,3,343dcfd1,9810431b,2025-03-04 17:10:00,297.94,10.7
b31e7bb4-d,1,11b5ce57,08579e1e,2025-10-03 22:47:00,23.21,16.33
1938f308-c,1,8af3c722,35ac6570,2025-04-30 18:43:00,417.53,41.05
af5f049d-7,1,7bfdad86,396d6d19,2025-03-22 06:19:00,354.07,27.98
df2d603c-f,1,4fbb9951,9c17dbf5,2025-12-08 06:12:00,350.97,9.01
c17a2dfb-5,1,64e7c9dc,171d90ab,2025-07-17 00:28:00,188.64,15.61
1b9018f4-a,1,bad7bd4a,8757368f,2025-03-10 02:11:00,85.85,15.76
0477c77d-5,1,e1a1c8e9,823db7b6,2025-06-17 13:12:00,63.72,24.91
cc859e59-c,1,e74981f9,233b75a6,2025-02-26 11:23:00,449.87,11.12
977c1b4d-4,1,aa9168b7,3d58fc25,2025-05-26 23:41:00,19.03,27.19
f64ad015-5,1,82a623b9,9ab9250d,2025-11-07 06:55:00,197.37,14.46
fc9095c8-6,1,cbe411a2,ef2ffe28,2025-12-14 05:23:00,231.44,19.32
fc9095c8-6,2,ad14c942,bbcd9161,2025-12-14 05:23:00,410.41,17.81
4adf84ad-c,1,17e5d58b,fc70a550,2025-01-19 10:01:00,346.69,34.73
65948671-9,1,b3cf73d5,11bafc82,2025-07-03 07:05:00,387.42,27.86
4cf502a8-9,1,a0ea4d65,c371f319,2025-06-14 15:30:00,222.84,35.7
472aa24d-e,1,89e99561,2dae26bd,2025-04-28 16:08:00,137.8,30.76
230e1506-a,1,943a1be7,bd7d182d,2025-12-09 09:21:00,345.55,12.87
f73c7f53-9,1,53ca8c22,b0c164bb,2025-03-21 18:47:00,289.87,37.39
469600a3-e,1,91a01fb1,fcaef863,2025-03-20 20:02:00,225.47,20.72
4d3f90b4-3,1,83ffdcdd,2dcede80,2025-04-25 14:39:00,416.89,20.48
8e6bdf3f-9,1,cc935477,e28b3a43,2025-09-12 17:29:00,347.02,17.73
f5c1f360-d,1,a0683d93,254f7be3,2025-01-19 17:08:00,376.08,12.45
4ee6466e-a,1,040b7928,b51d5ce5,2025-03-11 11:19:00,94.44,38.34
4ee6466e-a,2,dd9ea5e6,2b51d3e2,2025-03-11 11:19:00,99.77,39.08
4ee6466e-a,3,d470fd17,2487ab0f,2025-03-11 11:19:00,352.52,15.35
b30edbd6-1,1,46130b9f,2d1b38a6,2025-03-24 18:55:00,249.66,33.67
b30edbd6-1,2,578b6230,e68d133e,2025-03-24 18:55:00,87.54,13.87
6fb84dcb-4,1,bcf2bce8,b0f57f84,2025-03-24 17:39:00,143.98,41.34
5a1fcba0-5,1,86289f74,407f0f59,2025-06-19 04:46:00,105.81,35.14
468bfb31-d,1,72966584,4fc6cc59,2025-08-04 04:09:00,185.08,15.15
468bfb31-d,2,ac092b61,2b21cca0,2025-08-04 04:09:00,45.68,43.64
1539177c-b,1,c2a0ed70,6c91690a,2025-03-10 23:47:00,345.85,8.4
bc7e0138-c,1,fcd95cf7,f84fdc77,2025-02-27 20:38:00,250.45,30.57
4fd87a44-9,1,43835fbf,e6cf9628,2025-05-25 01:24:00,396.17,33.58
678737a3-c,1,2ce3ae86,104f725c,2025-09-30 03:05:00,378.97,43.64
678737a3-c,2,ad29cfcc,80d508df,2025-09-30 03:05:00,39.64,11.89
81425c0b-5,1,c587f345,1297e31f,2025-05-27 08:40:00,442.64,11.07
f567a1c9-f,1,215571b7,df3d7768,2025-09-11 07:37:00,304.55,11.85
629700ea-0,1,ccdaacf2,e9f6381b,2025-10-20 19:53:00,33.31,11.99
629700ea-0,2,b721a513,c3037236,2025-10-20 19:53:00,265.4,12.35
1cf7cd0a-6,1,7bfdad86,7e084da9,2026-01-04 19:26:00,166.08,37.16
6114e4b6-0,1,92a83e26,c904ffa2,2025-09-30 01:25:00,108.98,14.69
cacc2a1f-b,1,35bf64d1,b0b91dd5,2025-08-05 00:46:00,438.51,17.2
440847a9-6,1,0192baf0,416feaaa,2025-08-28 22:40:00,297.0,35.41
440847a9-6,2,4f06f5f6,7a5609f3,2025-08-28 22:40:00,354.72,14.37
28911532-1,1,8fb9b9d4,c8a98587,2025-07-05 19:34:00,293.16,19.58
28911532-1,2,19c7a2a5,04682636,2025-07-05 19:34:00,293.17,35.99
28911532-1,3,068b1543,58867b37,2025-07-05 19:34:00,130.14,34.17
d2f05320-7,1,5d0203f7,95188f4f,2025-08-18 11:48:00,97.56,19.49
179844cf-c,1,87953b9c,1a4ea6c8,2025-10-19 09:48:00,284.03,10.81
eac3ad7e-3,1,71149b97,2e39646f,2026-01-05 19:58:00,168.9,12.92
f9618ade-8,1,85b148ec,cdf315eb,2025-06-05 19:36:00,374.37,17.1
f9618ade-8,2,41386a8b,1a47e420,2025-06-05 19:36:00,305.37,18.13
f9618ade-8,3,2ce3ae86,3c3beedd,2025-06-05 19:36:00,112.64,33.72
f9618ade-8,4,1a17b66b,c5c53616,2025-06-05 19:36:00,121.73,16.36
8cec75b2-8,1,8464d5d5,d1379538,2025-05-10 00:54:00,98.62,14.88
3b088226-3,1,efbe5223,3ed8a2a5,2025-11-23 18:56:00,364.49,17.75
3b088226-3,2,b34dafed,1a79e2e3,2025-11-23 18:56:00,173.56,42.24
1c81c8ec-b,1,4dae095f,8baf842e,2025-02-14 22:08:00,57.03,41.95
d5aabfbb-d,1,72b33988,4bf8c9a3,2025-10-07 10:06:00,372.17,16.29
52c69c6a-2,1,18b2b5a9,4e8efbcd,2025-02-02 14:39:00,429.63,14.34
4cb8265a-f,1,7ca12e2f,da653612,2025-12-04 01:57:00,43.45,34.6
c1c95806-d,1,5a677ab7,02794f98,2025-01-20 22:38:00,444.0,15.96
515a0600-8,1,e1a1c8e9,c4fcf8b3,2025-10-08 22:43:00,426.63,13.34
515a0600-8,2,508bf8ab,9fd10afd,2025-10-08 22:43:00,441.38,29.71
33260900-2,1,578b6230,40c64da3,2025-07-08 18:07:00,194.96,13.96
fdeb3ae9-d,1,edeebea4,e2f89e36,2025-11-09 05:53:00,53.76,43.01
495cb4c4-d,1,cc935477,315cda34,2025-07-23 13:24:00,94.6,19.51
73ce8bb0-9,1,bcf2bce8,45fe38f7,2025-08-14 08:31:00,102.26,20.99
71c2ffc4-8,1,ed213a56,e477bbd8,2025-02-16 10:28:00,397.5,10.25
bf0fe1c0-0,1,f3583162,b8daebc3,2025-12-21 11:06:00,148.22,37.6
73b8ebef-e,1,bc304333,883c97d8,2025-02-10 05:12:00,57.18,33.28
504682cc-c,1,bb2dcad1,f199050f,2025-04-06 14:45:00,28.2,9.43
504682cc-c,2,c39c1db2,42c6dbed,2025-04-06 14:45:00,401.38,37.36
8d8cb063-6,1,41386a8b,36fd68a2,2025-07-03 21:11:00,448.84,42.04
3d6dfd11-3,1,7ac70db9,4c82a6dc,2025-07-24 14:07:00,76.5,43.53
e47ab3f1-f,1,b721a513,e17ddd01,2025-07-31 01:22:00,383.78,11.37
e47ab3f1-f,2,2a5ed824,7da5325c,2025-07-31 01:22:00,411.66,28.83
c0bbe303-0,1,d25a7b66,a5cfb5c8,2025-10-12 20:12:00,425.75,23.77
c0bbe303-0,2,215571b7,27a8168b,2025-10-12 20:12:00,179.02,26.15
e8f07852-2,1,a74489e0,79e05ad2,2025-10-20 15:39:00,244.48,9.54
e8f07852-2,2,aef5d53f,52570af3,2025-10-20 15:39:00,148.6,29.74
c901ba9d-c,1,53ca8c22,13fae9ae,2025-11-30 10:47:00,96.88,43.67
c901ba9d-c,2,ae33358f,5bb00085,2025-11-30 10:47:00,373.33,33.31
c901ba9d-c,3,215571b7,67a75b93,2025-11-30 10:47:00,336.26,27.39
995a574f-0,1,860994ba,39d9d79e,2025-12-29 01:58:00,403.17,34.36
1ec552a9-0,1,edc1d87a,fb87ce0e,2025-04-20 15:13:00,34.68,22.12
2242d4b4-9,1,acae5659,cb8da4d4,2025-06-03 00:57:00,176.73,39.0
2242d4b4-9,2,7c8eb5e3,a8eca38d,2025-06-03 00:57:00,82.83,30.15
2242d4b4-9,3,6f1a0713,eacb4a94,2025-06-03 00:57:00,398.65,23.65
2242d4b4-9,4,fdfdede0,7dadd8c1,2025-06-03 00:57:00,323.93,41.38
fce12126-d,1,499552bf,9715f028,2025-05-25 13:44:00,179.05,39.18
296325b7-3,1,0f9cd918,f3629a22,2025-09-12 08:38:00,317.76,24.62
e6d9b18a-5,1,661320a7,3089ba99,2025-03-06 05:57:00,430.56,34.46
75ad5ef3-2,1,5a01c7ca,5999936b,2025-06-01 09:54:00,372.95,40.71
75ad5ef3-2,2,9e445642,e2dfd54f,2025-06-01 09:54:00,256.32,26.42
9586837d-b,1,1a67a9ff,324193df,2025-09-08 03:07:00,120.16,30.77
f863dd09-f,1,b604b57b,13148a4d,2025-11-07 01:42:00,21.18,13.65
53f63616-2,1,d25a7b66,03554190,2025-08-30 06:57:00,234.93,16.33
d2f059ee-e,1,3e00cd4d,0d495c82,2025-08-18 00:55:00,276.72,18.65
20dd9c0e-a,1,5a5a81da,e6f954c6,2025-10-13 10:03:00,284.09,14.29
8b59e5a8-d,1,dce37340,508919e4,2025-03-20 03:43:00,349.38,12.43
9f286f1a-e,1,dce37340,b25851e6,2025-02-12 00:41:00,210.61,35.68
13b22132-b,1,4b9fe1f9,587a05c3,2025-07-01 20:29:00,77.82,31.57
13b22132-b,2,01b22555,124fa4fd,2025-07-01 20:29:00,433.92,22.37
6bd436c4-c,1,135ab652,1a4db924,2025-01-16 13:51:00,385.48,44.54
0fadc147-3,1,2a4d40ff,cc10ca2b,2025-08-09 13:29:00,304.44,12.93
c3b9e07b-b,1,d0fd83ca,299a77ce,2025-04-27 22:12:00,253.47,36.27
e708188f-3,1,135ab652,27df69f4,2025-06-12 06:25:00,298.72,19.11
42014f65-e,1,444631da,247720a5,2025-02-01 06:13:00,202.83,42.9
65e00dfc-8,1,8af3c722,d2780cdc,2025-12-13 05:17:00,355.11,15.32
0dc28f54-6,1,22af20fd,49661f9e,2025-05-11 23:08:00,309.14,37.12
59abe6fd-8,1,5d7f440d,abfa764b,2025-02-02 10:54:00,103.31,13.57
59abe6fd-8,2,4821bd82,0d4e7fad,2025-02-02 10:54:00,148.79,10.44
59abe6fd-8,3,ced3cd7c,c5584b5a,2025-02-02 10:54:00,268.8,38.65
55fc727e-a,1,42986a86,bb2101de,2025-04-05 09:19:00,406.86,13.62
55fc727e-a,2,b3cf73d5,856b071d,2025-04-05 09:19:00,66.52,41.68
ec5ff591-6,1,b7259473,0f989501,2025-10-20 17:40:00,439.61,32.56
ec5ff591-6,2,1f27dff3,67f53b63,2025-10-20 17:40:00,410.5,11.59
bf66c55d-3,1,55ba7e8c,403cad67,2025-07-19 15:10:00,209.59,8.73
9ddc2e88-7,1,e44dc6e0,58b23876,2025-07-01 10:05:00,309.66,41.92
017ee4e6-0,1,d8b47e9b,b5f4f6ec,2025-06-04 22:50:00,446.39,21.51
2356bbcd-0,1,ae33358f,0fc0a312,2025-05-29 16:57:00,297.49,33.92
2356bbcd-0,2,0b14df53,48d3f2f5,2025-05-29 16:57:00,210.29,24.02
2356bbcd-0,3,7bfdad86,3d072148,2025-05-29 16:57:00,133.68,44.82
82db7a16-a,1,06d10537,647cc71a,2025-06-25 17:02:00,180.59,41.47
4579e776-8,1,17bbcd88,5b6fd116,2025-12-27 21:17:00,192.13,20.66
5c495cbb-b,1,cf55c767,3e21105f,2025-10-15 06:31:00,365.38,41.79
5c495cbb-b,2,e1a1c8e9,8ac6fcc2,2025-10-15 06:31:00,404.68,8.85
5c495cbb-b,3,4dae095f,6b676131,2025-10-15 06:31:00,365.71,11.96
8d94f934-c,1,64059073,87561dc2,2025-03-25 18:51:00,393.52,30.85
26c496a8-2,1,bad7bd4a,970e8b16,2025-08-29 20:55:00,39.43,13.13
95031f75-4,1,0570f6af,b22d78e8,2025-02-21 00:27:00,326.89,22.32
6e127d78-1,1,860994ba,87739e9b,2025-04-14 15:52:00,219.11,35.07
02c96245-e,1,135ab652,bac0468e,2025-04-10 16:00:00,265.31,15.01
423ee116-3,1,026bf726,61ae58c8,2025-06-19 07:10:00,293.66,16.08
9f4e513a-5,1,c587f345,9266c295,2025-05-09 16:00:00,137.43,13.97
9f4e513a-5,2,eb85827d,bf24df8f,2025-05-09 16:00:00,42.31,20.74
ca831cbf-7,1,46130b9f,4d91e065,2025-08-14 02:43:00,318.66,30.4
471fb297-0,1,e44dc6e0,d9ddf734,2025-06-18 14:22:00,347.08,19.6
3399aa85-d,1,89e99561,10b7474f,2025-11-02 05:02:00,216.68,41.27
8763f020-8,1,f2168bc4,b663c0a0,2025-07-22 13:01:00,174.08,24.07
22cc2083-0,1,f96eeb5c,e6f9fd5e,2025-04-27 03:01:00,231.34,13.86
f5dae7e7-3,1,b9ebeafd,bd685011,2025-04-13 15:38:00,168.72,11.92
099d5a7e-5,1,25449731,71d554b5,2025-11-13 09:09:00,20.64,19.4
f2d03f28-1,1,64059073,0a06f5a5,2025-12-22 19:27:00,330.27,37.86
422ee96e-8,1,06697ada,f159d57e,2025-02-07 00:28:00,410.91,41.39
422ee96e-8,2,45284e60,d69bc02c,2025-02-07 00:28:00,357.26,28.53
422ee96e-8,3,cd04d99b,3a853d64,2025-02-07 00:28:00,360.31,33.84
095c7756-8,1,17d9bda9,2217f969,2025-05-03 22:37:00,402.39,19.6
ae58a2d3-a,1,943a1be7,258c774d,2025-06-19 02:33:00,44.11,22.41
ae58a2d3-a,2,b499bd3c,1240e747,2025-06-19 02:33:00,359.21,18.22
ae58a2d3-a,3,7ad28f77,1faa25b5,2025-06-19 02:33:00,173.25,36.78
404828fd-4,1,8ff0f5a7,d6d92c09,2025-11-26 00:20:00,431.15,25.93
4c974bc6-4,1,eb85827d,ba4165a4,2025-04-18 20:12:00,334.94,15.21
9a4e7e14-f,1,e2aac2dd,5f4ad394,2025-07-17 13:44:00,27.54,31.83
da38b938-0,1,ea4ef1a7,9f80f039,2025-09-01 04:28:00,61.87,18.12
1930b715-5,1,8de4e26c,fefa1ee9,2025-11-12 14:18:00,430.91,12.58
0d368221-1,1,215571b7,8e9f612b,2025-09-07 11:09:00,296.15,22.63
46ae9969-5,1,7bfdad86,1563235e,2025-01-23 20:18:00,399.22,10.07
46ae9969-5,2,ddea18ae,e1c82592,2025-01-23 20:18:00,231.05,42.3
135a9cfc-b,1,499552bf,12f8381c,2025-03-30 22:15:00,164.45,10.57
5b19691d-3,1,c766242f,b2d4d6a8,2025-10-01 13:41:00,210.1,12.26
5b19691d-3,2,30b713c0,3d130875,2025-10-01 13:41:00,113.92,10.09
8c5ce2e2-c,1,346d75cc,144d1b1d,2025-12-01 22:14:00,430.17,13.09
8c5ce2e2-c,2,8742fdbe,308d2867,2025-12-01 22:14:00,155.48,35.97
fc187cc7-c,1,7bfdad86,d432b26b,2025-06-03 15:01:00,102.05,9.33
0ee8f645-c,1,b81b3046,b0df897d,2025-07-03 22:05:00,81.23,8.27
52655d46-a,1,0203ff6f,6000a65b,2025-10-17 11:32:00,100.16,41.22
7be4f19b-c,1,d8cc903c,3e7a5422,2025-06-01 14:01:00,349.96,15.57
4400b75b-b,1,4821bd82,e957e231,2025-07-23 03:47:00,400.69,38.26
31255242-1,1,c7d80541,6dc81bd6,2025-12-03 20:14:00,109.14,14.69
4af723df-3,1,25449731,d10058fd,2025-07-23 23:20:00,223.88,30.08
902fc434-2,1,ccdaacf2,11368d85,2025-01-06 00:39:00,332.01,43.56
660144b1-5,1,25cbedf2,bd7fc016,2025-12-02 06:27:00,350.14,41.25
6684ac3b-b,1,45284e60,d68bf48a,2025-08-27 06:07:00,90.94,12.17
d49e5794-e,1,32431646,39a73d0a,2025-10-18 08:17:00,42.53,33.6
18fc9c98-4,1,499552bf,b8785df5,2025-07-28 21:24:00,91.13,8.49
18fc9c98-4,2,7c8eb5e3,d6b20cdd,2025-07-28 21:24:00,300.63,43.5
f01046e9-e,1,00f1f66d,30846628,2025-09-08 06:51:00,117.15,24.58
f01046e9-e,2,af7c3d3f,45e09260,2025-09-08 06:51:00,448.19,9.63
f01046e9-e,3,8c2dc506,9611624d,2025-09-08 06:51:00,378.4,24.11
531b3580-7,1,331264ad,84718f92,2025-01-30 09:23:00,372.01,28.15
867465f2-8,1,fa0c448e,df7f954d,2025-07-15 23:35:00,192.05,29.47
542186b8-5,1,56c23881,41500e04,2025-07-02 09:09:00,52.6,17.37
aa39b0c0-0,1,4c249fa5,1c95d5c4,2025-09-01 14:48:00,402.04,20.71
aa39b0c0-0,2,a01c84b0,88e2458c,2025-09-01 14:48:00,275.47,27.99
9b07ecc9-3,1,72966584,649e9e18,2025-10-26 04:52:00,398.11,44.65
5cd9d836-3,1,acae5659,9b7d1a47,2025-02-28 18:00:00,312.54,37.15
5cd9d836-3,2,dc1cad4b,e3e09ea8,2025-02-28 18:00:00,65.86,35.08
5cd9d836-3,3,ad14c942,f373e983,2025-02-28 18:00:00,253.58,22.61
68f6946a-c,1,41386a8b,c7880006,2025-07-04 23:26:00,377.94,41.12
120042aa-c,1,bb8a0b65,d7e36ac0,2025-03-02 15:09:00,146.74,15.74
9b5cb6ba-9,1,0145b8da,a5636f58,2025-01-21 09:07:00,428.69,23.61
26807a4a-8,1,35b07f2f,cbdf2468,2025-01-11 22:38:00,284.38,42.02
9941913c-8,1,2ec4191e,b7aa20e0,2025-12-19 15:02:00,389.61,22.2
6967b2f1-c,1,aba91719,3aefd3f2,2025-12-24 18:39:00,345.19,11.21
e1c24d8c-0,1,67b06d3d,5cf7a9eb,2025-02-17 07:46:00,277.57,25.36
50cc3084-f,1,4dae095f,7494a957,2026-01-01 14:13:00,273.14,32.98
a30f2005-e,1,623da73e,24db21db,2025-09-20 05:29:00,299.36,9.8
a30f2005-e,2,3ec0f88d,79c1a4c2,2025-09-20 05:29:00,66.19,27.12
026d6b5b-3,1,41386a8b,45a0b6cf,2025-03-30 01:18:00,436.33,10.84
955e3791-9,1,4b9fe1f9,ffab4a57,2025-01-08 12:49:00,162.93,33.27
49f44967-0,1,5cd14ab1,7ade5d0b,2025-08-21 22:58:00,72.42,44.22
4a3f6e0b-b,1,89c04c0a,0b67671e,2025-01-18 14:31:00,405.49,21.63
8e40772f-0,1,0b14df53,984189ba,2025-09-05 01:17:00,396.83,32.59
d8157b7c-b,1,dd59ea80,e876d00f,2025-05-10 04:07:00,209.05,44.87
c046d5ca-a,1,7bfdad86,13b11be1,2025-09-07 02:50:00,116.03,13.45
d099b621-5,1,578b6230,222a41fe,2025-02-05 16:50:00,18.85,40.57
137fa2bd-9,1,4821bd82,d49da68c,2025-09-08 06:12:00,58.09,22.35
58427d36-5,1,833cec1b,af0474ef,2025-12-13 04:54:00,261.28,17.14
47aaa56a-b,1,5a01c7ca,43e8548f,2025-05-01 08:26:00,27.03,32.85
c176ceaa-2,1,2942d890,20399ef4,2025-11-12 07:47:00,296.03,35.95
1c406bdb-8,1,18b2b5a9,456e19f0,2025-06-02 15:49:00,259.33,34.07
2a54a687-a,1,45104aa7,f277cb2f,2025-07-26 08:29:00,414.91,39.65
b647df24-f,1,46247658,26b7aab8,2025-07-22 22:37:00,74.71,20.47
6fc4a59a-c,1,f8241532,6684383a,2025-09-27 19:40:00,395.52,29.99
b60de563-f,1,71088410,8609b406,2025-10-22 06:22:00,129.8,23.68
64373fd7-0,1,135ab652,b9d26112,2025-12-24 09:12:00,255.51,15.57
c170f028-b,1,c076efd0,d9677777,2025-04-04 03:46:00,94.64,31.96
fc1d83e2-a,1,5414d82a,019c309c,2025-07-25 15:45:00,278.6,17.34
40430e36-5,1,c2a0ed70,41448089,2025-01-07 02:12:00,237.34,23.56
7345d24f-d,1,5cd14ab1,1e15c4a4,2025-11-23 15:38:00,93.78,21.37
0100d3de-e,1,7ee46027,e76306ae,2025-03-02 17:34:00,32.37,32.43
0e842e5c-1,1,fdfdede0,f48642f6,2025-11-21 23:17:00,342.0,42.33
914cbb3e-c,1,f3583162,c8de7a86,2025-01-17 17:37:00,103.37,30.8
914cbb3e-c,2,15e94fa2,b5663d9d,2025-01-17 17:37:00,54.66,35.4
914cbb3e-c,3,f8241532,772ba8bb,2025-01-17 17:37:00,367.15,12.61
2e266a83-6,1,ff0dac41,4e6b8aa4,2025-08-29 19:10:00,204.31,39.85
767ca429-8,1,f3583162,9540ed3e,2025-05-04 03:54:00,385.01,35.78
c407d332-c,1,dce37340,7d78a5cc,2025-12-16 15:27:00,379.63,30.44
390b2329-f,1,89e99561,82178b65,2025-02-14 19:53:00,105.1,19.63
7ba476da-9,1,8c2dc506,1b42b7dd,2025-05-13 22:18:00,121.17,33.81
7ba476da-9,2,0145b8da,becc12c0,2025-05-13 22:18:00,325.19,8.81
7ba476da-9,3,fdfdede0,ae196be1,2025-05-13 22:18:00,165.16,22.1
e60fde5c-4,1,e74981f9,f16cc687,2025-08-22 13:05:00,132.07,41.73
94341e39-e,1,dd59ea80,1526a3ee,2025-03-27 05:14:00,382.97,44.23
4b775a92-2,1,72b33988,385f9d74,2025-05-03 02:45:00,36.78,10.93
66758cf9-0,1,714642dd,fd1be019,2025-06-05 04:54:00,241.42,16.58
03db4a37-d,1,714642dd,ce7416f1,2025-12-07 23:11:00,117.77,37.89
03db4a37-d,2,dd59ea80,9ba078b6,2025-12-07 23:11:00,277.15,10.85
03db4a37-d,3,59105597,53c484c7,2025-12-07 23:11:00,132.03,36.98
75797cea-8,1,860994ba,5ccec3ae,2025-08-30 17:48:00,121.86,8.32
5f8a5282-7,1,c173b5e1,62fa8ebd,2025-01-16 16:32:00,219.04,39.32
3365b37a-b,1,15e94fa2,9bff44b4,2025-05-28 14:15:00,293.46,35.92
cf8b0566-b,1,89e99561,c0b4433a,2025-06-02 14:33:00,401.62,25.26
688823b7-7,1,2942d890,0c1b3716,2025-11-12 18:45:00,87.6,39.74
f978c4c6-d,1,e44dc6e0,38710019,2025-11-09 11:53:00,177.53,19.64
652ab340-0,1,5a01c7ca,47dd2d3f,2025-11-28 04:28:00,121.35,8.61
652ab340-0,2,acae5659,786a1672,2025-11-28 04:28:00,408.09,17.36
6e892c98-f,1,b3cf73d5,91e29404,2025-09-01 11:56:00,432.43,17.08
55fadf56-2,1,53ca8c22,c6c1633f,2025-02-26 09:23:00,400.87,40.27
8a5a3901-d,1,32431646,4be85039,2025-06-05 11:52:00,44.47,20.26
9f096050-d,1,a69afd9f,d8795da0,2025-01-11 03:09:00,176.5,24.59
ffaa8aa0-b,1,fcd95cf7,c366d82d,2025-07-02 19:20:00,399.34,36.06
e41004da-9,1,17e5d58b,588c203a,2025-12-13 17:46:00,158.62,34.43
e41004da-9,2,943a1be7,b05c0d50,2025-12-13 17:46:00,77.62,36.2
e41004da-9,3,dd59ea80,758355ed,2025-12-13 17:46:00,55.54,22.2
4ba84b1b-d,1,343dcfd1,c0ca282d,2025-01-28 09:00:00,200.71,29.02
dcbcdefc-6,1,4c249fa5,105481c2,2025-01-25 08:46:00,417.3,26.26
dcbcdefc-6,2,962a09ee,bd165519,2025-01-25 08:46:00,306.2,38.03
dcbcdefc-6,3,cc935477,a6170495,2025-01-25 08:46:00,283.31,44.24
6c9885e7-9,1,41386a8b,88f4f3c9,2025-10-18 17:56:00,305.47,38.91
8341c5d2-9,1,f96eeb5c,52a4213d,2025-05-28 19:49:00,203.73,18.07
3a19c479-3,1,4179340c,6c9e9e59,2025-09-18 23:25:00,373.47,28.54
3a19c479-3,2,1a17b66b,00b9d9b9,2025-09-18 23:25:00,398.12,17.2
2f5dda1c-c,1,a35409cd,b1e85f14,2025-09-21 11:26:00,120.48,31.05
cf2cf2a2-d,1,12b1c297,6f736a25,2025-08-01 13:09:00,148.98,26.0
cf2cf2a2-d,2,25449731,1fae4777,2025-08-01 13:09:00,418.61,22.66
cf2cf2a2-d,3,4821bd82,0edf6877,2025-08-01 13:09:00,191.31,39.43
81f237f8-b,1,edb8f78e,3d9dd3a0,2025-03-31 10:10:00,58.79,11.05
6de1f7eb-8,1,21155322,6a7599de,2025-09-15 02:59:00,73.07,44.4
09a2cfe7-a,1,4c249fa5,3693da63,2025-12-30 11:42:00,403.4,20.22
c739f651-2,1,25449731,eafc9918,2025-02-17 01:39:00,61.78,29.95
c739f651-2,2,e930d17d,5552312d,2025-02-17 01:39:00,46.18,30.67
7dd6eebc-5,1,8b587576,168cc16a,2025-05-19 05:41:00,28.93,39.53
8f03ab02-f,1,b131e4c7,6f7bec27,2025-09-23 09:18:00,360.5,39.34
8f03ab02-f,2,45104aa7,62001c7e,2025-09-23 09:18:00,106.59,25.07
f0951d36-4,1,d1310ac6,82e83abc,2025-11-02 03:09:00,350.11,33.45
a9faec87-f,1,056408d4,e3113f13,2025-09-09 13:26:00,332.28,19.19
a9faec87-f,2,13d52475,adb55b88,2025-09-09 13:26:00,404.58,32.28
a9faec87-f,3,efbe5223,ded930bf,2025-09-09 13:26:00,83.09,15.09
f4a13840-7,1,8de4e26c,8a3b93ef,2025-01-22 08:24:00,210.58,38.18
f4a13840-7,2,e31ba7d4,3434791f,2025-01-22 08:24:00,301.41,43.45
f4a13840-7,3,8464d5d5,54939589,2025-01-22 08:24:00,392.64,14.81
aac73b10-3,1,71088410,8400314e,2025-09-12 10:09:00,409.68,34.67
602fad88-6,1,ad3fe261,131d91f8,2025-01-10 20:23:00,60.5,36.55
6266cb81-4,1,dfdbc83d,ae2788bb,2025-03-22 10:43:00,447.23,30.66
a85d5166-9,1,331264ad,daa5dba7,2025-01-26 14:46:00,34.36,20.31
a85d5166-9,2,2942d890,163a2124,2025-01-26 14:46:00,271.35,43.71
a85d5166-9,3,6c3d4a04,1fd6021e,2025-01-26 14:46:00,221.42,40.49
a85d5166-9,4,d0fd83ca,1a525861,2025-01-26 14:46:00,412.64,30.52
0fcfea32-1,1,5414d82a,7284ddd8,2025-08-24 08:19:00,186.74,8.16
0fcfea32-1,2,e74981f9,ab76042b,2025-08-24 08:19:00,32.64,43.22
0fcfea32-1,3,63a33f6d,6fba3bb5,2025-08-24 08:19:00,118.96,8.08
a5d43dbc-1,1,ae33358f,946e7882,2025-10-12 13:01:00,231.04,29.47
a5d43dbc-1,2,5d8fa470,71b0b3b4,2025-10-12 13:01:00,302.66,18.64
357a2f78-2,1,962a09ee,221f9674,2025-06-23 05:34:00,158.02,17.09
89915725-6,1,b3cf73d5,58e2ab57,2025-03-13 23:46:00,85.41,23.78
8968928d-9,1,41386a8b,02e5ede9,2025-06-02 09:34:00,394.85,39.56
3b2ccb8a-b,1,5d8fa470,0bc302aa,2025-05-24 05:07:00,217.4,12.52
f53817d2-7,1,00f1f66d,e11a15fe,2025-02-17 11:50:00,252.21,17.26
9581ac44-2,1,ac092b61,d15f7b67,2025-03-30 04:21:00,27.96,39.58
54274605-3,1,76252a44,31b3a866,2025-09-25 12:13:00,351.46,35.67
116d14d8-5,1,ae28a23e,30cd6ada,2025-09-16 17:49:00,101.61,9.55
f0af9967-8,1,dbd26aa1,03514625,2025-10-25 11:01:00,436.77,39.89
d1ea3670-5,1,72b33988,0a2d702a,2025-09-29 17:49:00,448.32,34.86
9538deec-e,1,a65474a3,d66497dd,2025-01-22 20:20:00,31.94,11.94
9538deec-e,2,e44dc6e0,d37973c1,2025-01-22 20:20:00,304.2,44.94
fb641f8d-3,1,ff0dac41,f5e60ee7,2025-05-29 10:54:00,336.3,23.05
412db09c-7,1,46130b9f,3ed54256,2026-01-05 02:55:00,64.32,44.06
412db09c-7,2,b25c0395,4f026de5,2026-01-05 02:55:00,153.47,12.58
9c0d48b1-e,1,962a09ee,1aa4797a,2025-02-15 07:03:00,368.04,28.31
9c0d48b1-e,2,cd04d99b,e0745c10,2025-02-15 07:03:00,393.58,28.2
22bea745-b,1,d424c64b,6d61e99b,2025-02-26 12:48:00,337.38,13.06
6539c42b-4,1,7aac1942,8bc41396,2025-09-07 01:30:00,404.34,17.16
fe251e4e-c,1,d7fc0a60,3cf3ea1f,2025-12-04 18:44:00,88.68,43.42
1d6d1743-6,1,b9ebeafd,1b41ef21,2025-01-08 21:33:00,201.93,30.69
1e3e61cb-e,1,a2ee6258,ca0ce11c,2025-10-03 09:22:00,411.17,18.64
1e3e61cb-e,2,b7259473,a1b0f16b,2025-10-03 09:22:00,283.13,40.91
1e3e61cb-e,3,ad29cfcc,5bb76b7c,2025-10-03 09:22:00,125.92,30.39
1e3e61cb-e,4,af7c3d3f,a1932d18,2025-10-03 09:22:00,440.35,23.01
620ada6d-d,1,7bfdad86,27ca9dcd,2025-10-28 05:52:00,115.42,17.25
648d7196-a,1,7de3f7af,201f7631,2025-03-15 06:17:00,376.04,8.51
d7131e93-f,1,17e5d58b,555acc70,2025-03-20 04:46:00,301.89,33.17
d7131e93-f,2,bb2dcad1,c1d9d539,2025-03-20 04:46:00,303.46,39.74
d7131e93-f,3,a01c84b0,e1415c33,2025-03-20 04:46:00,104.95,21.07
d7131e93-f,4,73bf66cd,84bdfcba,2025-03-20 04:46:00,228.11,43.12
4c83b783-0,1,c6b454f7,4eaf2f83,2025-01-07 13:29:00,103.67,12.09
b0ad805a-a,1,4f06f5f6,4febc3f0,2025-05-29 05:27:00,146.89,16.3
212827cb-3,1,e0125e51,9c4304fb,2025-05-24 05:30:00,182.29,44.5
212827cb-3,2,056408d4,729cac65,2025-05-24 05:30:00,236.72,42.56
780d186c-1,1,89e99561,808da0df,2025-09-30 08:44:00,23.83,28.98
780d186c-1,2,4179340c,97cfc587,2025-09-30 08:44:00,119.93,18.46
31f4d666-3,1,ed213a56,54b6319b,2025-10-04 05:40:00,157.41,33.52
db458958-a,1,17bbcd88,d3000cdf,2025-06-29 00:30:00,124.26,37.77
9cac5122-8,1,5d7f440d,e285f545,2025-07-30 21:53:00,56.8,25.46
006e483e-b,1,b25c0395,59673b83,2025-06-21 01:54:00,229.52,23.94
dabbe91c-2,1,7c8eb5e3,9a3c93c5,2025-02-14 03:36:00,104.16,23.26
1ede4efb-a,1,22af20fd,d991497e,2025-12-20 17:28:00,126.56,41.97
81f96ff2-2,1,12b1c297,d1e8cd14,2025-12-01 18:56:00,55.68,17.26
81f96ff2-2,2,623da73e,01e0988e,2025-12-01 18:56:00,339.69,42.72
81f96ff2-2,3,67b06d3d,7b713419,2025-12-01 18:56:00,34.21,33.49
043c75f9-d,1,8ee662e2,88527250,2025-12-28 23:00:00,361.14,40.84
043c75f9-d,2,59105597,b7e35250,2025-12-28 23:00:00,53.59,29.57
4b2d7c8b-1,1,92a83e26,82cfeebe,2025-01-06 13:44:00,336.42,44.29
3a1a36c2-8,1,1ca67118,3ac58065,2025-05-26 06:11:00,333.61,15.25
c9720ef5-5,1,21155322,92d9f6b5,2025-03-14 09:29:00,66.28,41.75
67e49cf0-e,1,42986a86,12f03d55,2025-06-08 21:27:00,221.07,8.28
67e49cf0-e,2,ad14c942,1d94c579,2025-06-08 21:27:00,30.28,14.48
5c86fb9b-c,1,714642dd,83a2ca31,2025-03-27 06:04:00,130.77,27.25
dd7874da-6,1,8464d5d5,4aeeebaf,2025-11-04 18:21:00,108.78,24.62
d55366bb-c,1,8c184e16,dc1b1e2f,2025-06-16 08:38:00,351.06,25.2
3235dc68-8,1,5d8fa470,9240861b,2025-12-27 04:57:00,428.06,12.19
d2dcfcc5-e,1,4767d031,eca070e9,2025-10-30 22:47:00,249.48,16.58
61ce866d-2,1,edb8f78e,5247b2e9,2025-01-31 16:54:00,162.51,27.89
196c6c2f-f,1,3cebde76,6109b56e,2025-10-14 04:52:00,75.77,37.23
196c6c2f-f,2,aef5d53f,ec049556,2025-10-14 04:52:00,240.31,31.12
bec8f3ea-0,1,c2a0ed70,7cce95c2,2025-10-12 02:47:00,446.85,20.49
02e701f5-e,1,cbe411a2,a8c06126,2025-01-11 00:49:00,51.38,14.1
02e701f5-e,2,3ec0f88d,3c5a3945,2025-01-11 00:49:00,50.26,33.45
11d28752-d,1,35bf64d1,6e7fbde4,2025-10-08 20:23:00,151.09,32.87
0e826ad1-4,1,508bf8ab,ea2cb66a,2025-06-04 08:10:00,222.4,26.17
5e3e2413-b,1,7bfdad86,58091fbf,2025-06-02 16:39:00,235.61,25.29
c1e995f5-d,1,46130b9f,5bde56b7,2025-12-10 08:56:00,329.9,18.18
0eed93df-b,1,2a5ed824,dbad7821,2025-03-09 07:26:00,175.76,9.81
bd4c0978-6,1,17d9bda9,118b3578,2025-10-28 12:46:00,38.07,15.69
d7c59b0b-8,1,5a5a81da,97361d80,2025-11-16 17:29:00,350.98,36.81
d7c59b0b-8,2,e930d17d,56ef8e86,2025-11-16 17:29:00,95.37,10.39
edd54b60-3,1,30b713c0,6b1e37c2,2025-07-25 08:53:00,287.13,17.57
0eac3550-0,1,f2168bc4,8402999a,2025-05-13 16:12:00,131.49,13.73
77e891d4-b,1,ff0dac41,2b2a17d9,2025-11-18 21:18:00,192.32,13.87
7cae676f-b,1,c587f345,5c98708e,2025-07-13 23:46:00,50.74,40.32
560fc05c-4,1,0f9cd918,6aeece95,2025-07-24 05:22:00,96.17,37.18
560fc05c-4,2,ae28a23e,dec1a894,2025-07-24 05:22:00,162.87,33.28
cfcd28fe-0,1,c6b454f7,a8e3bd3d,2025-01-17 21:05:00,238.15,43.52
cfcd28fe-0,2,578b6230,9ad7722c,2025-01-17 21:05:00,234.77,41.97
04dd3c63-7,1,5a677ab7,04f15689,2025-10-17 22:32:00,217.57,38.77
374af81c-e,1,7ca12e2f,ae66cbc3,2025-12-23 20:03:00,99.53,27.47
df7da761-2,1,858d2ce8,b802a7c5,2025-03-09 12:46:00,54.18,34.32
df7da761-2,2,ea93ce95,ddd0b42b,2025-03-09 12:46:00,243.9,34.69
3b18d302-9,1,42ac8785,4b007634,2025-01-30 19:12:00,229.27,12.98
5ca4f38c-8,1,45104aa7,7049bbf2,2025-08-02 01:46:00,446.27,11.53
2a666f86-3,1,1fa19b01,c5497890,2025-10-15 23:55:00,105.79,8.98
b3cfaac5-8,1,17e5d58b,7729bbe4,2025-08-06 03:35:00,160.23,31.56
8442f326-3,1,4821bd82,6332671b,2025-05-31 19:07:00,185.42,30.56
8442f326-3,2,fa0c448e,7efa4b83,2025-05-31 19:07:00,73.26,10.14
8442f326-3,3,86289f74,6498e41d,2025-05-31 19:07:00,277.61,37.92
fbfe792a-d,1,ae2a4ad9,7e09bf45,2025-10-27 09:06:00,187.7,25.66
3ec546b6-e,1,040b7928,afd29b9d,2025-03-18 13:12:00,79.33,16.89
3ec546b6-e,2,ebdd156e,8dabd065,2025-03-18 13:12:00,160.81,23.48
3ec546b6-e,3,8492863a,6ae1ad09,2025-03-18 13:12:00,125.99,9.35
b1ce9c7b-a,1,c076efd0,89340b98,2025-10-07 13:47:00,118.38,42.62
c0df712d-d,1,8c4d1c4c,83be1b56,2025-01-29 16:44:00,354.43,8.66
837ff04b-0,1,92a83e26,865026d0,2025-04-20 11:24:00,183.03,33.34
837ff04b-0,2,833cec1b,746943c2,2025-04-20 11:24:00,154.36,35.57
b5bc3e6c-0,1,24a1c73a,fd8c9279,2025-06-29 11:03:00,226.14,39.35
4a29cec2-5,1,c6b454f7,37d2f37b,2025-03-20 19:13:00,341.1,9.49
4a29cec2-5,2,67b06d3d,a590ede4,2025-03-20 19:13:00,147.24,28.52
59006e57-4,1,dfdbc83d,7078dffa,2025-04-15 10:19:00,74.38,9.71
3df66dee-c,1,f30d14a5,68b977ef,2025-03-10 01:06:00,278.47,9.76
fb9a7453-d,1,5a5a81da,e8d17e58,2025-10-30 22:04:00,325.87,24.76
0fac55ea-2,1,ad29cfcc,22a0a4e4,2025-03-31 12:48:00,348.48,29.19
a722f654-1,1,331264ad,c71f24aa,2025-10-15 20:38:00,54.0,27.32
a722f654-1,2,a01c84b0,0a84d57c,2025-10-15 20:38:00,247.84,21.55
4b865df9-a,1,b27e8c45,e5aa916d,2025-05-13 04:21:00,400.99,29.07
0cb622e4-7,1,a74489e0,094ff9b9,2025-04-10 07:18:00,192.4,33.89
755313a7-4,1,8ee662e2,acded0d8,2025-07-28 20:07:00,149.63,42.89
8a3b37a6-1,1,a69afd9f,14eef680,2025-06-21 21:42:00,75.26,41.19
8a3b37a6-1,2,5a5a81da,465988c2,2025-06-21 21:42:00,378.65,44.29
5999cc44-6,1,64059073,ee30d575,2025-03-07 04:57:00,28.02,37.77
e4a5175a-5,1,c18b5129,5d0ffe31,2025-11-04 11:34:00,181.36,22.0
215687ad-1,1,a01c84b0,c4158de8,2025-04-26 00:35:00,348.42,37.87
215687ad-1,2,ea4ef1a7,a0ea8e25,2025-04-26 00:35:00,263.61,44.28
c5fb7d54-a,1,86289f74,d883f523,2025-05-22 12:34:00,384.65,18.06
b0f9eecd-d,1,11b5ce57,d6f29b61,2025-04-30 00:00:00,42.23,10.04
a7ab9937-b,1,92a83e26,44011c01,2025-02-13 02:42:00,35.84,10.45
a7ab9937-b,2,dfdbc83d,b2f94f3d,2025-02-13 02:42:00,39.35,31.99
a7ab9937-b,3,a35409cd,df3f19e9,2025-02-13 02:42:00,142.47,30.44
b4290732-a,1,85b148ec,c781cfe8,2025-08-02 05:55:00,294.3,31.2
ea0d1420-2,1,d1310ac6,0c11184f,2025-05-29 08:01:00,184.97,10.15
c4f99701-2,1,8492863a,331b1a21,2025-07-31 13:42:00,339.45,26.21
b37755fe-4,1,89c04c0a,d8a144ac,2025-03-29 18:44:00,308.47,17.72
166256cf-7,1,068b1543,defa8817,2025-05-04 02:59:00,164.96,43.56
166256cf-7,2,24a1c73a,e412451b,2025-05-04 02:59:00,218.23,42.31
166256cf-7,3,d0fd83ca,5009728b,2025-05-04 02:59:00,19.63,39.43
b8268a28-7,1,d8cc903c,03e300c0,2025-03-30 00:24:00,441.1,19.76
4b0a86e6-9,1,87aa2d53,0d41e598,2025-10-26 11:24:00,144.08,17.79
906b80de-a,1,1d6c8389,1bc5e6dd,2025-01-30 04:55:00,202.55,18.54
906b80de-a,2,27dbfee3,530348be,2025-01-30 04:55:00,117.88,15.58
906b80de-a,3,c587f345,df2099a5,2025-01-30 04:55:00,376.92,22.74
906b80de-a,4,5d8fa470,153256d2,2025-01-30 04:55:00,62.1,13.25
05661b30-2,1,15e94fa2,41fa6c95,2025-09-25 05:58:00,292.99,40.49
6387899a-8,1,72966584,bf10b4b3,2025-04-09 03:40:00,89.65,28.21
6387899a-8,2,25449731,1d588e45,2025-04-09 03:40:00,356.21,33.41
6387899a-8,3,64e7c9dc,e0c5328f,2025-04-09 03:40:00,116.73,23.76
60736006-f,1,46247658,f2797be9,2025-09-26 05:34:00,341.37,43.51
7d91beaf-e,1,12b1c297,3d0fa167,2025-10-11 23:40:00,212.3,33.9
7d91beaf-e,2,89e99561,97b397a7,2025-10-11 23:40:00,389.49,26.37
7d91beaf-e,3,bb8a0b65,fb4b09f4,2025-10-11 23:40:00,240.45,37.88
795878b9-f,1,45104aa7,21cb6873,2025-10-09 04:05:00,308.14,11.19
657d3297-c,1,c909b752,d59ae3f3,2025-12-09 11:00:00,313.74,22.98
657d3297-c,2,63cb55c9,f5d26ab0,2025-12-09 11:00:00,333.63,27.34
657d3297-c,3,01b22555,8abb473c,2025-12-09 11:00:00,46.65,29.11
657d3297-c,4,45104aa7,94beccb0,2025-12-09 11:00:00,262.02,43.85
0052ca4f-5,1,135ab652,89ed4a37,2025-11-04 17:49:00,140.63,28.23
910acaf0-c,1,c587f345,1b26ffe4,2025-06-24 01:38:00,235.7,18.8
910acaf0-c,2,05f43073,96c627e5,2025-06-24 01:38:00,144.69,30.41
910acaf0-c,3,d8cc903c,788fb267,2025-06-24 01:38:00,255.79,10.44
910acaf0-c,4,cf55c767,26904e72,2025-06-24 01:38:00,138.35,24.72
ced68cc4-3,1,924c80ea,9133d393,2025-01-24 22:41:00,189.72,22.45
8e5bcc65-4,1,3f0171a6,fd87ed95,2025-01-19 19:28:00,230.28,27.69
a30c16da-4,1,05f43073,3bc092c2,2025-11-21 18:58:00,154.25,29.34
a30c16da-4,2,af2aae2e,fdf1a0cd,2025-11-21 18:58:00,447.47,9.41
8f5e1b0c-f,1,227bd523,37f73c51,2025-10-01 00:25:00,175.38,33.73
46a924f1-a,1,331264ad,01faf24f,2025-07-09 12:24:00,262.6,9.13
b6d67d35-2,1,89c04c0a,383dacba,2025-05-29 17:11:00,186.03,29.96
77565413-1,1,5a677ab7,38f1194e,2025-11-15 09:11:00,312.33,35.36
f6e99e82-1,1,4c249fa5,073807ef,2025-04-29 06:34:00,128.42,33.33
9cdd4ba3-7,1,8af3c722,74c90a33,2025-06-27 23:59:00,89.76,43.0
ae408a7a-7,1,34b60de6,7397e3ff,2025-11-13 21:23:00,175.62,8.95
bf1e8b53-1,1,671b4fed,4d845af6,2025-07-22 17:20:00,373.81,16.3
abc0999d-d,1,5d0203f7,1ad928d9,2025-03-08 21:57:00,412.54,30.16
abc0999d-d,2,4c249fa5,4d983c7e,2025-03-08 21:57:00,35.4,27.3
abc0999d-d,3,b25c0395,ce87f717,2025-03-08 21:57:00,268.16,17.96
ce67c1c4-3,1,45104aa7,b9e7f0c6,2025-07-26 09:05:00,103.0,16.01
3c177312-6,1,13f00340,4c86471f,2025-08-08 15:46:00,34.92,43.51
688397a1-e,1,7ca12e2f,9ee6f382,2025-12-01 03:18:00,92.14,22.17
1522e883-a,1,ddea18ae,52063a76,2025-12-28 18:33:00,344.63,8.25
f1ab22ce-c,1,34bf6985,20ecc39b,2025-09-26 16:35:00,366.96,37.95
f1ab22ce-c,2,35b07f2f,b12b218a,2025-09-26 16:35:00,196.0,43.36
f1ab22ce-c,3,ab6a864d,56a0f4f2,2025-09-26 16:35:00,235.3,37.31
fe1b7bdc-4,1,c076efd0,55e8d514,2025-05-29 09:55:00,442.67,41.05
883a44f4-9,1,13f00340,ad73098f,2025-06-28 23:37:00,357.61,39.14
883a44f4-9,2,671b4fed,fc1768db,2025-06-28 23:37:00,92.33,12.77
883a44f4-9,3,12b1c297,cd41b69d,2025-06-28 23:37:00,435.92,38.06
ba50268c-c,1,36dcbb7e,1fc8278a,2025-01-19 04:59:00,293.04,29.69
ba50268c-c,2,ae2a4ad9,7b00757f,2025-01-19 04:59:00,46.65,16.75
6d4d3a48-9,1,17bbcd88,085e7065,2025-04-22 00:20:00,256.66,14.74
638d9751-7,1,25449731,28dfe1dc,2025-09-29 16:39:00,77.67,43.63
638d9751-7,2,d470fd17,adbc1db0,2025-09-29 16:39:00,199.04,41.26
638d9751-7,3,7c16586a,3ed72250,2025-09-29 16:39:00,327.92,18.83
638d9751-7,4,499552bf,3828b99a,2025-09-29 16:39:00,80.12,8.24
863596de-5,1,c3b5fec6,8158302e,2026-01-01 05:58:00,243.74,37.8
b2c75acd-8,1,6c3d4a04,9929bb23,2025-10-11 03:47:00,69.94,30.44
e9ee61ce-9,1,8fb9b9d4,c13bd508,2025-11-22 09:39:00,241.02,23.37
75275ad9-4,1,d8012882,2d35e013,2025-10-16 14:22:00,322.18,32.61
bc976be0-d,1,259a60e5,b7a9ef75,2025-08-31 10:16:00,82.32,29.14
65a0b08f-e,1,72b33988,8e9a0206,2025-02-21 16:52:00,119.87,11.78
97ae3eba-d,1,a0683d93,47b0d379,2025-08-19 03:41:00,314.06,15.34
a38f2e55-c,1,b1a45968,e5f13887,2025-04-27 18:41:00,156.73,14.38
a38f2e55-c,2,cd04d99b,c4ecce64,2025-04-27 18:41:00,430.51,41.66
a38f2e55-c,3,4821bd82,62cbac98,2025-04-27 18:41:00,337.33,40.62
09f92a5e-8,1,1bef1134,276955cf,2025-08-12 10:42:00,117.78,28.37
5edbe6b1-a,1,ff0dac41,e71d76e5,2025-06-21 20:23:00,131.05,12.52
f76d4900-a,1,9ae01382,a6d1a97d,2025-03-29 12:18:00,266.26,43.26
efad9050-1,1,ab6a864d,82436611,2025-03-06 05:57:00,205.88,14.91
f510fa11-6,1,e930d17d,453f26b2,2025-02-10 05:03:00,411.14,34.59
a94c43d5-9,1,63cb55c9,6777d768,2025-06-22 04:37:00,27.21,32.98
202d2e70-f,1,dc1cad4b,0eebca0d,2025-02-02 17:12:00,278.86,42.77
202d2e70-f,2,d8bd785c,4afe292f,2025-02-02 17:12:00,240.6,26.72
7ca38f2f-a,1,5d8fa470,c3c97a6d,2025-12-22 06:44:00,186.54,10.25
c915bdf3-8,1,46247658,f298a81b,2025-06-09 07:59:00,154.52,25.03
d4bacaaf-0,1,4f06f5f6,882ad276,2025-10-25 02:01:00,303.84,11.42
d4bacaaf-0,2,42ac8785,ebf0be60,2025-10-25 02:01:00,222.92,32.19
2f7ab5ba-f,1,844c0629,905238a1,2025-11-15 06:58:00,55.42,43.79
952d6980-8,1,12b1c297,270d8eca,2025-03-24 23:09:00,392.03,42.19
d85d24e8-a,1,aef5d53f,cad8a18d,2025-09-01 21:08:00,65.43,22.16
7d5cd695-1,1,dfdbc83d,d8c512b5,2025-03-08 19:46:00,345.58,42.5
8dabe4a8-7,1,c7d80541,97443991,2025-01-24 09:36:00,302.25,24.85
876570ad-b,1,5a01c7ca,64437cee,2025-03-23 09:11:00,287.03,13.2
876570ad-b,2,c076efd0,34bed640,2025-03-23 09:11:00,389.03,29.33
235a63f3-0,1,7ac70db9,3c6cdc5f,2025-11-07 09:24:00,447.64,20.95
a9cd6704-9,1,bc304333,07f3c928,2025-12-07 00:51:00,70.77,33.7
182f0f90-f,1,17bbcd88,0a264695,2025-02-24 07:29:00,421.8,28.34
b4398a9a-f,1,92a83e26,129e7784,2025-06-12 04:13:00,76.27,25.83
b4398a9a-f,2,27dbfee3,2db489d1,2025-06-12 04:13:00,198.77,21.39
ab548d0e-4,1,cf55c767,946def9d,2025-09-16 08:03:00,202.58,39.89
0666aa7f-9,1,42986a86,0613370e,2025-03-11 09:33:00,375.08,33.32
3673fc69-0,1,46130b9f,f77b8089,2025-06-01 01:15:00,409.97,23.0
27c36bb1-d,1,85b148ec,6a87c2b1,2025-11-29 14:23:00,271.7,36.8
2d062bdb-9,1,c587f345,73c57bd4,2025-08-11 05:15:00,215.86,8.1
2d062bdb-9,2,7c8eb5e3,a5124bfd,2025-08-11 05:15:00,256.4,36.46
af2690a0-e,1,c2a0ed70,0c9ce926,2025-04-22 00:51:00,347.1,11.33
e39e1e10-1,1,1f27dff3,f7d4448b,2025-10-11 00:33:00,272.85,40.13
4aed204a-5,1,27dbfee3,1c2ad760,2025-08-31 02:12:00,215.95,16.48
9ef0d024-1,1,dd59ea80,1001945d,2025-10-04 08:31:00,25.78,28.91
6d52f668-7,1,9ae01382,3ce906bd,2025-10-03 21:22:00,230.84,15.57
3d5936df-7,1,7c16586a,673174a5,2025-04-17 21:51:00,416.06,39.02
3d5936df-7,2,4715402d,e507f982,2025-04-17 21:51:00,205.01,13.51
f27c0744-9,1,943a1be7,49a39311,2025-10-01 07:53:00,190.3,23.75
421fb2d4-7,1,0570f6af,5babbff0,2025-11-03 00:48:00,209.42,25.97
421fb2d4-7,2,18555030,c6aefee0,2025-11-03 00:48:00,69.08,17.34
020a0a2c-f,1,056408d4,c397f2dc,2025-12-07 08:37:00,44.56,34.45
ee6b0cb8-4,1,b7259473,6e100f9f,2026-01-03 20:44:00,305.45,34.19
3876a5d8-9,1,19c7a2a5,90d6a6b2,2025-05-16 19:38:00,419.23,22.62
dea379eb-9,1,bd91e8ae,6d23d00a,2025-11-29 07:41:00,368.94,22.14
ea835d7d-a,1,e0125e51,58916065,2025-08-04 12:06:00,223.75,17.85
ea835d7d-a,2,06697ada,8bcfad4d,2025-08-04 12:06:00,376.45,36.2
ea835d7d-a,3,92ebab06,0fa591be,2025-08-04 12:06:00,94.61,35.27
9d93c86d-1,1,edc1d87a,0e21e061,2025-11-06 09:37:00,44.14,38.43
369231d0-2,1,508bf8ab,6018ba68,2025-12-10 04:01:00,382.25,11.91
52d916b6-7,1,6f1a0713,798277d5,2025-03-28 21:42:00,56.36,42.44
700a0d7f-5,1,3ec0f88d,97a3ee48,2025-07-14 21:44:00,210.13,13.42
9fca1db3-b,1,bacdb118,55070bbd,2025-10-08 16:40:00,437.17,42.34
3b1131df-5,1,06697ada,7552439a,2025-03-17 05:48:00,263.42,24.29
b6d584ea-7,1,2ec4191e,16062326,2025-01-11 17:11:00,154.29,32.66
c3d4f83e-e,1,82a623b9,e05a9ae8,2025-02-18 09:38:00,237.24,26.49
80e784a7-f,1,343dcfd1,27c311e9,2025-03-31 19:42:00,216.56,35.83
80e784a7-f,2,96559be2,8e3a0dda,2025-03-31 19:42:00,425.32,32.8
80e784a7-f,3,21c6d812,a3e03066,2025-03-31 19:42:00,304.09,9.85
95821b3d-9,1,7c8eb5e3,a833f9ff,2026-01-06 03:16:00,230.04,28.42
50426ffd-3,1,4179340c,b27298f4,2025-12-17 22:35:00,353.88,25.03
6fe677da-3,1,8c184e16,4854faaa,2025-11-29 01:56:00,181.92,17.2
6fe677da-3,2,b95998dd,e21af89d,2025-11-29 01:56:00,421.97,23.88
09d1dc4a-5,1,858d2ce8,a445dca8,2025-06-14 04:04:00,182.88,13.91
7778ccb3-a,1,af7c3d3f,3d6802b6,2025-05-10 20:26:00,233.6,29.23
66621b8c-f,1,6f1a0713,49e34249,2025-10-05 22:32:00,186.91,13.6
b2c586f0-e,1,833cec1b,8c90aa76,2025-10-27 02:27:00,108.29,38.7
55f89ea0-c,1,2942d890,a6663317,2025-07-08 21:48:00,61.96,15.89
55f89ea0-c,2,2942d890,92dec487,2025-07-08 21:48:00,404.08,20.64
217605dc-8,1,71088410,6707f1f1,2025-10-17 16:06:00,341.46,26.34
9d995423-1,1,ebdd156e,dc9f065a,2025-02-24 13:20:00,27.29,28.99
c1f8eb5e-e,1,87aa2d53,b108ba10,2025-09-10 23:04:00,289.26,28.23
2022ec62-3,1,499552bf,3b7a82e6,2025-10-15 04:06:00,239.88,44.83
66a291b2-a,1,b7259473,16269586,2025-07-26 20:24:00,319.01,29.53
f5a8ccbf-c,1,30b713c0,3c32411c,2025-06-14 16:24:00,440.82,37.73
fae5613b-9,1,21c6d812,78a16b11,2025-03-16 23:38:00,447.69,17.12
fae5613b-9,2,ccdaacf2,4a18658a,2025-03-16 23:38:00,401.78,9.65
10f284e3-3,1,bdb03f62,ca737d0d,2025-08-10 21:46:00,366.26,15.66
10f284e3-3,2,ea4ef1a7,d0e4c9f9,2025-08-10 21:46:00,123.12,44.11
774ce51a-9,1,0570f6af,fe01dbdc,2025-05-19 10:23:00,25.78,32.27
7378fabb-4,1,a65474a3,3ad3bc53,2025-03-16 09:33:00,415.42,44.95
55e9f49f-4,1,0b14df53,b59f0ef4,2025-08-16 13:31:00,85.4,38.35
55e9f49f-4,2,86289f74,dcb9228e,2025-08-16 13:31:00,151.92,40.01
25de8676-5,1,026bf726,89b48fc6,2025-10-08 00:36:00,365.29,9.07
f9977fa9-e,1,c6b454f7,1a4b85f7,2025-08-01 12:50:00,38.57,22.67
6d29669a-9,1,860994ba,fc908a1b,2025-07-02 07:59:00,66.51,13.63
42a854a4-2,1,1a67a9ff,bbc517d2,2025-12-27 21:30:00,184.71,11.84
37834c4f-2,1,dce37340,c6aeb1a9,2025-02-22 11:58:00,447.12,8.23
385afc0f-6,1,962a09ee,62c3da4e,2025-09-05 18:33:00,90.21,30.03
f1fea7e0-d,1,4c249fa5,a216478b,2025-01-12 08:28:00,292.79,23.72
f1fea7e0-d,2,1f27dff3,c6f0b104,2025-01-12 08:28:00,332.74,42.02
8e523b8b-7,1,53ca8c22,1f3abc78,2025-05-03 23:48:00,391.88,27.69
1cbd64e6-0,1,34bf6985,e1c43324,2025-11-27 05:23:00,317.2,16.6
451cc4b1-b,1,432acc63,7e2b1f6f,2025-05-23 01:02:00,298.71,20.53
d25165b8-c,1,25449731,792c923a,2025-03-18 06:09:00,311.74,30.97
d25165b8-c,2,cf55c767,ede92608,2025-03-18 06:09:00,211.08,41.34
2d2cb88d-7,1,b499bd3c,ebeeb0fb,2025-12-12 09:41:00,392.41,28.54
40d48911-b,1,1a67a9ff,150d0009,2025-02-12 15:22:00,278.93,22.32
40d48911-b,2,5b76386b,05c14cd3,2025-02-12 15:22:00,374.62,17.43
62767b81-e,1,e74981f9,aa0fbd16,2025-05-03 10:46:00,159.0,16.49
66060314-b,1,7c16586a,05d3e0d7,2025-12-30 20:47:00,221.26,18.6
66060314-b,2,1a67a9ff,3c685c10,2025-12-30 20:47:00,381.51,20.78
e77ebb38-1,1,5d8fa470,3ebd4f55,2025-12-15 11:16:00,397.37,33.47
81163cae-3,1,2a5ed824,c06af8af,2025-04-27 14:45:00,119.8,30.04
ed3c8e7c-2,1,8464d5d5,f4e73a2e,2025-09-25 21:16:00,266.99,44.56
ed3c8e7c-2,2,dfdbc83d,f720f1fc,2025-09-25 21:16:00,238.8,13.74
af180276-f,1,f7d02a95,740e84f1,2025-06-16 15:37:00,125.4,16.6
af180276-f,2,aef5d53f,e2d9a0f6,2025-06-16 15:37:00,389.9,44.5
bf4fd66f-7,1,34bf6985,c4bed8a9,2025-05-15 05:17:00,297.18,29.92
bf4fd66f-7,2,141650f5,882be806,2025-05-15 05:17:00,241.84,16.82
bf4fd66f-7,3,858d2ce8,0faa9239,2025-05-15 05:17:00,80.66,12.17
d3ed2e79-6,1,82a623b9,6a209d3b,2025-10-14 15:01:00,425.51,28.96
d3ed2e79-6,2,30056d29,7b55473d,2025-10-14 15:01:00,239.93,27.04
d3ed2e79-6,3,0570f6af,81794a6a,2025-10-14 15:01:00,324.59,28.61
b03f71c4-5,1,ad3fe261,090f79aa,2025-03-21 03:02:00,22.08,33.59
23ab3914-1,1,34bf6985,14f0242e,2025-07-19 03:02:00,415.0,33.04
d0cf9a53-1,1,671b4fed,b8c147cb,2025-10-13 02:52:00,41.84,34.81
d0cf9a53-1,2,72b33988,a0100c92,2025-10-13 02:52:00,140.87,19.82
d9bb2b7a-2,1,ced3cd7c,22b76135,2025-01-30 15:17:00,149.56,40.06
8faf67a2-7,1,5a5a81da,30a33af3,2025-12-18 03:02:00,213.81,35.81
08881753-e,1,80f192ad,f33a0dec,2025-05-28 10:47:00,159.16,41.41
6504a300-8,1,4715402d,4cf0767d,2025-07-24 13:17:00,413.52,19.07
3b717e46-5,1,af7c3d3f,f768b044,2025-02-21 22:53:00,366.38,28.04
3b717e46-5,2,59105597,bbd7b931,2025-02-21 22:53:00,188.49,38.26
3b717e46-5,3,d424c64b,ee088c17,2025-02-21 22:53:00,351.01,25.37
3b717e46-5,4,ae2723a6,53a14db9,2025-02-21 22:53:00,282.6,21.59
06b206ef-6,1,695cee78,62b23aee,2025-04-15 13:26:00,179.4,34.85
be59c999-d,1,34bf6985,273f18ac,2025-03-28 12:38:00,256.61,41.22
f03d75d3-f,1,b34dafed,284632ba,2025-10-03 21:42:00,364.24,23.86
45e74e5d-7,1,227bd523,afdbcb66,2025-02-14 18:29:00,70.03,42.9
1f13b203-c,1,860994ba,70fcc895,2025-07-08 14:54:00,180.36,19.2
1ca5793b-2,1,e5ae839e,f4ea7d67,2025-10-25 11:59:00,160.99,19.63
1ca5793b-2,2,12b1c297,867d1d75,2025-10-25 11:59:00,215.35,24.91
dc298116-5,1,056408d4,8fef4868,2025-07-22 19:11:00,77.92,11.4
dc298116-5,2,89e99561,e041f482,2025-07-22 19:11:00,423.88,24.12
0a4a6f87-1,1,b95998dd,6a402c67,2025-09-07 10:32:00,328.64,21.56
4e122499-4,1,d7fc0a60,8992c499,2025-12-20 09:23:00,16.26,29.39
4e122499-4,2,d7fc0a60,c6761db7,2025-12-20 09:23:00,382.39,21.59
e5a62521-7,1,cc935477,62ab3b9f,2025-01-31 02:40:00,193.35,43.17
f221839e-e,1,45104aa7,1895c7a5,2025-04-24 04:17:00,401.03,40.76
f221839e-e,2,40663e45,1bc67698,2025-04-24 04:17:00,17.2,11.29
f221839e-e,3,a69afd9f,b139a7c2,2025-04-24 04:17:00,298.6,41.76
db830a3b-7,1,833cec1b,7135179f,2025-12-24 08:45:00,184.43,42.56
db830a3b-7,2,ad14c942,9763a628,2025-12-24 08:45:00,17.72,10.44
db830a3b-7,3,ac092b61,2d76b007,2025-12-24 08:45:00,425.19,31.73
db830a3b-7,4,b9ebeafd,634d0679,2025-12-24 08:45:00,54.79,29.25
8adc01e7-1,1,8c4d1c4c,b4eaf2f4,2025-08-31 03:52:00,50.18,40.56
2dd3ba90-f,1,21155322,cebf3d1f,2025-08-19 01:52:00,216.13,37.96
9e3eb370-1,1,9e445642,9a416e09,2025-01-13 00:30:00,396.61,29.24
9e3eb370-1,2,86289f74,8cdbac29,2025-01-13 00:30:00,259.37,20.11
9e3eb370-1,3,a65474a3,3a7a9bf8,2025-01-13 00:30:00,113.75,31.9
7e2e8830-e,1,499552bf,7ce29e26,2025-09-02 13:37:00,164.91,30.02
7e2e8830-e,2,71088410,66692d21,2025-09-02 13:37:00,431.1,36.34
a1be3ff7-9,1,bacdb118,c2ea3968,2025-09-26 04:30:00,30.45,20.29
3c7a23c2-a,1,18555030,7b5a0b23,2025-11-14 12:14:00,403.19,15.89
593307bc-c,1,bb8a0b65,5aed5deb,2025-08-18 08:33:00,389.99,44.22
fb5aa338-c,1,c587f345,a8e3b086,2025-08-13 14:12:00,402.58,42.45
a4e541ac-a,1,25cbedf2,31914139,2025-10-13 09:11:00,191.56,13.1
a4e541ac-a,2,c173b5e1,382ae2e6,2025-10-13 09:11:00,158.92,9.96
a4e541ac-a,3,bb2dcad1,79cf684e,2025-10-13 09:11:00,418.25,34.07
cb7e3cd7-1,1,55ba7e8c,99fa77b9,2025-11-19 10:22:00,332.2,8.36
8fa7c406-b,1,b1a45968,90e8f4e5,2025-06-21 03:02:00,304.75,30.2
207f30b5-9,1,ba99f4cc,c3a02fb3,2025-08-30 16:24:00,321.31,24.47
86376cb1-7,1,b34dafed,184997a2,2025-12-31 05:10:00,414.93,19.66
4a133691-5,1,e36d4b42,8727c167,2025-02-17 21:11:00,94.27,41.34
4a133691-5,2,aa9168b7,7e9e572f,2025-02-17 21:11:00,170.44,43.59
374a7f35-9,1,55ba7e8c,72fb68c1,2025-08-07 22:58:00,409.33,20.84
7a362315-3,1,af2aae2e,1e4504ef,2025-11-26 19:21:00,58.45,24.39
7a362315-3,2,2fde09c6,82f28e1d,2025-11-26 19:21:00,382.37,25.16
7a362315-3,3,c18b5129,d1ba49b1,2025-11-26 19:21:00,36.54,21.09
aff0ab98-a,1,4715402d,cfe82e38,2025-12-01 00:58:00,140.21,33.07
7699fffa-d,1,21155322,e112434b,2025-04-20 22:57:00,397.05,23.85
d3617051-1,1,1d6c8389,0046b72a,2025-05-31 02:04:00,430.6,44.65
1470e23d-f,1,8464d5d5,ff29dfae,2025-11-17 05:34:00,163.1,9.69
1470e23d-f,2,dce37340,9a93779d,2025-11-17 05:34:00,45.74,10.2
1470e23d-f,3,aba91719,727cb030,2025-11-17 05:34:00,262.69,29.37
e0d92206-0,1,67b06d3d,b184b999,2025-10-13 01:04:00,448.31,26.54
76f0a917-8,1,ad3fe261,6bfbf15f,2025-10-24 09:19:00,185.79,24.96
8af263f5-2,1,259a60e5,17430934,2025-04-27 05:40:00,151.2,12.81
f27a7be6-f,1,46247658,10b671fa,2025-03-01 14:34:00,320.57,13.53
39c36553-e,1,ad29cfcc,60b9f5a9,2025-02-23 02:00:00,379.93,9.72
838a2775-6,1,edc1d87a,9a89131c,2025-10-09 17:58:00,80.89,41.41
875791f0-0,1,331264ad,1ca0c2d9,2025-04-28 04:39:00,160.33,40.43
875791f0-0,2,8c2dc506,3650dc0c,2025-04-28 04:39:00,257.07,44.33
875791f0-0,3,63a33f6d,817054f5,2025-04-28 04:39:00,155.63,28.93
da9b1de6-6,1,67b06d3d,70c7006d,2025-11-05 13:19:00,197.3,37.75
492c2214-8,1,d0fd83ca,9138f616,2025-08-28 11:22:00,402.12,33.71
a55d23fe-1,1,c024873d,7cd825c3,2025-02-21 11:53:00,319.68,14.23
dc92d10f-f,1,ae2723a6,09bead71,2025-04-03 02:22:00,264.19,26.09
dc92d10f-f,2,e8f2b837,d1d09231,2025-04-03 02:22:00,313.58,28.93
d8443fcf-6,1,a35409cd,bc8c325d,2025-03-04 16:27:00,332.69,40.59
250495e8-6,1,444631da,ec404ecc,2025-09-03 05:45:00,34.34,9.86
f78f83e4-3,1,41386a8b,78180739,2025-09-08 17:48:00,236.21,29.53
f78f83e4-3,2,30056d29,33b6ae26,2025-09-08 17:48:00,364.61,18.22
f78f83e4-3,3,86289f74,4ed708dc,2025-09-08 17:48:00,391.81,32.32
f78f83e4-3,4,83ffdcdd,7cda8cc7,2025-09-08 17:48:00,75.07,34.73
ff1baef0-e,1,e74981f9,c3ea5529,2025-02-02 05:35:00,73.84,42.98
4fabe000-7,1,7de3f7af,4a8f5914,2025-05-28 15:17:00,43.73,44.04
4fabe000-7,2,e5ae839e,91233ab1,2025-05-28 15:17:00,266.11,34.29
b6a59570-f,1,0570f6af,24db11b3,2025-01-12 04:02:00,135.49,34.43
1f78d8b2-2,1,858d2ce8,0f13950b,2025-03-14 04:45:00,121.01,34.56
1f78d8b2-2,2,0f9cd918,3d7a6b49,2025-03-14 04:45:00,405.85,36.09
1f78d8b2-2,3,8b02e1d3,fadef142,2025-03-14 04:45:00,55.69,20.41
777c5d4c-0,1,7c16586a,cd78a670,2025-04-16 00:43:00,213.76,21.17
777c5d4c-0,2,3ec0f88d,ab211621,2025-04-16 00:43:00,56.74,27.88
777c5d4c-0,3,ddea18ae,ccaaef3e,2025-04-16 00:43:00,349.04,33.3
c00cbc96-3,1,7bfdad86,f88bd9b1,2025-12-21 21:47:00,389.36,13.89
c00cbc96-3,2,578b6230,aa1bed9c,2025-12-21 21:47:00,109.9,42.93
bd1c7c54-8,1,343dcfd1,22307705,2025-10-10 08:04:00,261.86,37.65
9ea55dac-d,1,d8b47e9b,2d4450bd,2025-01-13 16:03:00,381.02,41.57
9ea55dac-d,2,32d9c356,5e646fa1,2025-01-13 16:03:00,430.01,40.45
9ea55dac-d,3,7bfdad86,5170a247,2025-01-13 16:03:00,181.68,33.92
4a783359-c,1,5414d82a,2b0b7f50,2025-07-26 11:23:00,145.72,9.34
c6fa110f-d,1,e1c6fa6e,8eb5ecaf,2025-12-22 09:38:00,146.5,30.37
e8ac2193-7,1,5414d82a,580bd902,2025-04-02 12:08:00,109.15,23.2
e8ac2193-7,2,f7d02a95,e5875ed1,2025-04-02 12:08:00,415.04,35.34
e8ac2193-7,3,bdb03f62,bc772085,2025-04-02 12:08:00,317.51,17.86
9f02bed4-e,1,b721a513,ef4abd97,2025-09-25 20:56:00,336.86,42.42
9f02bed4-e,2,1f27dff3,1c9de47b,2025-09-25 20:56:00,293.17,34.8
9f02bed4-e,3,cf55c767,d6a7dd4e,2025-09-25 20:56:00,301.24,29.12
a11c52fa-1,1,860994ba,06577600,2025-04-18 17:21:00,401.7,32.67
a11c52fa-1,2,efbe5223,470c0132,2025-04-18 17:21:00,246.26,16.32
a11c52fa-1,3,30b713c0,5c4f7c8d,2025-04-18 17:21:00,427.92,43.13
a11c52fa-1,4,3ed09add,3d03b928,2025-04-18 17:21:00,366.88,16.91
33073953-f,1,18555030,3088e8c3,2025-09-18 12:01:00,353.59,22.44
71de0cca-d,1,d424c64b,e890aa23,2025-09-18 10:50:00,328.96,42.88
71de0cca-d,2,0203ff6f,1370f277,2025-09-18 10:50:00,426.94,21.34
6bf14b36-3,1,ccdaacf2,8bda8dd0,2025-09-04 08:25:00,433.59,10.35
6bf14b36-3,2,c766242f,dc1bb04e,2025-09-04 08:25:00,409.09,12.68
1ccad96e-f,1,11ce6482,1fc40298,2025-01-17 17:44:00,236.0,38.15
1ccad96e-f,2,1fa19b01,db8ff75e,2025-01-17 17:44:00,345.78,30.05
1ccad96e-f,3,8de4e26c,c47a2dde,2025-01-17 17:44:00,357.14,21.73
090877ed-f,1,e36d4b42,580aa1f5,2025-08-22 05:07:00,119.22,36.75
090877ed-f,2,12b1c297,09c60971,2025-08-22 05:07:00,130.58,22.24
090877ed-f,3,432acc63,fc65c076,2025-08-22 05:07:00,37.9,32.7
090877ed-f,4,b95998dd,9feed7e7,2025-08-22 05:07:00,298.04,29.59
5a196a0c-0,1,a74489e0,20cda51e,2025-03-06 09:49:00,211.97,23.27
eb18cc92-1,1,578b6230,4d977beb,2025-12-20 00:01:00,372.55,42.03
109ad6cb-a,1,40663e45,18e0db38,2025-10-14 14:05:00,336.52,14.52
c56d0922-e,1,141650f5,1f1d492d,2025-05-22 21:41:00,393.32,42.55
2df20046-f,1,3f0171a6,81cd55c2,2025-06-29 23:52:00,212.04,29.36
2df20046-f,2,f2168bc4,60ce1efa,2025-06-29 23:52:00,311.66,23.05
2df20046-f,3,572684f3,d92a05d0,2025-06-29 23:52:00,218.59,12.12
650c6a85-c,1,6c3d4a04,cc7ceb8c,2025-07-07 04:52:00,25.7,42.63
650c6a85-c,2,2a4d40ff,0188864f,2025-07-07 04:52:00,297.35,32.36
650c6a85-c,3,1ca67118,f625b792,2025-07-07 04:52:00,30.82,42.07
54699a5f-7,1,8742fdbe,c00ae460,2025-12-21 05:46:00,216.45,39.33
324e61ac-d,1,87953b9c,1b30d9d3,2025-11-11 09:14:00,245.15,31.22
324e61ac-d,2,9e445642,a79cf6fb,2025-11-11 09:14:00,230.05,14.09
324e61ac-d,3,3ed09add,1828a27a,2025-11-11 09:14:00,101.33,15.33
bf4ff572-8,1,8af3c722,5536926c,2026-01-04 04:33:00,330.92,39.67
ed8f704e-6,1,b131e4c7,de3e98b2,2025-07-16 19:22:00,79.54,13.58
06b8fb2c-9,1,01b22555,1d7c5a42,2025-08-20 07:44:00,15.62,21.45
06b8fb2c-9,2,2ec4191e,e455566a,2025-08-20 07:44:00,315.67,38.65
0b150f5f-1,1,8fb9b9d4,59f8b5e5,2025-05-02 13:27:00,409.72,28.4
79373f9c-b,1,a490f0cd,cbbec47a,2025-04-11 12:38:00,180.79,11.65
79373f9c-b,2,25449731,16df42f3,2025-04-11 12:38:00,69.24,22.67
45a2ff1e-6,1,55ba7e8c,90735481,2025-10-16 07:57:00,322.15,43.66
8b99f1c6-0,1,89e99561,10434d49,2025-11-24 13:59:00,223.14,20.0
8b99f1c6-0,2,0b14df53,f95d850d,2025-11-24 13:59:00,72.0,15.76
a17bcd99-a,1,346d75cc,2286df55,2026-01-05 16:01:00,165.56,44.64
464087d8-7,1,7ca12e2f,dcd76f0e,2025-12-12 21:40:00,191.19,21.95
18cc609a-e,1,32431646,f613c284,2025-04-24 11:41:00,391.05,17.05
18cc609a-e,2,ae6650c6,8c83306c,2025-04-24 11:41:00,246.23,18.05
8385b786-4,1,11ce6482,181db34a,2025-05-06 00:31:00,350.89,32.17
abe64fea-7,1,432acc63,e17dccd6,2025-12-09 02:14:00,303.83,16.48
5c0f9c3e-b,1,b604b57b,500d8367,2025-07-22 02:20:00,46.63,14.45
2db0d7b9-2,1,5a5a81da,48c17acb,2025-05-23 02:04:00,262.77,32.81
2ace23cf-9,1,1fa19b01,6eb16616,2025-11-05 06:37:00,41.19,37.73
fe527234-b,1,a0ea4d65,0a2cfd29,2025-08-16 05:42:00,74.14,32.48
1526ff7d-6,1,ea93ce95,4b9fc1c0,2025-10-25 07:48:00,191.6,28.96
8b09cb06-9,1,1fa19b01,8f97fa60,2025-02-12 05:27:00,72.36,32.13
8b09cb06-9,2,b1a45968,a6571955,2025-02-12 05:27:00,215.27,20.55
461ba12c-f,1,c766242f,3e22826a,2025-11-20 15:41:00,424.21,33.34
62037d1d-5,1,d8cc903c,6d1acb77,2025-11-10 02:40:00,307.37,37.07
e6a1fccb-8,1,e2aac2dd,52e039bf,2025-03-10 04:02:00,351.95,25.99
0f0a3598-5,1,5cd14ab1,0984ceed,2025-10-21 20:29:00,198.08,28.77
b41bc5fa-9,1,63a33f6d,fe238d86,2025-10-11 21:48:00,416.66,40.74
0ee67857-6,1,3e00cd4d,a15738db,2025-07-02 13:44:00,168.56,33.86
3921e8f4-a,1,d0fd83ca,5b59ce08,2025-11-03 23:24:00,207.0,12.07
aad76354-1,1,b34dafed,6fb3edb2,2025-03-17 18:44:00,273.2,34.6
33d2417f-d,1,b131e4c7,b0dbdfd1,2025-03-29 16:10:00,444.54,39.57
0887cb02-8,1,d1310ac6,364d0a58,2025-11-19 17:53:00,195.07,24.08
99713261-1,1,833cec1b,bfa2b8f0,2025-05-20 09:47:00,359.39,19.3
db01ec83-c,1,63a33f6d,4f69c1a3,2025-11-03 07:48:00,139.01,29.27
62644260-6,1,c173b5e1,a21df57b,2025-01-14 16:48:00,273.09,26.52
41c90b94-0,1,f8241532,6cb5dda6,2025-04-27 18:42:00,58.4,13.83
41c90b94-0,2,e1c6fa6e,89560e6c,2025-04-27 18:42:00,449.0,36.13
f8dc03fc-e,1,d8012882,274efb5c,2025-12-25 05:07:00,166.27,18.62
a2369918-0,1,71088410,95cca074,2025-09-04 18:08:00,261.51,39.39
ba2ee471-2,1,4179340c,875a6ce9,2025-11-14 07:36:00,74.32,12.25
ba2ee471-2,2,3f0171a6,9c066e85,2025-11-14 07:36:00,159.99,22.56
fa34e2ce-f,1,02e52845,d41fcbdc,2025-11-06 12:12:00,434.27,28.55
cd6cb81e-8,1,e5ae839e,9e008650,2025-02-15 18:39:00,255.36,15.0
011b1c63-4,1,7ee46027,3816cbd7,2025-04-29 02:04:00,144.03,14.79
9f5ed532-e,1,a0683d93,f3292c99,2025-03-16 01:54:00,142.35,17.81
3c092e82-5,1,96559be2,82408711,2025-03-02 00:19:00,195.82,35.43
d2c4ed3f-c,1,ea4ef1a7,8bb6ad39,2025-12-08 12:50:00,324.18,41.2
7a5f426b-5,1,64e7c9dc,fb076f91,2025-10-31 01:09:00,401.83,10.38
7a5f426b-5,2,0b14df53,c66971f2,2025-10-31 01:09:00,96.92,9.39
7a5f426b-5,3,c766242f,ca9cb328,2025-10-31 01:09:00,381.04,10.16
7a5f426b-5,4,acae5659,8fcf6d69,2025-10-31 01:09:00,248.4,37.28
8d4c9aa0-1,1,c076efd0,ef73db6c,2025-03-29 17:39:00,332.48,35.89
d600a0c8-b,1,bcf2bce8,7f0e2c7f,2025-09-29 04:39:00,264.52,11.99
99480ff1-e,1,bad7bd4a,d6b057ba,2025-04-28 06:16:00,306.59,23.83
4a95d311-e,1,fa0c448e,1f77e00e,2025-01-11 14:54:00,341.64,19.66
4a95d311-e,2,81b3a025,64ef8f61,2025-01-11 14:54:00,90.5,31.74
46065325-c,1,8ee662e2,6371967e,2025-05-04 23:37:00,132.82,41.96
e0cc7048-7,1,141650f5,cbfb461f,2025-06-06 14:04:00,431.56,32.49
730efbe1-e,1,858d2ce8,41cc3804,2025-02-04 14:52:00,376.79,25.62
c0782f27-e,1,55ba7e8c,96e68f7b,2025-05-19 13:06:00,417.66,9.85
c0782f27-e,2,e5ae839e,77dc9fc7,2025-05-19 13:06:00,293.32,16.41
c0782f27-e,3,7c16586a,09cca594,2025-05-19 13:06:00,82.03,33.07
fabb7ace-0,1,3ec0f88d,bf224121,2025-02-07 05:09:00,355.14,20.7
7b4d0bfe-7,1,00f1f66d,3a42c2a2,2026-01-05 08:58:00,211.35,36.47
c23e2abd-6,1,fa0c448e,a5f20463,2025-02-18 02:03:00,442.4,28.45
417a4ff0-8,1,e0125e51,6b62ff48,2025-02-12 14:54:00,141.74,9.33
417a4ff0-8,2,f1a25060,bf04bde0,2025-02-12 14:54:00,275.24,21.04
59432eb4-5,1,7de3f7af,7711b2f6,2025-11-18 08:44:00,229.89,14.39
237e7188-2,1,141650f5,748b7a07,2025-05-16 07:14:00,24.34,39.71
4774fc1c-6,1,ccdaacf2,12140505,2025-03-04 12:11:00,384.75,15.12
4774fc1c-6,2,572684f3,53d20504,2025-03-04 12:11:00,336.92,8.06
5619963e-6,1,844c0629,b751d07d,2025-06-03 09:19:00,236.23,29.46
5619963e-6,2,edeebea4,a3963cc3,2025-06-03 09:19:00,20.11,25.19
4afdb40d-8,1,ea4ef1a7,f2ee30ad,2025-12-21 12:49:00,97.42,33.23
58410992-c,1,13f00340,c4586b74,2025-12-31 05:25:00,195.14,17.92
78c2fece-f,1,f2168bc4,cb7d5923,2025-06-18 05:10:00,166.94,11.1
95bee7d7-9,1,8de4e26c,af1e9383,2025-12-06 11:36:00,416.97,43.34
bb3a2400-f,1,3e00cd4d,e4c54d55,2025-03-24 18:20:00,216.52,34.65
4f882612-e,1,17e5d58b,bc799ca1,2025-11-20 23:18:00,48.06,32.54
4bd322ec-b,1,4b9fe1f9,53a21ce2,2025-12-02 21:35:00,299.8,36.13
6cfbe564-f,1,343dcfd1,da2789e4,2025-10-06 07:45:00,56.05,38.67
7370c066-e,1,924c80ea,7824f9ad,2025-12-11 03:45:00,196.46,26.48
7370c066-e,2,bcf2bce8,da846200,2025-12-11 03:45:00,144.61,8.31
3209713b-5,1,11ce6482,c8dfad67,2025-06-22 08:35:00,341.28,38.98
0d0c4816-7,1,ea4ef1a7,07765b35,2025-10-24 16:58:00,241.54,36.71
494ed4b9-9,1,05f43073,aaec505a,2025-05-30 12:47:00,109.7,32.36
53d44080-5,1,5a5a81da,f36026bd,2025-08-17 04:11:00,147.95,10.37
aba31451-8,1,dd9ea5e6,12e56f83,2025-11-15 08:34:00,413.91,29.03
3f6cbe3a-1,1,71088410,60a2a4db,2025-11-16 14:09:00,265.28,27.49
1ae4e0db-a,1,ed213a56,422bef1c,2025-03-03 23:35:00,335.81,35.57
7325299f-4,1,a0ea4d65,b44b3588,2025-04-16 23:10:00,16.67,31.38
89a3554c-1,1,15e94fa2,a6ccee52,2025-05-11 16:57:00,417.33,39.17
02c405bb-c,1,5d8fa470,8ed0dc7c,2025-10-22 19:03:00,318.42,14.07
113034db-3,1,3cebde76,f6d5c0cc,2025-08-17 07:54:00,398.68,26.56
113034db-3,2,53ca8c22,dd4c295b,2025-08-17 07:54:00,307.83,40.66
08bd7a9a-5,1,89e99561,9e643fce,2025-02-17 16:21:00,92.01,24.83
08bd7a9a-5,2,5b76386b,f52636fe,2025-02-17 16:21:00,203.81,19.27
08bd7a9a-5,3,24a1c73a,71a0a29a,2025-02-17 16:21:00,15.36,10.75
a0b30c0a-b,1,4b9fe1f9,0c06b54f,2025-05-01 22:38:00,166.96,14.91
a0b30c0a-b,2,6c3d4a04,2b3baefb,2025-05-01 22:38:00,244.83,20.04
1566bd53-8,1,4ba1d7fc,fe6cb983,2025-07-22 03:41:00,87.67,31.49
ae4a030b-4,1,bda0303b,4a8e4029,2025-12-06 08:15:00,65.8,41.97
3a4f7792-3,1,b5c58c9d,16b5e894,2025-10-29 17:41:00,334.47,8.62
a5930d28-f,1,1d6c8389,e4794559,2025-12-28 12:34:00,75.19,24.58
badb2b81-0,1,8ff0f5a7,005494f6,2025-11-05 18:57:00,306.96,31.25
80511ea2-6,1,a2ee6258,3389ff01,2025-10-29 19:01:00,199.03,44.57
5cf2c70b-7,1,ad3fe261,32b27592,2025-08-18 18:39:00,255.66,30.03
f30e586c-e,1,fdfdede0,1b909688,2025-09-17 08:35:00,138.64,18.2
9b009c94-7,1,a0683d93,a4327ab6,2025-11-13 16:54:00,240.76,31.31
ecea8c42-1,1,c6b454f7,654060f8,2025-10-06 03:24:00,152.48,37.32
808f30b7-0,1,7bfdad86,c264a1c7,2025-06-22 05:07:00,187.57,18.73
808f30b7-0,2,eb85827d,1e55c97f,2025-06-22 05:07:00,22.86,28.14
808f30b7-0,3,f8241532,0128fdb9,2025-06-22 05:07:00,247.57,17.35
9f49f270-6,1,0f9cd918,e22e869a,2025-04-29 00:35:00,158.5,19.29
29705550-e,1,227bd523,2291ea48,2025-11-18 19:47:00,21.34,42.24
c66c8b81-8,1,89e99561,34ad1183,2025-01-30 00:13:00,59.29,40.88
c736c355-c,1,a0ea4d65,df467f19,2025-04-20 00:58:00,257.71,36.39
81fc328c-f,1,ae33358f,fdab828a,2025-08-18 17:42:00,233.65,25.75
ac116382-0,1,7ee46027,d6aa1f48,2025-03-29 13:56:00,201.06,40.88
596587c4-d,1,ebdd156e,8ce8d79f,2025-06-06 09:16:00,304.39,43.32
010deb6e-0,1,d7fc0a60,40a80c38,2025-07-16 05:19:00,65.82,41.68
506c7271-d,1,e1c6fa6e,876acbfb,2025-09-07 04:20:00,159.33,15.97
47318d81-e,1,1bef1134,9162bf9b,2025-01-21 08:31:00,250.41,33.34
47318d81-e,2,2a4d40ff,bf39ed7c,2025-01-21 08:31:00,176.98,16.24
47318d81-e,3,92ebab06,3a2d377e,2025-01-21 08:31:00,156.92,11.57
d1a7bd84-c,1,4fbb9951,8d74f18a,2025-01-09 15:53:00,59.21,33.96
8f7efa7e-7,1,02e52845,bf9f7c34,2025-05-13 12:08:00,118.02,36.82
4994788d-8,1,2a5ed824,6c3188fd,2025-08-11 08:34:00,324.88,19.89
393e1d23-1,1,ea4ef1a7,e5da4635,2025-11-01 21:19:00,59.11,12.28
5aeb4efa-f,1,dfdbc83d,928a2eea,2025-07-13 19:05:00,385.48,9.75
5aeb4efa-f,2,ff0dac41,558e131c,2025-07-13 19:05:00,275.69,17.56
5aeb4efa-f,3,ea93ce95,d2424397,2025-07-13 19:05:00,148.66,25.45
8743fef1-c,1,3f0171a6,640f52ad,2025-07-07 04:19:00,66.8,29.48
8743fef1-c,2,fdfdede0,c49ed100,2025-07-07 04:19:00,214.87,17.62
0b81af36-3,1,578b6230,93d14ca6,2025-06-25 07:31:00,109.73,11.08
9e04a501-9,1,25286f10,61f24377,2025-12-01 16:58:00,238.15,26.72
2a2c7900-8,1,215571b7,9d15e89b,2025-04-05 15:34:00,95.02,33.32
2a2c7900-8,2,ea4ef1a7,330c1aa1,2025-04-05 15:34:00,93.97,24.47
055299d5-e,1,d8cc903c,bbf3f530,2025-12-10 06:59:00,36.75,26.94
055299d5-e,2,4179340c,fc1810c7,2025-12-10 06:59:00,169.96,33.37
17a52c82-e,1,141650f5,1f0c1260,2025-07-20 15:05:00,272.73,22.71
e92e367d-d,1,c024873d,bcd102a1,2025-07-27 04:37:00,128.97,41.52
c5bb27e1-d,1,72b33988,3b956f76,2025-11-01 00:44:00,163.02,16.43
bc731724-4,1,508bf8ab,7f3f87ad,2025-12-22 22:21:00,273.59,32.55
ed21ad22-a,1,a0683d93,2bcc6df1,2025-12-05 09:24:00,268.53,24.21
11a9efd0-4,1,d7fc0a60,f55624c9,2025-09-14 10:40:00,426.27,35.45
11a9efd0-4,2,ae33358f,b432edf5,2025-09-14 10:40:00,92.93,10.64
f7bf4b44-c,1,833cec1b,9dcf0de8,2025-10-08 19:42:00,371.7,19.07
f7bf4b44-c,2,508bf8ab,c7d6a4bf,2025-10-08 19:42:00,96.58,30.51
078f2f0b-c,1,0b14df53,4e7b729e,2025-08-30 00:59:00,417.57,38.0
078f2f0b-c,2,943a1be7,07cc86dc,2025-08-30 00:59:00,360.74,15.63
078f2f0b-c,3,19c7a2a5,3e389720,2025-08-30 00:59:00,345.84,13.92
73bf130c-4,1,64059073,3c817b96,2025-02-17 05:46:00,342.11,39.41
6332d0b3-6,1,f96eeb5c,b959d634,2025-11-14 15:53:00,335.98,30.84
7cd4473e-9,1,ced3cd7c,43a14dc0,2025-04-01 03:28:00,79.3,39.87
49e1cd49-5,1,ed213a56,74927cbd,2025-04-29 11:05:00,343.23,25.19
f95801e3-9,1,962a09ee,9dc88d48,2025-12-16 12:01:00,19.54,43.47
f95801e3-9,2,71149b97,d51babf3,2025-12-16 12:01:00,69.66,29.22
1d473e14-9,1,578b6230,f84bbf72,2025-12-02 10:22:00,157.72,27.8
1a592e25-b,1,3cebde76,d5d55132,2025-01-27 09:20:00,189.2,41.51
aafd0edd-8,1,bcf2bce8,01c0552c,2025-07-19 12:08:00,262.23,15.73
3b73863d-2,1,c024873d,10a528d4,2025-01-09 20:21:00,54.3,31.42
6e88eba8-e,1,3ec0f88d,51bf5d53,2025-12-12 07:05:00,226.99,14.88
af5c58b6-1,1,e1a1c8e9,05ecd83a,2025-07-19 09:15:00,411.29,25.45
93f282ea-9,1,e8f2b837,7bd143aa,2025-03-28 17:38:00,164.26,17.23
7a2dfed7-3,1,3f0171a6,02304760,2025-05-16 08:04:00,432.12,19.96
7a2dfed7-3,2,7ee46027,8f55515c,2025-05-16 08:04:00,160.62,40.27
b961ad58-c,1,0edb474e,5ffc3915,2025-05-21 01:23:00,252.89,13.01
39f1f359-3,1,6f1a0713,cf2c7f54,2025-09-12 13:13:00,309.25,24.77
c97cf1d3-b,1,7c8eb5e3,3c0ffa22,2025-11-05 10:50:00,197.0,22.88
02d98714-a,1,71088410,054a7591,2025-01-07 18:11:00,423.24,26.84
63d8989b-1,1,ea93ce95,8b9a8399,2025-06-18 11:07:00,74.07,26.17
9555e03c-4,1,f3583162,95e4d261,2025-01-16 20:27:00,380.03,38.37
8f19235e-5,1,17d9bda9,d87c6c7f,2025-11-04 16:48:00,207.79,35.65
b72067c0-9,1,63a33f6d,c9284299,2025-05-05 06:25:00,21.06,17.29
b72067c0-9,2,06697ada,e87cd962,2025-05-05 06:25:00,327.1,30.39
e5bc8572-4,1,5a01c7ca,6ad53d86,2025-07-03 06:32:00,72.96,17.79
d3433aec-a,1,5d7f440d,ba7ffcde,2025-12-07 05:55:00,210.84,12.96
de495977-d,1,59105597,65060a89,2025-01-16 01:45:00,260.79,13.9
05f30ffb-4,1,e8254a94,6cf216c0,2025-10-15 20:04:00,57.97,31.47
61a36458-d,1,5414d82a,0157757a,2025-09-01 00:37:00,391.51,29.25
5cd34989-2,1,4821bd82,0aa37d31,2025-02-15 15:53:00,89.99,11.69
f1156461-b,1,8ee662e2,69ee76c8,2025-01-24 06:19:00,36.86,8.44
416642d8-e,1,227bd523,7154afe7,2025-12-27 20:10:00,185.05,37.7
b909847e-c,1,ea4ef1a7,30bcbf97,2025-04-16 13:34:00,28.06,11.54
60c2480c-7,1,aef5d53f,0672dd2b,2025-10-21 00:01:00,97.44,36.81
bef81147-2,1,02e52845,bc939d6b,2025-02-22 03:13:00,399.8,32.24
5f2ba37f-a,1,5d0203f7,ae7de7b1,2025-03-08 00:51:00,449.48,12.11
74abbd79-e,1,a01c84b0,da1c972c,2025-01-09 14:16:00,373.9,36.1
74abbd79-e,2,a65474a3,65f31cba,2025-01-09 14:16:00,387.72,42.43
74abbd79-e,3,ddea18ae,4e58a60d,2025-01-09 14:16:00,94.9,13.34
74abbd79-e,4,87953b9c,73c6d92d,2025-01-09 14:16:00,21.7,20.67
2021b298-e,1,11ce6482,4e72411b,2025-02-17 04:46:00,337.73,24.5
0e5bac62-d,1,ced3cd7c,81085d63,2025-11-17 00:13:00,56.05,42.15
0fcb57c3-6,1,5a677ab7,481d3059,2025-12-05 14:38:00,132.6,20.76
0fcb57c3-6,2,dac043c1,940203e2,2025-12-05 14:38:00,269.19,20.98
0fcb57c3-6,3,ccdaacf2,a2c1faa0,2025-12-05 14:38:00,31.12,11.91
0fcb57c3-6,4,8af3c722,f6b4a90f,2025-12-05 14:38:00,305.33,19.83
a518a557-2,1,432acc63,e60f76e9,2025-02-21 05:51:00,333.64,37.69
a518a557-2,2,499552bf,d50eac81,2025-02-21 05:51:00,126.06,28.57
904f0b77-d,1,86289f74,aa139697,2025-03-11 06:29:00,213.44,8.87
754ecab7-3,1,8464d5d5,91810178,2025-02-20 18:07:00,71.82,24.18
101c8843-4,1,42ac8785,7efd89ff,2025-10-03 06:25:00,356.66,44.25
d8b0fa7b-e,1,46247658,beb7926a,2025-09-24 13:17:00,434.98,23.18
f62fe526-2,1,25449731,415edad9,2025-03-22 22:54:00,313.55,35.47
6821a326-a,1,b7259473,62705752,2025-04-22 06:00:00,360.08,35.52
fb4ceb5d-a,1,8464d5d5,80719bea,2025-11-05 03:39:00,449.68,12.49
983e8cbe-6,1,5cd14ab1,e38c0249,2025-10-29 02:24:00,313.2,15.46
983e8cbe-6,2,331264ad,e370b915,2025-10-29 02:24:00,337.84,29.53
fee0b22c-4,1,e1c6fa6e,4aa58d02,2025-08-29 23:45:00,250.67,35.12
eb80063f-5,1,0570f6af,c1eeddd3,2025-02-17 17:27:00,25.03,30.08
af9d9569-d,1,4ebc1480,3929a0c5,2025-12-22 07:15:00,50.88,11.56
af9d9569-d,2,cf55c767,c70d79e6,2025-12-22 07:15:00,153.48,32.5
e1bd9b0c-f,1,f30d14a5,d7f3e712,2025-12-27 08:21:00,97.26,17.61
ea28630e-8,1,8af3c722,effa13f9,2025-06-20 07:17:00,279.14,17.26
b25ac0a7-f,1,f7d02a95,613bdcb2,2025-08-01 13:28:00,131.14,31.83
e92ee227-8,1,d470fd17,b52ecb58,2025-10-09 02:44:00,238.3,30.07
e92ee227-8,2,671b4fed,432b6198,2025-10-09 02:44:00,436.14,13.52
e92ee227-8,3,34b60de6,432ca575,2025-10-09 02:44:00,76.22,27.64
98abaa2a-e,1,b499bd3c,7d0b2998,2025-05-20 22:20:00,194.04,13.91
98abaa2a-e,2,d470fd17,e9f339fc,2025-05-20 22:20:00,164.83,24.81
98abaa2a-e,3,e1c6fa6e,37f57d35,2025-05-20 22:20:00,143.18,13.9
8408a146-5,1,c3b5fec6,ab30d6d3,2025-12-31 10:06:00,288.33,37.09
b2eec829-a,1,30056d29,a0c1c8af,2025-01-15 09:42:00,110.29,17.79
3ae7d203-0,1,aef5d53f,ffd302e4,2025-02-18 04:35:00,329.68,35.59
6b120f05-7,1,b95998dd,627c2e02,2025-11-23 13:04:00,426.73,34.47
31a76cad-d,1,11ce6482,d67c1d87,2025-06-21 07:52:00,299.96,41.07
918f0c4e-e,1,dbd26aa1,65f24cba,2025-11-26 09:24:00,174.19,34.61
c4852aaf-a,1,edb8f78e,9cc83aa1,2025-03-23 08:15:00,228.66,23.16
c4852aaf-a,2,43835fbf,9179cb1e,2025-03-23 08:15:00,85.98,19.76
c4852aaf-a,3,59105597,f70857ff,2025-03-23 08:15:00,341.01,12.67
a48a89bc-4,1,ac092b61,80bca9cb,2025-07-26 14:00:00,420.37,36.98
a48a89bc-4,2,346d75cc,cd54e074,2025-07-26 14:00:00,387.33,18.21
0da129c3-1,1,a35409cd,3b171f6b,2025-10-12 14:32:00,303.14,29.39
4d644783-d,1,06d10537,1abef8f7,2025-08-05 03:51:00,438.5,12.65
ea1b8af9-9,1,17e5d58b,ae901a2d,2025-04-23 09:03:00,253.24,43.06
ea1b8af9-9,2,343dcfd1,926a731a,2025-04-23 09:03:00,52.79,37.25
6b891587-8,1,f2168bc4,6d6758de,2025-07-07 05:22:00,302.07,18.23
04965360-5,1,dd59ea80,8eb1bc52,2025-02-20 03:06:00,252.82,10.97
cec1d09d-0,1,671b4fed,06bdc10f,2025-12-14 13:14:00,232.69,39.97
34032568-c,1,bb8a0b65,edd8695c,2025-05-27 18:51:00,127.96,36.64
34032568-c,2,fa0c448e,31d7df14,2025-05-27 18:51:00,383.33,38.21
34032568-c,3,7c8eb5e3,f3b5fd94,2025-05-27 18:51:00,94.06,13.96
34032568-c,4,b34dafed,34360278,2025-05-27 18:51:00,150.29,32.29
780b59cd-9,1,ae33358f,25417416,2025-04-11 07:55:00,150.27,35.53
7006faa1-2,1,27dbfee3,adfaaa59,2025-05-08 15:09:00,444.54,15.5
510c5e58-e,1,0570f6af,700156af,2025-08-22 17:52:00,49.88,37.88
510c5e58-e,2,21155322,dc821fcb,2025-08-22 17:52:00,423.19,15.76
510c5e58-e,3,45284e60,8fa8a248,2025-08-22 17:52:00,368.78,16.91
21148b74-c,1,dce37340,aef30f7c,2025-09-01 20:35:00,399.59,13.76
21148b74-c,2,7ca12e2f,36848e34,2025-09-01 20:35:00,312.43,30.82
f2196f53-e,1,e1c6fa6e,b95d892a,2025-10-30 20:18:00,288.48,10.85
f2196f53-e,2,64e7c9dc,452ed9c3,2025-10-30 20:18:00,163.22,20.49
f877a86b-5,1,f7d02a95,cceb57eb,2025-04-01 17:33:00,354.03,30.15
08345dc6-1,1,17d9bda9,a6eb4677,2025-08-06 03:27:00,439.54,13.72
08345dc6-1,2,068b1543,f7e2fae4,2025-08-06 03:27:00,309.43,40.53
6a2fc38d-2,1,acae5659,d719a7af,2025-05-14 15:31:00,32.54,40.5
e7da85dc-9,1,d8bd785c,1bf3503e,2025-04-09 09:35:00,392.2,26.52
e7da85dc-9,2,edc1d87a,c178a6ae,2025-04-09 09:35:00,88.83,17.51
18e335b7-9,1,bad7bd4a,ac6a8aa1,2025-03-16 06:56:00,184.96,9.41
3884980a-6,1,02e52845,605f906a,2025-07-20 17:22:00,23.67,37.63
5e2609a1-8,1,3e00cd4d,dc20c778,2025-07-07 02:27:00,266.46,44.35
269b9c1d-6,1,2942d890,494a63fd,2025-03-19 02:20:00,404.17,38.47
ad817092-2,1,ae2723a6,8b7798f6,2025-01-08 15:59:00,348.58,41.03
3ccb084d-4,1,cd04d99b,255164e9,2025-12-27 03:39:00,74.57,28.05
3ccb084d-4,2,d25a7b66,d6c32004,2025-12-27 03:39:00,233.97,16.15
e86e96b7-a,1,1ca67118,73d73a41,2025-03-01 23:27:00,79.1,21.63
e86e96b7-a,2,bacdb118,dfb06592,2025-03-01 23:27:00,179.02,34.63
55cbc36b-6,1,cb2a336f,ceb75972,2025-06-03 12:45:00,116.21,28.35
a794e5df-f,1,41386a8b,bd0e1ca4,2025-06-21 00:52:00,228.4,38.35
8ccaa1ae-a,1,7de3f7af,71bb82e5,2025-03-09 10:30:00,74.51,36.51
2ebbf30a-a,1,64059073,52a705ea,2025-02-25 04:14:00,172.59,13.73
110e6494-3,1,b34dafed,8f776902,2025-05-02 23:24:00,350.69,23.65
21bdacf8-6,1,b27e8c45,98aefb94,2025-01-24 11:04:00,216.77,21.38
dd961f1b-0,1,b721a513,2f3e4cd1,2025-10-05 20:48:00,226.7,19.36
1d9beddb-7,1,2a4d40ff,0266bf7f,2025-04-11 14:18:00,321.97,32.85
cc86f621-5,1,1f27dff3,737927c2,2025-10-21 05:21:00,403.67,14.88
0b078526-8,1,17e5d58b,fe5f48da,2025-08-23 13:27:00,312.19,13.32
221cd3fb-2,1,4fbb9951,f40e01f6,2025-10-13 12:30:00,403.51,23.96
fbf0c8e6-1,1,444631da,5a948af3,2025-02-01 13:57:00,414.56,27.36
fbf0c8e6-1,2,4715402d,0cdeb697,2025-02-01 13:57:00,272.22,16.65
25e1cd11-8,1,a01c84b0,cfa62f4f,2025-05-06 08:00:00,221.31,29.38
6dbde63e-0,1,2a5ed824,9a196c75,2025-08-24 13:16:00,194.0,10.14
e46ac6cb-0,1,5398e4a2,76c5322c,2025-08-31 15:45:00,270.21,39.92
2ae7b473-3,1,4767d031,e6e0bd6d,2025-04-08 15:13:00,40.94,14.51
2c23b3ca-6,1,25449731,e5cfe150,2025-02-13 14:53:00,61.37,14.08
081853f7-4,1,72b33988,3fb0d819,2025-10-11 11:07:00,116.22,21.87
b0e044d2-5,1,b604b57b,1ca176dd,2025-04-22 18:54:00,360.7,8.51
d1fac682-4,1,87aa2d53,f5626ac7,2025-07-28 08:31:00,25.99,10.64
f6fe4fbd-2,1,4ebc1480,18118fa5,2025-01-15 06:51:00,400.89,9.46
f6fe4fbd-2,2,cc935477,7bb22889,2025-01-15 06:51:00,313.08,42.83
f6fe4fbd-2,3,d25a7b66,d75f50c1,2025-01-15 06:51:00,268.74,15.72
2db30893-1,1,42986a86,050eeb02,2025-05-15 08:24:00,259.99,36.95
2db30893-1,2,56c23881,e9aa229c,2025-05-15 08:24:00,440.82,41.89
341dd9b8-3,1,ac092b61,1ee9352c,2025-01-22 23:25:00,282.87,30.67
bb0c6931-5,1,af2aae2e,e0b2af60,2025-12-29 19:14:00,93.38,39.86
f9016c82-c,1,8c2dc506,97b96250,2025-07-23 07:22:00,370.44,10.2
63727415-d,1,1bef1134,09d945a8,2025-08-25 12:41:00,169.82,15.6
9dafd704-7,1,87aa2d53,dd5b04d5,2025-11-22 18:23:00,204.16,38.19
34062611-6,1,858d2ce8,47da1025,2025-08-05 00:10:00,260.79,39.17
ec6b43de-e,1,6f1a0713,8ea8134e,2025-04-11 02:57:00,250.86,41.81
d67dca37-9,1,3e00cd4d,9ee8f333,2025-03-27 11:12:00,170.52,9.51
d67dca37-9,2,ad14c942,35caafda,2025-03-27 11:12:00,409.05,37.8
d67dca37-9,3,bc304333,f3bc0605,2025-03-27 11:12:00,386.28,10.2
348be3c1-1,1,040b7928,60d78cbf,2025-06-27 09:21:00,368.72,37.92
531e3cf4-3,1,a65474a3,fc715a2d,2025-04-22 19:12:00,384.66,22.58
531e3cf4-3,2,141650f5,761526cb,2025-04-22 19:12:00,272.56,12.89
219c4f2e-5,1,d424c64b,a6717f61,2025-10-21 23:47:00,342.41,11.35
5653bacc-3,1,a74489e0,7db24897,2025-06-25 19:25:00,66.29,16.98
0c4b1994-c,1,edc1d87a,41d4ae06,2025-02-13 15:29:00,182.01,30.03
84b009ea-2,1,ddea18ae,2a3dce31,2025-10-22 06:57:00,93.65,24.51
c2da073c-c,1,e1a1c8e9,e21e07a8,2025-05-04 23:25:00,288.86,22.75
5c60fce3-6,1,e74981f9,31a42cd5,2025-12-31 00:56:00,26.51,29.13
5c60fce3-6,2,42986a86,0be86ba7,2025-12-31 00:56:00,302.03,40.54
61953a75-9,1,6c3d4a04,b8e3483c,2025-03-17 08:03:00,168.92,16.52
2a7958c1-2,1,c909b752,1808191b,2025-06-17 03:17:00,145.29,32.65
aecb4c99-0,1,ad14c942,fff8bb76,2025-11-04 14:40:00,316.2,17.3
aecb4c99-0,2,ddea18ae,3958fd65,2025-11-04 14:40:00,81.7,11.46
aecb4c99-0,3,87aa2d53,b0769218,2025-11-04 14:40:00,117.78,38.29
aecb4c99-0,4,2a5ed824,5e55bcbd,2025-11-04 14:40:00,319.68,27.97
1f21bcd8-d,1,0f9cd918,03d7249d,2025-01-09 09:49:00,202.67,31.46
37c2800f-3,1,1d6c8389,5d86053b,2025-04-22 07:48:00,170.72,30.85
e95b93ba-c,1,8b02e1d3,39f77da0,2025-10-10 21:18:00,356.74,21.29
c8a5acf0-6,1,e36d4b42,9e0f35dd,2025-10-10 05:49:00,190.97,14.36
c8a5acf0-6,2,e1a1c8e9,061e86f0,2025-10-10 05:49:00,130.76,25.84
cc2dfe84-9,1,34b60de6,5b35d497,2025-06-11 06:55:00,88.42,13.88
cc2dfe84-9,2,55ba7e8c,3276de0a,2025-06-11 06:55:00,393.27,8.32
b3362f0f-4,1,00f1f66d,e78d6de9,2025-12-11 20:25:00,271.21,17.32
1bea12e4-f,1,46247658,a16b672b,2025-04-02 05:15:00,91.13,8.42
a97b5145-6,1,bda0303b,8a8e7f1d,2025-08-07 12:10:00,188.35,17.7
fc8a8f3b-3,1,21c6d812,515017d4,2025-02-01 18:23:00,378.64,31.94
ed524acf-1,1,a490f0cd,211c1f6e,2025-01-31 23:48:00,249.35,14.57
47a6172b-8,1,dfdbc83d,ef0c855a,2025-02-19 18:14:00,77.45,25.98
47a6172b-8,2,25286f10,35a96975,2025-02-19 18:14:00,154.36,18.4
47a6172b-8,3,7de3f7af,d20a610a,2025-02-19 18:14:00,416.71,35.69
dd361321-d,1,7ca12e2f,d5bbd845,2025-03-13 12:18:00,19.49,29.18
d6c52414-b,1,7de3f7af,774db6ad,2025-05-24 13:05:00,104.43,40.09
d6c52414-b,2,42ac8785,78091da9,2025-05-24 13:05:00,357.13,12.24
23dc7fca-9,1,4f06f5f6,e9767559,2026-01-05 02:27:00,135.07,38.23
60f0285d-1,1,21155322,0f7ecaa6,2025-08-31 15:42:00,198.57,33.62
60f0285d-1,2,c587f345,c197ea71,2025-08-31 15:42:00,277.92,14.66
60f0285d-1,3,1ca67118,7a0070e8,2025-08-31 15:42:00,371.17,40.56
de98019e-5,1,9e445642,b36ba7a9,2025-06-29 03:32:00,378.61,26.29
a145ee63-7,1,bb2dcad1,c93f2c20,2025-04-04 09:44:00,148.83,36.55
901c81bb-0,1,5414d82a,d22dfe0c,2025-05-23 11:27:00,210.16,36.15
c3000f55-d,1,f7d02a95,27156d7c,2025-06-05 17:23:00,196.84,29.01
c3000f55-d,2,40663e45,13d38133,2025-06-05 17:23:00,314.37,14.4
dfbf4bec-c,1,ad3fe261,376fb936,2026-01-02 08:04:00,274.09,16.4
af387d9b-6,1,34b60de6,fcc6bf17,2025-06-15 15:47:00,330.86,16.67
03d1e772-1,1,8c4d1c4c,7fcc4461,2025-01-14 01:37:00,36.71,26.08
02b42458-7,1,5a01c7ca,f5b0417b,2025-04-29 14:32:00,331.57,11.05
2bf62bf9-1,1,dce37340,cbc5d84b,2025-07-04 13:16:00,343.43,22.95
ca4bed39-a,1,b9ebeafd,c0e9a6c0,2025-12-27 02:33:00,79.88,25.59
115f7bc0-f,1,7aac1942,03f20525,2025-09-27 09:21:00,182.5,18.73
115f7bc0-f,2,b131e4c7,5e96ddf4,2025-09-27 09:21:00,173.05,35.86
c36c1f0d-b,1,3e00cd4d,3c6c491e,2025-01-24 07:45:00,106.9,22.67
d75a7e9a-6,1,ad29cfcc,08d92765,2025-01-17 12:30:00,193.49,39.73
0a98af6e-4,1,cb2a336f,d2484edd,2025-02-16 19:01:00,109.84,36.12
43cf9674-c,1,83ffdcdd,c8310554,2025-09-04 06:36:00,316.72,40.13
43cf9674-c,2,8b02e1d3,8439060d,2025-09-04 06:36:00,343.83,44.53
88aef5ee-3,1,331264ad,38f79654,2025-01-17 21:40:00,40.53,31.97
88aef5ee-3,2,7aac1942,b47b3b45,2025-01-17 21:40:00,198.83,33.91
75b94e48-e,1,eb85827d,f6fbb4bd,2025-08-20 00:26:00,346.7,22.88
b52d4803-2,1,e1a1c8e9,86537ae3,2025-12-18 00:30:00,380.1,10.96
76d6d979-a,1,06697ada,cd8ea27d,2025-09-14 03:35:00,216.69,24.93
70f5bc63-3,1,82a623b9,c81e048d,2025-06-12 19:16:00,28.14,34.56
078ade76-0,1,227bd523,5921e486,2025-12-12 07:56:00,431.57,19.19
648383e7-5,1,72966584,3195d5e3,2025-12-26 00:07:00,210.59,44.77
47d2b4e1-5,1,578b6230,48abde5b,2025-11-17 10:52:00,85.65,44.98
a73181c6-1,1,1f27dff3,e6e22db1,2025-05-28 21:50:00,355.52,33.67
a73181c6-1,2,80f192ad,87cc8da9,2025-05-28 21:50:00,217.67,27.93
9724c2e3-5,1,ae6650c6,5551556c,2025-09-20 00:24:00,164.53,31.87
f5410b6d-7,1,dd9ea5e6,94422bf8,2025-07-19 20:54:00,55.52,8.05
f5410b6d-7,2,d38de927,2778df44,2025-07-19 20:54:00,352.0,12.23
f5410b6d-7,3,27dbfee3,a5bfcbf9,2025-07-19 20:54:00,422.56,44.16
71f96b89-9,1,21155322,20a82cfa,2025-01-27 14:56:00,240.15,41.24
0387f280-2,1,ba99f4cc,fa0df6e8,2025-03-23 16:10:00,377.32,39.17
274f6083-8,1,96559be2,b2854685,2025-01-15 14:09:00,435.18,43.2
f05a8664-b,1,72966584,21c205ce,2025-12-03 14:40:00,249.83,23.65
e137d281-a,1,a35c6479,09864527,2025-03-04 23:38:00,362.92,23.03
e137d281-a,2,ddea18ae,ef884f06,2025-03-04 23:38:00,21.77,9.22
07bd8b72-d,1,01b22555,2a3cea83,2025-01-14 07:39:00,447.51,23.59
43eff47e-c,1,9ae01382,d9b5038e,2025-04-27 10:51:00,160.29,27.31
6dd3b053-b,1,ad14c942,0332ae26,2025-04-07 00:47:00,108.5,30.08
19932a75-d,1,b604b57b,470ed588,2025-04-30 14:23:00,211.34,38.45
19932a75-d,2,b9ebeafd,96b217b0,2025-04-30 14:23:00,123.72,21.94
19932a75-d,3,d38de927,1b3c3929,2025-04-30 14:23:00,15.33,41.98
178da535-9,1,17bbcd88,7ba9cf0c,2025-06-17 04:54:00,126.29,35.89
cc809980-2,1,8ff0f5a7,3a6adb38,2025-07-13 08:43:00,380.57,41.26
cc809980-2,2,87aa2d53,aa5e97b2,2025-07-13 08:43:00,78.89,21.03
95b66ff4-d,1,42ac8785,2ee836f0,2025-05-13 16:23:00,432.92,16.54
7bf193d9-4,1,3ec0f88d,721fd8e9,2025-08-31 19:49:00,47.06,21.79
edbfbf8d-3,1,661320a7,af837176,2025-09-11 21:57:00,95.91,27.4
ea656b20-7,1,ea93ce95,e4d9b1b0,2025-11-19 04:00:00,427.65,29.06
860e82e1-0,1,0192baf0,51d40479,2025-07-01 12:39:00,122.86,19.86
be4e31a0-0,1,860994ba,947aa45a,2025-07-29 17:32:00,176.89,36.9
81a0cb3f-d,1,1d6c8389,baf20745,2025-05-16 16:11:00,157.41,30.32
81a0cb3f-d,2,2fde09c6,5eb38bee,2025-05-16 16:11:00,439.58,30.18
8a74cbf8-4,1,d8bd785c,3706450a,2025-01-21 00:57:00,419.53,13.43
3a40ff22-1,1,3ed09add,72b4ba0e,2025-02-09 09:47:00,393.76,35.05
6c6f88f9-7,1,2a5ed824,4cd28b53,2025-04-27 09:07:00,81.25,31.52
67306a0c-2,1,f3583162,a6c3b37d,2025-01-22 18:39:00,144.25,35.46
67306a0c-2,2,e36d4b42,58cc882e,2025-01-22 18:39:00,144.13,8.42
b122c574-6,1,ae2a4ad9,f474aa95,2025-03-24 01:33:00,28.48,42.5
53e3afec-3,1,b604b57b,c1acdc7d,2025-11-13 03:39:00,423.97,38.61
e5330d35-0,1,cf55c767,020d05fa,2025-07-14 12:34:00,221.13,21.49
e5330d35-0,2,ad3fe261,9bbef5fe,2025-07-14 12:34:00,210.13,23.11
d9e66a2f-0,1,c6b454f7,f860d5ab,2025-08-14 18:21:00,384.56,8.25
d9e66a2f-0,2,5b76386b,8b5d1a74,2025-08-14 18:21:00,361.0,19.37
d9e66a2f-0,3,661320a7,8caa1ae2,2025-08-14 18:21:00,67.42,14.04
b7bcce56-d,1,dc1cad4b,d95e1f56,2025-09-09 21:39:00,230.7,31.77
d55fc4ba-d,1,b25c0395,6f8c9343,2025-05-01 13:05:00,377.5,35.54
cd0939d2-a,1,13d52475,40c3d362,2025-02-11 18:12:00,214.94,15.03
44f02860-6,1,f8241532,c7f405ba,2025-06-05 09:17:00,229.62,8.95
41b6de59-f,1,17d9bda9,a8d9382b,2025-03-12 07:20:00,194.89,10.82
11ac7128-2,1,6ac32529,4d7f485b,2025-09-04 20:02:00,433.04,14.16
e0993e1a-f,1,833cec1b,23614d09,2025-02-15 08:22:00,257.88,21.1
72dd6ca9-1,1,34b60de6,ce72b082,2025-02-15 23:47:00,306.05,17.21
bb56bfd9-8,1,3e00cd4d,9cfb55ec,2025-09-14 15:00:00,403.13,37.64
c0e69835-6,1,87aa2d53,c3c379fc,2025-06-18 09:07:00,80.08,11.01
d08a838f-0,1,7bfdad86,098d748b,2025-04-23 18:24:00,118.77,21.75
d08a838f-0,2,924c80ea,344ebfcb,2025-04-23 18:24:00,256.29,33.33
89aa0ce8-2,1,508bf8ab,af77f9f8,2025-12-27 23:01:00,20.41,22.49
b0d88e3b-4,1,3cebde76,a0116b1f,2025-12-29 10:05:00,392.12,34.73
d4a18c58-b,1,ed213a56,21049807,2025-03-14 06:03:00,233.86,26.77
47c31ba0-4,1,12b1c297,5ee2c8d9,2025-09-21 23:38:00,275.78,30.76
de4b9480-2,1,a490f0cd,ddbbd98d,2025-12-26 20:56:00,311.13,41.69
8aec7532-2,1,141650f5,bb0bc7ea,2025-02-24 10:34:00,363.15,16.92
f950b5b9-a,1,42986a86,a3cd8571,2025-07-31 01:18:00,78.83,19.6
f950b5b9-a,2,17d9bda9,98eafa94,2025-07-31 01:18:00,309.98,25.61
434d853e-5,1,f7d02a95,ee9bc8d5,2026-01-05 08:18:00,414.56,41.13
b34f702a-2,1,8ff0f5a7,0bbe2dd3,2025-07-24 23:04:00,198.23,37.33
867844cb-0,1,efbe5223,9468d084,2025-08-02 05:15:00,115.96,8.5
867844cb-0,2,f3583162,8306de60,2025-08-02 05:15:00,47.05,27.78
867844cb-0,3,5a5a81da,bcab8d91,2025-08-02 05:15:00,71.44,25.99
93867eeb-7,1,227bd523,d2248cd7,2025-04-26 12:33:00,33.07,22.64
4f52d062-3,1,943a1be7,bf96dbca,2025-01-28 04:46:00,379.28,31.08
c3351928-f,1,227bd523,8f7ca15b,2025-04-26 18:02:00,293.01,13.3
c3351928-f,2,e36d4b42,ea85546b,2025-04-26 18:02:00,25.14,17.7
6a523f7b-9,1,5d0203f7,221f4f15,2025-07-14 18:29:00,264.9,38.5
3abd60c9-9,1,4f06f5f6,98954c78,2025-11-21 22:34:00,414.0,43.06
3abd60c9-9,2,ba99f4cc,b9cc579d,2025-11-21 22:34:00,302.79,17.54
3abd60c9-9,3,8ff0f5a7,71bbf947,2025-11-21 22:34:00,441.94,29.85
605d7c8e-a,1,34bf6985,82a41362,2025-10-18 19:18:00,22.09,28.76
f8552521-6,1,edeebea4,f174064b,2025-07-03 20:22:00,188.19,23.03
f8552521-6,2,714642dd,3dba4032,2025-07-03 20:22:00,274.75,33.38
f519091c-6,1,bda0303b,59fc344a,2025-09-16 01:20:00,59.61,23.54
1f5b21e3-a,1,bb8a0b65,d98adc0f,2025-01-21 14:00:00,21.98,15.28
1f5b21e3-a,2,6c3d4a04,f80f9983,2025-01-21 14:00:00,174.2,21.51
ff6e0646-e,1,8fb9b9d4,45c481bb,2025-01-08 02:28:00,199.07,37.93
82b5156e-0,1,5414d82a,b2e1b2c3,2025-02-02 11:33:00,146.47,15.74
01782c6f-2,1,7ac70db9,320e7653,2025-08-20 18:16:00,108.0,33.16
922d2034-a,1,89c04c0a,19423e70,2025-10-31 01:20:00,292.19,27.67
678a5d83-1,1,fcd95cf7,cc1a0b28,2025-08-01 18:13:00,255.87,15.21
25dea848-2,1,dbd26aa1,c9ee0b7e,2025-09-16 08:40:00,177.8,25.34
676349ce-b,1,59105597,c032c3b0,2025-09-05 23:05:00,260.19,14.07
460f44b1-5,1,5a677ab7,86077d86,2025-09-13 07:13:00,106.49,44.94
a68b832c-f,1,5a01c7ca,0c9bc7b9,2025-01-26 05:55:00,421.63,41.14
a68b832c-f,2,32d9c356,bba1f403,2025-01-26 05:55:00,178.59,39.8
2e94da16-e,1,695cee78,3c2d85a5,2025-09-05 07:39:00,35.33,16.82
5234b0a6-0,1,01b22555,524cd2f8,2025-05-14 22:00:00,239.58,18.85
a6e47118-4,1,e1c6fa6e,3857fde9,2025-02-11 19:37:00,362.87,25.88
1d60b8b1-a,1,11b5ce57,ab0f0712,2025-02-18 10:53:00,40.05,42.26
878c686a-f,1,fcd95cf7,5d18b1b4,2025-12-25 19:39:00,27.81,34.51
878c686a-f,2,4715402d,325bfa64,2025-12-25 19:39:00,358.04,44.43
878c686a-f,3,4821bd82,c6036dff,2025-12-25 19:39:00,307.94,14.82
814e533d-9,1,4fbb9951,3bc07baf,2025-03-24 04:31:00,103.63,10.79
668c63ef-2,1,85b148ec,6cfbb7f8,2025-12-30 01:25:00,16.5,28.66
06da2851-8,1,1bef1134,4056ffee,2025-01-23 10:39:00,73.84,18.64
7d85ece4-5,1,215571b7,cd159f2d,2025-02-02 04:57:00,220.86,36.07
82616816-7,1,42986a86,bfc37a90,2025-08-26 13:08:00,21.0,9.48
82616816-7,2,bb8a0b65,f797c86a,2025-08-26 13:08:00,98.05,26.81
82616816-7,3,5d7f440d,b59ddb4d,2025-08-26 13:08:00,290.92,37.37
5b6d42b0-c,1,c766242f,8f75540b,2025-02-11 09:36:00,60.45,42.24
0f4be7a0-a,1,5398e4a2,10c2f23d,2025-10-25 21:31:00,127.09,41.81
d66b0d0a-8,1,c766242f,e07abdb4,2025-11-03 23:39:00,77.17,23.43
98755590-1,1,59105597,aa88c630,2025-03-12 04:47:00,83.27,28.28
df394008-3,1,5a5a81da,aa686b4d,2025-12-10 03:21:00,16.78,10.71
75de2093-4,1,578b6230,de0637bc,2025-12-29 05:08:00,320.89,19.25
75de2093-4,2,19c7a2a5,90c94a85,2025-12-29 05:08:00,145.57,38.59
d21615bc-6,1,d8cc903c,3c82107f,2025-06-29 12:45:00,351.84,27.48
6f9779ed-3,1,c6b454f7,01c2df89,2025-12-01 17:41:00,44.32,27.32
c4474026-8,1,18555030,ef300107,2025-04-18 22:46:00,340.2,29.27
594546f7-5,1,8464d5d5,1157b015,2025-01-18 21:20:00,352.14,22.31
21fa6372-f,1,b9ebeafd,ccd9d745,2025-11-19 14:09:00,264.66,13.21
21fa6372-f,2,edb8f78e,f14b1990,2025-11-19 14:09:00,182.12,12.9
c0cfe549-6,1,ae2723a6,a6a5e115,2025-06-18 23:28:00,426.95,19.93
2d5d16ac-1,1,53ca8c22,94bf3f70,2025-02-26 05:16:00,242.84,20.49
ac235e6c-c,1,ccdaacf2,1265e6c4,2025-03-14 09:43:00,168.51,20.03
23545cd4-1,1,ba99f4cc,24b4daee,2025-06-09 08:04:00,17.15,37.66
8bdae908-9,1,0f9cd918,a1cab989,2025-10-06 13:01:00,332.63,24.75
6435cde3-5,1,eb85827d,4da24c31,2025-11-20 09:51:00,90.41,37.5
45ed83fe-2,1,71088410,5102a878,2025-10-09 19:47:00,339.82,15.87
45ed83fe-2,2,96559be2,0a4c61b3,2025-10-09 19:47:00,20.27,36.5
f04a412d-e,1,346d75cc,9e9b5263,2025-09-11 18:56:00,256.53,12.05
894f064d-5,1,7ca12e2f,a22a693c,2025-05-24 16:00:00,342.78,21.97
b338dc2f-a,1,46247658,c215ee49,2025-01-13 18:20:00,124.28,8.7
b338dc2f-a,2,c076efd0,895618e6,2025-01-13 18:20:00,269.25,31.23
b338dc2f-a,3,0192baf0,4ab33ba8,2025-01-13 18:20:00,34.64,32.34
a4ddee42-e,1,8fb9b9d4,b0be3c2f,2025-11-17 08:17:00,168.89,27.63
d9798b53-c,1,8c2dc506,1121d600,2025-11-14 00:29:00,338.68,32.6
c66d5ecc-1,1,1a67a9ff,5fcac3c2,2025-08-17 14:23:00,238.37,23.74
88711a27-4,1,8742fdbe,b75169c3,2025-03-28 06:00:00,357.22,27.24
88711a27-4,2,5a01c7ca,5e51d552,2025-03-28 06:00:00,317.9,37.82
e758c3b8-b,1,35b07f2f,51f896b5,2025-08-09 05:15:00,28.54,31.78
e758c3b8-b,2,0192baf0,4e642ff3,2025-08-09 05:15:00,178.88,31.04
e758c3b8-b,3,40663e45,d2346b12,2025-08-09 05:15:00,87.1,23.54
e758c3b8-b,4,91a01fb1,0ab0ca36,2025-08-09 05:15:00,142.25,27.11
e13ec575-4,1,4821bd82,3594fb4b,2025-01-07 12:25:00,300.88,31.76
e13ec575-4,2,9e445642,d396a8d7,2025-01-07 12:25:00,176.62,44.32
c2b54adb-2,1,1f27dff3,76a8b275,2025-02-21 14:34:00,400.56,38.46
9e3a146d-1,1,32d9c356,7c315613,2025-08-06 19:35:00,330.35,16.14
c8fee959-5,1,46247658,eb26f232,2025-11-21 16:37:00,39.63,34.21
b19f86de-5,1,056408d4,b4a6467c,2025-05-25 22:34:00,137.05,25.24
4da2d2e2-2,1,068b1543,cbb48a92,2026-01-01 08:04:00,273.11,10.86
c6e3da66-d,1,18b2b5a9,6c110580,2025-12-22 01:53:00,168.44,10.4
4823e262-6,1,11b5ce57,65abb480,2025-10-18 18:19:00,87.93,38.59
fdaf283a-1,1,5a5a81da,af024f7f,2025-09-25 14:26:00,313.08,22.75
fdaf283a-1,2,343dcfd1,8f983a3c,2025-09-25 14:26:00,118.44,22.77
72156ce4-e,1,aef5d53f,06bc3ea7,2025-12-13 19:01:00,253.02,37.87
72156ce4-e,2,59105597,ac61bed3,2025-12-13 19:01:00,82.29,28.98
ba4d5570-1,1,92a83e26,291d3be9,2025-12-01 12:54:00,297.25,26.07
ba4d5570-1,2,bcf2bce8,fe332f03,2025-12-01 12:54:00,183.79,36.14
3a26ebbd-e,1,1f27dff3,33c3b503,2025-03-07 01:29:00,271.42,13.33
2868d28c-8,1,ea93ce95,058de388,2025-04-30 08:57:00,415.77,16.98
b0ec9b8e-1,1,f1a25060,dd6c7304,2025-09-14 10:29:00,448.5,15.07
c6e4cd96-c,1,4fbb9951,f1b20e48,2025-01-12 15:28:00,58.57,20.18
600e7f75-8,1,21c6d812,6070aa86,2025-01-22 11:08:00,283.77,32.99
d7503d21-f,1,e1a1c8e9,80eab663,2025-05-26 22:52:00,248.77,11.87
a95c8967-4,1,0570f6af,cbc0179d,2025-09-10 01:41:00,101.33,27.82
a95c8967-4,2,bb2dcad1,0e040d61,2025-09-10 01:41:00,64.52,31.23
7b4681dd-d,1,63a33f6d,cde54aec,2025-02-13 23:02:00,283.79,27.9
7b4681dd-d,2,695cee78,5e27fbc8,2025-02-13 23:02:00,115.97,44.02
6d4ab456-5,1,ae2a4ad9,c3e89185,2025-09-25 09:16:00,371.44,23.66
1039c37f-b,1,32431646,a46d31e3,2025-01-17 02:27:00,110.1,26.45
efdfd76b-b,1,64e7c9dc,75716601,2025-09-18 11:28:00,116.58,26.83
c7ecb618-9,1,ae28a23e,56d06c5f,2025-01-25 04:36:00,415.97,32.49
644f04b3-e,1,36dcbb7e,81cb84ce,2025-05-02 07:11:00,45.0,20.84
644f04b3-e,2,5414d82a,4d00815f,2025-05-02 07:11:00,248.83,29.57
644f04b3-e,3,11b5ce57,28816b71,2025-05-02 07:11:00,25.43,25.26
644f04b3-e,4,c766242f,42c14524,2025-05-02 07:11:00,145.45,37.4
e202d4b1-3,1,8b587576,1323d23b,2025-07-24 05:46:00,297.88,42.1
9c9f0386-3,1,c076efd0,757fd540,2025-11-14 03:27:00,20.71,13.98
a9b95dfe-b,1,432acc63,0ad345d9,2025-09-25 21:06:00,402.69,11.66
98151db4-9,1,5414d82a,3ebc2257,2025-09-08 12:44:00,370.52,15.53
c96ae2bd-d,1,d7fc0a60,1398ed2f,2025-08-24 09:01:00,248.17,18.68
c96ae2bd-d,2,67b06d3d,ee6b2691,2025-08-24 09:01:00,437.43,36.51
61e3b1c9-8,1,3ec0f88d,52fe4463,2025-11-26 11:59:00,182.24,38.31
fd0566c3-f,1,5398e4a2,d7a47811,2025-07-18 14:29:00,15.65,44.9
8ff06ecd-c,1,d424c64b,d701e255,2025-04-05 01:08:00,281.97,28.14
8ff06ecd-c,2,833cec1b,545cbd64,2025-04-05 01:08:00,406.35,15.72
8ff06ecd-c,3,64e7c9dc,0340fced,2025-04-05 01:08:00,437.8,28.49
8ff06ecd-c,4,ad29cfcc,60b845b7,2025-04-05 01:08:00,227.38,30.84
5c3e828e-e,1,c2a0ed70,c4038a78,2025-08-25 19:04:00,369.2,12.45
6a693778-b,1,5a01c7ca,41e3f279,2025-03-31 06:15:00,409.97,24.07
2fc7c10f-f,1,4dae095f,78cf031d,2025-07-17 01:07:00,180.13,10.46
7f8e7abd-a,1,5d7f440d,72c1c18e,2025-12-01 12:57:00,268.45,13.84
41b66884-1,1,8ee662e2,350a3dcc,2025-12-22 14:24:00,418.37,43.84
a477ebb3-a,1,c766242f,7c371cea,2025-04-07 23:51:00,376.81,36.93
4dd4aefc-7,1,5d8fa470,5da984e5,2025-05-16 17:25:00,411.11,16.46
0e3e7149-2,1,edb8f78e,f5b37bd4,2025-09-03 07:14:00,177.6,25.84
69daa2bb-5,1,d8bd785c,c0e288e0,2025-07-08 02:07:00,271.5,19.72
f6d898d0-4,1,215571b7,9cc17e67,2025-06-03 00:37:00,199.84,27.01
ff0fb0b9-d,1,3cebde76,b7130c7e,2025-02-01 01:06:00,268.3,20.01
26362347-1,1,0192baf0,87860a2e,2025-09-09 17:26:00,48.76,24.88
f48cdc67-8,1,27dbfee3,6e82832a,2025-11-25 16:20:00,191.85,28.27
f48cdc67-8,2,ad3fe261,30bb6b30,2025-11-25 16:20:00,77.11,23.83
c8efbf9a-3,1,c7d80541,fefa6efd,2025-05-11 23:04:00,190.85,9.95
d704bc23-6,1,f7d02a95,87401dc2,2025-08-15 10:41:00,88.17,35.41
2617311f-e,1,aa9168b7,2dc014a9,2025-07-31 13:30:00,76.63,11.53
f83546e6-f,1,25286f10,5cf491fb,2025-04-21 23:33:00,28.71,19.82
befab37c-6,1,1ca67118,6615fae1,2025-12-12 05:03:00,384.9,12.21
a232d85f-a,1,4767d031,28e3cf9e,2025-04-23 07:36:00,239.91,43.35
328fd663-d,1,1bef1134,d5456ba0,2025-11-08 08:21:00,95.77,22.79
af1a4520-5,1,d424c64b,a01735cf,2025-08-13 00:11:00,90.63,10.02
bcf34ff8-4,1,c2a0ed70,07dcc484,2025-08-17 14:40:00,302.91,28.36
bcf34ff8-4,2,e5ae839e,ec665767,2025-08-17 14:40:00,92.15,25.46
3efde020-6,1,89e99561,961fd272,2025-02-22 10:44:00,176.35,20.3
3efde020-6,2,18b2b5a9,ccaecc4c,2025-02-22 10:44:00,131.37,36.27
3efde020-6,3,11b5ce57,ce469528,2025-02-22 10:44:00,432.79,21.68
3efde020-6,4,5b76386b,12309dd6,2025-02-22 10:44:00,394.47,26.9
87039282-f,1,4ba1d7fc,414a23a5,2025-06-08 03:17:00,318.62,13.89
25d4135c-5,1,c766242f,c75d9cec,2025-07-26 13:46:00,259.12,33.85
3ac82438-e,1,068b1543,6980fa43,2025-11-26 18:35:00,396.68,34.16
40400adf-6,1,a0683d93,9b629917,2025-03-24 09:06:00,390.58,33.82
f0f9a782-4,1,b81b3046,082c069d,2025-11-22 17:59:00,423.98,18.6
85280354-4,1,59105597,e05dc9c3,2025-09-19 23:27:00,186.08,27.92
62c02774-d,1,b3cf73d5,c94b793a,2025-11-04 20:15:00,56.84,39.84
83088fb4-0,1,f96eeb5c,9c20fb4a,2025-07-26 16:41:00,231.24,15.7
516063f6-a,1,91a01fb1,00ade5ac,2025-12-25 05:49:00,432.13,41.44
33ed4b16-0,1,dd59ea80,f6c9bed4,2025-05-26 18:13:00,272.59,19.02
85f8b1b7-1,1,dce37340,4c6caef8,2025-06-20 20:17:00,381.46,18.97
9323d381-c,1,3ec0f88d,5dfb59e3,2025-04-13 19:06:00,389.35,29.78
37ac226c-1,1,499552bf,4ef48c71,2025-07-27 18:16:00,320.59,22.18
e5d99457-9,1,c18b5129,8cdd1a11,2025-02-20 19:26:00,112.53,20.16
df641c26-6,1,5b76386b,8069e20e,2025-02-28 12:06:00,261.94,18.07
9577c73c-a,1,8ee662e2,1293ea64,2025-02-16 06:14:00,222.16,32.64
9577c73c-a,2,91a01fb1,4c68d16c,2025-02-16 06:14:00,300.7,15.59
9577c73c-a,3,ebdd156e,6fc6312d,2025-02-16 06:14:00,247.06,11.71
9577c73c-a,4,1ca67118,50208d23,2025-02-16 06:14:00,374.1,28.18
71d56712-1,1,8ee662e2,66775133,2025-02-06 02:55:00,31.4,44.78
61c01685-5,1,edb8f78e,456d692f,2025-02-28 12:00:00,350.67,9.76
246baa43-2,1,924c80ea,66542b6e,2025-01-25 04:33:00,449.67,35.68
8417a681-a,1,cb2a336f,68baf4ec,2025-05-12 09:09:00,146.53,17.66
8417a681-a,2,41386a8b,5f535d33,2025-05-12 09:09:00,448.44,15.75
c4a2b302-7,1,59105597,25414ab0,2025-12-28 15:36:00,104.35,28.11
c4a2b302-7,2,b9ebeafd,194db492,2025-12-28 15:36:00,49.73,37.13
c4a2b302-7,3,b721a513,bb26c226,2025-12-28 15:36:00,387.02,40.7
6540dd9c-6,1,e36d4b42,1809cc0d,2025-03-16 22:06:00,147.0,25.17
6540dd9c-6,2,e8f2b837,eb5991c5,2025-03-16 22:06:00,85.28,42.52
dd5e30b1-2,1,13f00340,004d8730,2025-06-03 02:07:00,74.47,25.93
c0849244-c,1,bacdb118,c459ac6b,2025-09-06 16:23:00,118.9,37.18
655b523b-8,1,432acc63,7c95252d,2025-06-09 19:07:00,88.65,31.73
60994303-f,1,56c23881,cfc21385,2025-02-13 22:15:00,435.13,14.87
b9592e9a-e,1,80f192ad,2a857dd1,2025-07-01 10:10:00,15.88,31.42
385daff9-e,1,c2a0ed70,2b253172,2025-02-08 22:29:00,241.46,41.85
8b2141b3-b,1,cbe411a2,5954885d,2025-07-24 19:18:00,175.62,29.86
8b2141b3-b,2,64059073,1f9c1f98,2025-07-24 19:18:00,203.22,20.87
8b2141b3-b,3,bcf2bce8,f5e19d29,2025-07-24 19:18:00,105.57,21.47
8b2141b3-b,4,040b7928,86e33e31,2025-07-24 19:18:00,143.87,13.39
e0d1ed78-b,1,46130b9f,833352bf,2025-02-19 14:09:00,191.22,8.96
ec7ac0d5-f,1,ebdd156e,284cd15b,2025-01-10 15:01:00,63.39,16.23
28e4d3bb-1,1,d8cc903c,46796adc,2025-08-09 05:16:00,208.61,37.9
28e4d3bb-1,2,e8f2b837,a94d6a39,2025-08-09 05:16:00,16.49,31.61
93abe04a-5,1,695cee78,b9f63428,2025-10-10 19:03:00,18.35,23.08
f43fac4e-2,1,1f27dff3,6596f5e4,2025-03-09 11:55:00,93.73,28.57
4c26e93d-f,1,25cbedf2,80a1e691,2025-05-28 15:20:00,28.9,18.1
978f8816-1,1,cbe411a2,8177234f,2025-11-11 03:14:00,374.33,42.99
f27f11f5-e,1,dbd26aa1,1af1a840,2025-08-20 04:10:00,359.32,24.16
f27f11f5-e,2,12b1c297,7b36fdfb,2025-08-20 04:10:00,293.21,42.63
f27f11f5-e,3,e5ae839e,236bb133,2025-08-20 04:10:00,431.08,28.59
a417d3fa-2,1,e44dc6e0,dfe4f6f4,2025-05-09 00:08:00,59.51,18.64
c8e8a307-9,1,17d9bda9,887feff9,2025-02-14 19:21:00,256.72,37.6
af71d5f3-f,1,4b9fe1f9,57ca4974,2025-10-14 01:11:00,24.82,16.21
efd04db4-1,1,584eb8cb,5d622ba9,2025-11-30 22:01:00,305.42,11.6
7db0f647-4,1,89e99561,56fc4df3,2025-08-21 08:59:00,274.37,8.51
7db0f647-4,2,edeebea4,80dd2c82,2025-08-21 08:59:00,255.36,43.44
08290922-4,1,71088410,57adbfd3,2025-07-15 18:36:00,96.16,41.11
6bde9cd1-5,1,924c80ea,2a6fa7c8,2025-10-23 20:03:00,201.68,21.96
0ae42e29-9,1,edb8f78e,dfbe39b9,2025-08-29 07:14:00,188.6,13.32
0ae42e29-9,2,b3cf73d5,850f36fa,2025-08-29 07:14:00,55.56,16.24
388bf553-e,1,40663e45,bb0b4d4a,2025-11-02 17:03:00,99.59,34.75
5120afd0-3,1,844c0629,83dfc0ed,2025-11-29 19:54:00,388.96,14.67
53002d99-e,1,01b22555,17cfd360,2025-04-10 07:47:00,107.48,26.95
53002d99-e,2,21155322,252aa55e,2025-04-10 07:47:00,134.15,24.81
53002d99-e,3,d7fc0a60,6e6fa3a1,2025-04-10 07:47:00,148.9,34.65
0b922c46-c,1,3ec0f88d,a9094dd8,2025-07-28 19:06:00,418.75,22.21
c95c4282-6,1,eb85827d,e28d2dc2,2025-07-18 00:10:00,119.04,36.23
9de46269-d,1,d470fd17,5c027741,2025-06-28 21:38:00,384.02,19.92
88d456b8-a,1,34b60de6,101f053e,2025-07-23 07:02:00,94.96,40.62
c9dbf761-a,1,ddea18ae,e63cea14,2025-08-20 05:06:00,26.5,11.22
a55afaff-6,1,bb8a0b65,53f396eb,2025-04-06 03:22:00,181.37,15.77
40ef457c-2,1,06d10537,5b749007,2025-07-06 01:13:00,246.26,42.69
106caab1-4,1,6ac32529,c3d05709,2025-03-24 01:26:00,294.7,15.83
89474b54-e,1,1fa19b01,c626a196,2025-11-11 15:05:00,323.3,31.98
ca049be5-f,1,6c3d4a04,18c9d9ae,2025-03-21 05:53:00,238.64,21.63
d393abba-5,1,bc304333,cf32378d,2025-08-24 18:39:00,331.23,44.16
d393abba-5,2,e36d4b42,aa364c3a,2025-08-24 18:39:00,338.16,11.07
4b4bd0b3-a,1,8b587576,9dfbfd5c,2025-09-02 14:58:00,159.2,18.72
4b4bd0b3-a,2,671b4fed,e72bab87,2025-09-02 14:58:00,379.47,24.43
635a2511-4,1,0145b8da,98869bd0,2025-06-06 11:12:00,438.71,23.83
635a2511-4,2,ad29cfcc,70541f04,2025-06-06 11:12:00,324.5,20.58
635a2511-4,3,bc304333,eafb15bd,2025-06-06 11:12:00,91.91,25.42
78bcd113-3,1,a74489e0,81df390a,2025-01-19 18:10:00,191.95,10.74
32bc6972-9,1,85b148ec,17db62ae,2025-03-14 07:04:00,25.46,31.28
3b6d6ae9-f,1,508bf8ab,3b722207,2025-04-20 10:15:00,169.75,13.75
28a9ad09-f,1,edb8f78e,ff9ac74e,2025-05-31 20:32:00,51.16,39.29
28a9ad09-f,2,86289f74,4ed1af82,2025-05-31 20:32:00,98.77,9.48
28a9ad09-f,3,3e00cd4d,1070b962,2025-05-31 20:32:00,212.3,20.46
a2054ba2-d,1,6f1a0713,fe19eb44,2025-12-28 04:55:00,205.25,30.18
ab5ac854-1,1,72b33988,8f2ed678,2025-11-15 06:08:00,102.74,33.27
9a544bf0-e,1,b721a513,84f4f8e0,2025-02-11 10:57:00,353.84,32.69
00805c17-9,1,1a17b66b,aeda017a,2025-12-30 13:25:00,394.1,21.65
00805c17-9,2,7ad28f77,12f3a1a9,2025-12-30 13:25:00,227.22,44.76
8c3a316d-e,1,53ca8c22,f015fb5f,2025-05-13 15:53:00,281.91,44.16
8c3a316d-e,2,30b713c0,0b47d9f0,2025-05-13 15:53:00,245.09,26.92
8c3a316d-e,3,8c4d1c4c,177a5e42,2025-05-13 15:53:00,84.49,18.31
b07518d4-b,1,f7d02a95,2152f107,2025-07-13 03:01:00,151.98,43.47
2d54de1d-8,1,27dbfee3,30e0d842,2025-10-23 13:20:00,391.87,36.34
bde77259-e,1,f96eeb5c,634f29fa,2025-09-15 05:38:00,282.04,29.62
81824a15-8,1,92ebab06,4ca9b8cb,2025-12-22 08:55:00,392.87,32.3
68430969-9,1,dbd26aa1,f683b2b8,2025-04-16 09:57:00,139.79,20.76
767ebf39-a,1,ae33358f,141d2701,2025-08-31 04:23:00,214.65,15.53
c496e98e-e,1,bb2dcad1,ca8233a8,2025-02-22 09:28:00,295.62,40.59
733dfa63-e,1,bb2dcad1,4346c484,2025-05-24 10:04:00,20.11,15.29
f87bc944-3,1,f7d02a95,9973aa95,2025-12-15 04:54:00,399.23,38.54
eebbbcbe-0,1,9ae01382,58dd7074,2025-09-28 09:32:00,351.36,40.18
093f7c11-8,1,e1a1c8e9,1b8a56df,2025-04-24 13:54:00,87.38,44.16
245096ad-b,1,0203ff6f,252496a7,2025-09-18 23:47:00,293.45,17.37
8fa61d0e-1,1,ae33358f,e09dd045,2025-03-15 00:35:00,64.47,14.95
3a4493c6-e,1,af7c3d3f,2c2c6f15,2025-02-22 18:59:00,48.69,41.26
52fc3898-d,1,c173b5e1,02ff97d3,2025-09-06 11:50:00,109.28,27.39
c7563d21-5,1,d1310ac6,96910fb3,2025-01-24 09:16:00,41.72,16.95
da466231-b,1,ae2723a6,c87768a5,2025-07-22 16:21:00,290.92,11.81
9ac82f5a-1,1,c7d80541,3811b90f,2025-09-07 09:29:00,59.85,22.92
923dba02-6,1,25286f10,cf2c045b,2025-08-23 03:31:00,82.32,25.12
8dd17b56-c,1,4179340c,9d979f48,2025-12-27 17:41:00,174.13,42.33
fbf4f8ec-b,1,a69afd9f,5cb6019c,2025-03-04 02:36:00,102.85,15.37
f62be292-8,1,5414d82a,6936b772,2025-01-27 23:20:00,170.09,27.95
6a57b2bf-0,1,6ac32529,dcad442b,2025-06-22 14:45:00,444.51,29.4
39de2328-7,1,91a01fb1,b4ef2318,2025-05-30 05:24:00,160.79,9.6
d05aacbe-d,1,c766242f,ace5c81a,2025-05-23 13:27:00,16.87,40.37
5d77486c-c,1,f3583162,f3fdf1c5,2025-09-26 10:13:00,202.05,28.73
a2110733-e,1,b34dafed,23dccd27,2025-11-28 11:51:00,425.37,23.78
a2110733-e,2,6ac32529,150ae612,2025-11-28 11:51:00,16.92,28.14
8eba6f6f-1,1,4b9fe1f9,6958ec75,2025-09-04 04:56:00,256.67,34.46
8eba6f6f-1,2,714642dd,c968c387,2025-09-04 04:56:00,428.31,37.35
e41f3052-f,1,8742fdbe,edfed574,2025-03-06 03:56:00,70.8,35.1
11e18b0c-4,1,edb8f78e,33e1ff42,2025-07-24 06:00:00,78.7,9.78
e7c12d88-f,1,76252a44,92b1c03c,2025-06-06 21:18:00,384.21,33.59
e83c101d-b,1,45284e60,31e26149,2025-11-18 22:57:00,62.13,21.5
10f3349a-5,1,17e5d58b,5710bde2,2025-07-29 12:49:00,242.95,16.68
f6ef7eba-c,1,f7d02a95,62551aee,2025-01-14 19:45:00,444.09,22.05
f6ef7eba-c,2,efbe5223,10bd9ab5,2025-01-14 19:45:00,100.38,24.98
e95dc64d-c,1,c7d80541,35d41f4b,2025-02-20 18:04:00,214.51,21.39
e95dc64d-c,2,8b587576,4ec944b2,2025-02-20 18:04:00,223.03,17.0
e95dc64d-c,3,0570f6af,fe4e138d,2025-02-20 18:04:00,346.58,20.38
e95dc64d-c,4,ae6650c6,eb503440,2025-02-20 18:04:00,50.94,42.95
4bc66472-f,1,5a677ab7,95138838,2025-07-28 22:53:00,189.58,28.74
dfcd6ee3-c,1,b27e8c45,40722409,2025-11-08 14:55:00,325.47,21.25
8c4187f9-b,1,73bf66cd,5e0693fd,2025-05-31 18:25:00,437.08,34.3
6466622d-e,1,2ce3ae86,bebf335b,2025-05-31 21:53:00,316.31,38.24
717c6eed-b,1,714642dd,7246b01d,2025-03-21 16:09:00,445.0,26.43
079e9909-7,1,0570f6af,6a7ff04f,2025-01-23 22:56:00,52.57,32.66
2e6de76e-d,1,2ce3ae86,c0e8b8df,2025-02-19 18:01:00,396.67,22.82
2e6de76e-d,2,068b1543,fb291baa,2025-02-19 18:01:00,332.39,40.53
288a4082-3,1,81b3a025,59adead1,2025-12-07 06:24:00,39.74,9.4
65191623-2,1,e8254a94,630144d3,2025-05-06 02:35:00,386.32,27.67
6e3efe03-2,1,924c80ea,aedcb817,2025-05-04 10:44:00,398.14,30.21
9a15d523-b,1,bb2dcad1,08f3f0bc,2025-12-21 01:39:00,196.46,11.28
78e4c894-4,1,35b07f2f,db071f37,2025-10-06 20:01:00,241.16,20.91
d31bc456-d,1,1a17b66b,497883b5,2025-08-28 22:16:00,47.04,38.64
d31bc456-d,2,aef5d53f,a339a36e,2025-08-28 22:16:00,30.81,20.91
358f6e8f-e,1,068b1543,c10e5125,2025-05-11 00:55:00,278.03,30.89
650c3419-2,1,06697ada,8b4861f4,2025-02-23 17:37:00,221.35,23.1
412bf493-a,1,e1a1c8e9,30baa295,2025-02-28 12:51:00,230.43,22.73
412bf493-a,2,d7fc0a60,81331463,2025-02-28 12:51:00,301.32,28.08
42a74f4f-d,1,87953b9c,b56568db,2025-10-11 16:57:00,397.41,36.95
0f1fb252-b,1,83ffdcdd,da01139d,2025-11-05 05:11:00,19.87,33.87
4e170b92-0,1,c39c1db2,e2dade79,2025-02-18 12:52:00,435.84,8.03
4e170b92-0,2,d25a7b66,a851fb91,2025-02-18 12:52:00,267.64,16.95
4e170b92-0,3,13f00340,cd5942de,2025-02-18 12:52:00,261.04,11.93
22ed0706-1,1,2ce3ae86,68206a79,2025-09-07 15:29:00,180.38,8.92
22ed0706-1,2,00f1f66d,84b334a9,2025-09-07 15:29:00,411.78,21.67
22ed0706-1,3,71149b97,ce026ee6,2025-09-07 15:29:00,25.72,9.09
22ed0706-1,4,833cec1b,1954e4cc,2025-09-07 15:29:00,414.53,42.82
e3c4bb76-b,1,ab6a864d,2c1b45fc,2025-08-19 03:57:00,96.98,10.59
c48ca4cf-9,1,a35409cd,e9bb4379,2025-07-27 11:51:00,297.0,39.14
322e63cc-1,1,1fa19b01,39332cd7,2025-01-26 01:55:00,128.92,29.99
3a55a504-9,1,5a5a81da,d21e5a0a,2025-09-14 11:40:00,351.66,29.82
a7c8a40d-6,1,026bf726,d57e8630,2025-03-23 10:40:00,185.27,31.15
e01af8de-9,1,63cb55c9,87472b83,2025-04-03 18:48:00,448.03,14.0
1076546d-5,1,844c0629,cbe9d7b2,2025-03-07 20:35:00,292.94,8.73
e57f8366-a,1,17d9bda9,38df18f2,2025-12-05 22:27:00,426.16,35.19
7741ac02-b,1,c2a0ed70,ffc53407,2025-06-22 15:56:00,147.71,43.0
7741ac02-b,2,ae28a23e,8f25ad93,2025-06-22 15:56:00,407.06,33.1
aa8be7a5-a,1,9ae01382,d8a47914,2025-01-31 23:24:00,423.79,16.1
9a9c53cf-f,1,7ca12e2f,9cc4d540,2025-05-29 12:41:00,418.45,27.02
9a9c53cf-f,2,d424c64b,6a4f00f7,2025-05-29 12:41:00,235.4,37.1
f2fe0f21-2,1,d8b47e9b,8b266a4b,2025-07-05 20:35:00,376.97,15.99
1492579c-8,1,32d9c356,231f62d2,2025-06-08 16:20:00,220.65,27.41
2e704ee9-8,1,c587f345,935b9e39,2025-05-10 05:49:00,145.83,40.24
06740a7c-e,1,11ce6482,8259adf7,2025-06-27 17:02:00,153.82,10.2
823f99da-4,1,e1c6fa6e,6ff792b3,2025-11-07 05:34:00,37.24,15.29
eb56a645-0,1,ced3cd7c,d28258ec,2025-01-29 22:29:00,132.29,37.17
eb56a645-0,2,bc304333,7da04b53,2025-01-29 22:29:00,305.13,43.87
eb56a645-0,3,e8f2b837,4212554f,2025-01-29 22:29:00,120.13,42.24
54da2493-4,1,e8f2b837,4325fe63,2025-10-19 11:07:00,145.46,20.71
e4a77416-c,1,06697ada,4eccb483,2025-04-23 10:14:00,373.6,35.77
28749717-a,1,8af3c722,fc77dc5c,2025-02-15 23:46:00,27.7,44.77
1001e3ae-a,1,bc304333,0dfd8697,2025-08-29 08:09:00,63.29,9.89
1001e3ae-a,2,efbe5223,dae9f7be,2025-08-29 08:09:00,230.72,27.56
1001e3ae-a,3,72b33988,bf700788,2025-08-29 08:09:00,325.99,20.95
8b96b8cd-8,1,a35409cd,12a6222f,2025-05-18 20:48:00,269.3,19.99
8b96b8cd-8,2,962a09ee,0e9b405e,2025-05-18 20:48:00,222.34,41.37
8b96b8cd-8,3,1bef1134,6e0ae71e,2025-05-18 20:48:00,164.65,21.23
7c10553a-1,1,5b76386b,26879eb4,2025-08-07 04:30:00,207.38,22.26
c9b0442d-1,1,17bbcd88,71d82774,2025-09-06 11:27:00,27.51,17.53
1c692843-a,1,edb8f78e,fbe6b931,2025-07-25 05:00:00,277.53,23.97
1a23d976-2,1,cb2a336f,3ed2be66,2025-06-27 02:27:00,328.68,38.4
155e617f-d,1,59105597,a6e70289,2025-03-11 21:45:00,427.22,43.23
ad6420a5-9,1,8fb9b9d4,4da06d73,2025-10-04 17:33:00,301.04,32.06
4f6790fa-d,1,01b22555,5ef49a4c,2025-05-10 12:19:00,356.66,16.79
11f00bcf-e,1,7de3f7af,cc78a56f,2025-07-10 11:28:00,327.48,18.83
65ee03a9-e,1,36dcbb7e,6ad6a531,2025-04-15 02:33:00,112.89,37.44
328aaa19-b,1,2942d890,9a5d7176,2025-09-10 15:07:00,78.98,29.63
0dcf94d6-5,1,5d0203f7,0c8e6601,2025-07-24 10:51:00,381.21,13.23
8e522909-8,1,41386a8b,4ed48e4e,2025-02-02 23:32:00,83.18,29.97
d4ddd8a3-9,1,76252a44,f300e7a7,2025-10-23 02:50:00,64.55,9.0
5f0bc556-a,1,fa0c448e,1428e846,2025-08-25 15:00:00,384.94,35.4
c9360a91-1,1,b617be37,319edaf6,2025-07-16 06:03:00,17.56,36.72
8cb063c5-1,1,fa0c448e,3ecfa6f4,2025-10-19 15:35:00,398.02,14.29
8cb063c5-1,2,ced3cd7c,e3a42fd9,2025-10-19 15:35:00,233.8,24.75
8cb063c5-1,3,87953b9c,b9910d1f,2025-10-19 15:35:00,35.55,32.0
7255a299-c,1,25cbedf2,68632449,2025-04-21 08:26:00,287.06,27.85
bfb2b68f-b,1,4ebc1480,2f2e125d,2025-09-21 03:02:00,90.05,9.79
fd44efa5-1,1,ad3fe261,7c49e862,2025-05-11 08:24:00,57.86,27.81
47294dd3-b,1,dce37340,33bd32e3,2025-05-06 05:02:00,242.49,34.78
3d33cb32-5,1,32431646,a912ab2a,2025-01-10 07:34:00,445.81,35.32
32c8a105-8,1,1ca67118,5210ed91,2025-09-24 18:45:00,33.59,21.08
7d607aa3-7,1,215571b7,b0bfe4c7,2025-02-26 01:30:00,120.03,28.74
43c474f4-3,1,8ee662e2,26bb4648,2025-12-06 21:34:00,214.57,27.58
57317895-d,1,efbe5223,de9149e4,2025-02-16 19:16:00,197.84,25.49
88e2de3d-9,1,962a09ee,e49e026e,2025-06-28 12:52:00,117.8,24.51
7d8813a1-c,1,bcf2bce8,7851d9d9,2025-03-19 13:15:00,347.74,22.12
7b300fb5-b,1,89c04c0a,85c347b1,2025-01-18 11:23:00,222.85,18.6
6017dd86-e,1,34b60de6,a1a8bb57,2025-04-27 21:41:00,400.3,14.51
5fe2224a-c,1,a0683d93,d5ea69a7,2025-04-27 00:18:00,196.0,11.58
ca52a53c-0,1,87953b9c,28d075fc,2025-11-22 21:06:00,445.8,35.27
7cd92c0e-3,1,dd9ea5e6,a96e36e9,2025-01-19 08:24:00,407.54,42.3
c2dae94e-6,1,acae5659,c84fc5e5,2025-05-04 00:01:00,189.68,16.4
a08e4c9c-2,1,81b3a025,cbf607ca,2025-03-21 22:38:00,181.74,30.14
b41e736e-4,1,0145b8da,00c27508,2025-05-21 01:24:00,89.1,27.0
3654ea71-0,1,bcf2bce8,d43af4bd,2025-09-28 06:01:00,298.62,39.38
e70b7d76-9,1,cd04d99b,2a239a39,2025-08-23 16:39:00,222.52,18.54
8bf0f2b4-7,1,7de3f7af,6a059f85,2025-11-21 19:03:00,136.43,39.59
c16483e1-5,1,e1c6fa6e,6d25c15c,2025-09-27 23:06:00,203.21,26.22
7d826aa6-a,1,3f0171a6,e7c56a7a,2025-05-10 03:26:00,441.77,21.56
e8976cb9-8,1,11ce6482,9f342957,2025-04-07 23:55:00,279.83,16.06
f7f12fae-d,1,3ec0f88d,6c3b4f33,2025-02-20 18:53:00,38.3,27.62
d3c5e9a3-0,1,af2aae2e,3a25e73c,2025-04-22 20:52:00,166.41,37.43
bd244699-c,1,e930d17d,df9feb07,2025-12-25 06:26:00,158.3,29.4
c0f3c3fa-3,1,ba99f4cc,111e42e1,2025-02-03 07:30:00,176.63,36.73
ebf5262d-d,1,fcd95cf7,2172bac9,2025-12-27 13:57:00,81.62,39.47
bf3675fa-5,1,1fa19b01,d5e9efd5,2025-03-21 10:49:00,155.36,40.58
4c07756c-7,1,bb8a0b65,c0eaa431,2025-08-09 05:57:00,367.83,12.5
fe55b652-9,1,bdb03f62,f3e3aaf4,2025-10-25 19:16:00,124.48,16.65
49f186fd-d,1,c076efd0,9bb52850,2025-02-01 19:15:00,352.2,31.01
05cf9e65-0,1,e36d4b42,87576e98,2025-12-10 09:23:00,288.89,41.84
6e6adb37-3,1,00f1f66d,c3935037,2025-11-14 19:55:00,157.95,42.99
befd2aa9-a,1,35b07f2f,58320516,2025-02-07 02:56:00,211.98,25.69
f8aa7c52-b,1,4767d031,6d0f75d1,2025-05-01 22:18:00,147.95,32.07
b25c9525-e,1,a2ee6258,644ecb17,2025-05-24 03:44:00,308.06,17.09
b25c9525-e,2,b131e4c7,7fae1a76,2025-05-24 03:44:00,203.74,19.42
1de5903c-8,1,f8241532,44438632,2025-12-04 09:18:00,82.56,44.45
1de5903c-8,2,cbe411a2,9addd26b,2025-12-04 09:18:00,83.44,18.34
1de5903c-8,3,ae28a23e,a16ba00e,2025-12-04 09:18:00,18.19,30.23
1de5903c-8,4,64e7c9dc,1e4a2682,2025-12-04 09:18:00,193.94,33.96
883505cc-7,1,d8b47e9b,59cfafc1,2025-09-26 13:42:00,445.52,8.3
883505cc-7,2,8af3c722,3ece0050,2025-09-26 13:42:00,138.98,19.43
883505cc-7,3,ac092b61,4e255cde,2025-09-26 13:42:00,98.7,27.95
883505cc-7,4,18b2b5a9,1bec0be3,2025-09-26 13:42:00,405.31,25.3
c42e12ca-5,1,e1a1c8e9,e4c6dfc3,2025-11-27 04:19:00,410.54,14.63
1bdaf05a-b,1,4767d031,60fe177f,2025-04-18 10:24:00,340.97,29.96
c8a3f424-1,1,e31ba7d4,79a02039,2025-11-26 05:15:00,275.98,36.69
f8cf6e5d-3,1,135ab652,b66950cf,2025-05-04 17:24:00,355.36,15.1
f8cf6e5d-3,2,5a5a81da,3e11f149,2025-05-04 17:24:00,378.56,37.34
d1106db0-2,1,b617be37,226459bd,2025-12-06 20:54:00,237.89,14.95
3a1dae4b-d,1,02e52845,46ef382b,2025-06-08 21:33:00,176.35,42.75
182ad419-5,1,671b4fed,b7ed15e8,2025-11-15 08:46:00,91.44,17.22
182ad419-5,2,7aac1942,a27061d5,2025-11-15 08:46:00,91.82,42.92
d2234221-b,1,141650f5,3e3ee484,2025-01-16 14:17:00,438.73,39.54
d2234221-b,2,ae2723a6,c06ed006,2025-01-16 14:17:00,366.03,44.58
caa5c8f3-3,1,8b587576,f0f558a9,2025-11-25 00:15:00,157.14,19.94
caa5c8f3-3,2,a0ea4d65,b9402a31,2025-11-25 00:15:00,380.19,25.4
caa5c8f3-3,3,cb2a336f,2d21bc87,2025-11-25 00:15:00,34.49,24.94
1345e8df-d,1,e1a1c8e9,c5e8e7b1,2025-01-08 01:48:00,428.05,15.85
c7f781a3-4,1,215571b7,6b870a13,2025-11-14 20:25:00,201.92,29.79
98b26b72-c,1,f96eeb5c,e5bb66eb,2025-05-18 14:01:00,394.4,40.06
4df2850d-f,1,8ee662e2,fab16844,2025-02-18 08:39:00,362.31,17.65
4df2850d-f,2,d38de927,4eae5fbf,2025-02-18 08:39:00,59.64,22.51
4df2850d-f,3,dac043c1,eb66bfc4,2025-02-18 08:39:00,197.19,34.93
6716fa35-f,1,d25a7b66,039f028e,2025-09-21 13:01:00,128.43,40.81
75aa8f18-c,1,8af3c722,dd53af93,2025-04-22 11:39:00,239.95,8.69
75aa8f18-c,2,71088410,ffc26a12,2025-04-22 11:39:00,156.03,41.65
75aa8f18-c,3,0203ff6f,780a9bd5,2025-04-22 11:39:00,354.97,23.12
75aa8f18-c,4,cd04d99b,51fa39d2,2025-04-22 11:39:00,359.08,16.49
49baa304-2,1,623da73e,5f496929,2025-01-29 04:52:00,270.7,41.28
a82a35a1-d,1,25449731,c231041a,2025-01-23 04:21:00,201.11,14.38
801154c8-c,1,3e00cd4d,20482db7,2025-02-11 20:26:00,345.05,23.07
561d1063-d,1,f30d14a5,e60c225d,2025-07-22 06:20:00,328.24,11.13
52b525ac-3,1,cf55c767,e6e227b4,2025-03-19 14:35:00,435.57,30.58
029a32b9-9,1,89c04c0a,5184bff0,2025-09-20 11:09:00,178.58,25.57
68ffb676-c,1,d1310ac6,9015a4ac,2025-06-22 13:09:00,106.91,30.02
3697486b-a,1,bacdb118,bcb37d95,2025-11-08 12:47:00,308.31,13.57
fafe3308-4,1,1a17b66b,af9f9a9c,2025-08-09 02:30:00,379.62,40.78
781b2d68-1,1,dce37340,6cc34e5a,2025-07-07 14:29:00,121.58,22.52
781b2d68-1,2,c39c1db2,919fee82,2025-07-07 14:29:00,151.23,9.52
6a8fb0c1-e,1,432acc63,c25d3626,2025-09-13 15:16:00,297.78,42.82
e1f9b837-2,1,b1a45968,24682ad2,2025-03-17 18:22:00,433.6,37.01
62db967a-e,1,32431646,1ad3e16f,2025-08-08 17:30:00,198.24,21.12
8274d58a-5,1,c766242f,774a3cd5,2025-07-04 06:19:00,298.51,15.69
0714ec88-b,1,bda0303b,8a02139c,2025-01-22 20:45:00,177.08,21.21
8a8fcac6-2,1,e31ba7d4,2a8a9ebc,2025-06-03 23:16:00,173.97,20.65
ac00e6f0-b,1,22af20fd,81c28645,2025-08-04 13:02:00,128.2,9.07
8ffe6bd9-7,1,5398e4a2,c0ec2ee9,2025-02-05 23:15:00,49.22,33.51
8ffe6bd9-7,2,b27e8c45,76bf0db4,2025-02-05 23:15:00,261.95,35.22
86180693-c,1,c2a0ed70,27b6715b,2025-10-13 03:43:00,189.78,10.83
86180693-c,2,11ce6482,54c63215,2025-10-13 03:43:00,219.62,23.73
86180693-c,3,8492863a,caef459d,2025-10-13 03:43:00,237.17,36.27
e739dca5-f,1,f3583162,ee23bbcd,2025-12-14 00:17:00,253.19,13.45
fed1a791-2,1,ad14c942,1a51bb5a,2025-07-15 22:08:00,22.3,31.75
3db95fec-7,1,19c7a2a5,117c3f7d,2025-03-31 22:14:00,198.92,18.57
8202c7b3-0,1,41386a8b,d0bc7a65,2025-09-09 21:15:00,44.18,10.03
496c15bc-e,1,73bf66cd,f67a1917,2025-07-23 12:02:00,107.75,29.86
5e998f6e-1,1,06d10537,594e9dd0,2025-09-19 10:10:00,375.01,8.1
d216f8b4-4,1,f1a25060,4ddadf2a,2025-05-20 09:06:00,355.64,25.79
8162caf0-1,1,19c7a2a5,8de87ac9,2025-12-21 22:48:00,223.39,11.53
8162caf0-1,2,8fb9b9d4,5c07a69d,2025-12-21 22:48:00,436.68,41.99
8162caf0-1,3,5398e4a2,5312856b,2025-12-21 22:48:00,234.88,14.95
eaf451a3-f,1,13d52475,251bcb12,2025-04-16 08:57:00,428.63,42.62
b181c3da-0,1,45104aa7,c098d70e,2025-04-01 22:07:00,164.52,31.04
cbdd6427-a,1,edeebea4,db42958c,2025-10-28 16:19:00,172.04,27.2
cbdd6427-a,2,7de3f7af,5bc6ab08,2025-10-28 16:19:00,178.9,20.77
cbdd6427-a,3,b5c58c9d,5b3ed6b7,2025-10-28 16:19:00,108.58,15.6
cbdd6427-a,4,a0ea4d65,21bea643,2025-10-28 16:19:00,270.6,19.51
6476925a-3,1,53ca8c22,cf1bf967,2025-01-27 23:03:00,97.25,12.7
6476925a-3,2,30056d29,cfa7497e,2025-01-27 23:03:00,150.61,13.81
139724e3-2,1,858d2ce8,fc9a6508,2025-08-31 23:53:00,90.42,27.06
2dc858f6-b,1,5d7f440d,248dcb87,2025-02-21 02:18:00,172.66,39.41
dd745a62-2,1,aef5d53f,17d4bbba,2025-04-13 01:51:00,307.2,11.69
fc367910-e,1,56c23881,33140dd3,2025-11-16 17:19:00,118.26,37.61
78f469be-6,1,943a1be7,bd9ca703,2025-10-18 23:11:00,163.44,10.04
3d743ad1-6,1,ccdaacf2,6de4a3e5,2025-11-18 23:51:00,442.26,22.08
3d743ad1-6,2,8492863a,1698b55f,2025-11-18 23:51:00,22.51,41.12
3d743ad1-6,3,e930d17d,f9fc84a9,2025-11-18 23:51:00,291.85,13.92
d2df9038-6,1,d7fc0a60,90bf5e74,2025-03-10 12:34:00,81.1,11.1
d2df9038-6,2,844c0629,d0774b97,2025-03-10 12:34:00,169.79,31.61
d0b579e4-7,1,46247658,7a6a3997,2025-07-20 04:01:00,362.84,34.21
edd72890-f,1,05f43073,48d1903b,2025-05-03 04:42:00,345.63,28.4
343518f7-b,1,d0fd83ca,dd0a67ce,2025-04-19 05:09:00,412.1,17.89
380ca201-b,1,bad7bd4a,cfc6e126,2025-09-15 23:08:00,77.97,20.94
9d9a8fc4-7,1,444631da,3ec20ac2,2025-01-28 10:43:00,188.75,37.82
9d9a8fc4-7,2,7c8eb5e3,6c49cb6b,2025-01-28 10:43:00,140.3,9.06
9d9a8fc4-7,3,55ba7e8c,44c29291,2025-01-28 10:43:00,129.03,23.48
edf90e5b-f,1,96559be2,31d105d7,2025-05-20 14:51:00,25.13,40.21
34c64cee-d,1,1d6c8389,21db606b,2025-09-21 10:27:00,406.75,20.18
33fba91e-1,1,dd9ea5e6,524b1a6a,2025-03-15 07:32:00,207.62,40.56
7c1c79d0-1,1,11b5ce57,6edeec80,2025-11-16 19:53:00,301.67,9.94
449d45e7-e,1,40663e45,b879427f,2025-03-17 18:01:00,224.67,29.8
3ef7f4a9-3,1,cb2a336f,2769b2e9,2025-10-28 19:00:00,67.75,34.68
fa026112-b,1,833cec1b,5161d519,2025-06-20 23:15:00,271.27,35.88
72869349-9,1,4dae095f,4e369934,2025-10-21 23:03:00,258.95,29.78
f59e0b01-f,1,4715402d,5b5ec2a8,2025-11-29 01:52:00,229.64,37.89
124c6f88-a,1,499552bf,87bf4113,2025-09-27 12:52:00,378.1,20.27
bc1efc58-0,1,623da73e,7ff593ea,2025-12-11 21:34:00,406.97,36.13
bc1efc58-0,2,7de3f7af,8618d982,2025-12-11 21:34:00,244.22,13.71
bc1efc58-0,3,ad14c942,2ac0dfe8,2025-12-11 21:34:00,106.21,24.16
0724f52d-0,1,2ce3ae86,9d691ed6,2025-08-12 17:46:00,233.54,30.6
0724f52d-0,2,f2168bc4,df7d17d0,2025-08-12 17:46:00,136.17,37.66
0724f52d-0,3,1a17b66b,2908865b,2025-08-12 17:46:00,223.64,17.95
d14a2cd4-6,1,a35409cd,c2ea25e1,2025-10-27 15:21:00,422.87,19.93
cf31d073-6,1,dc1cad4b,289c161d,2026-01-04 10:38:00,134.42,34.22
cf31d073-6,2,c2a0ed70,5575c7aa,2026-01-04 10:38:00,52.84,33.38
cf31d073-6,3,d25a7b66,c2564375,2026-01-04 10:38:00,437.27,22.27
e62c253a-d,1,0203ff6f,12916ea4,2025-03-08 23:41:00,112.45,30.69
9333f0b1-3,1,8c4d1c4c,5a0303a1,2025-07-08 20:27:00,118.35,34.74
e885d3a4-4,1,45104aa7,02b542b8,2025-09-21 05:03:00,265.39,32.13
b90fbfed-c,1,714642dd,75b9e3a1,2025-03-11 16:17:00,223.62,23.18
b90fbfed-c,2,c173b5e1,688a8451,2025-03-11 16:17:00,261.96,27.24
b2cd512e-a,1,3ed09add,7c944767,2025-12-27 01:05:00,134.45,37.36
b2cd512e-a,2,dd59ea80,60aebe7b,2025-12-27 01:05:00,410.85,28.48
db0d948c-5,1,e930d17d,c9a26fed,2025-06-25 07:28:00,188.62,44.51
db0d948c-5,2,e0125e51,c8a1099a,2025-06-25 07:28:00,60.38,20.8
08d97c13-4,1,92ebab06,833726c1,2025-01-14 11:15:00,225.78,17.89
0b617fda-a,1,3cebde76,61c61a76,2025-03-17 15:08:00,186.86,33.78
4e7bb45d-b,1,4f06f5f6,72f090cb,2025-10-26 02:06:00,192.81,35.34
121cb81a-0,1,4fbb9951,db8aabb6,2025-01-27 05:05:00,257.33,39.85
121cb81a-0,2,19c7a2a5,9a28ecee,2025-01-27 05:05:00,212.49,40.37
121cb81a-0,3,c18b5129,fc23ea69,2025-01-27 05:05:00,75.36,41.82
3d6b9c7e-6,1,943a1be7,bb18b6fb,2025-08-07 08:13:00,140.53,22.63
3045fdb7-d,1,8c2dc506,b9b416fb,2025-01-17 15:53:00,318.18,42.71
3045fdb7-d,2,040b7928,216131f6,2025-01-17 15:53:00,43.13,25.88
fd688e6e-a,1,4c249fa5,3458b9a5,2025-10-26 21:44:00,162.49,32.87
986dc68f-2,1,c076efd0,3c943395,2025-10-10 05:33:00,303.39,25.61
986dc68f-2,2,7c16586a,df857008,2025-10-10 05:33:00,208.55,20.97
e800975e-d,1,13d52475,4664aed5,2025-09-09 00:23:00,292.81,19.32
bde88539-a,1,ad3fe261,65f4b884,2025-12-08 15:06:00,376.08,17.83
bde88539-a,2,27dbfee3,0e09d2ea,2025-12-08 15:06:00,226.79,43.02
bde88539-a,3,67b06d3d,8cf9c34d,2025-12-08 15:06:00,144.83,12.16
29297362-2,1,9ae01382,b555be65,2025-09-01 03:03:00,216.12,39.78
29297362-2,2,671b4fed,f5c0b051,2025-09-01 03:03:00,282.33,17.72
29297362-2,3,bacdb118,b60dde22,2025-09-01 03:03:00,371.11,32.39
4bd09bfc-4,1,4b9fe1f9,28021942,2025-04-04 11:23:00,164.03,31.98
d407ccf1-2,1,ea4ef1a7,3a4a7242,2025-07-26 17:21:00,80.97,39.85
9817cac8-2,1,bc304333,bc76427c,2025-07-03 17:01:00,226.4,30.12
9817cac8-2,2,aba91719,0e86db0d,2025-07-03 17:01:00,172.52,26.56
9817cac8-2,3,bda0303b,45b143dd,2025-07-03 17:01:00,190.07,13.75
308cafc2-f,1,6ac32529,88ad0eb2,2025-11-29 03:49:00,107.83,35.23
a3bd7778-b,1,bb2dcad1,bb1a1e62,2025-08-21 00:19:00,290.62,11.55
c733cfc3-f,1,8742fdbe,f12621cd,2025-09-13 23:51:00,263.78,44.8
8ec4b0f4-9,1,dce37340,8ec39783,2025-09-18 09:23:00,58.84,10.88
cb52e167-3,1,64e7c9dc,26cbe1d5,2025-01-21 21:54:00,341.12,42.78
cb52e167-3,2,32d9c356,ce5c06a5,2025-01-21 21:54:00,264.16,31.91
6265bd04-2,1,b721a513,2d9ac4fd,2025-09-13 17:27:00,188.07,34.03
980f6ca9-9,1,b7259473,03318ba5,2025-05-07 21:35:00,168.53,15.32
b432cddc-8,1,dc1cad4b,c7bdb17c,2025-07-13 21:50:00,40.14,12.74
1a062f60-d,1,dbd26aa1,c7ff40ac,2025-05-24 02:13:00,47.37,15.01
7f60df28-9,1,acae5659,015b0e96,2025-06-13 05:31:00,203.01,39.49
7f60df28-9,2,f1a25060,80784902,2025-06-13 05:31:00,151.44,34.35
7f60df28-9,3,8464d5d5,9855dfdb,2025-06-13 05:31:00,195.11,36.44
7f60df28-9,4,6c3d4a04,5359bc77,2025-06-13 05:31:00,428.55,17.92
b0bd1950-a,1,acae5659,9ce337cb,2025-12-13 00:42:00,365.0,36.64
6d4e6f62-c,1,cc935477,410478ca,2025-03-25 12:52:00,93.94,44.69
6d4e6f62-c,2,b3cf73d5,1f3e9784,2025-03-25 12:52:00,118.22,34.99
6d4e6f62-c,3,b95998dd,4050d469,2025-03-25 12:52:00,322.78,37.6
6d4e6f62-c,4,695cee78,b725d8da,2025-03-25 12:52:00,400.56,39.97
781c8398-d,1,714642dd,b435e272,2025-10-31 03:05:00,47.87,31.19
781c8398-d,2,714642dd,28e68965,2025-10-31 03:05:00,155.19,13.89
60774e60-6,1,b25c0395,a1aaffc4,2025-11-01 15:50:00,367.36,40.01
60774e60-6,2,4715402d,4a03b35d,2025-11-01 15:50:00,439.88,36.07
60774e60-6,3,0145b8da,a87d51e6,2025-11-01 15:50:00,434.24,31.28
60774e60-6,4,8ff0f5a7,e5492dd9,2025-11-01 15:50:00,179.23,21.78
a97933a6-f,1,a0ea4d65,0a0efa71,2025-06-17 08:18:00,361.82,33.44
1323fb8e-a,1,00f1f66d,a034d44e,2025-12-28 10:05:00,237.38,8.68
1323fb8e-a,2,f73320d2,f378c964,2025-12-28 10:05:00,77.81,15.62
1323fb8e-a,3,508bf8ab,ba7b2fcc,2025-12-28 10:05:00,58.62,29.95
b2741298-a,1,a35409cd,73502b17,2025-09-25 09:49:00,128.17,32.82
5b5c3915-d,1,a0ea4d65,60a4c977,2025-12-10 16:15:00,63.41,24.39
5b5c3915-d,2,135ab652,71a96fa3,2025-12-10 16:15:00,105.07,22.4
5b5c3915-d,3,dd59ea80,db81f9f5,2025-12-10 16:15:00,15.7,25.82
5b5c3915-d,4,5a01c7ca,8e08b2a8,2025-12-10 16:15:00,415.26,25.34
44e17edf-8,1,215571b7,d762d59e,2025-10-26 00:26:00,62.16,28.11
f8a024b6-4,1,18b2b5a9,444f2caa,2025-03-20 23:38:00,291.88,14.87
b6df9876-a,1,858d2ce8,eace3df4,2025-05-30 17:33:00,232.94,38.12
f9583994-a,1,bcf2bce8,c0116db8,2025-12-15 05:24:00,126.67,23.89
8e176ddb-e,1,ed213a56,e0a1a95a,2025-11-15 02:25:00,183.3,41.73
8e176ddb-e,2,b604b57b,50b06f5b,2025-11-15 02:25:00,29.44,28.89
19b60623-9,1,63a33f6d,b7c25336,2025-05-03 09:08:00,311.96,12.57
19b60623-9,2,c3b5fec6,82d55a46,2025-05-03 09:08:00,335.77,21.83
19b60623-9,3,46247658,b416dc16,2025-05-03 09:08:00,58.43,22.69
fa293d5a-f,1,b25c0395,3f5d0078,2025-07-25 14:00:00,416.19,10.48
6cd8d45c-b,1,e2aac2dd,f641bd1f,2025-06-29 05:25:00,254.43,26.87
d096354f-4,1,ae28a23e,2c439375,2025-01-11 04:55:00,252.18,35.97
d096354f-4,2,25cbedf2,5867abe2,2025-01-11 04:55:00,98.57,39.05
b72d25c8-f,1,9ae01382,563ca9a2,2025-08-23 07:56:00,179.16,16.05
a18e7d52-b,1,3e00cd4d,0d9e03cb,2025-03-30 23:05:00,97.39,29.14
a18e7d52-b,2,ae28a23e,371a40b1,2025-03-30 23:05:00,238.25,31.49
a18e7d52-b,3,91a01fb1,17d5adb9,2025-03-30 23:05:00,261.32,8.44
2caf9c29-2,1,21155322,cec5c4bc,2025-02-26 15:59:00,165.25,26.51
0f2fd12d-0,1,9ae01382,f4c59bab,2025-03-13 08:58:00,250.28,16.58
0f2fd12d-0,2,bdb03f62,8d2b21b1,2025-03-13 08:58:00,271.91,15.73
0f2fd12d-0,3,d38de927,b7d931e7,2025-03-13 08:58:00,182.56,17.58
2bc6be49-0,1,e1c6fa6e,85aca396,2025-07-31 14:29:00,183.68,16.3
2bc6be49-0,2,2a4d40ff,ceffc11d,2025-07-31 14:29:00,424.66,32.27
860ba0c4-8,1,227bd523,394e3101,2025-12-18 20:42:00,34.4,16.35
6d863a9d-7,1,844c0629,9851af37,2025-08-09 23:53:00,404.82,17.77
6d863a9d-7,2,64059073,e71e275d,2025-08-09 23:53:00,65.6,8.01
6d863a9d-7,3,135ab652,2b67d017,2025-08-09 23:53:00,137.19,27.73
cee0eb48-f,1,135ab652,5a1d335d,2025-08-18 23:51:00,55.34,20.74
cee0eb48-f,2,ed213a56,83b95848,2025-08-18 23:51:00,387.55,39.27
9fd07a4e-9,1,21c6d812,696ff3be,2025-02-01 14:38:00,194.9,12.34
9fd07a4e-9,2,24a1c73a,0c762306,2025-02-01 14:38:00,37.28,43.27
d2067897-1,1,63cb55c9,8a59f7c9,2025-06-12 14:23:00,237.61,37.24
0172c7d1-5,1,e2aac2dd,3c402da9,2025-10-28 06:18:00,344.82,29.46
74d38109-0,1,215571b7,8615d0ad,2025-05-18 21:24:00,179.85,29.83
8a8a90e6-8,1,ddea18ae,f35900d7,2025-12-04 22:55:00,420.2,36.93
473a19e2-9,1,7bfdad86,77a15b1d,2025-08-20 14:56:00,344.24,15.59
8bff3197-d,1,bb2dcad1,1fdc6bd5,2025-07-17 07:31:00,45.35,37.06
8bff3197-d,2,a74489e0,01836c8c,2025-07-17 07:31:00,426.66,36.09
788072f2-3,1,508bf8ab,4466a89e,2025-10-16 19:26:00,435.57,32.17
6e26f322-6,1,e74981f9,8396f5a4,2025-05-04 06:43:00,124.72,22.03
50b1aa0f-7,1,05f43073,89d7cb5a,2025-07-18 18:16:00,97.97,24.19
fac9c412-7,1,73bf66cd,ecf34076,2025-03-18 19:19:00,224.84,38.88
b2fd3c39-d,1,3e00cd4d,a3540c0e,2025-10-04 17:21:00,61.39,43.59
b2fd3c39-d,2,a69afd9f,23f51538,2025-10-04 17:21:00,355.74,17.47
b2fd3c39-d,3,46130b9f,7eaba5cb,2025-10-04 17:21:00,167.28,19.51
834a13ce-8,1,32431646,3008d216,2025-05-12 14:26:00,257.35,43.92
834a13ce-8,2,17bbcd88,abbe294e,2025-05-12 14:26:00,254.53,31.59
ec15aac5-2,1,b7259473,fda990c9,2025-01-20 21:11:00,401.16,41.93
4baba7cc-4,1,cd04d99b,39b6fdc5,2025-06-21 17:25:00,302.9,27.98
4baba7cc-4,2,02e52845,9ba9fd04,2025-06-21 17:25:00,261.15,36.74
4baba7cc-4,3,42986a86,5d936d2e,2025-06-21 17:25:00,415.06,27.22
51f2fc6e-1,1,bda0303b,86ef571d,2025-12-30 02:16:00,90.55,38.25
22035a7b-f,1,55ba7e8c,e7519f59,2025-07-25 09:19:00,250.73,26.74
802738f5-e,1,962a09ee,f731b851,2025-06-20 02:44:00,80.28,8.78
6ae4ade0-f,1,1a67a9ff,eeca3d8b,2025-09-13 11:19:00,188.28,27.6
6ae4ade0-f,2,f7d02a95,9eeb93f8,2025-09-13 11:19:00,301.47,33.76
6ae4ade0-f,3,a74489e0,a9058f7b,2025-09-13 11:19:00,392.77,17.96
3fa670a1-8,1,fdfdede0,fba8f340,2025-09-01 10:41:00,209.58,18.2
894b4e82-8,1,c7d80541,d6a91f96,2025-02-03 15:34:00,264.2,21.78
9843e87e-9,1,aef5d53f,df6be6d5,2025-12-24 17:13:00,391.03,20.42
fe6c3c63-f,1,59105597,67cfffe6,2025-03-15 12:31:00,285.12,25.03
5f655f83-c,1,76252a44,310a700f,2025-03-01 18:27:00,306.15,9.03
1ef92139-4,1,35bf64d1,af1fa365,2025-02-12 18:08:00,69.95,16.39
959d5507-1,1,3ec0f88d,7cda9983,2025-01-07 08:36:00,163.1,13.98
959d5507-1,2,858d2ce8,236fa657,2025-01-07 08:36:00,164.5,43.69
88c9b00d-b,1,edb8f78e,732b9877,2025-03-10 02:27:00,137.85,14.1
3b509b76-6,1,e44dc6e0,252d6d92,2025-08-29 09:44:00,259.16,25.31
3b509b76-6,2,227bd523,a89df797,2025-08-29 09:44:00,268.53,13.86
3b509b76-6,3,05f43073,336c89a3,2025-08-29 09:44:00,165.43,10.95
3f0a98ec-4,1,17d9bda9,8d45d32e,2025-02-10 05:19:00,331.51,16.72
f39cb2a2-7,1,42ac8785,7ada60b7,2026-01-03 14:30:00,288.9,20.68
3b037000-f,1,bb8a0b65,c53a8275,2025-09-28 15:10:00,342.42,39.5
eef4598a-e,1,f1a25060,6093325f,2025-01-28 05:39:00,132.54,27.76
55c6cec0-e,1,72966584,c92d9243,2025-06-06 04:18:00,433.04,31.18
13956013-2,1,acae5659,b75f3ab0,2025-10-23 09:00:00,222.88,12.72
bb10d418-c,1,346d75cc,d665fa46,2025-12-27 04:08:00,416.44,16.17
7b9a0612-7,1,b9ebeafd,b9b4c6ce,2025-02-02 19:48:00,411.88,33.11
4463696d-d,1,18b2b5a9,3b10457f,2026-01-04 03:48:00,127.5,43.52
211e881c-3,1,4b9fe1f9,3e16ea2b,2025-01-12 00:40:00,109.58,20.21
21a57b21-5,1,8de4e26c,21599555,2025-06-11 05:10:00,283.16,33.32
21a57b21-5,2,91a01fb1,b58a6b66,2025-06-11 05:10:00,357.57,37.5
2b3f4d55-6,1,141650f5,8de9dddc,2025-11-06 00:50:00,337.66,25.2
ba42ed7a-0,1,a74489e0,757422d7,2025-01-27 23:12:00,203.06,39.17
c7695a73-5,1,b7259473,7642cce5,2025-12-02 09:19:00,381.29,34.11
d73d3388-9,1,b7259473,38c6df34,2025-02-01 22:58:00,69.35,30.91
79e02e2e-d,1,fdfdede0,cb6cd6b2,2026-01-02 23:03:00,112.72,15.27
79e02e2e-d,2,ae2a4ad9,81e8d7b2,2026-01-02 23:03:00,312.5,22.81
9b34bfb8-0,1,fa0c448e,9b5d1201,2025-04-24 23:49:00,90.92,25.35
9b34bfb8-0,2,d470fd17,3f22832d,2025-04-24 23:49:00,160.45,15.33
acba92f9-c,1,c766242f,d6757352,2025-05-12 00:59:00,36.96,44.47
e3065c28-a,1,ad14c942,1eae11ba,2025-04-07 04:18:00,98.03,38.3
68993721-e,1,ddea18ae,d878148a,2025-07-02 01:20:00,157.09,38.3
8400d0bd-6,1,943a1be7,154c6438,2025-07-12 11:20:00,290.81,33.84
9662c068-a,1,82a623b9,c7445669,2025-12-03 21:43:00,176.53,21.77
8de68c9f-4,1,bc304333,2ddb03ba,2025-09-24 01:31:00,407.99,20.92
8de68c9f-4,2,4b9fe1f9,7df03f0e,2025-09-24 01:31:00,332.21,19.47
9ff95bbb-e,1,ea4ef1a7,63ccca0c,2026-01-06 15:07:00,170.7,43.13
9ff95bbb-e,2,34b60de6,1013b2c1,2026-01-06 15:07:00,203.03,16.53
aed53534-d,1,c024873d,4509f028,2025-03-14 08:26:00,67.34,23.19
c96a96c9-5,1,56c23881,e77c2927,2025-12-14 17:42:00,118.29,12.86
c96a96c9-5,2,af7c3d3f,446d04a7,2025-12-14 17:42:00,214.32,42.76
caab06e6-2,1,dac043c1,26da2216,2025-06-03 04:03:00,305.43,23.54
3ba60049-e,1,040b7928,4b25408c,2025-06-11 06:43:00,33.28,36.32
3ba60049-e,2,25286f10,0e283011,2025-06-11 06:43:00,62.55,10.91
3ba60049-e,3,8b587576,e07a06e9,2025-06-11 06:43:00,347.9,23.45
98cc66fd-2,1,c39c1db2,b565c674,2025-03-23 15:53:00,273.35,9.42
10c0c97a-c,1,623da73e,203acd21,2025-07-22 07:35:00,334.23,11.28
a2d7a814-9,1,f2168bc4,8ae8eb0a,2025-01-29 11:40:00,345.05,27.84
f1057e14-a,1,72b33988,38764ceb,2025-10-01 01:00:00,63.83,32.74
f1057e14-a,2,c6b454f7,08ae99fb,2025-10-01 01:00:00,209.63,31.39
264c7d50-4,1,b1a45968,d64207fa,2025-08-09 09:01:00,432.35,16.21
4f747f66-1,1,fa0c448e,d83d5cd7,2025-09-29 19:37:00,439.97,30.48
9423edc0-e,1,83ffdcdd,c32ef472,2025-05-19 12:30:00,329.6,24.63
756ca02e-8,1,1ca67118,cc680d3c,2025-09-14 03:05:00,167.73,30.48
a4072b8d-7,1,13d52475,2dc0d8c4,2025-06-10 07:59:00,271.03,13.42
f5e610c0-e,1,91a01fb1,a72a5b12,2025-07-02 13:21:00,360.65,8.68
460db9c6-0,1,36dcbb7e,7642206f,2025-12-24 17:30:00,138.18,25.78
f6ecfe1c-9,1,81b3a025,68ddd059,2025-05-20 21:03:00,448.6,18.94
4ed3cc2c-9,1,a0683d93,7c4a6532,2025-12-12 18:37:00,118.05,26.87
caf5a871-e,1,b9ebeafd,47cc24be,2025-07-25 06:00:00,26.96,29.47
6bd24efb-4,1,71088410,e4a8f5bc,2025-03-27 19:19:00,61.27,44.69
697464f1-9,1,572684f3,4706a70f,2025-06-15 08:26:00,171.26,27.31
629b3bea-a,1,4dae095f,2339062a,2025-06-27 04:28:00,123.67,12.8
939c49ac-b,1,ae28a23e,4be43c05,2025-07-20 23:29:00,240.62,35.25
9629943f-c,1,89e99561,fd0ab957,2025-11-24 05:49:00,202.64,34.26
b7508016-f,1,3ed09add,6ced6315,2025-03-12 15:33:00,268.91,22.12
493c5acb-3,1,d1310ac6,1b8e4032,2025-03-18 15:25:00,146.69,13.75
493c5acb-3,2,a01c84b0,f6557f58,2025-03-18 15:25:00,84.63,44.15
d2941455-a,1,b131e4c7,06418097,2025-10-07 17:53:00,215.98,19.11
d2941455-a,2,0f9cd918,88c96aa8,2025-10-07 17:53:00,113.47,10.73
738ab4a8-a,1,bad7bd4a,c54ce654,2025-03-25 12:43:00,415.24,37.16
96e97572-8,1,e2aac2dd,bd8076e1,2025-05-13 21:36:00,129.71,42.44
0be30433-7,1,ced3cd7c,f76fefac,2025-03-10 03:52:00,383.44,22.0
7b6887c6-a,1,1ca67118,a9845896,2025-09-11 13:35:00,110.89,10.9
7ad3c42c-3,1,cc935477,6aefc47d,2025-02-28 03:54:00,415.91,33.8
430b46ff-d,1,e8254a94,4ca0a613,2025-03-06 14:55:00,150.64,9.43
9dfd6a6d-3,1,8b02e1d3,a23844b7,2025-01-06 18:47:00,214.57,15.87
9905ace3-8,1,45104aa7,5c3f4430,2025-07-06 12:17:00,302.71,25.48
0d2edf20-a,1,4ba1d7fc,d7ac6975,2025-05-23 00:14:00,281.85,43.87
185341fc-c,1,671b4fed,799a4163,2025-05-03 07:38:00,53.7,38.19
9b5a5a08-0,1,ac092b61,d51ef437,2025-01-08 12:01:00,116.68,10.42
9b5a5a08-0,2,bdb03f62,3d50a355,2025-01-08 12:01:00,34.78,26.09
1ecd4c5d-9,1,ba99f4cc,13ef93eb,2025-12-22 01:05:00,192.05,11.5
3d4365c6-2,1,a69afd9f,3c0fd539,2025-01-25 12:59:00,189.0,30.18
ad2f568d-c,1,9ae01382,37456827,2025-11-27 20:37:00,239.79,25.29
cc00d693-c,1,d470fd17,53640216,2025-02-02 14:51:00,299.42,19.59
bb2df8e1-f,1,46247658,97471480,2025-04-19 01:28:00,321.02,23.66
f51cf427-f,1,5d7f440d,7e4d27b1,2025-01-18 05:59:00,160.37,29.9
f92428ad-1,1,2942d890,a8fe08e6,2025-05-04 07:42:00,443.44,42.25
5d64f37c-6,1,73bf66cd,60422530,2025-10-23 03:30:00,409.49,40.43
8b05ab42-e,1,4f06f5f6,5bc0f73b,2025-11-01 18:11:00,108.28,22.28
29099edd-5,1,ea93ce95,f2eec02d,2025-11-16 15:41:00,109.16,29.01
8747dfef-6,1,343dcfd1,f41f2a5c,2025-08-12 22:58:00,419.16,15.25
f81175e6-5,1,346d75cc,7342da79,2025-10-02 12:54:00,391.6,32.38
e644795c-a,1,fcd95cf7,04f07e91,2025-12-11 02:16:00,404.13,25.82
7b1901a9-0,1,e74981f9,c96e2012,2025-01-23 13:00:00,373.77,25.11
9a2523f8-0,1,b34dafed,1b840000,2025-07-23 04:21:00,341.3,22.55
1a21b072-3,1,ba99f4cc,4cb80f90,2025-11-05 17:44:00,303.24,31.25
2437902f-b,1,b721a513,c2317032,2025-01-08 07:38:00,330.07,44.47
7b11611c-9,1,30056d29,d56eec5e,2025-07-10 10:08:00,184.4,9.98
b812286e-6,1,b3cf73d5,f147c62f,2025-02-03 02:52:00,45.63,29.66
55254fac-8,1,9e445642,fe256b01,2025-05-18 08:49:00,387.11,8.04
09974bc9-2,1,ae33358f,7f4ec7c4,2025-12-07 06:33:00,347.41,33.4
3a3949a0-b,1,dfdbc83d,d4bcfdd6,2025-03-12 06:43:00,69.32,33.02
efa22641-3,1,d7fc0a60,e5ce516a,2025-11-23 13:54:00,444.7,36.57
bad6d1dd-7,1,671b4fed,cf53d228,2025-03-18 00:26:00,67.88,22.22
bad6d1dd-7,2,4b9fe1f9,c25859f5,2025-03-18 00:26:00,375.38,13.76
bad6d1dd-7,3,499552bf,c3193a12,2025-03-18 00:26:00,128.88,12.31
bad6d1dd-7,4,92ebab06,b61f6c6a,2025-03-18 00:26:00,279.28,23.67
eb63246e-0,1,73bf66cd,d698a57f,2025-11-04 02:26:00,79.09,36.92
1df308ef-a,1,bcf2bce8,47f3c65d,2025-04-07 10:08:00,365.19,41.73
0306555d-d,1,2a5ed824,ca515d8d,2025-11-10 07:29:00,382.86,14.12
78cfc079-9,1,b7259473,f632b2ac,2025-08-06 08:16:00,363.62,35.64
04996c94-a,1,584eb8cb,16d9c8a9,2025-10-10 13:32:00,47.36,36.98
04996c94-a,2,d470fd17,76d275df,2025-10-10 13:32:00,111.04,23.77
b537fb1e-0,1,b25c0395,ddefc6ae,2026-01-03 16:01:00,153.01,20.87
4594d0ae-3,1,343dcfd1,988b8a54,2025-09-09 16:30:00,21.88,35.0
9cdbe31e-5,1,8ee662e2,7681026b,2025-04-02 03:26:00,78.4,19.99
9da48898-c,1,8464d5d5,99b119c6,2025-01-09 05:39:00,428.85,25.33
3e476869-9,1,a01c84b0,737f5ad5,2025-11-10 11:31:00,125.86,24.7
86fe97c8-f,1,1f27dff3,d1384be9,2025-12-17 06:25:00,433.17,22.54
aca4e3ac-8,1,edc1d87a,9427d1ca,2025-02-27 05:23:00,251.22,21.38
b8fd61d2-d,1,0edb474e,83bb39e5,2025-03-21 18:10:00,75.6,25.25
bd07bfa9-5,1,89c04c0a,ef654336,2025-03-03 01:56:00,103.18,14.36
47a809a7-a,1,63cb55c9,75d7b042,2025-08-12 11:48:00,94.99,25.46
ffed7094-5,1,9ae01382,f5a6a252,2025-11-17 14:54:00,375.88,10.57
39cc7212-6,1,82a623b9,eba49814,2025-08-14 06:40:00,286.75,35.03
50f64608-8,1,ae6650c6,08a5a6a4,2025-02-21 21:45:00,284.02,33.48
650c748b-7,1,73ae90c5,cec1cdcc,2025-03-12 13:56:00,448.27,12.98
0707915e-7,1,695cee78,d80a0862,2025-12-06 16:14:00,396.56,31.67
ebc6e31c-b,1,0edb474e,3dacfec1,2025-04-20 18:07:00,28.11,30.43
92bb7015-b,1,11ce6482,4453ff9b,2025-04-29 03:27:00,19.02,15.63
4be80f74-3,1,d0fd83ca,d446bd4c,2025-05-15 02:01:00,16.86,33.37
61acde08-0,1,1d6c8389,656cc276,2025-06-24 17:01:00,228.06,19.07
181638ba-e,1,a0ea4d65,fc6d0b67,2025-12-26 05:33:00,66.77,8.22
b75ed0b3-0,1,141650f5,89c34513,2025-10-26 22:26:00,323.13,21.78
b06e7f06-d,1,b499bd3c,d2719d20,2025-10-15 01:20:00,443.09,31.97
b06e7f06-d,2,1bef1134,a2da2ef9,2025-10-15 01:20:00,117.23,42.09
d69dbce3-e,1,64059073,b9e541e3,2026-01-06 09:31:00,339.58,33.03
dfe57476-3,1,026bf726,c325e95f,2025-01-29 03:05:00,313.33,38.89
7186b51f-5,1,d470fd17,89f2c333,2025-10-11 17:34:00,50.87,24.47
c0154abe-3,1,026bf726,9ac908d8,2025-01-15 07:01:00,18.04,36.09
c0154abe-3,2,02e52845,02005504,2025-01-15 07:01:00,66.21,28.11
f301abd4-3,1,4767d031,8a5ddfc6,2025-11-13 07:23:00,34.66,35.25
62b470e8-e,1,00f1f66d,2e7adf19,2025-08-20 10:28:00,356.59,44.61
4ffeb246-8,1,c587f345,f3657972,2026-01-03 09:48:00,156.44,40.12
6a8b37b1-7,1,25286f10,df8e097a,2025-10-14 18:57:00,362.13,12.03
6a8b37b1-7,2,4f06f5f6,358d0fb6,2025-10-14 18:57:00,301.79,43.68
6a8b37b1-7,3,4767d031,2b00d7aa,2025-10-14 18:57:00,65.58,15.59
a463dad0-e,1,56c23881,ad6cfade,2025-11-06 12:03:00,311.13,10.6
7b244d20-8,1,2ce3ae86,23f4ffe0,2025-09-27 18:39:00,137.13,41.39
7b244d20-8,2,584eb8cb,f95aa690,2025-09-27 18:39:00,340.25,35.03
7b244d20-8,3,fdfdede0,1e50b2af,2025-09-27 18:39:00,277.87,31.64
7b244d20-8,4,cd04d99b,94f58848,2025-09-27 18:39:00,399.48,39.29
6019b0f3-0,1,1a17b66b,57535467,2025-06-23 22:25:00,106.89,33.04
6019b0f3-0,2,508bf8ab,b782f86c,2025-06-23 22:25:00,398.64,33.04
6019b0f3-0,3,a01c84b0,1c630dd9,2025-06-23 22:25:00,238.31,35.15
a24cc21a-4,1,6f1a0713,52820c82,2025-11-16 16:25:00,352.53,43.86
04dc83ce-6,1,e8f2b837,061ed872,2025-05-10 01:45:00,219.56,26.37
1ce57df2-f,1,9ae01382,552c39ad,2025-10-31 19:54:00,393.25,19.46
e38642f2-8,1,cc935477,fc8c73c7,2025-10-30 05:47:00,138.89,16.59
e38642f2-8,2,0145b8da,ef99d663,2025-10-30 05:47:00,376.2,44.76
7abef9dd-a,1,13d52475,a070467e,2025-05-18 07:21:00,415.59,27.08
7abef9dd-a,2,8464d5d5,b5afcf53,2025-05-18 07:21:00,337.24,25.1
7abef9dd-a,3,46247658,b9d3afe2,2025-05-18 07:21:00,435.27,21.46
90d63f7a-0,1,056408d4,deba14f0,2025-04-30 21:31:00,46.34,25.65
90d63f7a-0,2,e8254a94,88300d19,2025-04-30 21:31:00,448.26,16.07
90d63f7a-0,3,11ce6482,4bce66f8,2025-04-30 21:31:00,309.58,26.09
90d63f7a-0,4,13d52475,a377883b,2025-04-30 21:31:00,39.7,24.39
57bda72b-7,1,ad3fe261,f3a5ff1c,2025-02-23 21:40:00,228.99,27.78
4775996d-7,1,00f1f66d,6c22df65,2025-03-23 06:12:00,192.83,29.75
28ac9eee-0,1,f7d02a95,92711b1f,2025-06-25 21:49:00,419.42,33.28
766b14bd-7,1,12b1c297,2532407c,2025-03-28 14:15:00,138.86,24.67
774e778e-a,1,91a01fb1,08eeeb7b,2025-02-02 06:08:00,226.98,18.8
b32da681-4,1,0f9cd918,46e7c49d,2025-01-23 18:15:00,412.26,13.51
4d62c0fd-7,1,ebdd156e,79fcd364,2025-05-14 02:12:00,362.7,37.57
37b44bbb-7,1,1f27dff3,bbe420cf,2025-10-21 07:59:00,222.76,35.1
37b44bbb-7,2,edc1d87a,f132c14e,2025-10-21 07:59:00,381.59,20.02
37b44bbb-7,3,64e7c9dc,ff94460e,2025-10-21 07:59:00,334.7,11.82
71eea75a-3,1,8b587576,187ea524,2025-12-04 07:41:00,197.37,33.71
ddfa98cd-b,1,2942d890,bb782165,2025-07-14 10:51:00,107.33,20.31
13cf0823-d,1,aba91719,296e322f,2025-10-08 19:51:00,193.33,44.49
705f3fce-4,1,3e00cd4d,a2035dd8,2025-02-06 08:43:00,189.13,21.95
8e4b7d66-9,1,c076efd0,15a705fc,2025-04-10 21:11:00,309.29,22.82
bace8d4f-3,1,30056d29,50601482,2025-08-15 20:58:00,31.82,15.67
caf63405-b,1,ccdaacf2,b318dd73,2025-01-22 14:27:00,94.31,10.73
caf63405-b,2,572684f3,fa5c052f,2025-01-22 14:27:00,313.35,35.93
caf63405-b,3,ae2a4ad9,92323838,2025-01-22 14:27:00,270.85,31.5
1efe0575-4,1,4b9fe1f9,590ad816,2025-07-18 20:39:00,25.83,11.15
1efe0575-4,2,30056d29,c963f7d2,2025-07-18 20:39:00,415.05,9.56
9e1c1075-2,1,27dbfee3,10ac3790,2025-09-24 07:41:00,152.27,30.96
cc29fa00-f,1,0192baf0,8802ca00,2025-10-10 17:56:00,421.09,10.3
cc29fa00-f,2,572684f3,3c866c99,2025-10-10 17:56:00,80.57,33.64
eef16df9-c,1,714642dd,da9eb093,2025-12-27 23:47:00,198.3,29.35
eef16df9-c,2,27dbfee3,d569a808,2025-12-27 23:47:00,407.17,17.57
eef16df9-c,3,72966584,c0f14cc8,2025-12-27 23:47:00,174.07,29.44
eef16df9-c,4,f7d02a95,7160650c,2025-12-27 23:47:00,337.18,18.02
de1b1a0d-1,1,b95998dd,0af859e4,2025-10-23 13:52:00,206.38,33.71
e4490c12-b,1,2ce3ae86,2973c19c,2025-07-10 14:13:00,253.14,27.84
6661c4f5-f,1,18555030,ff7a520a,2025-12-28 22:38:00,214.29,40.1
304bfab5-6,1,f2168bc4,4fdf9055,2025-11-16 16:32:00,242.27,37.44
f0638394-a,1,af7c3d3f,ce1c5909,2025-12-23 23:04:00,163.6,40.03
5a5c372b-e,1,80f192ad,7474032d,2025-06-26 12:46:00,315.14,43.66
5a5c372b-e,2,bcf2bce8,3dfcfee5,2025-06-26 12:46:00,179.43,44.98
16d855d9-4,1,fcd95cf7,e34352a1,2025-02-07 04:29:00,397.85,36.16
47bbf61b-a,1,f2168bc4,5e3ba60b,2025-10-18 21:23:00,359.43,11.14
1585e452-1,1,12b1c297,96d5c1a4,2025-10-17 21:16:00,220.01,33.61
22d58dfa-d,1,858d2ce8,a916c5e0,2025-02-27 11:10:00,330.17,10.03
7accea9c-0,1,259a60e5,7b34bcc0,2025-05-01 07:27:00,212.06,13.61
40ee067b-f,1,af7c3d3f,fb70910a,2025-12-14 01:20:00,37.29,25.35
e16d2463-f,1,c173b5e1,5cec1760,2025-07-10 00:46:00,79.64,32.61
a266ba14-0,1,a35409cd,f19886db,2025-03-30 21:48:00,20.2,32.96
7cb00e2c-0,1,b25c0395,5839c790,2025-11-21 19:30:00,293.4,40.12
0220a06e-1,1,6f1a0713,c13b2150,2025-08-25 23:19:00,305.99,14.13
b7615a23-3,1,7ac70db9,18cdb4a0,2025-05-31 03:22:00,55.42,41.23
b7615a23-3,2,00f1f66d,ced3d666,2025-05-31 03:22:00,118.68,42.68
b7615a23-3,3,e74981f9,fd9ad983,2025-05-31 03:22:00,392.75,37.21
da7621ae-9,1,8c184e16,0efe3298,2025-12-23 19:28:00,348.7,8.18
aa85ff63-c,1,46130b9f,34d23c4d,2025-09-17 02:51:00,241.62,30.77
54577287-0,1,b81b3046,0aaa0cf7,2025-02-15 08:17:00,430.86,37.49
04ebd15b-b,1,92a83e26,b6180b34,2025-05-31 23:02:00,260.75,29.37
696c5b48-c,1,24a1c73a,794f745e,2025-05-18 11:48:00,57.27,12.31
d33421ba-6,1,dd9ea5e6,9c2f62e6,2025-12-26 02:34:00,280.21,32.73
4149cc6c-8,1,13d52475,38818400,2025-03-31 02:15:00,37.76,32.39
ec54a2cd-7,1,72966584,0b82f830,2025-10-05 00:56:00,130.14,20.81
99b2c799-3,1,8af3c722,733da6f2,2025-01-10 10:54:00,239.91,40.72
e2360539-c,1,d1310ac6,8f5e35e2,2025-02-27 22:39:00,219.66,33.27
e2360539-c,2,508bf8ab,8c6f03d0,2025-02-27 22:39:00,136.82,19.29
43395ea0-2,1,2ec4191e,a6afd3c5,2025-05-12 14:06:00,444.2,40.54
43395ea0-2,2,a35409cd,14a6a90b,2025-05-12 14:06:00,129.08,10.91
43395ea0-2,3,55ba7e8c,2fdd0ef5,2025-05-12 14:06:00,232.08,27.81
98191138-1,1,35b07f2f,4a1556ae,2025-03-20 19:53:00,284.56,26.63
dea92875-0,1,d8cc903c,a61de85e,2025-10-10 16:29:00,127.22,24.72
cba7c98e-8,1,b3cf73d5,3951e2b2,2025-05-28 00:07:00,447.7,41.93
cba7c98e-8,2,cb2a336f,f21b921c,2025-05-28 00:07:00,433.71,24.09
cba7c98e-8,3,ea93ce95,7339aa2b,2025-05-28 00:07:00,159.8,44.67
cba7c98e-8,4,4ba1d7fc,6c077752,2025-05-28 00:07:00,105.83,21.94
b3b10644-1,1,73bf66cd,0aa969b5,2025-03-03 04:53:00,198.54,37.17
ed2d7f80-2,1,6ac32529,e89f2c3b,2025-02-10 11:26:00,392.5,10.3
f8497131-5,1,ced3cd7c,874fc0dd,2025-08-08 10:39:00,435.99,11.78
c048d655-d,1,7c16586a,9edf76b8,2026-01-02 04:28:00,432.7,14.52
9206c20b-5,1,35bf64d1,4e0e807d,2025-08-05 20:41:00,196.99,39.88
3e63b860-4,1,aba91719,b53d3a31,2025-04-23 17:44:00,249.72,37.52
ddf33277-4,1,d8cc903c,94a34cfb,2025-06-18 22:56:00,189.58,16.57
9dbbdb36-e,1,056408d4,238583c2,2025-06-06 02:33:00,311.09,14.51
d4617925-8,1,ced3cd7c,0d7ae908,2025-04-03 21:33:00,377.87,30.7
e54886a7-c,1,b27e8c45,02db175a,2025-11-12 16:48:00,402.39,44.76
251bc8ed-b,1,714642dd,971f37c0,2025-08-23 01:21:00,369.3,27.99
5fa93308-2,1,56c23881,e432e38a,2025-04-01 06:47:00,425.92,27.35
f8d81392-b,1,135ab652,5374b120,2025-08-20 23:30:00,320.55,36.78
c6e2f6cb-5,1,040b7928,73c7d12f,2025-08-30 23:24:00,447.36,25.88
14e05e6f-f,1,623da73e,a6785786,2025-05-23 14:05:00,113.99,16.21
3c1495dd-8,1,30056d29,34c7cab7,2025-07-13 15:15:00,98.9,32.06
3c1495dd-8,2,0145b8da,35683dcb,2025-07-13 15:15:00,232.37,34.41
bb87ca9e-6,1,4fbb9951,11d8db4d,2025-05-16 10:13:00,41.49,12.66
e39b77d0-0,1,bc304333,b8c25edb,2025-11-27 21:52:00,369.88,37.97
edc18f77-c,1,c6b454f7,c57ef9bb,2026-01-04 05:50:00,410.09,27.28
8c3b799c-d,1,c39c1db2,b5ebe755,2025-12-04 01:18:00,386.41,10.56
8c3b799c-d,2,ab6a864d,33bd02ce,2025-12-04 01:18:00,198.28,37.02
8c3b799c-d,3,432acc63,ef4c2fd5,2025-12-04 01:18:00,188.88,31.86
8c3b799c-d,4,06697ada,367b76a6,2025-12-04 01:18:00,244.52,39.13
f38847c4-f,1,c024873d,99aca1f1,2025-01-11 09:17:00,232.27,16.45
1ca8c7d8-1,1,35bf64d1,274e6ed2,2025-02-11 22:10:00,247.58,41.97
c14930c1-f,1,ea4ef1a7,58df745f,2025-12-09 13:57:00,268.47,29.93
be33581f-5,1,3cebde76,ad67452d,2025-05-26 01:31:00,40.73,12.76
84ce0f70-2,1,8c184e16,4236ff31,2025-09-24 00:44:00,77.54,16.28
1b49040f-4,1,5a5a81da,2b847f0f,2025-11-21 01:20:00,426.79,21.54
b7c767bc-b,1,25449731,72ff0268,2025-04-17 10:25:00,87.08,36.38
682053b9-6,1,ba99f4cc,72588001,2025-11-13 13:42:00,168.75,26.3
682053b9-6,2,8464d5d5,de908463,2025-11-13 13:42:00,164.32,29.09
682053b9-6,3,ae28a23e,2051489b,2025-11-13 13:42:00,26.06,20.68
519a1cc7-9,1,432acc63,b7d5f638,2026-01-04 20:05:00,405.44,28.69
9a0e554b-d,1,ea93ce95,c437229a,2025-12-25 10:08:00,403.99,36.62
9a0e554b-d,2,b27e8c45,483c8591,2025-12-25 10:08:00,86.35,36.09
9a0e554b-d,3,4715402d,cf963435,2025-12-25 10:08:00,297.8,11.56
63d0efc9-e,1,ba99f4cc,0697e34f,2025-04-10 02:19:00,154.06,10.22
0d1570f1-e,1,92a83e26,21bf91cd,2025-12-12 04:30:00,238.11,36.66
6ab5ff69-b,1,8b587576,52edb6ee,2025-07-10 21:54:00,396.95,18.57
abeca493-2,1,8fb9b9d4,e09528f1,2025-08-17 07:18:00,91.57,34.51
76dfacfb-1,1,92a83e26,87c6fcf7,2025-12-09 05:22:00,137.81,38.24
ba9e36d8-c,1,72b33988,67e77069,2025-03-16 20:15:00,406.52,11.22
3776b418-2,1,2ec4191e,def01ffe,2025-05-05 08:51:00,44.87,15.93
7455c794-9,1,860994ba,abba4b79,2025-08-15 22:11:00,229.7,18.74
d7b7e1c7-3,1,4b9fe1f9,c2fd8b25,2025-01-19 05:39:00,32.15,18.73
daf85d02-e,1,c3b5fec6,34d2088f,2025-03-30 19:33:00,266.6,33.06
efffac33-d,1,22af20fd,2cfd25a8,2025-04-12 03:52:00,238.21,10.59
efffac33-d,2,4fbb9951,c2d92ce7,2025-04-12 03:52:00,98.6,22.52
be4b79a6-a,1,c024873d,a754aa69,2025-12-28 06:06:00,398.24,31.16
7f9c3300-0,1,0192baf0,af3c1024,2026-01-05 22:04:00,407.33,11.41
11decc7d-3,1,42986a86,e9965b01,2025-01-24 10:52:00,24.97,40.83
7fa425da-3,1,45284e60,cfca25a1,2025-07-13 13:01:00,349.93,20.76
7fa425da-3,2,2ce3ae86,5042812b,2025-07-13 13:01:00,212.4,35.79
988ab767-1,1,c766242f,b2203da3,2025-12-06 14:09:00,66.19,8.97
988ab767-1,2,dd59ea80,1bc3a8d3,2025-12-06 14:09:00,303.03,43.51
cefefc4e-8,1,7c16586a,4bce48b7,2025-02-22 20:54:00,439.8,43.93
cefefc4e-8,2,00f1f66d,8f4f464e,2025-02-22 20:54:00,345.47,29.21
b9a273c0-a,1,40663e45,9dd1432e,2025-08-11 12:55:00,190.13,30.1
85351965-0,1,5b76386b,1f932d98,2025-11-11 07:55:00,109.92,25.06
85351965-0,2,b1a45968,ab46b1a5,2025-11-11 07:55:00,229.52,35.46
85351965-0,3,13f00340,c751e2c8,2025-11-11 07:55:00,242.47,8.33
85351965-0,4,92a83e26,ef0acdb6,2025-11-11 07:55:00,267.3,40.07
fbd9cb07-6,1,8ee662e2,dd432e77,2025-12-07 01:35:00,382.31,37.57
60cc60b1-e,1,a35c6479,2f4f561c,2025-09-14 09:18:00,120.88,20.4
50c916eb-7,1,c076efd0,3cd6da81,2025-03-19 16:54:00,338.07,21.17
8a86737d-9,1,d8012882,407ec2db,2025-03-05 18:26:00,389.94,36.8
8a86737d-9,2,b131e4c7,8edf4a61,2025-03-05 18:26:00,201.34,28.08
8a86737d-9,3,3cebde76,d98930b3,2025-03-05 18:26:00,253.29,26.09
46cdeb86-7,1,6f1a0713,5dc7bce9,2025-11-27 06:09:00,317.26,23.21
e8564196-a,1,943a1be7,c871e456,2025-06-14 13:26:00,57.75,16.54
b19a0737-0,1,f2168bc4,d0e64b50,2025-05-02 03:29:00,31.23,17.63
549f073a-5,1,924c80ea,b8cffad6,2025-09-25 03:07:00,64.04,19.53
36f61c5b-d,1,42ac8785,2f81e71a,2025-08-06 17:24:00,396.69,10.82
36f61c5b-d,2,444631da,7593c0fc,2025-08-06 17:24:00,279.29,22.79
36f61c5b-d,3,f96eeb5c,bee7674d,2025-08-06 17:24:00,355.47,20.64
c5071c04-9,1,5414d82a,4bd148b6,2025-05-18 05:47:00,417.33,42.89
1e5083c1-8,1,40663e45,bbfc059b,2025-05-22 00:12:00,446.47,39.36
8fa1733f-4,1,499552bf,648620e4,2025-08-11 00:00:00,294.94,13.09
bb5f0d39-0,1,b721a513,cb2b919d,2025-09-30 12:51:00,298.46,34.89
c3658bc4-c,1,63a33f6d,47f49273,2025-10-04 07:34:00,24.34,37.23
0f4b9c93-f,1,e5ae839e,76e2c715,2025-11-11 18:05:00,29.42,12.2
0f4b9c93-f,2,00f1f66d,43cc25f7,2025-11-11 18:05:00,194.16,33.65
0f4b9c93-f,3,6f1a0713,53705cd9,2025-11-11 18:05:00,387.42,35.88
f5a6c8eb-8,1,2ec4191e,6e9c1b7a,2025-10-03 20:16:00,368.63,9.26
0c27b989-d,1,fcd95cf7,82689889,2025-09-12 18:21:00,147.62,14.71
0adea3a5-7,1,cf55c767,6b48d86c,2025-11-15 23:24:00,441.72,35.81
71fbfd3c-9,1,b27e8c45,2eccc3d4,2025-07-06 13:08:00,18.37,8.44
d6e52061-0,1,3f0171a6,14d10964,2025-02-09 20:28:00,267.28,36.98
24efed99-2,1,bda0303b,6ac0c250,2025-06-18 18:11:00,324.55,28.38
8dc2f86b-0,1,1ca67118,a0761da0,2025-09-26 19:31:00,38.06,24.46
912fbb2c-9,1,d38de927,4ee94bfa,2025-02-27 04:43:00,191.19,10.77
d6f71a6e-2,1,671b4fed,e634e6e2,2025-10-22 09:35:00,90.57,34.11
8af7c01e-d,1,02e52845,a7e639ca,2025-03-23 17:12:00,325.13,39.8
83c084d5-7,1,17e5d58b,fc250cdc,2025-03-10 21:13:00,134.15,24.88
83c084d5-7,2,02e52845,5ae3c133,2025-03-10 21:13:00,56.7,11.06
fa25c4fc-5,1,71088410,dc02c357,2025-02-08 16:55:00,46.75,34.7
fa25c4fc-5,2,ad3fe261,5fcdf2ae,2025-02-08 16:55:00,227.12,29.34
02fec273-f,1,ab6a864d,e69cc027,2025-06-08 12:16:00,387.47,16.92
02fec273-f,2,cd04d99b,1c44cc34,2025-06-08 12:16:00,214.0,37.61
02fec273-f,3,30056d29,352c5085,2025-06-08 12:16:00,333.18,19.17
1b0379e4-c,1,c076efd0,76203bbf,2025-12-15 16:58:00,436.98,14.83
1b0379e4-c,2,19c7a2a5,f38d989e,2025-12-15 16:58:00,450.0,32.76
997d08f5-a,1,0edb474e,5e2e7279,2025-12-17 23:31:00,401.0,31.4
96a4a252-8,1,141650f5,99f1662a,2025-06-26 03:10:00,343.4,23.03
121b0904-c,1,e5ae839e,e50ca8bd,2025-11-16 13:42:00,411.1,39.21
74febdd9-d,1,89e99561,e9ed40e7,2025-10-25 20:23:00,344.72,32.74
b96ea661-f,1,4ebc1480,fe7f5f00,2025-01-13 06:43:00,35.29,17.1
b96ea661-f,2,a69afd9f,3dca29bd,2025-01-13 06:43:00,352.87,27.53
b96ea661-f,3,d8cc903c,01a56776,2025-01-13 06:43:00,342.04,23.43
b96ea661-f,4,215571b7,9d84091e,2025-01-13 06:43:00,341.89,42.75
d31450f8-9,1,41386a8b,26060af1,2026-01-02 01:36:00,307.49,33.59
db956b34-a,1,b9ebeafd,281c9dec,2025-10-09 14:55:00,385.8,37.54
e59b6bfb-f,1,aef5d53f,631b2c99,2025-06-17 14:08:00,351.44,26.86
d9cf40f2-0,1,7bfdad86,c94c245c,2025-11-02 08:31:00,99.32,20.35
d9cf40f2-0,2,ddea18ae,80f9e242,2025-11-02 08:31:00,343.34,10.26
9daa0974-b,1,5414d82a,dab84256,2025-11-15 07:03:00,165.21,43.26
9daa0974-b,2,36dcbb7e,71d0e725,2025-11-15 07:03:00,429.31,16.24
9daa0974-b,3,73ae90c5,e5d8d954,2025-11-15 07:03:00,281.13,34.48
8e603086-4,1,83ffdcdd,18fc0326,2025-01-26 23:24:00,164.13,31.95
248dafc7-4,1,8af3c722,2b27730d,2025-09-08 11:07:00,273.2,8.91
bc3be32c-9,1,4fbb9951,e42a0630,2025-08-02 19:59:00,446.92,12.79
dc6fd9ad-6,1,5cd14ab1,f288a7bd,2025-07-29 05:49:00,404.42,38.82
798ab5a8-b,1,e74981f9,a18eea6e,2025-12-17 05:11:00,327.1,38.51
2b658607-f,1,3ed09add,9e4b42e6,2025-11-01 09:09:00,103.92,24.49
e96e3206-7,1,83ffdcdd,a6136032,2025-04-13 07:56:00,106.59,18.39
f5525b57-3,1,c7d80541,233c4cb5,2025-02-17 04:23:00,132.18,16.11
f5525b57-3,2,59105597,53d5eea2,2025-02-17 04:23:00,272.71,37.64
e6a3415f-a,1,508bf8ab,4207bc44,2025-03-05 15:26:00,22.2,44.16
94fbf320-4,1,7ad28f77,0cc47532,2025-06-06 11:54:00,56.7,26.11
94fbf320-4,2,508bf8ab,cf3e1ea0,2025-06-06 11:54:00,359.32,25.15
8591108e-e,1,35b07f2f,3a3c4e68,2025-06-20 06:45:00,242.24,21.42
257c0bf5-7,1,18555030,45c9a8e4,2025-10-02 17:13:00,412.46,33.05
f33d8a91-7,1,4c249fa5,4637020b,2025-04-24 02:44:00,56.15,26.86
28785eb4-0,1,cbe411a2,18a6fc3e,2025-12-17 13:22:00,70.58,8.43
09d8e60f-b,1,22af20fd,55d9472b,2025-12-04 16:25:00,190.42,24.94
218f147e-5,1,5b76386b,4835d941,2025-08-07 15:05:00,76.91,29.59
c2fd18dd-7,1,1f27dff3,0e40b080,2025-01-06 07:33:00,387.58,22.1
045769df-0,1,46247658,93e79364,2025-06-21 11:36:00,309.35,23.34
d42b3790-7,1,4f06f5f6,1f5e8fd0,2025-11-16 10:58:00,154.37,35.53
9621f523-6,1,4fbb9951,1c80c8e9,2025-12-11 20:23:00,28.62,13.54
2294faf7-3,1,714642dd,fbd18ace,2025-09-02 06:24:00,167.65,22.45
c7a3727f-3,1,040b7928,504d921a,2026-01-01 05:10:00,211.63,28.88
547ac9d3-6,1,73ae90c5,1d39571c,2025-08-12 21:25:00,146.53,27.22
35486206-5,1,346d75cc,94fd01c5,2025-01-17 23:28:00,194.81,19.26
35486206-5,2,d38de927,7ce1d57d,2025-01-17 23:28:00,351.49,28.63
35486206-5,3,fdfdede0,a9cac34c,2025-01-17 23:28:00,288.16,15.31
35486206-5,4,17d9bda9,03274e8f,2025-01-17 23:28:00,238.63,30.72
f6584b85-7,1,2ce3ae86,e4951ec0,2025-02-21 15:27:00,57.08,23.35
f79489dc-8,1,72966584,22978331,2025-03-02 00:18:00,204.37,29.26
0f4c19c3-c,1,2a4d40ff,6c5ccd2b,2025-04-25 22:14:00,71.88,42.91
58c3d777-a,1,63a33f6d,c7f0c203,2025-07-01 02:35:00,207.51,29.96
58c3d777-a,2,508bf8ab,c29f6d30,2025-07-01 02:35:00,233.57,44.14
c851c37d-b,1,4821bd82,441e56d1,2025-05-21 11:02:00,233.96,22.62
e4388bab-f,1,40663e45,0e49a447,2025-05-08 01:32:00,186.08,30.51
b320a10b-9,1,5d0203f7,1c2c8756,2025-05-04 11:16:00,96.2,11.78
45fc6c4d-3,1,edeebea4,326ea8dd,2025-05-06 16:28:00,392.48,23.53
06fdffaa-5,1,c2a0ed70,65627fe9,2025-01-06 09:37:00,214.91,35.18
0d706cba-a,1,f73320d2,dbe62470,2025-02-16 13:05:00,34.26,35.92
f1f5c3e0-2,1,8b02e1d3,3630ea70,2025-12-20 12:44:00,324.27,33.97
f1f5c3e0-2,2,8c2dc506,16e3fdb7,2025-12-20 12:44:00,407.78,9.64
91f0a861-6,1,b3cf73d5,4bb7f6ab,2025-09-29 19:14:00,325.87,32.48
91f0a861-6,2,af7c3d3f,6ab796b0,2025-09-29 19:14:00,58.68,16.27
fbba0bc6-a,1,91a01fb1,59261507,2025-01-06 00:10:00,98.96,27.19
c49ce82f-9,1,8492863a,7c7c5458,2025-02-10 05:54:00,411.38,28.68
c49ce82f-9,2,53ca8c22,df2f2ed1,2025-02-10 05:54:00,340.24,32.2
c49ce82f-9,3,8fb9b9d4,0c521598,2025-02-10 05:54:00,275.02,30.48
cf578698-3,1,1d6c8389,0c024c14,2025-07-30 20:50:00,307.25,35.37
c3df4157-1,1,af2aae2e,9ebeda30,2025-10-28 13:34:00,48.41,8.29
e9e26f13-d,1,59105597,971e5cb2,2025-11-07 06:45:00,276.07,11.1
e7f4573f-1,1,e36d4b42,2f098b6e,2025-03-18 02:48:00,33.31,40.25
6d76587e-7,1,02e52845,d1067dae,2025-02-01 06:30:00,230.77,27.32
e718ce99-e,1,1a67a9ff,c3465615,2025-03-26 22:28:00,315.37,41.16
df5548bc-3,1,b34dafed,43d1d1d4,2025-01-22 20:14:00,425.29,23.89
df5548bc-3,2,25449731,5a8e557c,2025-01-22 20:14:00,308.09,14.22
df5548bc-3,3,12b1c297,e127bbb8,2025-01-22 20:14:00,256.15,9.78
df5548bc-3,4,6c3d4a04,a8b7764a,2025-01-22 20:14:00,250.79,41.27
47b14140-e,1,d470fd17,aeb54166,2025-03-14 21:45:00,100.12,14.74
47b14140-e,2,5d7f440d,4b059a2d,2025-03-14 21:45:00,268.92,35.58
98a4d5c4-8,1,64059073,349ba9ba,2025-03-16 01:27:00,276.01,28.53
98a4d5c4-8,2,040b7928,3f3f95cb,2025-03-16 01:27:00,319.98,44.87
aac8580b-c,1,0192baf0,a6871f49,2025-07-23 20:06:00,36.05,18.66
aac8580b-c,2,cbe411a2,45270264,2025-07-23 20:06:00,164.54,11.29
70d4cdcd-1,1,bb8a0b65,87c1fe1d,2025-01-31 06:50:00,356.92,36.71
feff4d1b-0,1,844c0629,f92a1b74,2025-05-16 23:50:00,409.56,17.5
16b1b305-3,1,89e99561,d7e6064f,2025-08-11 18:20:00,20.03,33.16
6fb9e3b6-c,1,34bf6985,9b155ced,2025-08-05 04:44:00,110.89,30.87
f150bc07-9,1,962a09ee,2a119e3c,2025-12-06 01:31:00,147.7,32.61
f150bc07-9,2,5a5a81da,ef510a77,2025-12-06 01:31:00,141.3,21.29
f150bc07-9,3,85b148ec,acefe1be,2025-12-06 01:31:00,409.85,14.63
f150bc07-9,4,2fde09c6,06354aa3,2025-12-06 01:31:00,308.4,31.2
636678e5-9,1,432acc63,0aaaf798,2025-07-24 19:05:00,230.49,27.4
90d86b20-4,1,5a677ab7,df325da8,2025-06-05 21:45:00,435.25,43.59
90d86b20-4,2,dce37340,4d00b2fc,2025-06-05 21:45:00,71.32,37.85
90d86b20-4,3,dce37340,30d58860,2025-06-05 21:45:00,51.89,36.07
f4da6649-8,1,ae2723a6,e9e84794,2025-10-09 12:27:00,70.45,37.89
c8119b27-1,1,b34dafed,d2a6a2fd,2025-11-25 21:26:00,179.64,39.05
46f9ecda-9,1,1f27dff3,da3f0b3a,2025-01-28 05:04:00,155.2,18.12
1c50541f-f,1,11b5ce57,5413a63d,2025-07-24 01:00:00,397.18,24.75
09a74c5d-a,1,9e445642,e767de32,2025-03-23 00:40:00,96.96,12.4
9b42ea5f-0,1,63cb55c9,44b20b6f,2025-01-14 10:39:00,70.19,34.56
70b6dff4-0,1,c2a0ed70,c300800b,2025-03-22 18:17:00,410.32,31.7
68413d23-f,1,dd59ea80,11f74d07,2025-10-08 15:32:00,311.2,31.5
2bf2bc56-4,1,a0ea4d65,8dae1b9b,2025-10-11 04:44:00,418.67,23.8
2bf2bc56-4,2,578b6230,61303eb4,2025-10-11 04:44:00,79.06,11.43
6e4ee6dd-7,1,0f9cd918,28bc176a,2025-12-20 23:33:00,364.75,28.97
0742177c-0,1,040b7928,f3cedb5b,2025-07-01 14:33:00,220.96,43.98
d6b2bcb6-f,1,af2aae2e,061a7033,2025-04-25 22:19:00,373.42,13.52
38220441-5,1,584eb8cb,dcaa9acd,2025-04-11 04:40:00,44.41,25.24
58fe3343-b,1,b7259473,32aac58b,2025-10-18 05:35:00,124.52,21.52
71adeb63-6,1,0b14df53,7d02fbe6,2025-10-02 05:32:00,207.0,25.49
6e76fe2b-7,1,b27e8c45,010282d4,2026-01-03 01:34:00,209.33,34.75
b8a603a7-1,1,2fde09c6,8b7814a1,2025-06-15 06:04:00,59.68,36.75
2edd8c74-5,1,0b14df53,c6760ba6,2025-12-08 20:02:00,110.64,31.52
2edd8c74-5,2,bad7bd4a,0d572bf6,2025-12-08 20:02:00,21.62,22.34
448528a8-1,1,86289f74,351a3e58,2025-03-19 18:50:00,132.98,15.58
3a2c765b-2,1,acae5659,280e4a86,2025-09-08 03:51:00,113.78,16.99
3a2c765b-2,2,c2a0ed70,d32be892,2025-09-08 03:51:00,356.69,42.51
b0218acf-b,1,3cebde76,233b4d96,2025-11-17 14:01:00,359.44,19.19
b0218acf-b,2,a65474a3,e6c2f0d2,2025-11-17 14:01:00,146.16,30.19
3dbad6d3-3,1,578b6230,99019c6f,2025-12-30 11:52:00,242.72,11.42
32344edb-e,1,844c0629,1d76d626,2025-02-02 22:59:00,279.05,16.04
4c40d039-8,1,13d52475,ab6c6f7a,2025-03-12 15:57:00,108.26,13.93
4c40d039-8,2,860994ba,80efe3e7,2025-03-12 15:57:00,114.66,30.28
4c40d039-8,3,b95998dd,65a30c1e,2025-03-12 15:57:00,257.19,42.39
0b51cfc0-3,1,bdb03f62,2143d668,2025-08-24 06:43:00,216.55,25.01
0b51cfc0-3,2,19c7a2a5,5266e7c9,2025-08-24 06:43:00,126.29,24.98
2fdb0e2f-8,1,5cd14ab1,9562f1f4,2025-07-05 12:00:00,85.49,44.72
2fdb0e2f-8,2,41386a8b,2af79eac,2025-07-05 12:00:00,67.26,43.78
2fdb0e2f-8,3,c39c1db2,c6ba7f13,2025-07-05 12:00:00,70.27,29.5
86f4a927-0,1,5a677ab7,0d25efe4,2025-10-08 05:30:00,200.6,34.21
86f4a927-0,2,8ee662e2,b5c0aec9,2025-10-08 05:30:00,275.43,15.31
4a18ef01-9,1,22af20fd,c25676a1,2025-07-09 20:37:00,406.56,22.83
5a8064b7-9,1,b95998dd,627027f6,2025-10-11 11:14:00,104.43,20.58
90a7d555-8,1,346d75cc,151ce1e6,2025-02-21 03:33:00,435.59,14.71
f417e2d3-3,1,f1a25060,bf4d864e,2025-10-18 21:05:00,358.34,17.34
4cd0fb8b-f,1,056408d4,da1381b6,2025-12-24 13:46:00,365.82,34.26
7ba173d0-d,1,bda0303b,ee58a626,2025-02-12 19:15:00,99.14,33.51
9dee564b-d,1,7ac70db9,d8684265,2025-04-06 15:25:00,262.06,21.35
fcd8eeb2-9,1,1a17b66b,2e780980,2025-04-22 09:05:00,351.88,44.85
d3a98469-8,1,c7d80541,3b4c2767,2025-06-07 05:27:00,310.62,26.13
8ad4d0e3-d,1,ff0dac41,08f13bff,2025-01-20 01:06:00,243.68,8.01
16fd0481-5,1,80f192ad,dca75f57,2025-04-17 13:16:00,128.77,29.65
a9ed340d-e,1,c587f345,627d8754,2025-01-07 23:33:00,374.1,34.05
a9ed340d-e,2,f30d14a5,65a12555,2025-01-07 23:33:00,150.66,31.27
232c5b71-c,1,46247658,3c6776bc,2025-06-30 15:14:00,180.69,32.65
ab4bc5a2-d,1,572684f3,d9abd301,2025-01-24 18:43:00,214.26,24.0
dddf1a41-d,1,17d9bda9,839ad417,2025-09-23 12:36:00,60.05,39.24
dddf1a41-d,2,efbe5223,b4907773,2025-09-23 12:36:00,172.43,33.23
dddf1a41-d,3,dd59ea80,2e3b43f4,2025-09-23 12:36:00,83.28,40.43
d522074d-f,1,d8bd785c,77c01161,2025-03-06 21:21:00,309.03,15.61
d522074d-f,2,55ba7e8c,e5ea98c3,2025-03-06 21:21:00,332.62,39.45
8cd9c2df-d,1,c18b5129,d0d9ccca,2025-06-29 13:32:00,197.74,10.32
8cd9c2df-d,2,89c04c0a,f66d6ca0,2025-06-29 13:32:00,164.21,30.38
4dcbecb8-6,1,8ff0f5a7,7f9cd23d,2025-09-08 18:18:00,399.41,9.89
d8082ee8-9,1,ac092b61,cba51b8b,2025-09-13 12:53:00,273.62,37.91
d8082ee8-9,2,b95998dd,9de02b8d,2025-09-13 12:53:00,334.88,27.17
848841e4-3,1,6ac32529,80e052f2,2025-05-18 18:40:00,134.66,24.4
4f042c08-5,1,efbe5223,72a19ebb,2025-01-24 22:40:00,119.98,26.32
79f83c52-d,1,89c04c0a,aafcd31a,2025-01-08 17:46:00,280.85,19.65
659c05c7-e,1,4f06f5f6,8c569478,2025-11-21 08:21:00,136.65,40.08
980d097c-8,1,42ac8785,2365804d,2025-09-09 16:00:00,332.29,21.76
03fcadbe-4,1,89c04c0a,78e9ffc4,2025-04-11 23:38:00,33.66,42.0
65058c98-3,1,53ca8c22,0ecbace5,2025-04-23 01:51:00,110.01,38.0
b5a96229-3,1,71149b97,43d97979,2025-02-27 01:51:00,211.6,29.51
9e377ab4-6,1,25286f10,0c590661,2025-09-02 08:41:00,122.72,39.48
aa593808-f,1,1f27dff3,a4f85d0a,2025-10-25 19:30:00,355.41,34.22
ea15ccc4-0,1,dc1cad4b,b3e24e7e,2025-02-10 01:56:00,204.75,25.87
74cedfdd-4,1,d8012882,c0b38a66,2025-11-07 10:07:00,129.13,40.6
66f31181-6,1,f96eeb5c,50e797f7,2025-11-26 15:12:00,200.8,17.75
66f31181-6,2,8ee662e2,159d1af0,2025-11-26 15:12:00,401.91,24.55
395b5797-b,1,f96eeb5c,f95a0bf4,2025-09-05 16:37:00,426.44,41.72
395b5797-b,2,55ba7e8c,3debf68b,2025-09-05 16:37:00,193.3,14.87
539d292d-e,1,135ab652,08e2aeb4,2025-07-31 16:30:00,310.89,12.43
dda56182-5,1,3f0171a6,cb44d76f,2025-07-29 03:55:00,125.3,30.13
7740986c-d,1,4ebc1480,0a67777e,2025-12-16 03:44:00,18.91,41.92
7740986c-d,2,040b7928,2460bef3,2025-12-16 03:44:00,353.65,8.43
7740986c-d,3,96559be2,37fec5f3,2025-12-16 03:44:00,43.77,9.66
ec5f0d6e-e,1,ea93ce95,6734947a,2025-03-07 00:52:00,244.55,36.17
a7d09013-8,1,ac092b61,10177af2,2025-05-23 16:12:00,216.16,24.02
7b33b5c8-3,1,83ffdcdd,f9e0ba18,2025-12-25 21:00:00,40.12,8.37
3b196ea7-1,1,661320a7,b01229d9,2025-09-22 07:50:00,121.88,43.08
3b196ea7-1,2,35b07f2f,62552175,2025-09-22 07:50:00,229.21,27.21
209f7a8d-c,1,46247658,462a86f6,2025-05-22 08:17:00,406.94,44.87
5a46f713-0,1,cc935477,bde7a969,2025-04-18 05:40:00,82.21,30.91
b3191ddc-8,1,ccdaacf2,5d9af004,2025-04-21 20:02:00,100.19,8.79
6e5d1204-8,1,12b1c297,cc0b0ea3,2025-07-08 12:22:00,364.41,18.18
aefa288c-7,1,8492863a,0e929fb1,2025-04-22 05:01:00,257.92,42.09
cd97fb6c-c,1,f3583162,8fd4bda8,2025-04-18 02:42:00,420.98,12.67
cd97fb6c-c,2,a74489e0,97e9bdde,2025-04-18 02:42:00,145.92,40.36
cd97fb6c-c,3,21155322,9f4700cf,2025-04-18 02:42:00,261.48,41.67
cd97fb6c-c,4,a74489e0,b3623f19,2025-04-18 02:42:00,410.65,20.82
e0987144-f,1,e0125e51,18807a1b,2025-08-23 06:58:00,276.0,40.74
2b7a30f7-6,1,45104aa7,b32f69e9,2025-10-02 23:09:00,117.97,38.71
cddd8301-d,1,92ebab06,6ca65054,2025-03-27 15:09:00,420.33,39.52
cddd8301-d,2,7ca12e2f,e12abad9,2025-03-27 15:09:00,392.61,11.64
429e32cf-f,1,dfdbc83d,11d7f435,2025-07-10 11:41:00,355.8,32.47
5f3e2a76-4,1,cb2a336f,8e20a42f,2025-01-27 07:03:00,382.56,17.69
697f4a8f-2,1,3ec0f88d,bba5684f,2025-02-27 21:51:00,336.66,40.74
72ed7e4b-a,1,0f9cd918,f0886a15,2025-10-25 04:41:00,118.24,20.3
d7c48331-b,1,b25c0395,e22cea60,2025-07-09 11:50:00,236.11,10.88
4a8ec6d8-6,1,0145b8da,30a17120,2025-12-11 04:28:00,288.0,42.55
4a8ec6d8-6,2,8ff0f5a7,58f2cdc8,2025-12-11 04:28:00,176.87,40.33
f3a00651-e,1,671b4fed,60977038,2025-03-07 04:13:00,335.45,38.05
3ae4431a-3,1,edeebea4,deeee5e5,2025-11-07 15:39:00,403.33,30.19
cde057fa-1,1,4179340c,96a4fc10,2025-06-13 18:44:00,204.82,12.91
cde057fa-1,2,8c2dc506,b2583c5e,2025-06-13 18:44:00,163.3,23.61
41120a2b-8,1,c024873d,85163024,2025-06-23 11:37:00,209.34,31.09
41120a2b-8,2,ed213a56,77b78fd5,2025-06-23 11:37:00,178.39,12.59
2465a10b-4,1,5d0203f7,db559ad5,2025-12-19 15:25:00,316.64,15.47
2465a10b-4,2,858d2ce8,c529ef8d,2025-12-19 15:25:00,230.95,42.37
9c20783a-b,1,c076efd0,2fce0275,2025-07-11 10:35:00,401.16,21.45
e2637c76-9,1,76252a44,3b613d48,2025-08-11 17:42:00,319.22,39.84
e2637c76-9,2,b3cf73d5,b816257f,2025-08-11 17:42:00,195.42,10.0
e2637c76-9,3,5d7f440d,a043ad6e,2025-08-11 17:42:00,345.0,19.16
e2637c76-9,4,4ba1d7fc,42db021e,2025-08-11 17:42:00,54.87,26.6
0f9c7d62-4,1,42986a86,0b5c062f,2025-09-05 02:23:00,55.67,34.57
ebe26a60-a,1,c3b5fec6,773b8e1e,2025-04-30 12:35:00,305.68,23.55
ebe26a60-a,2,89c04c0a,b55b0ce3,2025-04-30 12:35:00,265.45,43.65
ebe26a60-a,3,d8012882,9f70eba8,2025-04-30 12:35:00,442.75,28.21
19367d68-9,1,7ee46027,18a7fd6f,2025-07-15 17:12:00,90.35,13.99
1e706d30-e,1,fdfdede0,c6984093,2025-11-14 22:12:00,203.54,26.49
f250c38f-a,1,d8012882,c06b33e6,2025-12-14 07:34:00,88.76,32.23
cc13c8bc-a,1,63a33f6d,eafbef16,2025-10-05 19:13:00,241.08,35.85
cc13c8bc-a,2,499552bf,17a18991,2025-10-05 19:13:00,351.22,23.99
cc13c8bc-a,3,b7259473,0975f7b0,2025-10-05 19:13:00,340.26,18.1
290a5ea0-3,1,bb8a0b65,9fa11ea4,2025-06-08 16:44:00,204.21,25.79
d5c1b554-b,1,714642dd,2cf1b066,2025-01-21 08:29:00,346.31,30.17
9c167c11-c,1,c18b5129,eff87a36,2025-08-20 19:50:00,221.35,38.52
297dee02-f,1,11ce6482,20ae76f4,2025-10-23 05:19:00,420.53,17.52
e72d89fa-9,1,45104aa7,103d5895,2025-10-24 19:45:00,158.67,24.18
596a036b-c,1,ab6a864d,9630d5d7,2025-04-16 19:17:00,345.17,39.33
596a036b-c,2,aa9168b7,bb789be7,2025-04-16 19:17:00,365.26,17.93
3a0e5690-9,1,55ba7e8c,8a7df32f,2025-08-08 21:51:00,380.31,29.33
3a0e5690-9,2,a01c84b0,7035cbc8,2025-08-08 21:51:00,120.7,36.57
3a0e5690-9,3,e36d4b42,be2e2bc3,2025-08-08 21:51:00,130.84,28.73
3a0e5690-9,4,f7d02a95,076fc832,2025-08-08 21:51:00,95.8,9.94
74c44ef9-c,1,7ee46027,b97c70e8,2025-09-11 22:35:00,238.89,26.2
dff2897b-d,1,45104aa7,57cda2ff,2025-06-22 15:32:00,269.09,33.4
dff2897b-d,2,2a4d40ff,2dc309fe,2025-06-22 15:32:00,308.96,24.63
e5eb1b44-4,1,ad3fe261,27c82db9,2025-12-13 11:52:00,38.54,21.04
a309de04-e,1,b95998dd,345744b2,2025-09-08 20:27:00,108.45,23.33
bce72a52-1,1,c587f345,c19f8c7b,2025-09-02 01:23:00,362.84,14.57
dcc7ba87-5,1,ae28a23e,e5de055e,2025-12-22 16:27:00,74.72,17.23
ea1d16d7-c,1,59105597,f945a7d2,2025-10-03 11:42:00,117.41,19.71
81dbd6b9-9,1,8c2dc506,ec18023a,2025-10-11 02:40:00,232.81,42.38
5859b420-5,1,c173b5e1,b4a9aecc,2025-04-20 05:54:00,354.05,12.77
6fde9430-6,1,5398e4a2,50b41114,2025-02-24 00:25:00,335.46,26.17
5b60e9f5-d,1,ba99f4cc,2ce316de,2025-11-10 02:33:00,267.46,36.37
a05fd885-d,1,ac092b61,586aec6b,2025-01-16 10:54:00,283.14,23.88
209fb0ae-7,1,7ac70db9,d95922c8,2025-09-20 06:02:00,68.72,9.49
368ff243-2,1,671b4fed,a92b2796,2025-03-25 04:06:00,162.53,42.63
3b9dead4-8,1,d7fc0a60,afcee257,2025-08-22 07:53:00,207.91,17.21
78b49d4b-f,1,499552bf,e8c0e4cc,2025-08-04 11:25:00,436.09,20.57
e1b88b87-6,1,27dbfee3,9cdd19d1,2025-08-26 10:21:00,308.39,22.99
e1b88b87-6,2,2ec4191e,2998036f,2025-08-26 10:21:00,340.11,13.33
e1b88b87-6,3,ea4ef1a7,ef2185d3,2025-08-26 10:21:00,64.04,8.29
840091a2-a,1,80f192ad,2dd02b91,2025-10-14 15:02:00,351.08,43.94
024ee000-7,1,67b06d3d,a3182a6e,2025-07-21 14:55:00,173.76,37.44
024ee000-7,2,8af3c722,8ee08c72,2025-07-21 14:55:00,364.51,36.13
25df5a98-6,1,a35409cd,c0dbce5a,2025-07-14 08:33:00,393.83,23.49
c37552ac-7,1,f8241532,c9393119,2025-10-30 09:12:00,91.84,33.29
54c6b181-7,1,46247658,56b487dc,2025-06-26 20:59:00,25.68,34.67
1c4300d2-6,1,ced3cd7c,918f2d55,2025-12-06 02:20:00,57.86,30.45
2978ce91-3,1,227bd523,ab5788b7,2025-07-11 23:15:00,17.83,25.83
97661331-1,1,d1310ac6,888329f4,2025-04-15 14:44:00,66.99,36.53
4e1a29e2-c,1,f8241532,668cb844,2025-08-23 01:40:00,206.76,12.12
1e80c3bc-d,1,4b9fe1f9,5ec3c750,2025-11-20 05:35:00,390.23,42.06
1e80c3bc-d,2,aa9168b7,8a4ac03f,2025-11-20 05:35:00,339.01,11.42
796348d0-b,1,bb2dcad1,09ec0386,2025-10-09 11:24:00,178.11,21.12
3e68be13-7,1,fa0c448e,98d85aea,2025-10-21 07:01:00,328.68,41.02
3e68be13-7,2,edb8f78e,b21e2270,2025-10-21 07:01:00,351.89,30.44
3e68be13-7,3,0192baf0,3231257b,2025-10-21 07:01:00,97.3,34.55
3e68be13-7,4,833cec1b,a6825969,2025-10-21 07:01:00,227.33,15.84
9057d366-7,1,53ca8c22,c6be8e34,2025-12-01 15:01:00,167.42,34.54
91837253-9,1,ae28a23e,a1808abe,2025-03-23 23:21:00,218.18,32.57
91837253-9,2,ccdaacf2,655356c4,2025-03-23 23:21:00,391.28,8.25
91837253-9,3,30b713c0,5a8ccf00,2025-03-23 23:21:00,185.5,40.17
c6bf5152-3,1,55ba7e8c,2a20b7e3,2025-06-19 13:09:00,210.82,29.5
c6bf5152-3,2,42986a86,ae23916a,2025-06-19 13:09:00,193.64,36.12
c6bf5152-3,3,f3583162,975f4b26,2025-06-19 13:09:00,357.62,38.31
afb95d5a-1,1,1a17b66b,d2cf1ce4,2025-10-20 13:32:00,204.66,8.12
afb95d5a-1,2,1a67a9ff,9c5d7ac4,2025-10-20 13:32:00,271.46,39.24
afb95d5a-1,3,ad3fe261,3c16d981,2025-10-20 13:32:00,369.34,10.49
afb95d5a-1,4,18555030,102b7120,2025-10-20 13:32:00,36.3,40.28
231b9b9a-f,1,3f0171a6,782d87aa,2025-12-13 05:33:00,217.25,26.17
f97b3ac5-5,1,59105597,6c5d9637,2025-05-28 21:37:00,60.75,20.43
4fa51d3e-0,1,46130b9f,d77bfdac,2025-08-16 00:31:00,184.8,37.53
4fa51d3e-0,2,5d0203f7,860135db,2025-08-16 00:31:00,445.86,38.25
4fa51d3e-0,3,63cb55c9,eb8d2baf,2025-08-16 00:31:00,31.06,40.02
f983809e-5,1,578b6230,023d9bfa,2025-05-08 23:53:00,355.36,30.56
f983809e-5,2,35bf64d1,c67bae3d,2025-05-08 23:53:00,34.52,26.35
0c785c19-f,1,00f1f66d,61c4c2c7,2025-05-22 23:33:00,172.95,12.46
977d8671-7,1,63a33f6d,49a72f7a,2025-03-04 15:46:00,425.58,18.44
266b2365-2,1,b25c0395,56669974,2025-05-08 11:55:00,299.75,19.36
f9516fa0-5,1,22af20fd,b99beae8,2025-07-22 19:37:00,381.42,30.63
f7dd6680-3,1,b604b57b,b639c072,2025-11-29 18:07:00,197.8,29.65
189a0f6d-d,1,34bf6985,ed79461b,2025-12-19 01:13:00,109.29,19.87
7a32b646-e,1,edeebea4,56d8897d,2025-09-26 23:46:00,92.4,33.51
c0ba9246-9,1,fcd95cf7,fb6556e4,2025-05-27 17:31:00,64.48,28.67
6812409d-0,1,ae2a4ad9,a6119af0,2025-12-12 18:12:00,263.2,14.11
a72386ba-6,1,e1c6fa6e,412ab89c,2025-02-17 14:41:00,360.05,29.0
a72386ba-6,2,c2a0ed70,e0816fde,2025-02-17 14:41:00,313.26,38.01
a72386ba-6,3,64e7c9dc,3192db54,2025-02-17 14:41:00,177.48,36.05
661fbad1-0,1,833cec1b,9f1ac8b1,2025-12-26 21:31:00,412.86,32.76
58c16567-d,1,2ce3ae86,da06b1b7,2025-04-21 11:15:00,168.0,39.71
15649335-b,1,ad14c942,ba235653,2025-11-18 08:32:00,211.06,21.04
ef386886-d,1,32d9c356,1f941db2,2025-05-17 06:12:00,439.77,37.84
92c74d40-6,1,943a1be7,f3fcb672,2025-01-14 12:36:00,363.81,10.24
92c74d40-6,2,1a67a9ff,80c4fc8a,2025-01-14 12:36:00,21.8,13.4
92c74d40-6,3,aba91719,2ec14dc7,2025-01-14 12:36:00,354.09,29.94
9286507c-2,1,89c04c0a,bb7a8226,2025-07-03 08:53:00,362.87,26.68
835930ec-3,1,b34dafed,1e793050,2025-11-20 20:07:00,210.01,43.27
bc720e33-0,1,844c0629,68ad9cef,2025-09-20 20:04:00,31.35,14.98
00f0536a-b,1,06d10537,e20c808d,2025-02-02 20:05:00,376.99,20.37
5a5e68bc-f,1,11b5ce57,991b88df,2025-03-30 00:58:00,286.0,33.74
ecdade9c-2,1,c2a0ed70,fa750e0e,2025-01-08 15:53:00,182.44,41.78
3c538a3d-2,1,0570f6af,14e84408,2025-05-18 15:43:00,361.31,17.24
a4404421-2,1,2fde09c6,99c27ca1,2025-02-14 01:28:00,161.72,10.76
a925082f-0,1,83ffdcdd,01d95c00,2025-03-31 09:40:00,33.1,30.47
97f13b95-c,1,b499bd3c,e17a8825,2025-02-18 16:46:00,109.97,15.29
b54df5a5-5,1,8742fdbe,8ffccab6,2025-01-12 04:33:00,255.09,24.25
b54df5a5-5,2,b721a513,3db5f667,2025-01-12 04:33:00,305.14,34.9
b54df5a5-5,3,0192baf0,7d131154,2025-01-12 04:33:00,89.14,10.2
4c0dba78-0,1,3ec0f88d,af04dd46,2025-06-10 18:11:00,390.31,31.8
6ed94634-2,1,f8241532,0c5a866b,2025-05-30 05:36:00,234.14,18.74
6ed94634-2,2,8b587576,cf9815f6,2025-05-30 05:36:00,17.98,11.11
6ed94634-2,3,d8cc903c,bef74577,2025-05-30 05:36:00,433.24,33.65
2218cd91-e,1,346d75cc,bf409342,2025-10-30 06:37:00,17.49,12.47
949bf95b-3,1,ff0dac41,500619d7,2025-06-09 01:09:00,204.59,44.25
e04cd3f7-8,1,d0fd83ca,164dd196,2025-07-31 11:39:00,96.18,37.57
3274f74a-5,1,cd04d99b,ef664d34,2025-08-28 21:20:00,68.83,41.63
3274f74a-5,2,ea4ef1a7,498e8aaf,2025-08-28 21:20:00,98.25,13.53
3274f74a-5,3,ae6650c6,bf17f8af,2025-08-28 21:20:00,258.49,8.94
68c7fbc3-3,1,5d8fa470,613764cd,2025-09-27 10:56:00,348.86,40.83
69725d6b-9,1,4715402d,5b073d3c,2025-05-14 22:00:00,222.33,11.02
48ff829f-1,1,7bfdad86,1f332221,2025-06-15 07:59:00,368.89,25.54
24a0bf03-4,1,af2aae2e,7c2c842e,2025-04-17 20:40:00,293.31,41.67
24a0bf03-4,2,8c4d1c4c,d165888b,2025-04-17 20:40:00,323.12,41.67
f059da4b-2,1,f73320d2,fb54b300,2025-12-30 15:31:00,92.64,18.81
1ef6d9c0-5,1,af2aae2e,ac57d22b,2025-04-27 22:02:00,435.44,13.35
ff2ebcba-5,1,71149b97,e38b7dcf,2025-05-27 05:27:00,272.79,15.67
985ca5ae-2,1,1fa19b01,dac2872f,2026-01-04 22:14:00,110.5,32.33
68eac841-a,1,714642dd,a71258a0,2025-09-24 18:12:00,353.02,25.0
10531bf5-a,1,35bf64d1,0cf91de1,2025-09-07 23:58:00,408.15,24.89
10531bf5-a,2,ae2a4ad9,99d7bbba,2025-09-07 23:58:00,49.4,30.73
b1919234-8,1,a35409cd,a00c3f1e,2025-02-11 02:46:00,298.1,19.79
31a25585-9,1,dbd26aa1,cbf30541,2025-02-04 11:00:00,329.6,28.41
80021eca-f,1,17e5d58b,50873488,2025-12-09 18:39:00,234.49,34.06
5e30a5f2-7,1,dac043c1,ad9cc0de,2025-02-11 07:34:00,46.74,36.9
5e30a5f2-7,2,661320a7,c622a5d2,2025-02-11 07:34:00,255.31,35.37
5e30a5f2-7,3,71088410,183a0bd3,2025-02-11 07:34:00,340.49,14.03
5c1fe68c-3,1,1a67a9ff,af1a3a09,2025-06-27 03:12:00,167.69,11.56
620c294b-f,1,a2ee6258,fea32b6b,2025-12-24 11:07:00,231.58,20.68
7a1c776f-8,1,0203ff6f,86cfa1fa,2025-08-13 07:25:00,334.28,17.32
7a1c776f-8,2,25449731,ccd69a87,2025-08-13 07:25:00,118.25,40.67
7a1c776f-8,3,695cee78,fd300725,2025-08-13 07:25:00,76.19,17.65
f1d97dda-0,1,8ee662e2,b8124196,2025-09-20 14:55:00,290.49,28.16
9c54043d-f,1,ff0dac41,f65aac27,2025-02-07 16:52:00,308.51,35.44
6b236531-c,1,4ba1d7fc,dc5164ff,2025-03-08 02:57:00,199.05,36.02
a1cb2f7b-a,1,8b02e1d3,f09a2989,2025-02-19 09:38:00,190.2,44.04
a1cb2f7b-a,2,27dbfee3,23b2f27a,2025-02-19 09:38:00,370.14,35.08
a1cb2f7b-a,3,0203ff6f,5b6977c1,2025-02-19 09:38:00,354.94,29.51
a1cb2f7b-a,4,6f1a0713,9d3d5f34,2025-02-19 09:38:00,307.9,8.97
c5177ec2-1,1,8492863a,57139859,2025-01-15 07:45:00,309.72,41.95
c5177ec2-1,2,05f43073,529eae3d,2025-01-15 07:45:00,44.46,13.66
c5177ec2-1,3,80f192ad,15f9d287,2025-01-15 07:45:00,322.29,8.88
8b883461-2,1,4ebc1480,05db5956,2025-09-28 08:27:00,294.07,31.4
66a59f00-8,1,ed213a56,1f699844,2025-11-12 18:30:00,136.85,31.84
d72c97c4-2,1,1ca67118,ac532f31,2025-04-20 09:19:00,365.08,18.89
7c32ae97-d,1,b25c0395,e87cabbf,2025-01-12 20:18:00,432.62,24.84
992af41f-2,1,5d7f440d,1aba532b,2025-09-04 04:43:00,199.12,39.84
2ec8a1f7-1,1,0edb474e,0ecb46ca,2025-02-18 15:24:00,424.31,28.51
2a53b884-3,1,6c3d4a04,bf41403a,2025-08-26 15:27:00,109.72,25.77
2a53b884-3,2,5398e4a2,1c74baf7,2025-08-26 15:27:00,71.02,15.88
2a53b884-3,3,623da73e,a81e0301,2025-08-26 15:27:00,51.55,43.93
d0a24e76-b,1,f1a25060,8fcefe92,2025-11-27 05:02:00,31.89,21.37
75f9df28-e,1,331264ad,07d8a5fb,2025-06-18 10:47:00,375.31,16.26
75f9df28-e,2,ae6650c6,62ef5b3d,2025-06-18 10:47:00,249.27,41.26
fdc29b18-d,1,4179340c,9edac78a,2025-07-31 09:46:00,166.31,25.93
7eedb2d3-4,1,6ac32529,30479cc6,2025-06-24 19:12:00,302.83,34.65
6b7edc84-3,1,a35409cd,b5c65fd5,2025-06-11 19:12:00,308.31,19.7
de6cf193-3,1,18555030,99d40076,2025-06-15 13:57:00,434.14,10.76
de6cf193-3,2,7ca12e2f,27136af8,2025-06-15 13:57:00,100.79,28.68
de6cf193-3,3,71088410,eeafeae3,2025-06-15 13:57:00,95.87,33.41
de6cf193-3,4,fa0c448e,abfda68c,2025-06-15 13:57:00,171.18,32.01
3089af16-a,1,444631da,0e1fbdc0,2025-06-18 08:18:00,323.07,33.07
45fe095d-2,1,e36d4b42,6151eea2,2025-12-29 16:55:00,439.11,37.57
5dc971b6-4,1,e8254a94,8b249ba4,2025-03-18 21:42:00,230.1,43.89
a58085c1-d,1,40663e45,941676ac,2025-03-01 22:28:00,56.23,40.85
365ebbae-0,1,56c23881,00ad873c,2025-08-03 15:05:00,69.85,18.82
0cd8c6b3-c,1,ae6650c6,6cbc69a5,2025-05-18 18:35:00,365.26,44.25
e84c1578-f,1,432acc63,19ff5975,2025-09-01 00:14:00,301.93,16.29
e84c1578-f,2,b1a45968,55604d94,2025-09-01 00:14:00,216.66,12.98
2cb68453-4,1,b9ebeafd,d54b4127,2025-10-04 18:39:00,343.32,31.65
2cb68453-4,2,81b3a025,da57c895,2025-10-04 18:39:00,128.44,43.54
4cd63134-b,1,46247658,23109158,2025-08-31 14:39:00,77.09,22.95
4cd63134-b,2,46247658,a73626f4,2025-08-31 14:39:00,84.97,25.28
4cd63134-b,3,d1310ac6,045a84b4,2025-08-31 14:39:00,386.96,12.48
325bd7d3-9,1,5d7f440d,e8bc3b30,2025-08-12 09:15:00,314.86,38.18
325bd7d3-9,2,a0ea4d65,3f7a25af,2025-08-12 09:15:00,236.9,12.61
eba262e0-8,1,32d9c356,78f53116,2025-02-16 15:03:00,132.8,34.97
2f5d56af-5,1,f7d02a95,5ae2d4c6,2025-12-21 15:18:00,152.11,40.39
72bdd32a-2,1,92a83e26,7a189fe8,2025-06-27 08:06:00,293.43,9.03
72bdd32a-2,2,73ae90c5,be660982,2025-06-27 08:06:00,227.63,17.17
bb423687-2,1,e8254a94,dad2d5af,2025-04-20 01:50:00,130.18,31.93
e1133c9d-1,1,0edb474e,f6461da9,2025-05-11 23:48:00,130.5,13.04
e1133c9d-1,2,17bbcd88,03c35135,2025-05-11 23:48:00,67.16,38.8
5b395b7c-9,1,86289f74,5d9c54df,2025-06-15 21:48:00,132.51,13.24
4558f8c6-e,1,13f00340,5bd6ba90,2025-10-06 08:54:00,247.86,13.71
4558f8c6-e,2,578b6230,b7d9da79,2025-10-06 08:54:00,70.35,31.72
b7678a66-f,1,21155322,899091ab,2025-03-01 08:54:00,94.59,15.09
43e1f118-4,1,b25c0395,33d52bd8,2025-11-05 07:52:00,396.01,14.34
c1cebe81-f,1,63a33f6d,6c77b14f,2025-01-20 15:20:00,366.61,21.35
fb100754-8,1,ebdd156e,62abed6e,2025-04-08 08:45:00,260.99,17.79
6a6ea926-f,1,71149b97,9103a501,2025-06-11 13:18:00,395.1,42.19
c9c854b2-0,1,c766242f,8da79e9b,2025-08-16 04:47:00,231.13,29.97
c9c854b2-0,2,7aac1942,f2a232ee,2025-08-16 04:47:00,167.96,32.11
bc2959a5-7,1,5414d82a,5ceea56c,2025-07-19 00:37:00,25.6,13.81
04e8c288-4,1,215571b7,94f8bcad,2025-07-06 23:12:00,41.29,38.85
762c8149-f,1,e36d4b42,6915a2d4,2025-11-25 23:16:00,171.85,42.71
39b99691-3,1,ae2a4ad9,22869787,2025-03-10 21:25:00,341.04,44.21
215c4150-6,1,32d9c356,1650484a,2025-12-17 20:38:00,257.21,21.23
215c4150-6,2,73bf66cd,57d7f193,2025-12-17 20:38:00,200.91,37.1
215c4150-6,3,844c0629,6e81c2b1,2025-12-17 20:38:00,272.32,17.79
b1253cc9-0,1,026bf726,ded05dd7,2025-06-27 09:38:00,395.99,14.41
b1253cc9-0,2,b499bd3c,7266f4fd,2025-06-27 09:38:00,330.66,26.24
2e81741d-1,1,ddea18ae,56792972,2025-12-09 04:28:00,384.75,42.48
ad0fe9f1-7,1,858d2ce8,18b4e6bb,2025-03-29 06:38:00,215.83,41.97
13e4d0fd-b,1,b721a513,c853b2e3,2025-12-13 08:02:00,50.13,28.44
9bdeddbe-1,1,15e94fa2,62432ffb,2025-01-14 11:00:00,31.47,36.67
340e7570-f,1,e930d17d,62bc3fc0,2025-06-28 18:22:00,440.13,43.05
340e7570-f,2,85b148ec,1ad2898d,2025-06-28 18:22:00,354.23,41.3
4f75d334-2,1,e74981f9,f839590e,2025-05-25 05:13:00,371.67,44.81
7f2d4590-9,1,72966584,272daa1c,2025-03-15 22:28:00,349.84,29.4
7f2d4590-9,2,962a09ee,81bac366,2025-03-15 22:28:00,373.82,20.75
7f2d4590-9,3,0f9cd918,edc8b459,2025-03-15 22:28:00,20.18,22.04
593201a8-6,1,ae2723a6,f8decff8,2025-03-31 02:16:00,182.63,40.46
593201a8-6,2,ccdaacf2,3d187974,2025-03-31 02:16:00,437.49,42.28
593201a8-6,3,cc935477,0d85a189,2025-03-31 02:16:00,109.21,26.38
ede5950b-b,1,572684f3,ff289a05,2025-05-13 03:01:00,43.49,24.77
e12d12e5-a,1,acae5659,1e5c6a39,2025-09-06 19:13:00,60.87,12.82
e12d12e5-a,2,45284e60,7992fb14,2025-09-06 19:13:00,445.17,40.9
079e6ce0-1,1,42986a86,56a425a3,2025-06-14 16:21:00,312.7,24.79
079e6ce0-1,2,ad14c942,381e6cd5,2025-06-14 16:21:00,278.84,38.69
bb43ffef-d,1,02e52845,28802d0d,2025-10-02 04:26:00,80.57,9.02
2b3ba9b1-4,1,3e00cd4d,8e42a17f,2025-03-27 03:33:00,274.35,31.8
390fca63-f,1,444631da,c5f4a499,2025-01-25 04:15:00,328.89,43.0
e33ee678-4,1,e930d17d,91b35755,2025-11-19 00:12:00,249.22,37.39
e33ee678-4,2,ad3fe261,08a1f733,2025-11-19 00:12:00,400.41,18.47
e33ee678-4,3,1a67a9ff,5f9061bf,2025-11-19 00:12:00,217.21,8.44
5b7fd425-7,1,4f06f5f6,2f70ce1e,2025-01-18 01:28:00,239.32,36.91
149e334e-e,1,a0ea4d65,d79f5935,2025-10-10 10:00:00,147.09,9.59
73df958d-a,1,d25a7b66,bc6a6255,2025-08-18 05:57:00,309.56,12.73
4d7d454d-9,1,f1a25060,929446de,2025-02-28 17:58:00,298.32,18.0
5bca6e9e-1,1,aba91719,bdca8c69,2025-12-24 08:58:00,396.38,17.65
40468ee4-3,1,17e5d58b,d5d0c7d5,2025-11-11 06:54:00,210.37,43.84
40468ee4-3,2,85b148ec,427594df,2025-11-11 06:54:00,256.82,33.12
06bb88c9-c,1,9e445642,1d118680,2025-12-28 11:34:00,38.75,31.89
c82aef2f-e,1,b131e4c7,bbd5677d,2025-03-24 13:18:00,299.11,24.65
038b5aa1-0,1,7de3f7af,3cfe90ba,2025-04-26 14:30:00,202.55,17.84
ffb45a9c-6,1,d25a7b66,78f0a0e1,2025-05-18 07:59:00,32.09,31.25
6a061ec4-f,1,5cd14ab1,8f5d4775,2025-09-23 14:23:00,344.23,38.85
6a061ec4-f,2,1a17b66b,7a30d8a5,2025-09-23 14:23:00,305.68,43.1
56d7c093-1,1,41386a8b,a96fdc80,2025-09-17 03:09:00,385.9,8.18
56d7c093-1,2,056408d4,88251e1e,2025-09-17 03:09:00,354.49,24.94
56d7c093-1,3,026bf726,7da827b7,2025-09-17 03:09:00,390.2,20.91
56d7c093-1,4,ae6650c6,799c64d5,2025-09-17 03:09:00,174.82,13.25
4baf20df-4,1,af7c3d3f,fa717f06,2025-07-23 12:01:00,395.83,20.34
29759150-7,1,d424c64b,bd44191a,2025-08-02 20:38:00,46.83,41.68
9b4c05d7-7,1,623da73e,68ac3656,2025-04-12 04:37:00,131.13,40.93
0337319d-7,1,7c8eb5e3,8a0675a4,2025-08-21 23:51:00,200.39,8.92
a9185247-1,1,962a09ee,29ad6a3a,2025-05-28 07:15:00,332.36,32.44
a9d8dbef-1,1,ccdaacf2,84e721bd,2025-07-23 17:28:00,118.69,41.69
a9d8dbef-1,2,a0683d93,0841c5d3,2025-07-23 17:28:00,204.95,40.37
c5f58874-b,1,5414d82a,633a4063,2025-09-13 09:53:00,437.92,38.83
07949bf6-3,1,a35c6479,2155d506,2025-03-09 16:09:00,227.73,21.38
2591827e-a,1,fdfdede0,2a9dc40e,2025-11-11 16:32:00,89.83,31.42
ecf33052-6,1,e2aac2dd,340ad899,2025-10-28 18:53:00,21.22,33.85
e492e96b-a,1,6f1a0713,488debcf,2025-12-28 00:18:00,416.5,20.99
e492e96b-a,2,ea93ce95,4bb317cb,2025-12-28 00:18:00,416.79,25.87
e492e96b-a,3,efbe5223,a6014b7e,2025-12-28 00:18:00,376.07,32.67
960244ef-7,1,ba99f4cc,8dc14572,2025-08-31 20:44:00,152.31,28.28
db10793e-1,1,bcf2bce8,42e8a432,2025-02-18 03:25:00,228.82,37.12
356805d8-1,1,1ca67118,0156ab00,2025-09-05 23:27:00,259.53,12.65
356805d8-1,2,b27e8c45,f4886317,2025-09-05 23:27:00,306.98,42.35
356805d8-1,3,5cd14ab1,11570233,2025-09-05 23:27:00,269.96,19.5
356805d8-1,4,2a5ed824,36083db2,2025-09-05 23:27:00,418.06,10.61
85160aaa-1,1,b27e8c45,75f6d28d,2025-10-26 19:34:00,227.13,13.31
98f36441-0,1,72b33988,3067f12a,2025-05-27 04:10:00,172.39,9.5
d6b29f75-f,1,c2a0ed70,96fb9d2d,2025-11-06 17:29:00,30.09,22.06
c0c0df0d-3,1,9e445642,1becee51,2025-08-06 13:12:00,126.77,10.06
c0c0df0d-3,2,aef5d53f,f3c3248d,2025-08-06 13:12:00,251.63,15.03
3923c3c8-2,1,7ca12e2f,1fced91f,2025-01-16 02:06:00,124.44,27.68
00ff5db6-5,1,cc935477,3659cad4,2025-06-18 11:08:00,47.55,15.14
2c052bc1-4,1,fdfdede0,ef497f2e,2025-07-02 14:45:00,397.67,15.39
2c052bc1-4,2,b27e8c45,6a8bcfbe,2025-07-02 14:45:00,213.48,42.24
2c052bc1-4,3,67b06d3d,96824dd7,2025-07-02 14:45:00,157.76,43.85
6a36d235-f,1,c39c1db2,32279c48,2025-05-12 21:13:00,205.25,17.26
08f4281c-c,1,ab6a864d,4ac3ab85,2025-03-19 10:43:00,447.04,36.67
31697d88-d,1,dd59ea80,1b76ed88,2025-08-11 19:19:00,186.1,40.76
31697d88-d,2,623da73e,b72b849b,2025-08-11 19:19:00,138.52,23.97
31697d88-d,3,46130b9f,206f7357,2025-08-11 19:19:00,378.88,25.95
f84737bd-2,1,ddea18ae,885d1d47,2025-08-16 15:36:00,299.92,42.43
f84737bd-2,2,2ce3ae86,e720cab1,2025-08-16 15:36:00,368.74,30.45
f7c5dab6-2,1,ea93ce95,e6683ee8,2025-12-18 04:53:00,84.1,41.86
4c31a492-8,1,f8241532,448a2fdb,2025-10-25 01:40:00,196.43,14.77
4c31a492-8,2,22af20fd,f44fb9c1,2025-10-25 01:40:00,55.82,20.45
4b6e08d4-e,1,ae2723a6,b09bcba8,2025-05-06 19:13:00,82.71,14.98
cd3394e4-e,1,27dbfee3,a9b545d5,2025-03-12 10:15:00,294.79,19.61
b3a3387f-3,1,d1310ac6,f5f1c571,2025-05-31 02:43:00,245.21,15.02
d984450b-6,1,3ec0f88d,e781da53,2025-05-29 11:00:00,293.25,40.63
a671a635-8,1,c7d80541,c2eb9425,2025-03-18 08:17:00,218.6,11.56
5449a04b-9,1,1a17b66b,386b4d91,2025-12-18 10:44:00,227.94,21.12
afee192b-b,1,e8254a94,2d26ffb4,2025-02-08 14:08:00,257.48,11.95
c0485a52-f,1,cd04d99b,965682de,2025-07-24 13:27:00,339.06,12.72
f5100591-e,1,b721a513,5962ad7d,2026-01-03 01:53:00,105.35,17.42
f5100591-e,2,d470fd17,4217b906,2026-01-03 01:53:00,291.92,29.07
f5100591-e,3,92ebab06,bcc745e5,2026-01-03 01:53:00,83.55,30.89
04b22cc6-d,1,2ec4191e,3e98d1bf,2025-06-24 16:11:00,97.19,34.08
04b22cc6-d,2,aa9168b7,b41a3417,2025-06-24 16:11:00,45.39,12.87
183f89d7-6,1,85b148ec,abda71be,2025-01-28 07:28:00,165.79,16.97
62e25d84-c,1,860994ba,34f95d8c,2025-12-13 02:18:00,442.62,9.24
62e25d84-c,2,34b60de6,f086c8b5,2025-12-13 02:18:00,387.52,34.7
62e25d84-c,3,2a4d40ff,773f51a2,2025-12-13 02:18:00,275.15,9.7
f19350ff-e,1,15e94fa2,d5eda460,2025-07-26 08:56:00,340.71,28.85
d9ef44e3-e,1,4c249fa5,8c2e120b,2025-05-15 04:10:00,415.13,43.43
c6105be6-8,1,026bf726,9589c47c,2025-05-08 10:10:00,407.57,42.04
c6105be6-8,2,87aa2d53,5c5fe8f6,2025-05-08 10:10:00,154.03,25.85
4b1e5b10-7,1,b9ebeafd,8cd77228,2025-10-09 11:13:00,304.54,15.83
e6d99406-8,1,8b587576,66a00b21,2025-08-11 20:30:00,190.08,28.41
e6d99406-8,2,bd91e8ae,869c576e,2025-08-11 20:30:00,223.55,28.45
f2a2ae43-4,1,1fa19b01,5239cfe9,2025-12-06 00:15:00,324.61,38.34
3b76871a-0,1,18b2b5a9,5b627635,2025-12-15 13:54:00,160.37,35.7
3b76871a-0,2,a490f0cd,bcf46c55,2025-12-15 13:54:00,159.81,25.22
3b76871a-0,3,2ce3ae86,ecdc891c,2025-12-15 13:54:00,103.75,44.0
48d83660-a,1,e5ae839e,d68a5d0a,2025-09-18 12:36:00,412.21,23.11
48d83660-a,2,a2ee6258,0602cf2b,2025-09-18 12:36:00,20.48,37.07
3c131466-3,1,8ff0f5a7,00d3dbfb,2025-06-16 04:11:00,239.39,31.58
3c131466-3,2,aef5d53f,5cb3b720,2025-06-16 04:11:00,18.79,13.91
f4b242f4-d,1,42ac8785,bc1cc9f8,2025-02-22 23:16:00,212.12,12.83
c29cd095-9,1,1fa19b01,54303d9a,2025-01-29 08:04:00,284.19,25.46
f1bfe830-0,1,a490f0cd,79e0ba9c,2025-09-12 04:11:00,172.34,36.02
9d93d3db-8,1,11ce6482,753ce1c0,2025-11-12 04:10:00,261.98,41.22
fd683248-e,1,27dbfee3,5d8cd103,2025-08-29 13:43:00,415.7,25.31
12892dba-e,1,1bef1134,0084ee1b,2025-08-28 21:39:00,188.67,44.28
184bb3cc-2,1,e8254a94,12ffacad,2025-12-24 17:14:00,106.51,23.11
184bb3cc-2,2,42986a86,3cfe713e,2025-12-24 17:14:00,397.28,35.51
184bb3cc-2,3,5a5a81da,bacafd4b,2025-12-24 17:14:00,245.28,20.41
b1666d22-5,1,a01c84b0,aafa91a7,2025-03-31 18:30:00,106.66,41.78
b1666d22-5,2,7ad28f77,f00f290e,2025-03-31 18:30:00,157.42,35.17
9349ce10-4,1,4c249fa5,90ce2d92,2025-06-10 22:52:00,221.01,10.03
9349ce10-4,2,f8241532,8e4a4470,2025-06-10 22:52:00,218.37,15.12
9349ce10-4,3,67b06d3d,26615295,2025-06-10 22:52:00,125.19,17.3
9948b3cf-e,1,53ca8c22,3a682ae8,2025-07-28 03:02:00,52.82,9.78
84f8edc5-1,1,02e52845,9affd024,2025-04-02 16:52:00,425.05,30.79
c9902f93-1,1,e5ae839e,4531d422,2025-05-16 00:48:00,51.27,43.41
29b686ab-1,1,508bf8ab,fd891e46,2025-08-07 02:14:00,114.12,32.26
29b686ab-1,2,59105597,4c287fcd,2025-08-07 02:14:00,251.84,28.14
eb3ab4ee-1,1,e36d4b42,c58ad287,2025-04-13 08:30:00,295.75,37.23
3c7c83f4-b,1,8fb9b9d4,0c9fe94b,2025-09-15 19:50:00,352.51,40.44
3c7c83f4-b,2,42986a86,43ed1f65,2025-09-15 19:50:00,419.72,9.03
cb89c409-e,1,b721a513,b545bef3,2025-09-19 11:11:00,173.26,16.0
d5f753c9-2,1,e8f2b837,007bb770,2025-12-23 06:43:00,273.24,14.57
3057b8fd-f,1,3ed09add,c44e5644,2025-01-29 05:15:00,377.68,14.77
756dd384-d,1,8af3c722,b65a1f9a,2025-05-11 03:42:00,318.41,8.51
ed6aa75f-b,1,b81b3046,a720d718,2025-11-29 23:05:00,372.06,14.44
ed6aa75f-b,2,a65474a3,cc9cc476,2025-11-29 23:05:00,384.72,27.6
7c22875c-9,1,af2aae2e,efb35345,2025-09-24 15:07:00,147.43,30.9
665882c2-c,1,860994ba,2236c179,2025-12-25 17:28:00,409.16,39.22
b1a507a9-3,1,8464d5d5,2d3056ba,2025-12-08 23:46:00,294.06,14.61
239812f4-4,1,b5c58c9d,e5a933b1,2025-12-13 21:00:00,130.4,10.81
95d15f84-c,1,e5ae839e,aaf023e4,2025-07-04 05:45:00,79.19,40.15
30aa27ad-2,1,4c249fa5,b05455b0,2025-04-28 03:06:00,245.17,41.5
10c4b1e8-3,1,56c23881,94321e4b,2025-12-19 00:06:00,444.44,25.33
ce1608a9-7,1,b25c0395,29bbc4b8,2025-03-16 19:00:00,97.13,22.69
d88e301a-c,1,7bfdad86,244ea1ae,2025-04-02 13:28:00,282.43,19.06
0df727b4-b,1,c7d80541,a54786f8,2025-06-28 06:41:00,172.04,15.3
0df727b4-b,2,ae2723a6,d7f5ed3f,2025-06-28 06:41:00,137.24,10.75
0df727b4-b,3,cc935477,fbd23af1,2025-06-28 06:41:00,26.95,19.93
d69e995d-e,1,dc1cad4b,d39c6230,2025-05-18 16:20:00,209.26,16.61
470a08f5-7,1,acae5659,18f41d4f,2025-08-17 14:39:00,448.34,32.07
74b13bae-f,1,45104aa7,4ed12862,2025-06-05 01:21:00,327.28,8.29
4f46fd52-c,1,f7d02a95,dffd5e79,2025-08-20 05:29:00,253.6,28.89
4f46fd52-c,2,12b1c297,ef0b0c76,2025-08-20 05:29:00,383.34,28.24
4f46fd52-c,3,b131e4c7,7830b673,2025-08-20 05:29:00,71.74,21.36
893ec1fd-4,1,5d8fa470,29f20c07,2025-04-14 08:01:00,28.5,40.77
893ec1fd-4,2,7bfdad86,930abc56,2025-04-14 08:01:00,173.29,14.61
b432f495-6,1,5398e4a2,37489bfc,2025-02-08 21:30:00,327.77,25.05
b432f495-6,2,4715402d,0dabc7bf,2025-02-08 21:30:00,133.11,21.01
b432f495-6,3,7c16586a,09017821,2025-02-08 21:30:00,261.53,41.76
284fb547-3,1,e2aac2dd,6b195e06,2025-11-24 21:05:00,148.94,19.02
ff0227ef-9,1,59105597,5abf1350,2025-09-29 03:36:00,448.61,43.11
ff0227ef-9,2,ebdd156e,6d6d6780,2025-09-29 03:36:00,372.11,20.4
ff0227ef-9,3,2942d890,17b75294,2025-09-29 03:36:00,232.43,33.72
f84ada3e-6,1,b1a45968,3191eaba,2025-08-07 02:37:00,56.95,9.44
3e25b1b9-2,1,3cebde76,fe5f4411,2025-06-11 10:04:00,256.48,17.31
3e25b1b9-2,2,ac092b61,1975300a,2025-06-11 10:04:00,431.4,19.3
623efb64-d,1,35bf64d1,7af0fbf2,2025-08-29 21:08:00,291.71,31.84
b7f676cd-b,1,a0683d93,acb27560,2025-10-21 17:30:00,431.43,30.92
17c2f640-5,1,141650f5,a3ac9dd3,2025-06-28 22:30:00,319.51,17.43
17020995-7,1,dfdbc83d,5f67669f,2025-10-27 16:25:00,149.13,22.21
0b26384d-d,1,4715402d,2aad4fe2,2025-03-16 21:29:00,361.29,20.83
ef6836b8-9,1,41386a8b,045acd52,2025-10-16 13:42:00,220.89,20.34
ef6836b8-9,2,f1a25060,f04c36ba,2025-10-16 13:42:00,376.24,39.7
007978e3-5,1,584eb8cb,61b430c8,2025-02-03 03:26:00,128.88,40.47
007978e3-5,2,8492863a,f196c432,2025-02-03 03:26:00,177.86,33.52
0baaa33b-a,1,4fbb9951,d0208daa,2025-04-06 13:13:00,99.81,25.0
787cc65a-f,1,c6b454f7,5d961c82,2025-07-11 11:51:00,421.3,11.11
15748167-a,1,a35409cd,4c160712,2025-10-27 08:18:00,289.82,27.66
784e682e-0,1,7ac70db9,6134fcef,2025-11-22 09:24:00,47.45,31.09
0fcc7bba-3,1,671b4fed,5f79133c,2025-09-14 20:39:00,92.44,30.06
c85b5c32-f,1,dfdbc83d,ce3f2da1,2025-05-15 14:46:00,398.74,21.86
c85b5c32-f,2,b604b57b,d78ce3bd,2025-05-15 14:46:00,368.21,21.32
c85b5c32-f,3,ad3fe261,958a9120,2025-05-15 14:46:00,41.6,19.7
2c613607-2,1,b604b57b,73e89052,2025-02-13 16:14:00,92.18,33.43
f1a2150d-e,1,5398e4a2,7db908a0,2025-06-28 14:52:00,26.18,26.62
f077e416-d,1,43835fbf,42677595,2025-05-08 23:30:00,149.21,35.56
f077e416-d,2,bacdb118,bd99b74a,2025-05-08 23:30:00,415.6,31.38
f077e416-d,3,c7d80541,936a20b0,2025-05-08 23:30:00,200.21,35.25
f077e416-d,4,11b5ce57,778c3b9e,2025-05-08 23:30:00,64.69,8.98
8dad2fe0-6,1,6c3d4a04,e70ecd6e,2025-05-10 23:28:00,240.71,26.17
04f4d1e7-2,1,858d2ce8,e6b9336b,2025-08-11 02:54:00,61.75,14.09
32f31fb4-f,1,91a01fb1,209095d2,2025-02-16 13:02:00,86.8,42.35
32f31fb4-f,2,135ab652,c4bb0b79,2025-02-16 13:02:00,195.8,44.82
32f31fb4-f,3,dd9ea5e6,3b097fc0,2025-02-16 13:02:00,433.44,31.64
87e9d450-7,1,22af20fd,ba8164ff,2025-07-25 02:16:00,384.95,30.88
9232d00b-5,1,1a67a9ff,722f5716,2025-11-27 14:32:00,139.37,18.3
9232d00b-5,2,f8241532,a73288de,2025-11-27 14:32:00,74.34,22.51
9232d00b-5,3,45284e60,5686be01,2025-11-27 14:32:00,111.93,26.07
be295fc0-c,1,8ff0f5a7,ae57cde7,2025-07-06 18:23:00,213.78,19.98
0735a136-8,1,64059073,adddc21a,2025-04-25 15:44:00,151.76,25.68
62b64f5f-2,1,5a5a81da,2ff88784,2025-11-09 20:34:00,219.04,34.64
06e3fe77-f,1,40663e45,1d998da9,2025-04-27 19:17:00,370.53,16.51
081422b4-5,1,056408d4,4a58d6e7,2025-08-16 23:01:00,290.21,30.9
c0a989a8-a,1,18555030,db80e550,2025-01-13 19:26:00,409.63,22.53
c6b10a69-4,1,4c249fa5,50b8b13d,2025-02-16 05:05:00,303.53,22.05
686491c8-c,1,b27e8c45,b031373f,2025-01-17 04:54:00,166.83,37.09
ac6e31b9-a,1,edeebea4,63ae0c32,2025-05-09 10:10:00,31.56,24.55
ac6e31b9-a,2,d8b47e9b,cbae1bf4,2025-05-09 10:10:00,415.7,42.28
2dbf6b86-2,1,a35c6479,09801483,2025-09-11 08:35:00,425.28,42.71
2d46b28b-8,1,2a4d40ff,1c458d2d,2025-08-28 18:54:00,351.19,39.53
049342d8-1,1,35b07f2f,ce52ab6b,2025-11-26 05:39:00,157.57,14.0
7db2ecaa-9,1,4b9fe1f9,1f58192a,2025-05-16 21:55:00,304.18,20.56
b1c18b4e-d,1,4dae095f,9d12dc9e,2025-10-19 08:48:00,138.05,23.35
2d0c3855-6,1,91a01fb1,6d2b73c4,2025-04-29 22:34:00,178.18,17.16
2d0c3855-6,2,15e94fa2,17a16d75,2025-04-29 22:34:00,282.54,23.44
2d0c3855-6,3,86289f74,38900de7,2025-04-29 22:34:00,71.92,24.07
5a0f8998-e,1,2942d890,bf96d5fe,2025-09-24 11:09:00,48.16,27.51
bbd86ac1-0,1,00f1f66d,f72acf54,2025-04-12 14:09:00,301.67,33.59
bbd86ac1-0,2,0f9cd918,a497b977,2025-04-12 14:09:00,139.78,34.34
bbd86ac1-0,3,18b2b5a9,9009cb28,2025-04-12 14:09:00,224.22,37.76
8b31b3a9-7,1,d25a7b66,a3bb4619,2025-04-19 23:51:00,137.4,27.58
8b31b3a9-7,2,06d10537,dba2b403,2025-04-19 23:51:00,123.66,32.15
5f791fd1-3,1,42ac8785,51dd24ec,2025-04-08 21:01:00,52.92,25.44
3f79f458-4,1,b3cf73d5,31379431,2025-01-30 23:10:00,226.2,44.13
ac254187-a,1,4f06f5f6,fc16c079,2025-08-31 14:15:00,144.98,30.85
4c3e834e-6,1,7de3f7af,08afdef6,2025-03-03 19:21:00,61.93,9.87
4c3e834e-6,2,ccdaacf2,ef878edc,2025-03-03 19:21:00,286.55,29.25
894b5f2d-2,1,edb8f78e,7aec32a6,2025-01-31 17:39:00,104.51,33.11
d62681e7-1,1,c587f345,74e5bc88,2025-06-16 10:47:00,22.55,13.13
18aeffbb-2,1,25cbedf2,29dfe4c1,2025-08-19 09:45:00,147.98,26.76
e43340e8-c,1,96559be2,a3ecac48,2025-08-09 09:35:00,212.32,10.02
52b555a6-2,1,82a623b9,7fcb02ca,2025-08-17 18:20:00,114.57,37.51
8b66754b-4,1,623da73e,bb90d5b3,2025-04-21 14:29:00,130.04,44.5
2b039ea9-8,1,f3583162,37d44bdd,2025-11-04 21:56:00,310.23,20.35
2b039ea9-8,2,ab6a864d,770119f4,2025-11-04 21:56:00,44.24,34.15
2b039ea9-8,3,ab6a864d,63422537,2025-11-04 21:56:00,135.19,38.94
4b71a258-1,1,cbe411a2,4fdfa305,2025-06-07 13:16:00,127.15,43.84
11a90d90-8,1,af2aae2e,19c6d7c7,2025-10-02 12:31:00,402.4,37.14
897aa688-c,1,0145b8da,8c2b0ead,2025-09-12 19:43:00,423.42,35.7
d46a8f2f-b,1,7c8eb5e3,0a11991c,2025-05-02 13:31:00,338.16,41.58
d46a8f2f-b,2,b1a45968,39fa13a6,2025-05-02 13:31:00,39.92,33.57
d46a8f2f-b,3,5398e4a2,e6666891,2025-05-02 13:31:00,215.72,41.31
a4b4fb97-b,1,25cbedf2,b7a82a15,2025-12-30 13:02:00,20.47,26.03
bc378377-b,1,8de4e26c,602ac287,2025-12-22 23:05:00,381.72,26.05
b3847bda-6,1,f2168bc4,af0b9035,2025-09-20 22:58:00,228.1,41.27
06597459-2,1,18555030,de068a81,2025-12-20 01:27:00,62.77,20.03
d410bf48-e,1,ad29cfcc,052f9a08,2025-02-16 13:26:00,421.39,16.84
614e2902-1,1,499552bf,5e2954e8,2025-01-13 10:36:00,65.71,41.54
6547507b-2,1,80f192ad,8d8d5036,2025-11-02 10:26:00,237.18,21.81
6547507b-2,2,89e99561,8da4ce98,2025-11-02 10:26:00,44.31,12.76
6547507b-2,3,a01c84b0,5f89619e,2025-11-02 10:26:00,293.94,23.9
cee5194a-8,1,1bef1134,43047db7,2025-06-14 17:53:00,243.63,29.13
cfac9645-b,1,81b3a025,3727c822,2025-08-03 23:12:00,166.16,26.3
cfac9645-b,2,ae33358f,05c1e91e,2025-08-03 23:12:00,128.04,15.58
cfac9645-b,3,fdfdede0,e3922c6d,2025-08-03 23:12:00,395.65,44.6
299f990e-f,1,bd91e8ae,d3135c27,2025-02-15 13:16:00,73.35,18.42
d0db1fd2-c,1,24a1c73a,0dfe008d,2025-01-11 03:31:00,342.62,11.35
f770eb24-a,1,89c04c0a,4f8d98c7,2025-08-11 07:29:00,172.83,20.8
097bfc90-d,1,3cebde76,19daf9ad,2025-03-23 05:12:00,293.91,21.05
04570089-9,1,af7c3d3f,f9f93844,2025-11-19 23:18:00,362.68,40.56
04570089-9,2,22af20fd,5828cdeb,2025-11-19 23:18:00,109.43,35.55
4fa9ce5b-5,1,ccdaacf2,caf6ef8f,2025-04-27 04:19:00,105.05,37.37
4fa9ce5b-5,2,4dae095f,e00aebf4,2025-04-27 04:19:00,312.33,16.48
bb25c0b7-3,1,ad3fe261,d2eb93fa,2025-03-06 17:32:00,313.73,23.88
bb25c0b7-3,2,ab6a864d,f382269c,2025-03-06 17:32:00,158.34,32.65
bb25c0b7-3,3,499552bf,50d79e6c,2025-03-06 17:32:00,435.46,32.47
bb25c0b7-3,4,7aac1942,e7073703,2025-03-06 17:32:00,160.66,41.98
9e0cdffa-4,1,cbe411a2,44b1b2f7,2025-03-30 16:48:00,367.15,15.74
195afb2a-f,1,026bf726,70fdbf90,2025-07-22 12:14:00,47.03,17.11
e8ad70fe-5,1,25449731,bd5991a8,2025-09-26 08:21:00,280.83,34.53
e8ad70fe-5,2,71088410,3f38f7ca,2025-09-26 08:21:00,444.73,9.14
e8ad70fe-5,3,f1a25060,4299fd19,2025-09-26 08:21:00,228.4,16.09
e8ad70fe-5,4,42ac8785,6735a911,2025-09-26 08:21:00,304.84,11.98
e5937574-a,1,b721a513,75324906,2025-06-30 04:54:00,268.19,20.67
71c593d2-7,1,87953b9c,65d4aa72,2025-09-19 14:35:00,158.45,18.51
e365e8b5-c,1,040b7928,9e73d29a,2025-10-10 19:04:00,118.51,26.6
fa4bd4bc-f,1,8af3c722,2bbc9f19,2025-06-22 03:17:00,53.83,22.8
5f5230b3-9,1,dce37340,b916d526,2025-08-05 11:08:00,62.21,29.0
5f5230b3-9,2,45104aa7,0c99446f,2025-08-05 11:08:00,300.6,34.21
5f5230b3-9,3,8c2dc506,d728c51d,2025-08-05 11:08:00,304.89,8.88
06cee3c6-9,1,661320a7,a350bd00,2025-05-20 18:49:00,337.05,19.83
06cee3c6-9,2,32431646,e39ed47d,2025-05-20 18:49:00,377.64,44.51
19d5e3c6-e,1,64059073,2d53a0ad,2025-05-07 17:34:00,22.16,35.26
4c3915f7-5,1,f2168bc4,b51e3e59,2025-10-31 02:44:00,338.99,27.08
3ca90a7b-5,1,584eb8cb,eba38356,2025-10-21 22:41:00,266.94,18.54
3ca90a7b-5,2,346d75cc,c7a7e278,2025-10-21 22:41:00,292.15,9.14
381f8891-1,1,0f9cd918,7560be4f,2025-06-22 21:14:00,447.93,24.22
38b3932f-6,1,59105597,8d675d46,2025-04-30 20:45:00,425.42,13.84
38b3932f-6,2,cd04d99b,baaf781b,2025-04-30 20:45:00,283.75,22.65
38b3932f-6,3,21c6d812,5afb4610,2025-04-30 20:45:00,201.45,16.13
ac674537-a,1,8c184e16,774df8f8,2025-08-21 07:18:00,172.29,25.87
9e76b598-a,1,2a4d40ff,e3a54e77,2025-02-26 18:40:00,228.32,18.62
5a9543e1-6,1,63a33f6d,fd1fbd62,2025-08-02 15:30:00,102.53,17.03
ce8272e4-c,1,17bbcd88,0496e3fa,2025-11-07 00:37:00,404.01,32.19
523d5ddd-f,1,444631da,c236f381,2025-05-09 22:42:00,436.13,23.86
523d5ddd-f,2,fcd95cf7,c654371a,2025-05-09 22:42:00,40.29,13.95
cae7278a-e,1,2ce3ae86,bc00a873,2025-03-16 18:51:00,353.15,41.1
63f8c91d-e,1,ced3cd7c,22f7fb4e,2025-02-01 09:00:00,279.65,25.27
8c1330f0-f,1,8742fdbe,d33e1446,2025-10-29 21:03:00,127.07,24.32
980bd1ae-3,1,21155322,3781b262,2025-05-30 07:54:00,256.2,18.22
4bd89eda-6,1,24a1c73a,0bf72e76,2025-06-17 18:24:00,102.49,8.49
b7434729-8,1,01b22555,56bc7fc2,2025-10-10 20:16:00,170.93,10.51
b7434729-8,2,9e445642,bb16b04c,2025-10-10 20:16:00,435.42,29.57
283e2772-c,1,d1310ac6,41ea3e33,2025-07-05 19:19:00,42.43,14.71
434212dd-5,1,5cd14ab1,c442ec8d,2025-11-21 23:52:00,122.4,28.06
9cb38f81-7,1,89c04c0a,758a327a,2025-09-02 12:54:00,266.1,19.85
9cb38f81-7,2,bacdb118,e0f7912c,2025-09-02 12:54:00,404.0,36.9
f58485d3-c,1,5d8fa470,527ad2fe,2025-04-24 18:39:00,215.59,18.74
b13a3c71-9,1,2942d890,3dec7e24,2025-04-15 00:33:00,118.89,33.55
c3f3f511-e,1,e1c6fa6e,e32e5453,2025-04-20 20:39:00,93.46,35.83
c3f3f511-e,2,73bf66cd,51a99086,2025-04-20 20:39:00,236.76,40.47
6f39d705-b,1,c909b752,98ed729f,2025-07-03 09:35:00,48.79,25.39
808df759-3,1,0edb474e,58472833,2025-08-18 14:25:00,255.41,12.99
c10ec12a-e,1,860994ba,1967dbe8,2025-10-04 14:20:00,118.63,38.93
f274c038-e,1,943a1be7,5a30cc0c,2025-08-18 15:33:00,345.44,25.47
fbe14e3c-0,1,6f1a0713,20e0541f,2025-09-01 02:12:00,318.64,11.51
a5419065-5,1,25cbedf2,5945c2dd,2025-08-25 11:48:00,309.9,43.12
23f32bd3-e,1,5d0203f7,f927e7af,2025-06-20 04:46:00,370.12,21.52
23f32bd3-e,2,c909b752,29da2bba,2025-06-20 04:46:00,346.43,11.81
23f32bd3-e,3,5d0203f7,22d1a286,2025-06-20 04:46:00,151.88,24.01
3edc9e15-a,1,ad29cfcc,1af8e02d,2025-07-01 02:20:00,230.08,9.37
2db5a25b-d,1,040b7928,708bf03b,2025-08-05 17:00:00,334.83,44.72
aa1ef3cf-e,1,35b07f2f,6b6fa257,2025-05-18 13:20:00,37.45,42.1
f2e1884b-3,1,e5ae839e,128ab85b,2025-04-19 22:15:00,75.21,36.46
9c1881da-3,1,5a677ab7,f79bddd3,2025-02-14 10:55:00,190.06,27.81
d5159b33-1,1,89c04c0a,040cf7c2,2025-12-18 23:55:00,340.14,22.42
6d5e0f76-8,1,8ee662e2,ce9a7581,2025-10-29 14:47:00,290.18,8.91
6d5e0f76-8,2,bdb03f62,c08b02ee,2025-10-29 14:47:00,164.88,44.76
67045e79-5,1,00f1f66d,e4071d1e,2025-08-21 22:11:00,414.33,37.47
7d481bda-2,1,af7c3d3f,39649362,2025-05-29 02:49:00,392.16,36.28
c7f72ddc-b,1,64059073,5bf0e88c,2025-05-09 21:37:00,175.1,10.38
8c6c35c4-0,1,ae33358f,1f65b66f,2025-06-17 17:57:00,402.39,20.84
8c6c35c4-0,2,f1a25060,65247fc4,2025-06-17 17:57:00,27.18,41.47
408f17e7-e,1,4ebc1480,73f48991,2025-09-06 06:20:00,267.11,35.94
dbbf2264-0,1,572684f3,fc36ad81,2025-02-26 13:53:00,79.28,35.35
7595a7e1-3,1,d25a7b66,2086e012,2025-08-07 05:54:00,432.78,15.78
6aaeb4c6-f,1,46130b9f,4d7efc15,2025-12-22 21:33:00,251.8,14.55
2d3f2ed4-8,1,13d52475,728fc989,2025-06-03 12:29:00,48.94,15.49
c1dc0c99-e,1,4715402d,478d4fc3,2025-10-16 09:24:00,435.84,13.63
b5b96c26-4,1,8b587576,cbff2f16,2025-08-01 09:38:00,355.56,32.7
dd738a95-6,1,d470fd17,0b154fb0,2025-02-16 20:05:00,388.42,33.15
dd738a95-6,2,e74981f9,112bdea6,2025-02-16 20:05:00,425.11,10.26
6848288d-b,1,11ce6482,c9fb406f,2025-07-17 13:11:00,46.48,35.75
6848288d-b,2,5d8fa470,8eefa8a5,2025-07-17 13:11:00,291.51,24.79
09f1bd67-9,1,8c4d1c4c,1640111c,2025-10-27 11:04:00,49.71,22.16
c3d34e7c-d,1,ba99f4cc,cd542243,2025-12-09 01:11:00,197.19,8.65
c3d34e7c-d,2,c909b752,3105e3a7,2025-12-09 01:11:00,207.36,30.66
e8f0273b-c,1,86289f74,0fe0cce2,2025-09-24 20:39:00,135.69,43.68
536fdd24-0,1,17d9bda9,131e8157,2025-09-14 17:34:00,395.03,16.17
6f637be1-3,1,89c04c0a,60e81b55,2025-08-14 11:03:00,263.92,20.82
6f637be1-3,2,5414d82a,1d760538,2025-08-14 11:03:00,383.5,8.52
02c97cbe-9,1,73bf66cd,979c7226,2025-12-23 14:48:00,302.63,8.94
bba2ed4f-5,1,508bf8ab,ff8ff257,2025-01-21 13:27:00,162.82,42.41
9f6d22a3-1,1,5d7f440d,4e1a3025,2025-03-09 15:48:00,126.13,37.98
9f6d22a3-1,2,a35c6479,27a123b8,2025-03-09 15:48:00,259.86,37.59
f8fc9b99-7,1,c18b5129,df26257d,2025-06-04 18:11:00,46.42,37.09
f8fc9b99-7,2,4767d031,b1b8f796,2025-06-04 18:11:00,35.69,29.7
f8fc9b99-7,3,7ca12e2f,a2957b11,2025-06-04 18:11:00,75.33,39.26
bfe2a024-7,1,45104aa7,f027ff1e,2025-03-08 05:26:00,345.27,25.66
bfe2a024-7,2,acae5659,55441ad2,2025-03-08 05:26:00,444.28,13.03
bfe2a024-7,3,6c3d4a04,e123bc9f,2025-03-08 05:26:00,115.78,30.23
60d6beff-1,1,87953b9c,5708273d,2025-12-24 05:23:00,369.13,37.17
26642570-b,1,7ca12e2f,857c47d1,2025-05-30 09:03:00,126.75,30.06
e6db8bd0-e,1,ae2723a6,d3b5ede7,2025-10-20 11:47:00,193.74,17.42
e6db8bd0-e,2,a0ea4d65,5eb66b84,2025-10-20 11:47:00,140.05,23.22
e6db8bd0-e,3,3e00cd4d,2da6852f,2025-10-20 11:47:00,375.83,29.86
e6db8bd0-e,4,1ca67118,0ee1059e,2025-10-20 11:47:00,239.17,38.05
179ed4bd-c,1,3ec0f88d,1415b4c6,2025-05-25 21:32:00,27.06,19.65
cd0f12a5-c,1,671b4fed,2aefc84c,2025-09-01 15:10:00,126.86,29.18
6b4f3d48-9,1,73ae90c5,85127cbd,2025-02-11 15:07:00,27.86,34.27
6b4f3d48-9,2,5d7f440d,18db4509,2025-02-11 15:07:00,186.6,33.15
6b4f3d48-9,3,040b7928,951b4daf,2025-02-11 15:07:00,314.2,41.87
f0f9c55c-9,1,17e5d58b,3ecb1ea4,2025-06-23 21:59:00,191.11,42.99
f0f9c55c-9,2,85b148ec,96d257cf,2025-06-23 21:59:00,73.77,22.57
7718cfa7-6,1,444631da,72578be6,2025-02-28 04:00:00,273.48,26.54
97778024-6,1,8ee662e2,2a041f0f,2025-10-06 21:37:00,267.68,36.63
e50896b9-8,1,c024873d,df11d096,2025-07-27 19:49:00,197.15,18.72
419014cf-0,1,32d9c356,5c754fdc,2025-12-13 23:06:00,152.07,17.68
80378e65-4,1,83ffdcdd,9b4c8f3c,2025-06-28 07:31:00,115.07,30.69
80378e65-4,2,73ae90c5,26f8e03c,2025-06-28 07:31:00,106.0,31.09
ec02cd04-5,1,fa0c448e,89c21ebd,2025-07-12 04:47:00,96.87,30.2
e3a9c145-4,1,dc1cad4b,a12ba317,2025-06-03 22:55:00,378.56,19.27
266e2e05-0,1,d0fd83ca,94dd56bf,2025-09-13 06:43:00,31.07,36.15
9e29306b-e,1,11b5ce57,4dd5b7b1,2025-10-27 13:29:00,439.85,20.45
1cfd61bb-f,1,ed213a56,bd16888a,2025-11-14 12:06:00,164.26,15.61
91d5ff94-7,1,ed213a56,a99f6fa1,2025-10-30 03:59:00,142.6,12.05
91d5ff94-7,2,19c7a2a5,81f6ee36,2025-10-30 03:59:00,435.37,19.61
df6b7283-9,1,026bf726,125b263c,2025-04-25 01:30:00,213.5,24.8
b66b6eed-1,1,5b76386b,63bfaedc,2025-02-26 12:20:00,149.07,10.6
533beb48-b,1,7de3f7af,4b7a54eb,2025-06-24 14:35:00,424.29,22.25
533beb48-b,2,21c6d812,7abdbe7c,2025-06-24 14:35:00,316.99,28.32
533beb48-b,3,1a67a9ff,eab45883,2025-06-24 14:35:00,255.65,13.31
df626202-3,1,4c249fa5,9ceaee09,2025-09-14 17:39:00,127.34,43.35
df626202-3,2,ab6a864d,140d882c,2025-09-14 17:39:00,42.83,40.53
df626202-3,3,92a83e26,1f07b9c4,2025-09-14 17:39:00,292.61,18.81
5a142e68-b,1,71088410,af6a4aad,2025-06-26 11:12:00,108.31,41.27
fa719770-a,1,5414d82a,2a023fb4,2025-07-13 18:25:00,126.04,34.27
b339a734-4,1,63cb55c9,37b0ad2c,2025-01-08 01:47:00,118.72,39.87
6a00b73d-8,1,15e94fa2,e03debc9,2025-06-14 01:28:00,91.76,28.79
79cfc075-0,1,63cb55c9,ff86bbf5,2025-08-26 06:47:00,404.82,21.87
e3c38126-c,1,2a5ed824,e59b9572,2025-04-15 13:26:00,446.43,24.48
e3c38126-c,2,7ac70db9,50a1b822,2025-04-15 13:26:00,236.3,38.93
6848d23b-0,1,1a67a9ff,81c3cb9e,2025-12-13 23:15:00,410.96,39.06
7ea393d3-5,1,c024873d,a18a52c3,2025-11-02 23:44:00,316.54,26.34
1737cdef-e,1,ed213a56,9b978954,2026-01-06 12:00:00,126.88,43.63
1737cdef-e,2,82a623b9,8104b7da,2026-01-06 12:00:00,167.33,43.3
1737cdef-e,3,b9ebeafd,4ea19e2b,2026-01-06 12:00:00,35.33,12.47
3f40650c-3,1,41386a8b,29e3ac51,2025-09-16 14:22:00,398.39,29.3
b0bac6e5-d,1,ba99f4cc,58d756b5,2025-08-14 06:47:00,92.62,33.76
b0bac6e5-d,2,82a623b9,d661f66b,2025-08-14 06:47:00,262.72,30.48
f97c1069-0,1,e36d4b42,2eb913df,2025-10-13 20:06:00,420.82,14.21
d11fe52d-b,1,8742fdbe,4b6f28ae,2025-07-03 09:15:00,236.97,44.84
75d87fee-1,1,7c8eb5e3,0638f25b,2025-06-26 13:03:00,311.69,24.13
5876f922-c,1,18b2b5a9,29275fdc,2025-06-18 22:50:00,118.34,9.09
e27774e5-f,1,bb8a0b65,d40c8453,2025-02-22 04:09:00,437.01,18.6
be63a21e-b,1,ae6650c6,1f86a21b,2025-11-27 05:17:00,315.85,23.24
4da31967-e,1,c7d80541,9ced53e7,2025-04-29 10:14:00,174.08,40.91
45497e32-2,1,34bf6985,a43a6662,2025-08-25 07:11:00,344.39,41.77
45497e32-2,2,0edb474e,da836dda,2025-08-25 07:11:00,182.41,21.21
a08ac9ff-1,1,7ac70db9,ebc1a719,2025-03-03 10:07:00,442.07,8.31
cd707f76-2,1,2fde09c6,18d92e2f,2025-10-20 12:34:00,164.5,32.92
ed6e7ae6-2,1,343dcfd1,67793818,2025-11-03 13:41:00,395.3,17.12
f89da210-3,1,76252a44,a8d67097,2025-07-21 20:11:00,363.15,43.2
f332422c-a,1,1a67a9ff,09a98136,2025-02-13 18:12:00,378.27,14.39
d01a7592-8,1,af2aae2e,432a9a88,2025-06-26 16:41:00,199.05,13.9
dcb51e5f-e,1,63cb55c9,3e06f8aa,2025-02-20 12:17:00,423.25,37.77
9de9d553-3,1,dd9ea5e6,c3034967,2025-03-24 04:08:00,56.23,44.61
861484d9-7,1,34bf6985,df28eabf,2025-03-02 05:37:00,247.83,9.61
2ac47141-3,1,bd91e8ae,d6ba7620,2025-12-09 08:15:00,367.13,41.09
6d2e61df-9,1,c7d80541,017d47a7,2025-11-09 07:00:00,158.42,32.21
63f67c18-7,1,e2aac2dd,6fd91db4,2025-03-08 08:01:00,162.86,9.23
26aec254-f,1,25286f10,06ec0307,2026-01-04 07:21:00,291.12,43.57
26aec254-f,2,b131e4c7,1b047a93,2026-01-04 07:21:00,449.85,11.6
2e28f667-a,1,c6b454f7,ef74c076,2025-08-08 00:56:00,408.99,43.62
2e28f667-a,2,e31ba7d4,5dcf27ab,2025-08-08 00:56:00,352.46,13.33
2e28f667-a,3,ae6650c6,2fabb632,2025-08-08 00:56:00,79.83,33.36
5a3ef97e-b,1,943a1be7,833ad827,2025-04-13 12:49:00,285.52,38.47
5a3ef97e-b,2,0b14df53,f473f389,2025-04-13 12:49:00,269.38,33.54
6026d27e-3,1,6f1a0713,89115ae6,2025-04-04 12:00:00,339.11,21.67
c5b511d1-9,1,d8cc903c,e17918b5,2025-03-08 13:25:00,289.8,15.81
c14c12ac-0,1,b604b57b,911d48be,2025-11-21 11:54:00,308.8,22.66
c14c12ac-0,2,59105597,d47ef3f3,2025-11-21 11:54:00,188.1,21.01
c14c12ac-0,3,dfdbc83d,124013f5,2025-11-21 11:54:00,182.74,40.4
3a40a03e-1,1,056408d4,b0aa54db,2025-03-13 04:54:00,414.09,22.27
3a40a03e-1,2,1d6c8389,7f4c2fad,2025-03-13 04:54:00,413.83,23.29
3a40a03e-1,3,4fbb9951,9fa92c70,2025-03-13 04:54:00,306.23,29.03
3a40a03e-1,4,46130b9f,68fcc0a9,2025-03-13 04:54:00,228.15,19.86
96e6a57f-c,1,22af20fd,29c3c608,2025-01-12 22:20:00,240.36,21.65
7c08d6e1-9,1,87aa2d53,a745704b,2025-11-29 15:32:00,418.63,12.62
b15650db-3,1,b3cf73d5,13f7f03f,2025-08-15 19:24:00,367.45,43.22
d21d0f2b-d,1,64059073,b85d74ad,2025-03-18 07:26:00,115.35,17.41
88dfca45-f,1,7aac1942,51ce342e,2025-11-12 22:48:00,372.22,36.83
88dfca45-f,2,21155322,18a7a054,2025-11-12 22:48:00,85.03,43.59
88dfca45-f,3,5a677ab7,840b4264,2025-11-12 22:48:00,403.9,8.66
88dfca45-f,4,ea93ce95,f2a3dc5d,2025-11-12 22:48:00,231.25,33.08
59127972-5,1,fdfdede0,90289e70,2025-06-06 11:55:00,139.52,24.83
bea667a8-c,1,4fbb9951,0cd79aeb,2025-05-28 03:56:00,96.03,16.82
d7ecf732-c,1,17bbcd88,3fc572d1,2025-12-11 23:27:00,198.58,26.0
6290b7f2-2,1,eb85827d,0aadc563,2025-12-02 20:08:00,143.44,28.4
ea39e637-a,1,17d9bda9,17c1aed0,2025-09-02 17:11:00,324.53,37.08
2cb81ce1-2,1,f1a25060,71676848,2025-04-12 23:59:00,424.41,12.8
8ba3aa4b-5,1,f73320d2,b5ddccc3,2025-09-15 15:28:00,35.84,44.82
36931306-9,1,acae5659,7348b130,2025-04-11 02:06:00,324.27,15.02
36931306-9,2,e74981f9,2475ff7e,2025-04-11 02:06:00,268.36,22.66
36931306-9,3,5d8fa470,b62eb879,2025-04-11 02:06:00,227.8,38.79
36931306-9,4,25cbedf2,86b55517,2025-04-11 02:06:00,91.71,37.0
9dad26b7-8,1,86289f74,cb31b0dc,2025-12-24 20:44:00,209.48,25.57
b5a9075b-f,1,67b06d3d,3e587589,2025-05-11 21:37:00,71.9,31.64
6f3e6d1f-8,1,c6b454f7,dbf4c974,2025-06-13 13:05:00,194.01,44.52
53c93c2c-1,1,215571b7,007a55b6,2025-02-09 16:48:00,108.63,23.33
3f6a3ea9-b,1,45104aa7,5850aea2,2025-05-01 18:20:00,440.49,29.67
3f6a3ea9-b,2,18b2b5a9,9d4d0ba2,2025-05-01 18:20:00,64.92,28.73
2126cae6-c,1,2ce3ae86,164934a5,2025-11-25 10:40:00,227.03,23.63
ee8289c4-a,1,d0fd83ca,7a1ac508,2025-09-21 18:24:00,263.03,34.2
ee8289c4-a,2,72b33988,0ad9e2db,2025-09-21 18:24:00,287.76,13.69
6c4e771b-9,1,2942d890,bbbad25c,2025-12-02 03:01:00,305.5,30.06
e4ea7323-9,1,ab6a864d,a230354a,2025-02-18 10:31:00,348.74,36.16
d354c5b4-4,1,b95998dd,0bfc88df,2025-08-21 03:40:00,289.56,21.06
3c1f86d5-b,1,4715402d,d9c656e0,2025-03-27 21:11:00,199.24,34.04
3c1f86d5-b,2,4dae095f,bde8581c,2025-03-27 21:11:00,284.33,38.2
c50dab34-0,1,4fbb9951,9422e625,2025-08-27 03:37:00,391.12,17.47
871f064a-9,1,c587f345,008eff90,2025-08-31 11:43:00,407.89,37.12
60473503-8,1,64e7c9dc,b3bd1c37,2025-09-09 10:03:00,275.68,17.5
b8c950b9-d,1,cd04d99b,47be5df0,2025-11-24 21:40:00,274.4,25.81
c86ae998-3,1,8fb9b9d4,e64d59a8,2026-01-03 13:38:00,214.87,35.78
cfbdedcd-8,1,dd59ea80,843b6ac1,2025-07-24 13:32:00,183.28,44.59
5a1dbb68-d,1,259a60e5,65aa29ef,2025-03-20 11:20:00,227.98,19.85
369e52cd-a,1,4b9fe1f9,2572c718,2025-10-19 02:47:00,298.82,19.01
3c1b4e42-7,1,7ee46027,9e8df381,2025-08-06 23:43:00,300.47,32.8
3e076d75-b,1,25286f10,b0e94f80,2025-04-06 14:21:00,268.63,10.35
c25ef11f-0,1,12b1c297,1448e44c,2025-07-30 06:01:00,359.76,9.99
88ba5721-b,1,24a1c73a,37fd82aa,2025-08-22 16:29:00,54.33,35.41
88ba5721-b,2,efbe5223,013aecc8,2025-08-22 16:29:00,347.84,41.0
88ba5721-b,3,dd59ea80,77befc9f,2025-08-22 16:29:00,395.04,33.45
29fc8490-e,1,42986a86,a666c116,2025-11-25 07:38:00,224.99,31.26
6de5f9ff-a,1,17d9bda9,9342a0a7,2025-11-06 10:37:00,318.18,20.38
1eeee808-1,1,f3583162,d9e83b79,2025-11-01 22:49:00,279.91,30.25
1eeee808-1,2,a0ea4d65,1502dd8a,2025-11-01 22:49:00,156.66,34.04
1eeee808-1,3,55ba7e8c,96cdaa93,2025-11-01 22:49:00,438.67,42.81
1eeee808-1,4,e1c6fa6e,0e6b7571,2025-11-01 22:49:00,36.59,12.71
9d0f3434-4,1,02e52845,2ce09be1,2025-02-28 06:08:00,369.69,23.57
e1840322-b,1,e36d4b42,f9f9864d,2025-10-12 17:18:00,337.7,44.66
f2035e38-c,1,cf55c767,4f338fef,2025-12-30 20:41:00,220.72,32.66
f2035e38-c,2,efbe5223,75a35a90,2025-12-30 20:41:00,161.16,30.2
e1010a7c-b,1,92ebab06,08d2341e,2025-07-10 04:44:00,99.81,37.0
f5b75e23-3,1,7ad28f77,a1f9c6da,2026-01-06 05:38:00,251.28,24.24
9c64fa6f-e,1,e0125e51,366365dc,2025-07-16 23:57:00,425.3,23.19
474c00c2-5,1,a69afd9f,b3b671f7,2025-08-05 08:43:00,121.74,36.05
aa2fe9e0-7,1,508bf8ab,5b5bef3b,2025-12-22 01:33:00,223.88,22.92
63a2b796-4,1,c7d80541,1da96b70,2025-07-04 00:47:00,154.23,8.39
81527484-7,1,215571b7,b6a9a88a,2025-12-20 13:31:00,49.53,15.85
065171b9-8,1,edeebea4,712e59bb,2025-08-12 12:12:00,120.37,16.11
52fafb5e-f,1,1f27dff3,c41cdd99,2025-05-27 23:36:00,82.95,40.02
67737a24-4,1,e0125e51,035de647,2025-03-05 19:59:00,141.22,28.33
cc9f232e-c,1,ad3fe261,bf6b480e,2025-06-15 01:20:00,124.84,12.83
2ffc4765-2,1,7ca12e2f,ea84aa17,2025-09-07 20:36:00,428.02,26.01
6072704e-4,1,64e7c9dc,a9950e89,2025-10-25 17:48:00,341.85,25.93
863f9552-7,1,e44dc6e0,001aa1a8,2025-04-20 19:28:00,235.09,30.04
e9aa7f50-6,1,623da73e,f1693775,2025-07-10 14:07:00,125.13,17.71
e9aa7f50-6,2,11b5ce57,2264b664,2025-07-10 14:07:00,43.07,24.1
3c2d06b3-8,1,82a623b9,6a66dd50,2025-06-28 15:16:00,49.52,16.22
6c94bf51-8,1,d8012882,607b8551,2025-08-21 11:24:00,219.05,21.81
6c94bf51-8,2,c39c1db2,339fca3c,2025-08-21 11:24:00,384.03,16.17
165da42e-4,1,432acc63,e531f70d,2025-01-20 01:20:00,167.55,12.19
e7e86826-b,1,fdfdede0,768e11b2,2025-06-19 17:23:00,112.49,19.21
ef6c4572-a,1,5b76386b,37c8404e,2025-12-08 23:55:00,422.92,41.68
a94ab82f-d,1,ea4ef1a7,90fc8b94,2025-04-19 11:56:00,420.73,38.38
a94ab82f-d,2,135ab652,1039c79f,2025-04-19 11:56:00,23.76,22.65
a94ab82f-d,3,82a623b9,f1669b6d,2025-04-19 11:56:00,234.14,35.02
1fddec1e-6,1,056408d4,d655216d,2025-10-01 15:35:00,78.64,33.96
ae2d4bf9-2,1,83ffdcdd,439cd50a,2025-08-11 07:03:00,330.26,40.1
e0c76a65-f,1,0203ff6f,768a3b8f,2025-10-24 15:42:00,439.6,37.27
aaa3d1c4-b,1,92a83e26,8a956e2d,2025-12-10 01:28:00,313.53,8.64
aaa3d1c4-b,2,85b148ec,95841f7b,2025-12-10 01:28:00,281.29,34.29
aaa3d1c4-b,3,1f27dff3,cd2e6554,2025-12-10 01:28:00,191.07,13.47
1b35fac2-b,1,ac092b61,88d043d8,2025-06-03 12:15:00,200.03,12.48
c07d5b94-b,1,72b33988,0aa1e2d2,2025-04-20 18:35:00,54.39,40.53
fc3f7a0a-2,1,2ce3ae86,f453231f,2025-01-23 16:42:00,158.26,19.67
12d0d808-a,1,f73320d2,d1f01705,2025-10-14 00:23:00,284.09,25.66
21df6f7e-c,1,2fde09c6,dc30f91b,2025-04-27 19:23:00,385.64,23.12
cd1fa135-b,1,63a33f6d,e70dfa59,2025-02-08 04:34:00,354.9,38.63
d8113f69-3,1,46247658,16f88c4c,2025-04-30 14:36:00,89.23,11.13
d8113f69-3,2,2ec4191e,9406dfac,2025-04-30 14:36:00,59.99,16.93
d8113f69-3,3,8c4d1c4c,43228fcc,2025-04-30 14:36:00,314.49,28.96
d8113f69-3,4,dfdbc83d,c564c150,2025-04-30 14:36:00,176.81,15.98
6c41d6bc-6,1,42ac8785,1da8d9bd,2025-12-21 16:13:00,248.04,23.75
6fb03df8-b,1,45104aa7,9b6a66f7,2025-09-06 15:23:00,141.42,38.0
6fb03df8-b,2,8742fdbe,ce56a012,2025-09-06 15:23:00,425.4,36.02
3a84bd8a-8,1,cb2a336f,936cc6fc,2025-03-13 11:00:00,314.47,37.71
ef91d7c4-f,1,508bf8ab,0773d6fa,2025-11-16 23:32:00,411.7,37.82
13a3d1b6-1,1,02e52845,020589cb,2025-03-24 06:21:00,288.74,9.72
d8b00092-e,1,1bef1134,d2c65b40,2025-01-14 09:05:00,267.24,12.33
d8b00092-e,2,259a60e5,ecdaf6cc,2025-01-14 09:05:00,20.99,32.83
d8b00092-e,3,35b07f2f,39ca1370,2025-01-14 09:05:00,348.44,38.42
57513100-6,1,c2a0ed70,995cf0fc,2025-11-24 12:27:00,206.6,32.21
455aac45-8,1,72b33988,448e3cde,2025-06-14 10:35:00,270.42,12.81
455aac45-8,2,21c6d812,e4cdd0cf,2025-06-14 10:35:00,25.05,40.34
455aac45-8,3,fdfdede0,ed12cd0b,2025-06-14 10:35:00,285.99,9.37
d80f8fc2-2,1,026bf726,9429178e,2025-06-12 19:15:00,426.26,42.05
6bb3c97b-1,1,2a4d40ff,c41efe36,2025-04-27 12:18:00,350.48,41.9
e3064534-0,1,30b713c0,693b7570,2025-04-29 07:22:00,133.38,31.53
3aa7ebab-1,1,7bfdad86,e1a1f1f8,2026-01-04 13:25:00,332.39,17.61
09ad2d81-8,1,4c249fa5,ea269816,2025-01-15 08:44:00,381.34,11.87
40e52dca-9,1,edc1d87a,6dc6ec25,2025-08-18 01:36:00,429.3,26.54
983e0f12-d,1,259a60e5,a94f79b8,2025-10-20 03:14:00,277.19,33.14
e809f539-8,1,346d75cc,83423c77,2025-02-02 03:24:00,175.82,16.57
c7675210-8,1,15e94fa2,cf8f2170,2025-03-02 04:28:00,357.18,42.93
db4714cb-a,1,8c2dc506,03bc8793,2025-11-29 18:19:00,296.69,30.83
230a69c7-3,1,22af20fd,04e34fb4,2025-05-04 20:14:00,403.81,14.38
230a69c7-3,2,edb8f78e,effff6da,2025-05-04 20:14:00,130.3,41.6
230a69c7-3,3,9ae01382,3b5d71ac,2025-05-04 20:14:00,209.79,41.18
6b9a9950-b,1,30b713c0,b2bdacee,2025-05-21 08:49:00,138.51,20.77
656d276c-e,1,46247658,7cb23886,2025-11-08 13:47:00,362.2,12.24
58498b0e-f,1,0192baf0,3615c056,2025-05-16 19:32:00,366.47,24.44
eba55f25-5,1,e0125e51,ed06183b,2025-03-31 09:57:00,137.37,33.01
5710c1c4-e,1,d1310ac6,04c8a4e6,2025-05-24 00:50:00,82.39,21.07
b781218d-b,1,c766242f,ac993df6,2025-04-17 04:52:00,247.01,42.74
b781218d-b,2,e5ae839e,29448d76,2025-04-17 04:52:00,164.93,39.17
2bf5b1be-b,1,dbd26aa1,fac61d09,2025-05-25 04:55:00,174.99,41.4
0cb94b53-8,1,bacdb118,459dd59d,2025-09-24 08:41:00,80.81,14.96
d9254380-6,1,578b6230,b5a9c141,2025-12-11 05:42:00,422.29,35.13
63ade697-e,1,d7fc0a60,b570cc59,2025-08-02 15:10:00,210.24,41.89
63ade697-e,2,35b07f2f,c9887a75,2025-08-02 15:10:00,205.95,24.07
fb86f497-8,1,4ebc1480,a8d1fdf4,2025-09-23 03:37:00,293.47,24.94
69d92506-b,1,572684f3,02ebddac,2025-03-24 18:18:00,357.5,15.45
74d2f933-7,1,e8f2b837,24d56853,2025-11-28 15:10:00,410.77,20.22
b0d36fd0-9,1,fcd95cf7,c802d0b1,2025-08-18 20:32:00,407.34,34.32
39276f8d-9,1,5d8fa470,65edd956,2025-11-07 00:21:00,111.4,15.39
72dfe611-0,1,40663e45,7127ebdb,2025-02-24 16:01:00,250.14,8.42
76ecdb39-9,1,7ac70db9,d7506d25,2025-03-16 17:03:00,430.44,10.66
492b8a8a-6,1,e5ae839e,dc70ab35,2025-12-14 07:36:00,225.84,17.62
492b8a8a-6,2,9e445642,aad2fb41,2025-12-14 07:36:00,389.21,29.45
492b8a8a-6,3,cf55c767,2bcc74ad,2025-12-14 07:36:00,24.35,21.97
9ccf7585-5,1,25286f10,e970ad36,2025-08-09 05:15:00,428.5,23.18
6d55c51c-7,1,c076efd0,dc3a045a,2025-09-16 17:40:00,60.57,36.93
10962455-7,1,21155322,6c1daf8a,2025-05-11 10:02:00,48.66,40.06
b333ea1e-f,1,8c2dc506,31d4a709,2025-12-05 00:25:00,449.49,25.67
f624b1e5-9,1,5d8fa470,44695d83,2025-08-10 16:25:00,108.27,28.44
51fe9b23-c,1,f1a25060,ce701bad,2025-12-16 05:07:00,219.9,15.25
1cf07ebc-6,1,41386a8b,c8419896,2025-02-17 08:48:00,26.38,9.93
9cd05add-0,1,d8cc903c,27738922,2025-01-26 15:00:00,374.02,41.03
98490255-e,1,acae5659,495fedae,2025-10-06 16:39:00,246.83,40.92
66fa457a-8,1,01b22555,04a29b1d,2025-04-22 05:08:00,434.37,20.14
feedc291-c,1,ae28a23e,68dca59b,2025-12-15 21:15:00,141.86,31.71
fc49126b-b,1,46247658,b2eaddc0,2025-06-14 11:38:00,90.56,44.35
2eac1bd7-0,1,7ac70db9,a5e7f637,2025-08-04 19:53:00,297.02,18.37
39672865-d,1,21155322,3c9138dd,2025-10-09 15:23:00,283.43,10.01
1e980deb-4,1,b27e8c45,5bb9be1b,2025-03-21 03:40:00,16.03,15.14
1e980deb-4,2,227bd523,0235bfdd,2025-03-21 03:40:00,62.85,36.02
f78d8e19-7,1,a490f0cd,8e9701be,2025-05-21 00:07:00,445.21,41.99
2fa1b9a9-7,1,dce37340,fa8ebd3f,2025-08-16 05:11:00,338.31,12.83
d553eae2-f,1,c18b5129,adf58bf1,2025-05-02 07:07:00,429.74,15.04
90522957-7,1,c587f345,fe186201,2025-12-25 14:07:00,35.1,36.21
d9103889-2,1,73ae90c5,2abefc7c,2025-10-26 11:01:00,17.47,38.71
7b467087-1,1,ae28a23e,23828bb1,2025-08-19 07:40:00,52.86,37.59
a17247fa-4,1,e930d17d,37319af2,2025-03-03 07:41:00,355.77,21.93
a17247fa-4,2,b721a513,5452f285,2025-03-03 07:41:00,38.63,23.33
a17247fa-4,3,e31ba7d4,2f40f966,2025-03-03 07:41:00,24.44,18.91
a77d3d4a-b,1,02e52845,5d47a49d,2025-08-19 14:18:00,52.17,20.47
ceb7e352-4,1,4715402d,cc36e780,2025-12-21 19:59:00,443.49,19.69
40d85f15-3,1,b721a513,a0a817b9,2026-01-01 16:38:00,222.65,11.92
40d85f15-3,2,ae6650c6,c4467f16,2026-01-01 16:38:00,55.72,17.55
a4f24eee-1,1,7c16586a,e9ccf492,2025-06-04 22:51:00,109.32,41.87
a4f24eee-1,2,7ee46027,ff5c110c,2025-06-04 22:51:00,208.0,42.15
a4f24eee-1,3,17d9bda9,4832d882,2025-06-04 22:51:00,404.63,40.74
542379ac-2,1,13f00340,60615a10,2025-01-06 21:26:00,299.77,28.08
b5f954be-2,1,aef5d53f,aea4eb8d,2025-05-16 00:57:00,215.76,22.32
32410e57-9,1,ae2723a6,16ee5569,2025-12-16 04:28:00,289.69,32.05
646efc9c-4,1,c7d80541,41d90b6d,2025-05-11 10:30:00,28.33,29.08
4532ca42-7,1,63cb55c9,267e16f7,2025-03-13 12:46:00,385.53,10.78
2175f03c-6,1,2ec4191e,a8a7b602,2025-05-24 22:11:00,152.94,18.79
3003df4e-8,1,a65474a3,38fb4ded,2025-05-26 16:09:00,69.94,10.71
0fd6d58c-7,1,f73320d2,6fc18e2c,2025-07-29 01:14:00,281.82,16.81
8250216d-8,1,06697ada,078e1c86,2025-03-22 02:54:00,57.87,24.03
8934ca8b-6,1,671b4fed,b5ee8c8d,2025-06-16 00:27:00,59.98,33.57
efda4393-e,1,67b06d3d,030e6ecb,2025-04-30 20:43:00,290.24,36.01
efda4393-e,2,c7d80541,94c5af69,2025-04-30 20:43:00,426.72,28.1
ab114f47-c,1,e930d17d,46bdf1f8,2025-10-28 21:47:00,113.93,8.51
06b0f271-6,1,67b06d3d,16b56fa4,2025-05-28 20:18:00,118.58,33.98
06b0f271-6,2,36dcbb7e,4fa8c57c,2025-05-28 20:18:00,443.79,38.7
7aaa8ac1-5,1,e5ae839e,4cbdca3e,2025-08-15 19:30:00,82.96,43.19
cf385106-9,1,e8f2b837,dba0463b,2025-12-31 15:51:00,360.9,15.93
742e601c-6,1,f30d14a5,9c45f265,2025-06-22 19:25:00,335.92,21.26
6578ea4e-3,1,1a67a9ff,24cda8eb,2025-12-08 11:02:00,245.83,24.54
4a92b7fc-0,1,671b4fed,30fefccc,2025-01-31 12:13:00,48.48,42.78
4a92b7fc-0,2,1d6c8389,7619a235,2025-01-31 12:13:00,54.32,20.81
fbc991cd-9,1,aba91719,89e82fd1,2025-12-25 23:46:00,238.07,41.0
4d7bfc72-c,1,068b1543,1dd3a550,2025-10-05 23:47:00,53.73,12.54
8857cb64-1,1,a35409cd,7dead8c0,2025-11-10 04:56:00,95.64,22.44
9ea0031e-f,1,fcd95cf7,4e9b7323,2025-01-07 22:45:00,199.71,33.5
9ea0031e-f,2,584eb8cb,beea5b54,2025-01-07 22:45:00,431.72,17.66
65eab05c-9,1,06697ada,62d9e04e,2025-12-06 22:31:00,319.3,39.93
ed9202ac-9,1,91a01fb1,b3b4213b,2025-03-24 00:38:00,128.49,21.68
4db917f3-c,1,cb2a336f,36b4e5b4,2025-11-18 22:39:00,448.42,13.03
4db917f3-c,2,cb2a336f,123ffcbf,2025-11-18 22:39:00,113.41,40.19
4db917f3-c,3,ad3fe261,06e89ae8,2025-11-18 22:39:00,390.63,29.26
4db917f3-c,4,dac043c1,be67769c,2025-11-18 22:39:00,314.75,35.35
74291b00-3,1,dc1cad4b,b021de53,2025-11-13 22:38:00,106.72,29.64
74291b00-3,2,ea93ce95,4ccbc6f9,2025-11-13 22:38:00,79.8,27.26
b23b7dcd-c,1,c909b752,ed2806fd,2025-02-11 04:37:00,59.36,40.86
2a35bfd7-c,1,7c8eb5e3,c5154b86,2025-01-31 03:01:00,92.48,17.62
2a35bfd7-c,2,cd04d99b,9ba4e2fb,2025-01-31 03:01:00,136.33,27.44
2a35bfd7-c,3,671b4fed,db196430,2025-01-31 03:01:00,324.49,40.44
563b1628-9,1,b7259473,4e3e85ed,2025-03-11 05:14:00,242.82,19.9
d78144f6-2,1,c7d80541,e370af0a,2025-10-27 09:13:00,443.03,44.07
2b230501-7,1,5d0203f7,4d4dbb8c,2025-04-21 15:39:00,199.55,43.01
2b230501-7,2,72b33988,2c7bc989,2025-04-21 15:39:00,95.82,21.9
2b230501-7,3,27dbfee3,f50dcf46,2025-04-21 15:39:00,239.4,30.84
f40e1643-3,1,06d10537,158b80a1,2025-02-09 11:06:00,132.43,30.15
f40e1643-3,2,0edb474e,5f1bc620,2025-02-09 11:06:00,357.23,37.75
8ad9c7d6-0,1,4b9fe1f9,79381c63,2025-08-21 20:17:00,359.94,24.48
74a2a4fc-7,1,aba91719,24fcb4a4,2025-07-27 05:19:00,398.81,8.56
30bb7672-9,1,59105597,0d70299f,2025-06-19 20:32:00,305.2,36.83
f40320fc-1,1,e36d4b42,bd16e375,2025-12-05 23:14:00,332.18,27.79
f40320fc-1,2,25449731,919800d4,2025-12-05 23:14:00,224.34,44.09
e1771dc7-d,1,2a5ed824,f9aaad59,2025-07-06 07:29:00,399.65,37.85
9c4953c1-4,1,bcf2bce8,1e7219ee,2025-01-14 12:26:00,107.73,41.5
270143f0-a,1,b25c0395,b0bd05c5,2025-02-10 22:27:00,161.58,16.15
270143f0-a,2,3e00cd4d,37ad6e70,2025-02-10 22:27:00,228.18,34.88
270143f0-a,3,2fde09c6,67f94aac,2025-02-10 22:27:00,126.2,10.11
270143f0-a,4,aba91719,8486bd0b,2025-02-10 22:27:00,229.41,10.86
9ef72c46-b,1,b3cf73d5,c49c70e5,2025-04-26 15:36:00,57.42,27.92
76b9ab38-7,1,55ba7e8c,c9060267,2025-07-14 16:08:00,375.23,24.6
667a8ed5-1,1,2a5ed824,0e87a0d9,2025-08-14 17:17:00,41.37,23.71
667a8ed5-1,2,cb2a336f,3814425f,2025-08-14 17:17:00,378.0,29.29
b410961d-c,1,63a33f6d,c732f719,2025-04-28 12:51:00,444.18,41.54
5c66198b-2,1,2a5ed824,ce01595e,2025-10-13 21:38:00,19.86,44.2
5c66198b-2,2,b721a513,9896f5c1,2025-10-13 21:38:00,262.24,35.88
5c66198b-2,3,b3cf73d5,f7e51a70,2025-10-13 21:38:00,249.73,37.63
5c66198b-2,4,0b14df53,00215959,2025-10-13 21:38:00,135.79,24.11
fd0471b5-5,1,1fa19b01,a0cfc900,2025-10-08 02:52:00,29.62,19.64
3ec62b97-3,1,2a4d40ff,16ca5853,2025-07-10 02:57:00,197.62,37.51
3ec62b97-3,2,40663e45,960f568a,2025-07-10 02:57:00,19.18,37.12
3ec62b97-3,3,c173b5e1,44b42c8d,2025-07-10 02:57:00,65.91,22.56
309bc433-e,1,e2aac2dd,afad9808,2025-06-16 19:47:00,46.13,40.72
4cd755cd-5,1,5414d82a,b6f0c869,2025-11-24 17:03:00,355.79,18.06
51ffc31d-d,1,d25a7b66,f8316b97,2025-09-28 08:00:00,325.25,17.43
a6135b8d-1,1,ac092b61,cff2dc56,2025-08-30 12:33:00,89.12,23.03
a6135b8d-1,2,d1310ac6,d827c9da,2025-08-30 12:33:00,447.18,28.41
4dab1bdb-0,1,b9ebeafd,b8325c8d,2025-05-30 12:27:00,51.17,15.12
f27a452d-e,1,f3583162,3a847c08,2025-02-15 02:32:00,168.51,33.21
f27a452d-e,2,36dcbb7e,b2ff24b3,2025-02-15 02:32:00,41.05,32.98
bcf00741-2,1,bacdb118,ee0a6c48,2025-11-10 00:19:00,352.51,17.5
e6ff6176-7,1,59105597,a7ba3b56,2025-09-09 15:54:00,287.24,33.56
e6ff6176-7,2,e74981f9,c579c049,2025-09-09 15:54:00,352.95,13.78
a2a99201-b,1,dd9ea5e6,667662c9,2025-07-30 15:03:00,125.48,18.82
631010fe-3,1,ff0dac41,ca702e63,2025-05-30 11:48:00,51.54,32.58
cef3185a-4,1,8ff0f5a7,65073a2e,2025-02-09 02:54:00,424.65,33.27
19e96ff3-4,1,2a4d40ff,b52fd0c1,2025-11-06 22:10:00,440.92,11.42
c053b488-0,1,e8f2b837,1c873389,2025-06-08 16:58:00,264.88,19.45
defd4472-7,1,8b02e1d3,00ea212a,2025-08-01 07:56:00,230.03,8.68
339ad61d-0,1,fdfdede0,f3361ae3,2025-07-28 21:40:00,219.46,15.61
8e7f585d-c,1,c39c1db2,d0d2b3d8,2025-05-13 08:54:00,212.74,23.67
6fd92452-1,1,81b3a025,11ab9d55,2025-06-11 14:27:00,316.05,11.02
6fd92452-1,2,bd91e8ae,5c43a149,2025-06-11 14:27:00,276.6,41.08
6fd92452-1,3,141650f5,18b74067,2025-06-11 14:27:00,180.54,17.37
ffac0069-8,1,96559be2,dc357b34,2025-12-04 19:13:00,230.85,42.35
f441778d-b,1,ad14c942,2453bb54,2025-07-06 13:48:00,382.89,24.13
4ddb4058-8,1,71088410,8eff8587,2025-08-06 15:02:00,356.52,25.67
b887c69c-6,1,18555030,3f4851a4,2025-03-03 08:02:00,425.92,10.05
b887c69c-6,2,efbe5223,8b71508d,2025-03-03 08:02:00,448.27,35.75
f272f067-a,1,c39c1db2,e0a30965,2025-05-17 19:18:00,154.51,38.05
9859b64a-e,1,c18b5129,44687a0e,2025-04-26 15:16:00,132.05,20.46
9859b64a-e,2,c076efd0,372ebb68,2025-04-26 15:16:00,323.64,32.22
9859b64a-e,3,11b5ce57,7b2b9241,2025-04-26 15:16:00,424.87,42.76
f31215c4-7,1,b25c0395,85d1dd74,2025-04-23 07:52:00,26.48,28.92
848d2100-f,1,17d9bda9,de5e0fb3,2025-01-11 21:28:00,71.87,31.13
848d2100-f,2,7ad28f77,b0fa3c48,2025-01-11 21:28:00,221.54,29.16
848d2100-f,3,026bf726,22b92051,2025-01-11 21:28:00,398.12,26.43
59881753-f,1,e31ba7d4,f291a859,2025-03-27 23:56:00,367.77,27.99
bed1705e-9,1,432acc63,17f87a53,2025-06-11 08:34:00,100.5,21.33
85f82907-d,1,18555030,7e21d61e,2025-11-10 12:51:00,311.13,17.47
4676b037-e,1,35b07f2f,328689eb,2025-08-09 09:36:00,268.14,8.8
7be77a64-5,1,8c4d1c4c,1430ee04,2025-11-12 05:22:00,281.68,27.62
831d4b9e-8,1,6c3d4a04,5b8c71d9,2025-03-19 06:03:00,100.55,35.91
36dbe371-6,1,56c23881,890035d7,2025-03-19 06:49:00,264.78,34.5
36dbe371-6,2,71088410,efb4a909,2025-03-19 06:49:00,286.23,11.61
11365777-6,1,01b22555,2d8359ca,2025-12-16 18:40:00,263.98,19.12
227f0be3-f,1,0b14df53,5b6164b0,2025-02-09 03:34:00,204.07,21.22
227f0be3-f,2,4f06f5f6,12337b80,2025-02-09 03:34:00,56.71,11.04
227f0be3-f,3,a01c84b0,1cfe7100,2025-02-09 03:34:00,26.96,14.98
242748c1-4,1,4fbb9951,fd122022,2025-11-10 12:27:00,264.67,42.31
229c071e-c,1,e44dc6e0,31379612,2025-09-09 11:56:00,182.43,25.54
3d3fcb20-9,1,b5c58c9d,61ece9f7,2025-11-23 17:40:00,395.28,25.57
3d3fcb20-9,2,e36d4b42,cf3e0385,2025-11-23 17:40:00,312.45,10.93
28f6b081-d,1,17bbcd88,a0c90a00,2025-02-13 12:10:00,207.93,30.43
8318d85d-f,1,d8bd785c,2be70ada,2025-06-11 21:49:00,77.46,43.3
d90869e2-d,1,d424c64b,9cd03bdc,2026-01-03 15:37:00,389.37,10.93
44619b7a-9,1,edb8f78e,22d59808,2025-03-31 16:31:00,37.62,8.67
d297740d-4,1,d1310ac6,7c365b79,2025-03-31 19:24:00,58.64,19.72
7f5f2691-c,1,e1c6fa6e,eb901544,2025-01-31 04:01:00,215.18,11.78
a3495830-7,1,4767d031,79e08cc2,2025-05-29 07:50:00,198.71,24.2
9ad9cee4-d,1,6c3d4a04,be541873,2025-04-29 11:20:00,302.85,9.12
2cf62f58-9,1,1ca67118,8ccdaad1,2025-07-14 12:28:00,329.9,34.49
f336ec5e-3,1,844c0629,30af9696,2025-04-13 02:57:00,449.53,8.25
f336ec5e-3,2,c909b752,60c6ff45,2025-04-13 02:57:00,321.95,33.91
f336ec5e-3,3,bb2dcad1,dce0c722,2025-04-13 02:57:00,107.7,15.88
a0c97acb-7,1,c6b454f7,d2aa5736,2025-11-26 21:02:00,261.07,23.31
a4504122-e,1,af7c3d3f,da57dd9c,2025-03-27 05:46:00,195.93,15.72
a5e1a1f9-c,1,cf55c767,8b5428b1,2025-12-26 18:27:00,439.49,18.02
2104a8ed-9,1,34bf6985,4aa022e8,2025-01-27 08:53:00,324.38,9.14
3e4b19f9-f,1,fdfdede0,1e0fd21b,2025-06-28 01:05:00,425.52,30.62
f6418891-8,1,ebdd156e,86ec83d2,2025-03-24 15:25:00,361.56,44.3
f6418891-8,2,2ce3ae86,f75e6194,2025-03-24 15:25:00,448.56,30.46
6d469a85-c,1,13f00340,b08e7bd6,2025-06-22 08:58:00,220.4,8.3
cb044049-2,1,b27e8c45,00bca5aa,2025-06-13 12:55:00,195.54,12.06
cb044049-2,2,25449731,2a98e6af,2025-06-13 12:55:00,161.82,17.54
656bdec0-9,1,a0ea4d65,4cba7ad2,2025-09-18 03:50:00,181.47,21.66
656bdec0-9,2,bdb03f62,15c2aafc,2025-09-18 03:50:00,24.16,10.8
aab9840f-0,1,bcf2bce8,b0b81986,2025-06-24 11:58:00,228.98,28.29
e853b801-e,1,30b713c0,f0454334,2025-05-24 23:18:00,348.1,35.7
2686de7e-f,1,acae5659,d0434158,2025-10-04 17:03:00,205.64,26.94
2686de7e-f,2,b3cf73d5,3f881d81,2025-10-04 17:03:00,441.06,40.63
7e6d5b34-5,1,8c2dc506,98dc6ef8,2025-11-18 14:02:00,304.4,12.31
bc86fadf-7,1,5398e4a2,f0b66074,2025-12-09 17:05:00,407.23,16.14
77b5cc8f-9,1,a2ee6258,7985fc85,2025-03-25 21:59:00,335.68,33.28
df0c9d75-5,1,a0683d93,cd3899b2,2025-08-29 02:20:00,166.32,43.58
0da96e87-4,1,46130b9f,622f01aa,2025-08-23 15:35:00,213.6,11.8
0da96e87-4,2,35b07f2f,640413da,2025-08-23 15:35:00,415.63,25.84
0da96e87-4,3,1ca67118,3a5dfdb2,2025-08-23 15:35:00,203.56,26.06
0da96e87-4,4,8492863a,58f1f22c,2025-08-23 15:35:00,277.79,13.89
3534101b-f,1,7de3f7af,5bab3be7,2025-11-02 03:16:00,172.64,24.74
3534101b-f,2,b617be37,bad9cf75,2025-11-02 03:16:00,339.22,31.02
2811c833-a,1,858d2ce8,fc5b50ff,2025-08-10 14:58:00,89.2,36.5
ac741f76-3,1,5d8fa470,e35dfd41,2025-05-23 09:44:00,445.2,27.96
52053ec5-3,1,8ee662e2,ec8f9438,2025-03-31 10:48:00,195.5,35.49
fe1b3dc1-c,1,43835fbf,28bae80d,2025-03-23 11:31:00,327.19,35.2
044e819c-2,1,4179340c,ccba3d25,2025-08-28 01:14:00,153.35,22.48
044e819c-2,2,17e5d58b,5be5f004,2025-08-28 01:14:00,342.68,24.12
7d54363f-4,1,27dbfee3,7830d2be,2025-08-01 11:34:00,72.75,21.31
795f4250-0,1,c2a0ed70,9a8fe32a,2025-04-12 04:51:00,171.42,37.79
48bb4913-6,1,0edb474e,2e38691f,2025-01-15 19:28:00,231.64,11.59
48bb4913-6,2,623da73e,83f82b46,2025-01-15 19:28:00,412.92,31.53
48bb4913-6,3,671b4fed,cbf016bb,2025-01-15 19:28:00,403.03,35.92
bc40c599-6,1,8c2dc506,924ec3b8,2025-06-20 17:18:00,115.68,9.01
205a1ad4-e,1,19c7a2a5,887f9881,2025-05-01 22:51:00,401.1,22.2
b2d6dac4-5,1,ae33358f,48aa5c4a,2025-09-03 11:39:00,291.42,43.05
b2d6dac4-5,2,72b33988,04ea3952,2025-09-03 11:39:00,372.32,10.13
f26451bc-a,1,0b14df53,4700b208,2025-09-13 20:33:00,175.22,44.92
9167929a-3,1,45104aa7,b1e8127e,2025-01-31 03:57:00,413.27,20.15
684b5da3-f,1,e2aac2dd,c38b02c6,2025-10-10 16:49:00,181.52,26.89
99688868-2,1,c7d80541,698d3345,2025-01-07 14:10:00,176.15,13.18
58ce3dcc-c,1,18555030,f9f2761a,2025-06-18 11:57:00,50.07,37.64
b17eb954-9,1,bd91e8ae,32fc40f6,2025-12-16 11:00:00,396.6,31.5
83744149-e,1,0f9cd918,cb26bbc3,2025-02-22 09:06:00,440.23,35.19
1244d8f6-c,1,a01c84b0,15cd60cb,2025-08-13 18:38:00,356.3,22.16
a38694d9-c,1,343dcfd1,f174bf92,2025-08-23 07:32:00,308.36,14.59
c5181016-1,1,06d10537,6552d1bf,2025-02-01 11:26:00,375.81,39.36
e6afd8d3-5,1,c3b5fec6,29468680,2025-06-07 19:05:00,261.86,41.06
a8963003-9,1,cf55c767,90778577,2025-04-13 13:19:00,301.14,41.34
12522c10-6,1,924c80ea,193aeb94,2025-05-29 11:26:00,268.89,44.71
3aa7d2f8-7,1,c18b5129,76f3c94d,2025-05-05 20:59:00,266.84,40.46
eb22f502-1,1,13d52475,ba9a24eb,2025-12-16 01:08:00,119.69,16.21
eb22f502-1,2,d8012882,9d960763,2025-12-16 01:08:00,243.44,36.08
088f3681-e,1,6f1a0713,ca853ac2,2025-03-21 10:01:00,17.51,36.79
3a8c8fb8-4,1,0f9cd918,6e5046cc,2025-08-13 16:19:00,336.13,25.17
191c390a-a,1,e0125e51,3fc181c1,2025-08-08 13:12:00,99.19,10.14
2bf52770-6,1,4ba1d7fc,55e357b1,2025-04-19 06:56:00,250.77,18.9
cb5500e7-a,1,5a01c7ca,2d9134d4,2025-12-23 14:23:00,75.29,8.12
41050592-8,1,89e99561,22ec80c9,2025-11-22 20:53:00,215.27,42.58
41050592-8,2,01b22555,ce9f4cc3,2025-11-22 20:53:00,234.89,32.06
0168afd0-5,1,040b7928,ff5e4886,2025-10-26 12:00:00,311.21,27.37
0168afd0-5,2,42986a86,0f4e7d62,2025-10-26 12:00:00,226.56,9.74
4ef2c01d-a,1,80f192ad,7c0c1129,2025-12-16 08:24:00,309.76,30.08
57619ecc-9,1,85b148ec,b1d24f39,2025-11-14 19:50:00,18.65,12.56
57619ecc-9,2,34bf6985,6de2c9e9,2025-11-14 19:50:00,42.1,15.85
57619ecc-9,3,0edb474e,91e1fd3a,2025-11-14 19:50:00,330.32,30.86
57619ecc-9,4,fa0c448e,cfc1f44e,2025-11-14 19:50:00,399.99,17.56
bfa05f07-4,1,13f00340,081df58a,2025-10-15 18:02:00,249.55,41.96
fd05a61b-3,1,cbe411a2,92ba2fa7,2025-07-23 01:11:00,198.73,23.63
fd05a61b-3,2,b3cf73d5,4f849f09,2025-07-23 01:11:00,144.48,19.85
fd05a61b-3,3,cd04d99b,b06d47f1,2025-07-23 01:11:00,222.29,33.3
fd05a61b-3,4,d470fd17,98f82581,2025-07-23 01:11:00,293.55,27.65
306f769a-d,1,0203ff6f,ac0fc8bb,2025-12-31 06:28:00,322.13,39.12
306f769a-d,2,64e7c9dc,c72d561a,2025-12-31 06:28:00,61.51,23.48
306f769a-d,3,e930d17d,a47b1306,2025-12-31 06:28:00,244.46,8.86
51dc25ab-6,1,8b587576,31825720,2025-10-09 20:06:00,371.07,44.0
678c69a0-b,1,9ae01382,78941c5e,2025-07-23 04:17:00,122.12,38.9
678c69a0-b,2,19c7a2a5,e821d6de,2025-07-23 04:17:00,439.57,13.88
678c69a0-b,3,f1a25060,5600586c,2025-07-23 04:17:00,329.25,9.44
69ab0916-3,1,bcf2bce8,31245be7,2025-08-16 04:02:00,125.08,8.5
ce8d3e75-5,1,dd9ea5e6,1a0ad820,2025-06-05 13:24:00,303.06,39.17
61917afd-9,1,e31ba7d4,036a92dd,2025-06-16 10:42:00,189.83,14.46
430465cb-7,1,e2aac2dd,a48a926c,2025-08-31 05:08:00,58.02,44.6
ed6a7475-6,1,4fbb9951,867c83bf,2025-09-27 05:28:00,445.22,30.8
d370c523-1,1,9ae01382,76c34d88,2025-11-12 16:24:00,199.09,26.54
396c70d0-a,1,19c7a2a5,26d32cb0,2025-08-05 13:05:00,131.88,28.52
39f142b4-0,1,15e94fa2,7218d500,2025-09-14 20:59:00,193.53,25.8
39f142b4-0,2,7ac70db9,5743f1ca,2025-09-14 20:59:00,16.77,22.76
a07e784c-7,1,22af20fd,b36d2720,2025-08-13 13:55:00,269.68,24.06
8fc2501b-a,1,4179340c,fca18716,2025-01-24 18:58:00,201.91,21.16
ee79e164-1,1,d8012882,4d56961d,2025-06-28 09:59:00,393.14,39.61
f302b084-3,1,05f43073,82d2f6d0,2025-12-05 22:10:00,162.85,32.97
f302b084-3,2,fdfdede0,7580776b,2025-12-05 22:10:00,235.3,41.04
4a89e085-c,1,f2168bc4,640164a6,2025-04-17 05:06:00,262.75,11.92
64071ba7-1,1,18b2b5a9,abc4ef03,2025-10-05 21:42:00,391.07,38.11
64071ba7-1,2,8492863a,2540912d,2025-10-05 21:42:00,107.83,41.78
2079ab9c-c,1,b617be37,72d6c4f0,2025-03-22 11:02:00,79.25,24.96
1be16ad6-9,1,499552bf,ccba1f46,2025-05-17 07:19:00,162.22,41.95
80f3e0f7-8,1,0b14df53,137c39af,2025-06-18 06:18:00,49.6,44.85
ebb2bb96-d,1,cc935477,25a62191,2025-12-30 18:56:00,171.23,31.65
ea84b77c-8,1,8de4e26c,7b53383b,2025-10-21 23:11:00,86.19,37.21
6f524e2c-4,1,ebdd156e,8465c527,2025-05-02 01:51:00,331.91,8.76
6f524e2c-4,2,5b76386b,4b877187,2025-05-02 01:51:00,287.82,44.86
6f524e2c-4,3,2ce3ae86,5da679dd,2025-05-02 01:51:00,214.22,18.33
e43c135d-f,1,844c0629,265da7df,2025-03-21 18:44:00,316.55,35.06
ccaff094-b,1,dd9ea5e6,e3daed2c,2025-03-13 08:40:00,106.82,36.62
f93ac4a6-0,1,85b148ec,b6fbdd47,2025-08-24 20:57:00,258.18,18.79
ce7e70a3-0,1,4dae095f,e65b63f6,2025-10-29 18:15:00,233.7,23.68
39799583-b,1,af7c3d3f,08a49e6e,2025-09-03 01:58:00,163.94,21.46
296bbe64-9,1,ac092b61,717f96c3,2025-02-20 11:49:00,403.12,20.96
b854e0aa-c,1,ed213a56,05b24f4c,2025-04-20 08:17:00,195.27,32.14
de93a1e4-e,1,d424c64b,336ed5e2,2025-11-14 20:18:00,387.74,30.92
795887d5-0,1,59105597,a5d60d3f,2025-03-10 04:33:00,360.45,14.75
c20895ba-0,1,661320a7,2411f08c,2025-03-24 03:42:00,129.22,26.34
953fd0f7-5,1,81b3a025,7b575dc5,2025-10-31 06:49:00,175.92,9.05
38c722cf-6,1,4fbb9951,b2f48873,2025-01-16 20:25:00,95.69,22.97
3a77f435-6,1,346d75cc,17ac516a,2025-12-08 06:08:00,16.44,36.45
7ea085bf-e,1,67b06d3d,4fbcdb8d,2025-02-01 08:47:00,206.8,42.21
65fd0535-c,1,215571b7,276f7c67,2025-06-23 05:44:00,378.57,15.22
3b39ea15-9,1,87aa2d53,53403e7b,2025-03-02 16:19:00,308.03,44.33
786ba075-e,1,1f27dff3,2617c6ac,2025-10-24 04:33:00,337.93,8.66
145a0674-f,1,91a01fb1,55966eb7,2025-07-05 03:20:00,418.91,24.51
5fdbda91-2,1,4ebc1480,f98f19c7,2025-07-09 20:21:00,264.75,36.64
5fdbda91-2,2,bacdb118,c545b675,2025-07-09 20:21:00,359.95,15.89
5fdbda91-2,3,25cbedf2,73a1f24a,2025-07-09 20:21:00,370.52,20.19
5fdbda91-2,4,f3583162,40e7b7b4,2025-07-09 20:21:00,397.74,30.8
93ef4706-d,1,ed213a56,01ce5534,2025-08-31 12:23:00,363.77,37.08
087db043-2,1,d0fd83ca,71e33d0b,2025-06-12 21:39:00,39.53,8.18
087db043-2,2,bd91e8ae,9d1c036b,2025-06-12 21:39:00,291.88,42.87
087db043-2,3,acae5659,0bf005f6,2025-06-12 21:39:00,238.04,32.12
45fddd38-2,1,c766242f,629007e4,2025-11-16 22:00:00,89.21,28.58
45fddd38-2,2,8af3c722,9720f0b8,2025-11-16 22:00:00,409.49,33.3
67a77e2e-b,1,45284e60,8ecf8248,2025-07-22 05:11:00,153.01,11.29
67a77e2e-b,2,4f06f5f6,d1a8ee3a,2025-07-22 05:11:00,86.13,17.63
67a77e2e-b,3,3cebde76,2026fed4,2025-07-22 05:11:00,249.49,12.96
5aecfd94-4,1,e44dc6e0,a497d4e4,2025-08-21 10:28:00,124.23,30.52
5aecfd94-4,2,ae6650c6,01222a4a,2025-08-21 10:28:00,273.27,28.89
d76be195-9,1,068b1543,05a0f929,2025-10-27 20:24:00,255.5,8.23
e1483fe5-5,1,7ca12e2f,00168648,2025-03-19 15:28:00,210.95,42.17
aebad32e-5,1,b9ebeafd,3ecc51d6,2025-08-05 16:21:00,154.41,12.06
3fa8c653-0,1,215571b7,8cd9667a,2025-07-03 02:41:00,212.03,44.9
3ac86d93-4,1,5398e4a2,7b10ee57,2025-02-28 08:17:00,284.37,37.82
3ac86d93-4,2,32d9c356,e70f1c04,2025-02-28 08:17:00,313.54,37.46
3ac86d93-4,3,8492863a,e8a1652f,2025-02-28 08:17:00,328.17,10.02
3c64bd6b-5,1,17e5d58b,ae3a08e2,2025-01-06 02:00:00,317.06,25.07
0ebdc18e-7,1,21c6d812,81349285,2025-07-27 11:47:00,223.67,19.13
cec9c0fa-4,1,25cbedf2,c080d41c,2025-09-29 10:39:00,402.67,23.77
c4f6026c-6,1,8c184e16,c1aaa24d,2025-09-11 20:01:00,428.59,20.37
c4f6026c-6,2,3f0171a6,2b28d173,2025-09-11 20:01:00,110.58,38.91
95958c83-4,1,c3b5fec6,120a3400,2025-04-20 09:10:00,291.2,38.79
25500ed6-d,1,0570f6af,e439c80b,2025-10-27 20:24:00,202.85,12.51
dcaf8c65-0,1,32d9c356,07c2d727,2025-08-15 14:03:00,300.76,29.24
3920b237-c,1,499552bf,05f028e1,2025-08-14 21:12:00,207.78,29.01
3920b237-c,2,dce37340,d676b624,2025-08-14 21:12:00,307.8,28.33
3920b237-c,3,f8241532,34f941a0,2025-08-14 21:12:00,282.91,38.61
3920b237-c,4,63cb55c9,1b8a26a8,2025-08-14 21:12:00,80.06,39.92
2c477140-5,1,0145b8da,63b6886c,2025-09-25 21:48:00,384.54,27.95
4bb7f13c-0,1,c024873d,92c091b7,2025-04-26 14:22:00,448.36,24.54
b53eed63-0,1,661320a7,791f1f11,2025-12-28 07:00:00,227.34,20.32
b53eed63-0,2,7ca12e2f,f8f0f677,2025-12-28 07:00:00,21.94,38.06
2573b73f-f,1,ae2723a6,e2b2abe6,2025-03-24 23:42:00,435.67,18.25
f867eca2-9,1,12b1c297,b963d49c,2025-04-09 09:48:00,293.71,24.63
7bdb1476-d,1,4179340c,07792036,2025-10-23 08:42:00,177.56,29.09
7bdb1476-d,2,b131e4c7,f278a261,2025-10-23 08:42:00,219.09,27.93
2b11cb92-1,1,67b06d3d,afc33fa0,2025-11-14 02:23:00,180.83,29.47
d09f44f5-e,1,b9ebeafd,73301b9b,2025-11-06 01:19:00,349.94,33.25
69fbab99-7,1,aa9168b7,a0a0e434,2025-02-25 19:48:00,400.69,44.99
925ad827-0,1,8c4d1c4c,650a0c2f,2025-08-16 17:38:00,431.39,9.85
925ad827-0,2,e31ba7d4,e5702ff8,2025-08-16 17:38:00,374.69,27.34
250c4b0d-8,1,11b5ce57,41db9ad0,2025-02-16 13:57:00,56.77,25.65
250c4b0d-8,2,d8bd785c,d563656f,2025-02-16 13:57:00,312.9,38.9
1c2563e6-0,1,bc304333,fc9c4604,2025-08-03 15:03:00,256.15,18.36
19181fc9-7,1,8de4e26c,37a5bec2,2025-09-08 15:45:00,320.22,14.54
54569ef2-1,1,499552bf,659fa192,2025-05-04 01:12:00,55.18,20.86
54569ef2-1,2,34bf6985,357e9997,2025-05-04 01:12:00,279.85,14.59
97a58e8c-6,1,fa0c448e,3eb290e5,2025-11-26 14:26:00,390.77,42.49
4d0024ef-e,1,0b14df53,39eff902,2025-10-26 01:05:00,420.54,38.9
6e1bcd2a-6,1,4c249fa5,59e3ecc1,2025-09-05 01:34:00,198.85,14.38
be660085-1,1,71088410,ec22a1ff,2025-07-09 23:23:00,126.39,37.15
dd2a4216-7,1,21c6d812,421d55ab,2025-09-30 20:00:00,191.35,18.23
dd2a4216-7,2,59105597,8c60cfbc,2025-09-30 20:00:00,307.41,21.71
51b463ee-7,1,edc1d87a,3c3b7f15,2025-07-10 11:51:00,234.34,15.98
b528a77b-a,1,1a17b66b,e8ef4c76,2025-08-30 10:57:00,79.04,16.68
b528a77b-a,2,a01c84b0,46b0964c,2025-08-30 10:57:00,56.76,15.57
b528a77b-a,3,4f06f5f6,4220dbda,2025-08-30 10:57:00,361.99,25.85
b528a77b-a,4,8af3c722,10f0a274,2025-08-30 10:57:00,400.34,20.06
b7443a4c-6,1,6f1a0713,8f6378ea,2025-01-09 15:12:00,387.66,20.05
d4f60897-b,1,0f9cd918,d2cc2be3,2025-01-28 09:50:00,222.0,33.11
d4f60897-b,2,42986a86,6d3aca6b,2025-01-28 09:50:00,240.94,14.93
6d9db27e-5,1,e5ae839e,b80de74a,2025-04-08 18:12:00,392.99,43.21
90f54ede-1,1,7ad28f77,bdd4e54d,2025-02-05 11:22:00,343.74,42.67
978e6e88-5,1,e2aac2dd,a17688c8,2025-01-16 02:05:00,444.87,15.96
978e6e88-5,2,e44dc6e0,2a7621b5,2025-01-16 02:05:00,348.64,38.69
978e6e88-5,3,432acc63,f30f60ef,2025-01-16 02:05:00,422.69,24.42
54b04968-f,1,aba91719,8d37d458,2025-12-29 17:32:00,54.04,44.53
7082d2dc-1,1,1fa19b01,2070d6a6,2025-09-04 00:33:00,249.74,29.58
0cefffad-d,1,efbe5223,f8043156,2025-12-07 07:42:00,382.59,36.1
8324e156-d,1,43835fbf,43f7948f,2025-06-02 10:07:00,81.64,28.04
fe138f6f-3,1,53ca8c22,ef005d67,2025-05-17 21:17:00,68.08,27.16
da360bcf-b,1,068b1543,839bf5e5,2025-12-19 12:02:00,278.27,17.73
da360bcf-b,2,80f192ad,c569977f,2025-12-19 12:02:00,31.07,22.22
feb5de92-d,1,444631da,4245a836,2025-03-24 19:09:00,449.97,21.98
feb5de92-d,2,11ce6482,d6c95893,2025-03-24 19:09:00,316.9,25.94
feb5de92-d,3,ad14c942,8255ff5d,2025-03-24 19:09:00,319.98,37.41
feb5de92-d,4,4179340c,16e86c82,2025-03-24 19:09:00,341.34,17.08
cd54f480-b,1,4ba1d7fc,362e79c1,2025-11-08 10:41:00,181.74,19.1
b6dadfee-a,1,0192baf0,36f33aac,2025-10-13 16:34:00,401.97,36.11
b6dadfee-a,2,d8012882,e729b155,2025-10-13 16:34:00,422.15,36.21
a6abc1aa-f,1,92a83e26,8922a7f1,2025-01-07 14:06:00,121.35,44.01
c7524e88-a,1,8ff0f5a7,91d70899,2025-12-04 10:35:00,106.1,38.81
5a404e36-6,1,4b9fe1f9,64e779fe,2025-08-14 22:45:00,352.46,10.69
5a404e36-6,2,80f192ad,b17ef32b,2025-08-14 22:45:00,312.52,26.66
87e1715c-c,1,aba91719,c5e9c8e5,2025-06-07 22:15:00,158.31,36.54
ae6c22fd-7,1,21155322,8fa36c7d,2025-05-19 05:07:00,43.58,27.45
87948948-c,1,5d7f440d,7ef2523b,2025-04-01 19:05:00,284.32,24.31
87948948-c,2,dce37340,b9291d68,2025-04-01 19:05:00,18.21,10.12
87948948-c,3,b81b3046,0899e369,2025-04-01 19:05:00,61.5,10.67
7713e1e9-0,1,924c80ea,d932571c,2025-01-14 09:11:00,254.86,40.3
a730d833-4,1,bc304333,bedecded,2025-04-01 00:26:00,71.68,24.78
396d95f5-5,1,0f9cd918,ca7ac47c,2025-10-23 03:00:00,23.09,41.26
0f60430a-d,1,43835fbf,8a302708,2025-04-08 10:04:00,82.9,28.1
36306da9-8,1,0edb474e,7a7b24b6,2025-04-26 21:28:00,401.13,11.37
e65e69e7-6,1,89e99561,54ce6ea1,2025-02-13 08:24:00,30.6,25.22
7004dc8b-8,1,7ee46027,97586bcd,2025-11-25 23:18:00,315.1,40.83
848da818-0,1,1a67a9ff,f1b6c69f,2025-04-21 11:01:00,30.52,39.19
7ff9ff03-1,1,f73320d2,d4772b5e,2025-03-08 15:15:00,58.72,16.19
7ff9ff03-1,2,d7fc0a60,cc804fe9,2025-03-08 15:15:00,27.75,22.64
b6809627-a,1,068b1543,569465b5,2025-03-23 09:00:00,162.02,31.38
61cd3036-2,1,444631da,75cdad08,2025-05-08 07:36:00,430.83,21.39
0a4bcf01-c,1,056408d4,2cedcfe7,2025-11-11 03:37:00,144.82,22.5
130416e3-4,1,d424c64b,791aea00,2025-01-28 02:45:00,185.23,8.2
483ce8b3-0,1,c6b454f7,2c53ac16,2025-11-26 11:55:00,184.0,35.49
d92f2e94-f,1,ad3fe261,4b9c9bb5,2025-03-01 20:58:00,56.29,44.17
3dd6a84f-a,1,4f06f5f6,60f04dce,2025-11-11 00:25:00,29.07,43.85
3dd6a84f-a,2,bd91e8ae,fee4fadb,2025-11-11 00:25:00,414.83,35.49
ddf892c0-b,1,42986a86,da8f9d3b,2025-11-26 11:51:00,302.92,32.92
ddf892c0-b,2,83ffdcdd,e3169449,2025-11-26 11:51:00,287.87,18.5
3fb22551-f,1,4c249fa5,d83d07ad,2025-07-02 13:34:00,19.42,40.87
3fb22551-f,2,661320a7,c7b493d9,2025-07-02 13:34:00,382.71,42.99
0c1e8e4f-d,1,ba99f4cc,94f13826,2025-05-02 12:50:00,53.45,18.78
fe768010-8,1,ba99f4cc,6370fdf7,2025-10-31 14:18:00,173.05,21.62
10c1530e-e,1,ab6a864d,1b05918d,2025-02-01 01:09:00,167.29,25.41
10c1530e-e,2,ced3cd7c,270c02da,2025-02-01 01:09:00,199.76,41.94
10c1530e-e,3,e36d4b42,afab85d9,2025-02-01 01:09:00,367.98,33.45
10c1530e-e,4,5414d82a,5924765d,2025-02-01 01:09:00,103.36,31.28
534f203c-0,1,b95998dd,01ad9723,2025-09-29 05:16:00,323.75,32.61
7f7adc93-7,1,35b07f2f,b11053ba,2025-04-17 13:00:00,20.55,14.42
c2fb9926-7,1,860994ba,272bd8dc,2025-12-10 21:05:00,252.51,41.58
d1cfc200-0,1,d38de927,afe80911,2025-09-14 11:17:00,282.12,20.99
bcde4653-c,1,bb8a0b65,8892922b,2025-03-31 17:07:00,284.02,41.44
84ec266f-a,1,24a1c73a,28ff6ba4,2025-11-01 13:41:00,74.43,10.25
33754aa7-9,1,5d7f440d,5e662a83,2025-05-28 23:26:00,181.35,20.24
32ae3d64-b,1,46247658,c3ff3a7c,2025-02-04 23:43:00,267.45,13.74
32ae3d64-b,2,18555030,6ddebdbe,2025-02-04 23:43:00,399.01,40.58
3e99b701-9,1,4179340c,73a1d265,2025-08-15 03:00:00,124.13,27.56
53a93ede-1,1,8c2dc506,ceca5644,2025-03-19 00:15:00,66.25,36.21
b2272839-a,1,572684f3,117cd3a5,2025-07-03 05:33:00,21.57,24.02
b2272839-a,2,1a17b66b,f71960f7,2025-07-03 05:33:00,401.96,35.16
c7fea99b-4,1,c024873d,5fe7c6c2,2025-02-02 07:35:00,292.25,25.16
45dc94bd-d,1,cb2a336f,3d8397fa,2025-12-28 22:55:00,20.53,26.12
ec26913d-a,1,92ebab06,99d1e9c6,2025-11-10 11:31:00,272.13,44.57
ec22ea60-e,1,584eb8cb,cb909f4e,2025-08-26 13:30:00,350.69,42.25
082a6408-f,1,17e5d58b,fbe8464b,2025-09-16 13:38:00,93.32,23.13
250e3240-c,1,962a09ee,94f59fad,2025-05-21 07:31:00,263.37,44.57
c8571a74-c,1,2fde09c6,07bf4270,2025-06-19 21:51:00,24.16,24.59
72c908fd-b,1,0192baf0,0b4f62fd,2025-05-04 04:36:00,52.34,31.42
d98b64d9-5,1,860994ba,8bd8e923,2025-11-23 02:37:00,391.58,23.83
e6318686-4,1,1a67a9ff,391ed451,2025-12-10 06:29:00,109.77,10.78
8fcee499-f,1,92ebab06,fe4487a1,2025-06-02 02:12:00,341.08,13.29
0eb91943-d,1,7ee46027,c5eadf85,2025-06-01 14:24:00,126.07,27.93
52ce3fb8-c,1,8de4e26c,6173fe7d,2025-07-01 09:07:00,420.31,37.36
52ce3fb8-c,2,d8b47e9b,332235d4,2025-07-01 09:07:00,393.81,24.73
127ae741-9,1,bb8a0b65,bc5a9d75,2025-12-05 03:49:00,190.05,25.52
82f2d57a-a,1,572684f3,5023cc4c,2025-12-03 16:56:00,34.73,19.03
5b292cd6-8,1,c173b5e1,70a52f60,2025-02-28 12:23:00,402.17,37.31
9c9360b1-4,1,bcf2bce8,2a7f92f1,2025-12-22 19:02:00,365.8,14.83
359a030d-2,1,87aa2d53,42109b7f,2025-02-08 14:13:00,214.02,36.27
359a030d-2,2,215571b7,9583d9b6,2025-02-08 14:13:00,378.01,10.89
359a030d-2,3,8c2dc506,adf2928b,2025-02-08 14:13:00,99.89,11.47
eb32f214-b,1,e74981f9,0c7619ed,2025-03-24 18:47:00,16.43,41.23
3ede7e3c-4,1,4ba1d7fc,2020d0aa,2025-10-23 03:41:00,95.44,25.66
6a6d5bf2-c,1,15e94fa2,660b0849,2025-10-17 03:13:00,291.51,37.96
174cd4a3-0,1,8b02e1d3,3f3318ed,2025-02-13 11:22:00,247.69,9.26
06b8b9fd-2,1,833cec1b,96305313,2025-09-12 02:26:00,412.53,25.52
5e540b6c-f,1,499552bf,be1e918d,2025-01-12 04:32:00,412.31,33.37
a983033c-0,1,623da73e,d7292cf9,2025-01-07 10:44:00,47.42,27.65
19418ba1-c,1,8464d5d5,7e59f1a9,2025-04-29 19:41:00,112.13,36.0
90c29222-b,1,444631da,6d85c6b4,2025-10-17 04:50:00,56.94,23.75
8a72ce3a-7,1,73bf66cd,4b9b2447,2025-06-17 07:52:00,426.69,36.72
3f4154d0-5,1,cf55c767,bd7944be,2025-06-08 16:26:00,163.19,37.59
3f4154d0-5,2,42986a86,7442f27f,2025-06-08 16:26:00,115.57,9.92
d065d9ad-a,1,25286f10,70c2ef27,2025-09-18 17:01:00,447.81,18.25
7be1fc91-8,1,72966584,0a60b661,2025-05-16 09:28:00,70.75,28.29
ba5a56e4-f,1,c3b5fec6,0fac9684,2025-07-31 05:13:00,223.65,16.19
d3d976a9-0,1,18b2b5a9,8f49a756,2025-01-18 22:26:00,322.07,23.08
ecfdc3a3-2,1,0192baf0,0a32311d,2025-08-12 11:49:00,124.19,16.11
d0213cd3-a,1,36dcbb7e,2323b487,2025-05-10 21:15:00,196.17,11.17
320c2960-9,1,89c04c0a,9b84a1cc,2025-07-06 07:21:00,172.55,13.11
e6d70203-4,1,b499bd3c,dd1941b4,2025-09-21 07:26:00,206.32,19.55
4f8fd519-5,1,55ba7e8c,cd604c60,2025-11-19 12:02:00,167.86,39.35
fde06bc9-c,1,bdb03f62,32fcb174,2025-03-26 03:30:00,252.75,10.65
fde06bc9-c,2,87953b9c,81aacf16,2025-03-26 03:30:00,345.18,34.76
42fc58f0-5,1,cbe411a2,3f3deac0,2025-04-22 05:37:00,147.25,26.16
42fc58f0-5,2,8fb9b9d4,b4b491d7,2025-04-22 05:37:00,286.93,24.17
686fae08-a,1,858d2ce8,dd2a08df,2025-07-17 10:20:00,282.4,29.96
abe5d53f-8,1,b131e4c7,c485edb4,2025-09-20 06:39:00,70.64,19.25
c38a9eec-5,1,0f9cd918,7b3b23fc,2025-09-04 11:37:00,43.69,42.8
8911b5e5-7,1,63cb55c9,a1b78e8d,2025-07-11 11:20:00,256.53,43.98
29c69b05-2,1,c076efd0,6807ee39,2025-01-07 10:25:00,445.97,25.72
29c69b05-2,2,ae2723a6,6964663e,2025-01-07 10:25:00,326.93,36.24
35fbed91-5,1,2942d890,2964beab,2025-02-01 18:25:00,397.19,37.75
35fbed91-5,2,1a67a9ff,5df818bd,2025-02-01 18:25:00,302.1,15.17
deed2330-2,1,8fb9b9d4,18778eb9,2025-01-16 22:10:00,236.97,18.85
b315136d-a,1,bdb03f62,153aa1cd,2025-06-23 14:21:00,97.88,36.67
3b562215-3,1,215571b7,e0290b0a,2025-04-15 07:55:00,270.95,21.96
558722d0-a,1,22af20fd,292dfbcb,2025-12-22 03:32:00,140.47,18.7
bb4f00d9-c,1,11b5ce57,57916a7a,2025-06-11 16:28:00,67.61,28.86
bb4f00d9-c,2,67b06d3d,de9e21fe,2025-06-11 16:28:00,391.96,30.66
c5039e72-7,1,d25a7b66,387a8e49,2025-11-12 06:56:00,143.02,42.92
71abef0c-9,1,8de4e26c,44d3f1e7,2025-03-30 02:50:00,158.71,24.26
53ac30eb-d,1,34bf6985,8a8e5d4e,2025-01-21 01:30:00,226.02,42.73
b139eadb-5,1,b34dafed,a9b3120a,2025-08-08 11:28:00,62.48,37.14
7d4baa7b-3,1,96559be2,f98d2d27,2025-07-29 15:29:00,300.55,31.82
e20eed22-0,1,ad29cfcc,5df4639a,2025-11-09 12:30:00,220.17,20.15
d0cad916-3,1,141650f5,d21f49f0,2025-03-14 00:53:00,249.07,31.11
34590e47-7,1,71088410,6eee88ae,2025-10-19 23:33:00,430.84,16.72
fef70346-0,1,e1c6fa6e,f8956fbf,2025-05-24 17:33:00,240.92,25.72
06e290fa-5,1,25286f10,04bd2bc8,2025-02-15 09:07:00,339.46,41.27
47d09f4c-c,1,27dbfee3,2d0feb60,2025-12-23 09:50:00,211.94,21.41
3abae396-4,1,0203ff6f,ee1f8605,2025-03-24 15:35:00,124.86,38.61
c138c842-c,1,3e00cd4d,7ce8c372,2025-09-06 08:57:00,280.76,42.47
c138c842-c,2,ccdaacf2,10420b85,2025-09-06 08:57:00,362.06,16.85
c138c842-c,3,87aa2d53,f05e8445,2025-09-06 08:57:00,88.23,28.68
c138c842-c,4,cbe411a2,201fcad1,2025-09-06 08:57:00,114.35,23.31
25fb65ad-4,1,36dcbb7e,eb5b26d0,2025-03-05 21:57:00,247.7,25.77
6ba93cf6-4,1,8ee662e2,2649a259,2025-09-03 11:01:00,379.55,30.22
330a5877-9,1,4715402d,b4a055e0,2025-07-26 14:53:00,369.3,11.4
0f7c7019-1,1,dfdbc83d,86fdcd2c,2025-09-28 12:11:00,193.86,22.94
0f7c7019-1,2,06697ada,95130505,2025-09-28 12:11:00,361.06,36.33
9fddf96b-1,1,bda0303b,9a3e1812,2025-10-06 03:15:00,71.47,33.34
cd71a152-5,1,c2a0ed70,e932006d,2025-06-10 00:39:00,261.65,24.74
cd71a152-5,2,ea4ef1a7,48897a14,2025-06-10 00:39:00,112.87,18.99
6c2edfbf-6,1,d8bd785c,64f07c61,2025-06-27 09:06:00,180.43,9.79
8533a0cb-5,1,b7259473,6acf70dc,2025-01-22 02:44:00,405.08,41.96
8533a0cb-5,2,141650f5,9df81e05,2025-01-22 02:44:00,246.7,41.93
267aabdc-7,1,7ca12e2f,46270b48,2025-03-30 00:22:00,188.73,23.77
55117c00-e,1,ced3cd7c,2dd83a70,2025-01-25 02:38:00,72.87,19.12
55117c00-e,2,8ff0f5a7,646cce68,2025-01-25 02:38:00,403.17,12.54
64d45f7b-d,1,d8b47e9b,9acad856,2025-06-22 16:44:00,439.59,11.45
f4c69eca-a,1,cb2a336f,9371100a,2025-10-25 23:54:00,204.61,39.13
f0ce9456-a,1,edb8f78e,a902f822,2025-02-22 17:17:00,195.16,38.57
f0ce9456-a,2,01b22555,c1609e84,2025-02-22 17:17:00,399.64,39.13
f0ce9456-a,3,efbe5223,23f43552,2025-02-22 17:17:00,38.08,23.33
f1366831-3,1,2942d890,0b0f26d7,2025-10-06 09:04:00,175.34,13.2
ad7e9943-f,1,eb85827d,c88d9da6,2025-07-14 22:57:00,110.87,36.09
3c1bccc3-2,1,d8cc903c,71db507d,2025-12-17 05:27:00,283.68,34.1
1fb23206-c,1,4767d031,f63b0129,2025-06-08 21:13:00,164.14,34.46
43b2201b-9,1,dd9ea5e6,6caafa87,2025-10-05 21:55:00,51.83,36.07
d68e6de9-5,1,661320a7,19cd41ff,2025-08-26 10:54:00,351.96,25.14
804356a4-0,1,623da73e,f8646f01,2025-02-20 16:55:00,399.84,13.13
d1a684af-3,1,ac092b61,1018d815,2025-07-02 21:59:00,48.96,10.2
cfc39791-7,1,4f06f5f6,9f03a8a4,2025-11-23 20:27:00,350.52,24.81
bfe0d1ca-d,1,17e5d58b,ece09d8a,2025-03-26 10:15:00,149.58,43.74
f1d5f800-7,1,4c249fa5,7971cb12,2025-03-12 17:01:00,354.14,35.06
d08e87d7-2,1,00f1f66d,db329bbb,2025-01-30 15:35:00,268.1,39.42
d74f4e20-9,1,dce37340,b2a95309,2025-11-25 06:11:00,76.85,41.06
49b9c839-d,1,040b7928,9eb12420,2026-01-04 11:45:00,146.17,26.42
c9a134cf-6,1,e74981f9,015ac1e6,2025-08-20 17:44:00,273.52,30.29
c9a134cf-6,2,c6b454f7,1393ecc9,2025-08-20 17:44:00,105.27,9.09
42a7563e-c,1,860994ba,f0b46b49,2025-02-15 17:32:00,356.57,27.59
644f0c4f-1,1,c7d80541,d4561952,2025-04-08 23:55:00,311.72,10.63
cf22e146-f,1,f30d14a5,aa5b53db,2025-07-10 20:41:00,377.17,35.89
45fc6356-1,1,82a623b9,ae269df0,2025-12-14 10:43:00,209.67,42.75
45fc6356-1,2,026bf726,36fb27a1,2025-12-14 10:43:00,209.55,27.26
ea64ebc4-6,1,e0125e51,311b494e,2025-10-29 17:55:00,163.51,44.32
ef52d713-7,1,f2168bc4,42029963,2025-11-01 01:56:00,374.26,42.02
a856cc91-9,1,d424c64b,799c93f2,2025-04-13 19:10:00,20.67,25.67
a856cc91-9,2,59105597,4618ef6b,2025-04-13 19:10:00,264.76,10.99
9f6d4f54-7,1,87953b9c,c737a387,2025-12-16 00:07:00,227.41,14.65
9f6d4f54-7,2,bacdb118,025d6cb3,2025-12-16 00:07:00,334.71,30.88
65a43740-2,1,18b2b5a9,68a584d2,2025-02-17 20:49:00,446.09,26.08
214df450-e,1,924c80ea,8f41dda2,2025-04-09 14:21:00,122.86,43.29
5ef75902-4,1,edeebea4,3450981d,2025-02-13 23:24:00,83.88,29.04
6b6edb75-c,1,c18b5129,b49a2041,2025-02-10 23:24:00,179.34,37.71
6b6edb75-c,2,1f27dff3,41f92d4c,2025-02-10 23:24:00,256.96,32.55
6b6edb75-c,3,a0ea4d65,19cc59ea,2025-02-10 23:24:00,188.05,13.19
5cbab26f-f,1,4715402d,17b8dc52,2025-05-15 08:30:00,41.67,24.81
809a5ba8-6,1,7bfdad86,8e7cb029,2025-10-05 19:10:00,41.08,13.95
8a850503-0,1,1d6c8389,cf204912,2025-12-10 08:30:00,213.4,35.19
e2434f2d-d,1,efbe5223,e3c34ee3,2025-11-28 21:27:00,210.69,8.79
49e5c1b6-1,1,40663e45,ea411d78,2025-08-30 23:20:00,349.17,42.47
c8628cfe-c,1,4fbb9951,b61d2e8a,2025-01-16 18:48:00,337.89,42.84
4adb8675-9,1,ced3cd7c,118cf0f8,2025-07-30 10:10:00,380.14,15.16
8f6f5712-0,1,4715402d,c051cad4,2025-10-11 05:01:00,429.54,25.34
d40c29c3-2,1,17bbcd88,c94fab87,2025-07-02 06:51:00,106.71,13.16
3cc9f372-c,1,4f06f5f6,79abcd65,2025-03-19 20:12:00,235.53,11.32
3cc9f372-c,2,01b22555,a11fc56b,2025-03-19 20:12:00,442.1,43.4
c9149696-8,1,c7d80541,4efd7249,2025-02-02 23:58:00,247.84,33.58
c9149696-8,2,35b07f2f,dddb3ea3,2025-02-02 23:58:00,398.04,10.93
c9149696-8,3,714642dd,069f2043,2025-02-02 23:58:00,350.72,26.58
992301c7-6,1,d0fd83ca,2e48afa9,2025-05-04 01:25:00,416.33,12.69
15b543a5-c,1,1d6c8389,0d74f0ab,2025-08-21 03:44:00,434.58,39.49
d50c30b7-d,1,0145b8da,b30b9f51,2025-05-05 11:08:00,64.83,8.46
c0dbcfdb-0,1,b131e4c7,db168ea4,2025-10-02 20:27:00,167.21,30.45
e8e51709-b,1,cc935477,9c756783,2025-10-24 10:12:00,89.99,25.0
e8e51709-b,2,259a60e5,43eeaf63,2025-10-24 10:12:00,249.19,38.88
e8e51709-b,3,25449731,14ed68ba,2025-10-24 10:12:00,327.09,38.02
e8e51709-b,4,d470fd17,2de2b363,2025-10-24 10:12:00,311.02,29.18
41a26e76-d,1,cbe411a2,4abcb15d,2025-01-23 07:46:00,58.43,33.03
ef3a7174-b,1,5398e4a2,c2ae9e63,2025-12-02 01:43:00,167.75,44.84
ef3a7174-b,2,a0ea4d65,7d062e88,2025-12-02 01:43:00,285.13,43.0
9d55703e-8,1,ff0dac41,2edbf9f9,2025-11-25 23:14:00,227.13,26.18
f84c7136-3,1,bc304333,a136660e,2025-11-04 13:04:00,313.71,31.27
502d7668-b,1,5a5a81da,eb996222,2025-09-21 09:05:00,203.97,28.26
3ab34aab-7,1,b499bd3c,5f1e3a8f,2025-12-28 23:26:00,26.62,42.41
3ab34aab-7,2,5d8fa470,a6865bce,2025-12-28 23:26:00,40.22,42.84
b7d28f54-4,1,dfdbc83d,97ffb67e,2025-04-18 08:52:00,41.64,44.86
f4869cac-4,1,30b713c0,0f3487ba,2025-11-17 20:58:00,55.93,23.7
5a5e4588-5,1,844c0629,b105fbfc,2025-10-07 15:47:00,146.12,30.3
dec22280-1,1,30056d29,bc27b98a,2025-05-06 23:19:00,268.91,20.42
de86aea4-3,1,41386a8b,a9c80a82,2025-10-19 22:37:00,179.27,24.21
c921e98a-f,1,0edb474e,394c40b3,2025-04-11 10:33:00,411.52,22.55
8cfcb3c3-d,1,30b713c0,4ed34bb8,2025-01-09 08:51:00,415.21,25.3
15838e56-b,1,ae6650c6,6c5b95dc,2025-03-13 09:25:00,194.32,14.59
0259c0b0-0,1,25cbedf2,d26081c5,2025-08-30 03:15:00,157.55,31.77
f572f4f2-f,1,b25c0395,26b46c7b,2025-01-17 11:51:00,323.51,43.33
be9a2391-b,1,b7259473,4c543044,2025-08-08 09:34:00,66.74,24.88
5cc72038-a,1,4dae095f,92b41daf,2025-05-06 06:22:00,415.27,21.41
9870f24b-6,1,b7259473,9b8f6c5f,2025-03-07 12:55:00,149.51,26.03
9870f24b-6,2,35bf64d1,79f6cf93,2025-03-07 12:55:00,150.46,11.95
ce0d55ae-c,1,3f0171a6,af7d3834,2025-12-02 18:41:00,391.0,29.02
fac0c087-8,1,e1c6fa6e,06f8464b,2025-12-05 07:51:00,308.28,12.98
f0d0418e-8,1,f73320d2,2ccb7dc2,2025-08-20 15:44:00,99.67,38.85
b986957e-7,1,9ae01382,0af3ffc1,2025-08-24 09:17:00,21.09,27.47
f6bba372-9,1,89e99561,8b197279,2025-01-20 17:38:00,128.72,11.59
0e617cd0-5,1,c587f345,b140827d,2025-10-17 23:18:00,155.05,38.39
ef7782b7-a,1,b5c58c9d,5eb8da67,2025-03-13 16:00:00,445.95,9.62
89a152f0-2,1,c7d80541,7d41fc65,2025-10-29 17:01:00,18.01,17.15
fceb73e4-8,1,41386a8b,00380d54,2025-10-08 04:34:00,37.24,35.96
25664ba9-3,1,18555030,74c1e2ff,2025-02-06 17:04:00,179.63,31.96
d69cbeb4-1,1,d7fc0a60,eb29c0df,2025-02-10 11:54:00,212.64,12.96
954090e6-2,1,227bd523,ad888b0c,2025-03-26 21:35:00,148.26,14.2
a64135e6-1,1,8de4e26c,3ca632c3,2025-10-31 20:52:00,167.75,11.27
8a842137-1,1,331264ad,75d54bb9,2025-05-03 07:23:00,382.68,13.49
1cb64237-9,1,215571b7,4e2ba6fc,2025-05-20 12:41:00,50.52,30.2
44f60d8d-7,1,bda0303b,838a9547,2025-09-12 11:13:00,52.54,34.62
cbd43a9e-5,1,18555030,1e2656da,2025-02-04 21:54:00,261.34,31.21
115e6574-f,1,0b14df53,e8f78298,2025-11-07 16:39:00,416.13,10.99
3a629ba4-5,1,623da73e,4f34d8db,2025-09-05 20:10:00,336.32,18.01
1ef48a63-9,1,444631da,82dd079d,2025-01-28 18:55:00,437.02,20.82
77504ac7-2,1,331264ad,91dee7e4,2025-12-08 05:01:00,363.94,10.97
50a1b06c-c,1,1f27dff3,dbf59de4,2025-04-23 21:42:00,301.05,30.83
4a6bd315-2,1,0192baf0,e32fdcc8,2025-12-29 11:55:00,131.81,38.26
f5b5f731-a,1,8ff0f5a7,193672d1,2025-12-27 20:35:00,321.12,18.86
f5b5f731-a,2,432acc63,65633115,2025-12-27 20:35:00,356.35,33.1
5a22d3cb-c,1,d424c64b,c5c3d0bd,2025-10-25 22:02:00,354.78,9.87
3256c858-8,1,e0125e51,1e35c74f,2025-09-11 05:53:00,140.65,22.29
d79fd3b7-5,1,623da73e,39cdcb42,2025-10-05 06:21:00,277.4,42.95
bf20b443-7,1,32d9c356,7efd01bd,2025-12-17 01:02:00,148.72,36.5
e61e0d4e-c,1,edc1d87a,f8630c3d,2025-05-21 04:02:00,152.47,40.11
317f5544-9,1,b27e8c45,75f79e6a,2025-05-13 06:49:00,384.3,21.99
52b0e2e3-1,1,34bf6985,930dc345,2025-07-07 11:08:00,155.84,22.21
d788604b-3,1,bcf2bce8,8d3f2d15,2025-01-18 23:27:00,149.8,44.01
9ca67877-f,1,b95998dd,3dc7ff41,2025-01-29 01:03:00,163.15,17.23
4ee24192-1,1,e1a1c8e9,ec93e9ce,2025-09-23 11:08:00,139.48,24.84
f4d004b0-d,1,53ca8c22,1903876a,2025-12-29 09:23:00,107.22,15.25
251861f5-4,1,bd91e8ae,704d92f9,2025-11-10 10:41:00,101.05,31.86
6005f47f-f,1,858d2ce8,7a9bf439,2025-07-03 10:36:00,304.35,17.11
8984e721-7,1,e8f2b837,fb66eb72,2025-12-13 19:29:00,389.43,34.41
94990140-4,1,b95998dd,bbb1e9d6,2025-08-29 09:52:00,252.29,43.97
4d18afd1-2,1,b3cf73d5,594e4ada,2025-06-24 19:09:00,264.45,18.04
9b233a89-e,1,040b7928,0724bf93,2025-11-27 09:49:00,196.79,22.47
0ad7cd71-1,1,00f1f66d,d3b0e74b,2025-08-29 12:19:00,50.36,30.88
206beece-4,1,b1a45968,f896b4be,2025-02-09 22:28:00,388.9,15.17
bcd45ccd-4,1,71149b97,e163d08c,2025-08-08 00:23:00,342.34,19.17
6536d56a-f,1,1d6c8389,43136067,2025-10-08 14:27:00,293.57,23.38
6536d56a-f,2,8fb9b9d4,b5bcc87a,2025-10-08 14:27:00,113.81,26.35
04b9282e-f,1,b131e4c7,c64427d5,2025-09-29 22:44:00,347.74,44.59
bf335139-f,1,a74489e0,e94d4602,2025-04-04 06:11:00,434.61,14.7
a8dd4709-f,1,f8241532,d61046fd,2025-09-18 02:58:00,350.59,20.32
eee590d9-0,1,d0fd83ca,60aef2cf,2025-09-26 13:12:00,126.55,41.4
10f69f5d-9,1,e0125e51,26f70462,2025-02-13 01:24:00,183.72,38.73
10f69f5d-9,2,ebdd156e,7fd0a052,2025-02-13 01:24:00,105.41,18.35
38cfd6c5-c,1,71088410,9a77fb85,2025-04-08 20:56:00,47.12,22.93
2769410f-5,1,1d6c8389,f05b6bd0,2025-09-16 01:51:00,171.59,34.72
3678ae32-f,1,42ac8785,6ab774fb,2025-12-19 20:46:00,305.82,42.15
ff76ae21-e,1,695cee78,a744c965,2025-12-09 09:34:00,372.55,44.69
ac916dec-7,1,8742fdbe,edf308d9,2025-09-03 04:56:00,418.51,42.51
d56f0e55-d,1,578b6230,44fe8422,2025-08-01 02:07:00,412.04,13.0
d99429d0-9,1,7aac1942,dbc85bc3,2025-04-16 08:03:00,360.7,44.27
a76c20bd-2,1,346d75cc,5969adfa,2025-07-08 12:15:00,257.1,40.67
a42d5feb-b,1,7c8eb5e3,d1f5a2a6,2025-08-18 09:33:00,395.29,34.51
3f285503-f,1,af7c3d3f,8147dd73,2025-04-19 16:00:00,266.43,18.69
a46ae1a7-9,1,34b60de6,94dfa210,2025-07-14 00:06:00,165.95,19.96
fb99aa7a-8,1,87953b9c,7eec6079,2025-01-25 20:25:00,392.37,26.38
23dadc8e-2,1,0f9cd918,7bcb35e4,2025-03-15 05:12:00,124.64,8.67
5090c700-1,1,59105597,ddfd8139,2025-12-25 02:36:00,336.46,17.11
c40b975f-0,1,346d75cc,10f00a43,2025-12-15 02:54:00,253.2,12.03
315466a2-3,1,ddea18ae,63e0509b,2025-08-04 21:54:00,291.67,42.41
ce6cf43a-3,1,ae2a4ad9,58e3b7ae,2025-05-19 23:38:00,315.74,36.64
bc9353a5-1,1,15e94fa2,5d8e8755,2025-04-13 04:28:00,130.17,16.72
39740b47-8,1,8de4e26c,f7f21590,2025-02-24 22:59:00,438.33,12.31
39740b47-8,2,e0125e51,b2e78804,2025-02-24 22:59:00,448.88,14.8
b718606d-5,1,c39c1db2,28a50d23,2025-05-26 13:47:00,342.82,41.24
ebe0bcd1-5,1,af7c3d3f,d904d23b,2025-10-29 11:13:00,294.24,9.47
062d2c77-4,1,e31ba7d4,36ee3185,2025-07-17 01:08:00,219.4,34.79
062d2c77-4,2,ad29cfcc,6c008f20,2025-07-17 01:08:00,44.95,35.6
062d2c77-4,3,42ac8785,b3bf3608,2025-07-17 01:08:00,201.75,29.74
773387d5-4,1,ea93ce95,5da27028,2025-11-08 21:34:00,100.03,34.87
538ba7ca-e,1,860994ba,2979bc0c,2025-03-26 02:17:00,446.35,43.01
bca83fb7-5,1,141650f5,fc65906b,2025-02-17 06:32:00,109.6,30.25
810f8781-2,1,a0ea4d65,d1157150,2025-03-21 15:43:00,449.42,19.07
810f8781-2,2,a35c6479,eaa6c212,2025-03-21 15:43:00,150.5,42.2
c4e48291-3,1,8464d5d5,d9a23cba,2025-07-14 12:28:00,110.92,34.13
c4e48291-3,2,4f06f5f6,072dfd2d,2025-07-14 12:28:00,30.05,23.35
c77d0224-d,1,72b33988,0e5f4543,2025-04-16 20:29:00,371.26,34.91
c77d0224-d,2,06697ada,885b9bb4,2025-04-16 20:29:00,105.14,27.32
7df8b9eb-6,1,21155322,4d408f7b,2025-07-11 19:05:00,267.0,35.55
2ef47dd7-6,1,21c6d812,073098a9,2025-07-10 18:22:00,71.16,14.73
2ef47dd7-6,2,2fde09c6,e9d92479,2025-07-10 18:22:00,21.09,25.84
e90c08c0-f,1,25cbedf2,a33831d0,2025-02-10 17:27:00,186.31,24.89
4f43ad50-c,1,0192baf0,da4f40d6,2025-07-04 05:47:00,123.58,21.57
2daac47c-c,1,5cd14ab1,badfcabb,2025-07-10 01:35:00,214.26,42.73
6da547be-6,1,b95998dd,aec6b751,2025-03-13 21:43:00,403.16,11.82
4e4cc5af-3,1,4ebc1480,985b4b37,2025-08-04 05:41:00,198.08,31.86
94b8adba-c,1,943a1be7,dc2c28ec,2025-06-15 18:25:00,89.18,18.7
b10d5bc0-e,1,f1a25060,c775d184,2025-03-26 00:27:00,76.0,23.1
fdccf745-2,1,c766242f,46623427,2025-04-28 09:55:00,223.13,20.77
fdccf745-2,2,943a1be7,f0d52278,2025-04-28 09:55:00,97.68,12.43
ab9987c1-a,1,efbe5223,c4940843,2025-12-18 13:34:00,119.74,43.82
ab9987c1-a,2,5398e4a2,de46760b,2025-12-18 13:34:00,340.14,14.89
ab9987c1-a,3,efbe5223,57a836bc,2025-12-18 13:34:00,86.09,39.82
383f969f-9,1,ccdaacf2,56a53805,2025-08-21 09:28:00,141.36,14.04
49d7da7b-0,1,962a09ee,018d4932,2025-05-05 01:29:00,334.53,35.07
bd486e26-b,1,4dae095f,6c92fb31,2025-06-03 16:49:00,60.58,35.34
69a1d830-9,1,3ec0f88d,2abd72c9,2025-11-02 20:01:00,45.27,10.02
e2b914cc-0,1,a65474a3,38ddaf3b,2025-08-18 05:44:00,414.12,14.4
e2b914cc-0,2,cbe411a2,a6539cf5,2025-08-18 05:44:00,138.2,30.24
bd7370f7-e,1,ebdd156e,6fbf6738,2025-05-21 02:08:00,313.0,15.66
db98f37b-8,1,c18b5129,ffee1dac,2025-01-10 06:05:00,152.68,22.32
c3d5abca-2,1,acae5659,06c7e7bd,2025-07-08 20:07:00,165.32,10.66
e4adffc8-7,1,41386a8b,beb27a72,2025-07-04 03:17:00,43.29,36.8
43d93962-9,1,02e52845,70fab81b,2025-02-28 10:07:00,383.04,17.47
43d93962-9,2,b34dafed,efdd724b,2025-02-28 10:07:00,283.11,17.74
2caa74b9-c,1,844c0629,c52b67de,2025-08-09 10:00:00,96.25,19.75
c1794b34-a,1,64e7c9dc,d1217855,2025-12-29 01:31:00,78.09,35.15
397710d9-3,1,3ed09add,708c92cc,2025-06-19 23:47:00,336.76,23.86
23406598-f,1,ab6a864d,ea81d7c2,2025-05-03 07:26:00,334.89,30.68
23406598-f,2,227bd523,f8bb41c0,2025-05-03 07:26:00,355.23,38.83
23406598-f,3,b721a513,769661c4,2025-05-03 07:26:00,425.6,34.09
70707ea5-1,1,0145b8da,83d6e44c,2025-11-06 19:43:00,424.55,12.09
6ef5f9d5-7,1,11ce6482,b40d9433,2025-12-30 20:11:00,333.85,20.41
35642d8b-5,1,25cbedf2,297b4175,2025-05-17 19:09:00,322.85,38.37
fcee0881-9,1,4715402d,f33632fd,2025-12-02 05:30:00,380.33,41.09
fed21a34-2,1,18555030,939ce85a,2025-01-25 10:04:00,79.56,18.03
54fc9227-4,1,1a67a9ff,f26ee002,2025-09-17 19:33:00,20.03,8.11
c953ff15-2,1,a0ea4d65,0052b2ef,2025-11-14 07:40:00,447.11,24.81
84ce0438-4,1,141650f5,1148c8ed,2025-12-15 07:50:00,22.03,24.51
43ccb90b-2,1,bcf2bce8,baee1e2c,2025-03-06 21:08:00,40.21,33.23
9eb7fe73-a,1,6ac32529,6ab99fe3,2025-08-10 03:05:00,286.78,35.46
9366cf07-5,1,ab6a864d,253ab817,2025-04-26 13:01:00,274.05,43.9
fc72f215-d,1,64059073,ca8ae7f5,2025-08-01 20:31:00,169.09,27.47
4af0ec23-8,1,27dbfee3,b2c7bbfe,2025-01-24 10:53:00,253.55,9.59
b6cb4db5-3,1,b34dafed,e37d69b3,2025-04-11 11:03:00,402.65,42.34
cbcc6536-e,1,18b2b5a9,e6cb093e,2025-10-26 23:18:00,185.71,21.76
4deccd77-8,1,12b1c297,adf6ceda,2025-11-01 19:02:00,346.61,26.68
6eb52ea3-0,1,5a677ab7,873f6a1f,2025-04-23 13:31:00,379.35,11.47
53f87140-9,1,f96eeb5c,094f7468,2025-12-28 02:07:00,436.53,44.88
03a64f81-8,1,4ebc1480,e02f173b,2025-09-15 10:41:00,169.17,42.77
bcb00d8d-c,1,ab6a864d,956075d4,2025-02-01 22:34:00,40.62,23.71
bcb00d8d-c,2,d25a7b66,17c41234,2025-02-01 22:34:00,256.52,24.36
bcb00d8d-c,3,e5ae839e,fa76896c,2025-02-01 22:34:00,398.88,25.46
43f8fe24-8,1,af2aae2e,68906255,2025-06-21 02:56:00,138.74,30.14
cba1fbf9-1,1,92a83e26,531df5f1,2025-02-28 05:03:00,105.26,27.97
cba1fbf9-1,2,ad3fe261,ac6e0ef9,2025-02-28 05:03:00,65.32,17.22
822acb62-0,1,e2aac2dd,3d87cd25,2025-05-08 08:58:00,265.91,20.86
5854ef3c-6,1,f30d14a5,ab6ad259,2025-07-06 03:56:00,231.93,22.66
a3b11161-b,1,f2168bc4,d803ddd3,2025-01-30 08:14:00,327.12,24.06
ebf653f4-0,1,d424c64b,c2ca7776,2025-09-01 22:53:00,354.53,37.29
a30efbc7-0,1,499552bf,35233eb1,2025-01-15 23:54:00,169.73,20.25
a30efbc7-0,2,695cee78,2351d849,2025-01-15 23:54:00,407.73,34.17
66d3563c-7,1,b499bd3c,1e49e6b7,2025-10-09 16:51:00,305.87,24.64
66d3563c-7,2,ebdd156e,246a9569,2025-10-09 16:51:00,168.24,40.44
02c75315-9,1,1bef1134,5eeb9bcd,2025-05-05 17:18:00,147.09,16.28
02c75315-9,2,4b9fe1f9,5c0c309a,2025-05-05 17:18:00,306.29,36.43
e914c800-5,1,64e7c9dc,59861117,2025-01-24 19:54:00,162.66,36.78
160fa1cf-e,1,5414d82a,f6be1389,2025-06-11 14:25:00,93.18,29.18
0ae0b561-f,1,ba99f4cc,7126ccd7,2025-03-31 20:31:00,188.78,43.17
0ae0b561-f,2,962a09ee,1f52de19,2025-03-31 20:31:00,153.04,37.21
33a255ca-9,1,17e5d58b,4b61a481,2025-07-31 23:00:00,426.26,23.81
b673e407-3,1,b34dafed,bdb9a4bf,2025-08-22 16:43:00,383.68,21.34
c5030f9c-0,1,a65474a3,12266457,2025-06-23 08:44:00,287.31,8.66
1cbeb5ef-6,1,11b5ce57,6867ec74,2025-04-15 16:56:00,277.16,8.84
1cbeb5ef-6,2,bd91e8ae,45b28fae,2025-04-15 16:56:00,449.54,18.89
1cbeb5ef-6,3,578b6230,850a7baa,2025-04-15 16:56:00,185.22,9.61
1cbeb5ef-6,4,bb8a0b65,a115c27a,2025-04-15 16:56:00,360.24,44.56
487806c1-9,1,c909b752,54cc3dae,2025-02-14 11:42:00,283.82,37.45
a80357c1-8,1,f1a25060,f13e551d,2025-09-27 13:01:00,411.73,16.83
6c33b054-8,1,8ff0f5a7,68a69e0a,2025-04-07 19:33:00,342.8,26.79
990a3131-a,1,ac092b61,4b8d3a68,2025-03-02 09:41:00,25.28,37.7
7010290d-1,1,b9ebeafd,151dfe17,2025-03-15 01:52:00,297.91,37.69
7010290d-1,2,85b148ec,b7e5655d,2025-03-15 01:52:00,236.14,24.55
45b70cf0-c,1,f3583162,676876b0,2025-01-23 10:12:00,325.15,32.14
45b70cf0-c,2,34b60de6,9caba8d8,2025-01-23 10:12:00,388.5,15.73
e83d9b4f-f,1,215571b7,2da8efa3,2025-04-08 08:30:00,334.54,13.54
e83d9b4f-f,2,ced3cd7c,04d5e4c1,2025-04-08 08:30:00,204.98,34.22
6dea239c-0,1,06d10537,dac097eb,2025-12-25 05:44:00,252.37,10.78
3576eeba-c,1,b9ebeafd,92abcf67,2025-08-24 21:23:00,346.68,10.53
2625561d-0,1,b9ebeafd,bf8a9d4f,2025-02-15 15:42:00,41.71,34.95
038fe03d-6,1,8c4d1c4c,983292dc,2025-09-24 06:57:00,375.61,24.51
0ffb5971-2,1,30b713c0,096e3cfb,2025-10-18 15:30:00,15.06,16.3
85b5d965-e,1,dbd26aa1,707be321,2025-03-09 09:22:00,354.11,27.67
3aea6c90-b,1,8c184e16,a9ea67bb,2025-12-02 13:21:00,223.22,22.37
b5731502-7,1,11ce6482,3bce17fa,2025-05-14 10:43:00,269.1,43.84
f6d8d425-9,1,25cbedf2,18401370,2025-08-23 11:39:00,288.35,14.27
f45a371d-5,1,a490f0cd,bc6eb7d8,2025-01-23 10:16:00,280.5,44.2
5096ea0c-7,1,4ebc1480,20b54907,2025-12-07 14:24:00,42.16,39.73
ae6678ca-2,1,35bf64d1,c9ef426d,2025-06-24 23:09:00,349.65,27.16
ae6678ca-2,2,f8241532,5df380d4,2025-06-24 23:09:00,298.38,32.0
839cb141-c,1,f8241532,c303bca2,2025-03-14 18:39:00,394.69,14.54
3ce5eb11-4,1,89c04c0a,83f0697f,2025-11-17 08:52:00,182.58,34.79
9d9882b2-d,1,5414d82a,ce78ffa2,2025-11-27 19:02:00,423.07,14.44
a3191d4e-d,1,572684f3,2d3b6488,2025-09-01 03:07:00,223.99,42.89
ed7ddc2e-6,1,b131e4c7,8e96e48b,2025-07-31 05:04:00,337.79,34.73
ed7ddc2e-6,2,42ac8785,c184c0ce,2025-07-31 05:04:00,42.43,8.74
9250f8c5-4,1,bd91e8ae,619fa2a6,2025-03-07 12:27:00,199.53,19.5
9250f8c5-4,2,87953b9c,46e18f9c,2025-03-07 12:27:00,283.54,28.18
6fc9fe50-3,1,80f192ad,a72d5292,2025-12-01 23:27:00,233.46,14.67
6fc9fe50-3,2,d0fd83ca,bf90e20e,2025-12-01 23:27:00,262.73,31.28
6fc9fe50-3,3,4767d031,dc3f68e5,2025-12-01 23:27:00,69.79,26.28
a41e0e06-d,1,d8012882,e1135ea1,2025-01-27 21:29:00,304.53,21.29
ea31a762-3,1,a74489e0,08edee2f,2025-08-27 17:23:00,441.77,8.96
78992777-8,1,432acc63,1e7545e1,2025-02-10 07:49:00,223.07,40.26
b5be1406-4,1,b25c0395,b1eafcca,2025-09-28 05:54:00,51.65,11.41
b5be1406-4,2,af7c3d3f,739a380a,2025-09-28 05:54:00,211.16,8.96
f2dbfe6e-3,1,584eb8cb,58424632,2025-08-12 21:38:00,106.15,37.35
f2dbfe6e-3,2,34b60de6,0ac5249c,2025-08-12 21:38:00,407.26,19.02
5cf58f7d-8,1,e1c6fa6e,332b888a,2025-04-16 06:25:00,387.03,43.56
5853f937-8,1,c076efd0,0cf8d8a3,2025-04-05 23:05:00,427.36,33.83
a492c14f-0,1,fdfdede0,d4abe64d,2025-11-07 02:18:00,346.89,35.99
b7592340-0,1,d7fc0a60,12ba25f0,2025-02-23 22:51:00,175.82,15.26
492d1630-b,1,b499bd3c,121dbfb6,2025-04-26 10:19:00,356.74,40.37
492d1630-b,2,dd9ea5e6,d73d909c,2025-04-26 10:19:00,239.29,37.73
96e021f9-1,1,96559be2,1485c77c,2025-05-06 13:40:00,235.88,12.33
3610ab9c-8,1,92a83e26,8b820933,2025-03-14 13:55:00,179.0,34.26
3054387d-a,1,5398e4a2,019a04df,2025-10-30 09:09:00,53.97,38.69
3054387d-a,2,943a1be7,9c4124b2,2025-10-30 09:09:00,209.4,43.41
a91b88aa-b,1,c766242f,a7a3f86b,2025-11-10 21:30:00,233.65,12.97
b01fbb69-f,1,7bfdad86,b299c028,2025-04-26 16:09:00,60.61,40.88
bb291a56-a,1,dce37340,cf97d152,2025-06-07 15:27:00,238.09,43.15
f0556c2d-f,1,f8241532,2cdae2a2,2025-01-21 00:55:00,393.52,27.27
f0556c2d-f,2,962a09ee,e0a1bfc1,2025-01-21 00:55:00,364.68,36.45
f0556c2d-f,3,12b1c297,b37f3bea,2025-01-21 00:55:00,371.75,41.4
f0556c2d-f,4,b81b3046,d84fdded,2025-01-21 00:55:00,414.18,23.4
4f64217d-9,1,05f43073,a5d2a756,2025-04-16 05:06:00,266.4,36.07
756ee9e5-7,1,c173b5e1,cd145743,2025-03-02 19:24:00,276.99,10.46
756ee9e5-7,2,259a60e5,602b95f6,2025-03-02 19:24:00,142.36,26.13
7463d6c5-8,1,7ee46027,548316e4,2025-12-30 18:08:00,356.99,8.93
250d0cbd-f,1,d8b47e9b,e03ef4a0,2025-08-09 16:00:00,22.85,22.25
23446b00-a,1,ad3fe261,8e5970c1,2025-11-25 06:41:00,384.86,23.32
6cf66c4c-2,1,bc304333,46ae0a18,2025-04-19 20:50:00,434.88,35.57
6cf66c4c-2,2,ff0dac41,593c8751,2025-04-19 20:50:00,309.56,44.91
432c9567-7,1,2ce3ae86,4da4f93f,2025-12-24 17:01:00,33.8,23.24
432c9567-7,2,056408d4,83d183b1,2025-12-24 17:01:00,399.31,20.23
432c9567-7,3,5d7f440d,a96cbcac,2025-12-24 17:01:00,441.99,11.6
432c9567-7,4,bb8a0b65,48b68023,2025-12-24 17:01:00,263.02,15.78
afe4aa21-e,1,a35409cd,b4c8f721,2025-01-22 10:57:00,411.57,28.93
b0af2158-5,1,833cec1b,8a23f071,2025-02-25 20:00:00,316.72,38.13
b0af2158-5,2,f2168bc4,9917b3db,2025-02-25 20:00:00,231.46,33.43
e03e2af2-0,1,578b6230,cc954a61,2025-03-26 02:32:00,395.76,9.59
e03e2af2-0,2,00f1f66d,33832fbc,2025-03-26 02:32:00,278.66,13.34
e03e2af2-0,3,edc1d87a,6dedd0b2,2025-03-26 02:32:00,29.23,37.34
e03e2af2-0,4,578b6230,e5fad53d,2025-03-26 02:32:00,270.33,13.29
b23c4d1d-2,1,e2aac2dd,bf6c676b,2025-09-10 16:50:00,108.24,25.45
a69fd413-7,1,eb85827d,356592e9,2025-10-15 17:26:00,213.76,27.26
9864fe0f-c,1,12b1c297,4916d9be,2025-04-12 08:01:00,417.03,8.53
6945df49-0,1,c2a0ed70,48f6f979,2025-05-10 22:54:00,238.9,21.24
4d4eb038-8,1,4c249fa5,e5698ef0,2025-12-12 08:32:00,153.47,40.71
80924d35-3,1,8c2dc506,e63fa530,2025-06-20 11:27:00,250.8,10.27
80924d35-3,2,81b3a025,32b4ba4a,2025-06-20 11:27:00,281.29,32.47
80924d35-3,3,bad7bd4a,06e40520,2025-06-20 11:27:00,160.0,29.79
7fc52b20-3,1,25286f10,fabf1110,2025-03-03 03:56:00,275.53,35.73
b2d81761-2,1,b9ebeafd,bca68480,2025-03-10 12:52:00,15.8,10.38
1c75bb66-d,1,11b5ce57,a174683e,2025-03-09 13:29:00,297.98,41.51
1a014d90-4,1,a65474a3,db636b87,2025-12-03 06:24:00,119.77,18.42
ac59e711-b,1,ea4ef1a7,cbd44c44,2025-09-21 00:47:00,441.91,26.96
ef1667a5-b,1,f8241532,82a22fa4,2025-06-30 23:39:00,85.39,31.72
ef1667a5-b,2,92ebab06,09212915,2025-06-30 23:39:00,251.38,22.7
ef1667a5-b,3,edeebea4,ee7427f7,2025-06-30 23:39:00,429.39,26.2
c1bc8e34-3,1,36dcbb7e,19ab04ca,2025-09-14 05:29:00,268.61,41.91
c1bc8e34-3,2,ac092b61,fa148638,2025-09-14 05:29:00,337.4,41.49
a22a9506-b,1,86289f74,a34f2334,2025-02-18 11:21:00,272.94,34.57
4177988e-e,1,76252a44,a342bea6,2025-11-20 13:16:00,101.24,28.41
3cac010e-b,1,41386a8b,a906e3d7,2025-12-01 21:10:00,283.49,31.81
66665917-d,1,0203ff6f,3d879c24,2025-06-15 03:41:00,380.84,27.08
0a106452-2,1,f7d02a95,71cc6e03,2025-07-10 12:08:00,137.07,10.42
977998a2-6,1,b7259473,dcbf2e64,2025-04-23 02:18:00,217.26,25.69
d9423d77-e,1,2ec4191e,def6d965,2025-11-17 04:47:00,25.24,32.44
d9423d77-e,2,8c4d1c4c,e6608b89,2025-11-17 04:47:00,38.09,19.31
2daf063e-9,1,ac092b61,80b012c4,2025-11-20 20:30:00,190.24,29.89
e21c3db5-2,1,259a60e5,03fd0a6e,2025-04-24 11:00:00,211.49,33.92
9057dcc9-0,1,d1310ac6,50b9fc56,2025-10-22 13:32:00,232.11,9.77
9057dcc9-0,2,5d7f440d,163b7d94,2025-10-22 13:32:00,291.22,12.74
9057dcc9-0,3,1d6c8389,389daf7d,2025-10-22 13:32:00,43.73,40.72
51aa62f9-b,1,4b9fe1f9,6a909d84,2025-05-30 04:08:00,117.43,34.56
51aa62f9-b,2,f7d02a95,a3454d05,2025-05-30 04:08:00,106.45,28.42
51aa62f9-b,3,1bef1134,ed375938,2025-05-30 04:08:00,116.05,12.13
25530580-4,1,499552bf,7c6ecf67,2025-08-01 23:55:00,268.26,9.47
6522fda8-b,1,87aa2d53,f34f81b9,2025-10-29 10:57:00,407.64,12.75
38bea480-b,1,bcf2bce8,79f29777,2025-09-16 03:20:00,146.12,15.78
7b4c649d-0,1,3cebde76,ee89a6c7,2025-09-23 17:46:00,209.0,38.06
8e395ac9-9,1,32d9c356,4bfb5698,2025-09-17 11:55:00,287.78,10.5
7dc7c169-b,1,30b713c0,48b06667,2025-11-25 09:17:00,351.63,30.29
d892d26c-1,1,432acc63,3b72fc83,2025-08-20 19:52:00,149.66,35.96
d892d26c-1,2,a0683d93,553037c5,2025-08-20 19:52:00,65.78,27.93
d892d26c-1,3,80f192ad,50c9dc11,2025-08-20 19:52:00,192.1,27.47
00aa1f11-2,1,d8012882,56f5bb6f,2025-12-02 07:18:00,337.27,21.87
e3bc08a9-2,1,444631da,16675cca,2025-05-10 20:40:00,375.85,41.43
45f7d469-3,1,35bf64d1,15b090fb,2025-08-06 15:20:00,164.43,24.21
e11637e6-9,1,85b148ec,459e45f5,2025-01-21 23:29:00,294.24,38.8
567272b2-3,1,c909b752,15c6f8ca,2025-01-19 00:04:00,80.84,14.37
567272b2-3,2,ac092b61,2273ef93,2025-01-19 00:04:00,270.67,12.01
567272b2-3,3,55ba7e8c,370e9a9c,2025-01-19 00:04:00,264.99,28.51
8ff3d241-9,1,141650f5,81f43cba,2025-03-12 08:03:00,157.03,39.01
875192a8-0,1,89e99561,8c4a6356,2025-06-02 20:34:00,148.99,13.76
875192a8-0,2,f8241532,0765b668,2025-06-02 20:34:00,108.97,19.39
875192a8-0,3,040b7928,2c2872e6,2025-06-02 20:34:00,338.82,36.94
3eb695b7-2,1,15e94fa2,0ec1c355,2025-05-26 02:00:00,178.56,13.79
0a07487c-a,1,64e7c9dc,77934024,2025-09-25 14:26:00,89.05,9.24
0a07487c-a,2,46247658,ebaec0d9,2025-09-25 14:26:00,118.8,13.95
0a07487c-a,3,12b1c297,c3950d5d,2025-09-25 14:26:00,334.62,20.67
a0fa8755-d,1,0f9cd918,bac35edb,2025-04-07 01:23:00,187.68,29.03
b885273d-7,1,4ba1d7fc,de30a2eb,2025-05-15 08:42:00,409.53,10.67
730d71aa-4,1,81b3a025,2238070c,2025-01-22 17:36:00,427.22,23.24
c91f5e5e-c,1,8c184e16,6d640839,2025-07-10 03:44:00,220.66,37.33
47a8df9c-9,1,b81b3046,8255211f,2025-06-27 16:27:00,132.66,14.59
31442add-5,1,7ad28f77,22cbe59d,2025-04-27 02:50:00,259.19,17.39
67677837-c,1,87953b9c,cede5eae,2025-10-23 06:46:00,29.35,25.99
e0795ec6-a,1,4821bd82,9a899e91,2025-09-04 21:55:00,408.92,36.23
a70435a9-7,1,4ba1d7fc,be26704c,2025-03-07 03:04:00,80.42,15.69
635fe0c0-b,1,cbe411a2,fb5dd706,2025-04-23 14:31:00,187.93,16.96
635fe0c0-b,2,860994ba,19c46a02,2025-04-23 14:31:00,129.82,28.36
ddd08051-3,1,5a01c7ca,39bec9f1,2025-05-14 13:02:00,329.92,21.56
d4d6662b-b,1,bd91e8ae,3af4a551,2025-11-01 07:12:00,401.25,19.02
151a54d9-1,1,259a60e5,c681f439,2025-07-22 19:53:00,46.69,13.51
80c032eb-2,1,0b14df53,e0664753,2025-08-12 21:48:00,142.78,29.72
80c032eb-2,2,7c8eb5e3,e20b98d7,2025-08-12 21:48:00,344.55,17.81
80c032eb-2,3,dc1cad4b,1645e0a5,2025-08-12 21:48:00,217.24,9.23
80c032eb-2,4,b3cf73d5,415df238,2025-08-12 21:48:00,214.4,40.51
63b237e1-e,1,ebdd156e,791191f9,2025-06-19 13:49:00,187.69,17.94
11f7ab9c-2,1,bb8a0b65,0653ef01,2025-06-05 17:48:00,154.3,22.54
4affff65-e,1,5398e4a2,6de4717f,2025-07-31 15:38:00,369.19,26.82
4affff65-e,2,ae6650c6,0d483cb4,2025-07-31 15:38:00,93.17,30.3
727b8655-9,1,d25a7b66,520184f5,2025-08-26 05:50:00,425.7,36.22
78058db1-4,1,bacdb118,a8b26976,2025-11-12 04:59:00,255.1,20.22
9e4c0ca7-6,1,efbe5223,b110be20,2025-09-13 12:23:00,380.68,41.23
d61b82e9-e,1,d1310ac6,7546a9d6,2025-08-15 00:31:00,35.73,15.44
d61b82e9-e,2,572684f3,730049ec,2025-08-15 00:31:00,220.28,16.07
d61b82e9-e,3,5d0203f7,8d62b65f,2025-08-15 00:31:00,167.98,31.48
d61b82e9-e,4,55ba7e8c,ecc9879d,2025-08-15 00:31:00,385.58,23.34
8c1a178b-d,1,b34dafed,9da61d8d,2025-09-28 00:34:00,196.43,16.83
f02dedf4-4,1,5a5a81da,7757f9ea,2025-04-11 04:31:00,137.2,40.33
09660ca2-e,1,5d0203f7,c94d678e,2025-01-24 07:57:00,108.93,25.47
c1a01887-5,1,8b02e1d3,0f473878,2025-10-24 07:37:00,285.61,40.34
029a901f-e,1,5b76386b,2cbbe6df,2025-09-18 13:47:00,423.85,35.05
c25b4633-5,1,bc304333,e410dd26,2025-06-13 00:43:00,281.1,11.88
c25b4633-5,2,d8b47e9b,fb28f738,2025-06-13 00:43:00,415.27,32.6
27cd8ca0-9,1,c766242f,325951c9,2025-01-21 19:34:00,115.54,34.76
c4d89b68-4,1,e36d4b42,a7aa802e,2025-06-09 10:53:00,184.52,16.61
eeaf8b5c-7,1,a0ea4d65,5ecb7060,2025-03-22 03:51:00,185.67,40.01
6cf10365-5,1,c3b5fec6,5cf06324,2025-05-15 11:06:00,198.61,28.23
c847412e-b,1,e8f2b837,40bb7339,2025-06-21 03:14:00,427.96,43.16
d3a9759c-1,1,32431646,bfb82204,2025-03-23 20:36:00,43.58,33.17
6320c24b-1,1,ab6a864d,d94f520f,2025-03-15 21:00:00,323.77,27.88
41d39df1-f,1,e1a1c8e9,e2e8f7e0,2025-02-02 13:59:00,163.0,41.51
171aa03b-c,1,4ba1d7fc,8551b39d,2025-08-09 20:55:00,47.72,43.44
26aeba58-9,1,f7d02a95,22d71f3f,2025-08-05 18:28:00,100.83,18.17
af022052-e,1,b131e4c7,6fde2769,2025-10-26 11:43:00,210.89,8.17
af022052-e,2,d424c64b,8075e5de,2025-10-26 11:43:00,100.74,33.16
6fb13d75-2,1,18555030,20b299c3,2025-11-12 03:54:00,219.18,18.05
dc8bd46a-9,1,24a1c73a,93777b52,2025-03-21 03:54:00,367.39,37.38
dc8bd46a-9,2,32431646,6d8e9f72,2025-03-21 03:54:00,98.43,26.99
dc8bd46a-9,3,cd04d99b,25542d75,2025-03-21 03:54:00,27.29,16.61
08199426-7,1,508bf8ab,8a49b2cf,2025-08-26 10:06:00,117.84,28.7
08199426-7,2,edc1d87a,0e099237,2025-08-26 10:06:00,235.16,15.61
08199426-7,3,43835fbf,fdf74127,2025-08-26 10:06:00,221.17,8.9
48019874-8,1,068b1543,86948777,2025-06-20 02:13:00,443.35,34.23
d06bf430-9,1,259a60e5,1bd6fae8,2025-12-28 14:04:00,115.15,37.84
d06bf430-9,2,4f06f5f6,361671bd,2025-12-28 14:04:00,128.62,31.24
d2551f94-4,1,714642dd,b7886715,2025-04-24 07:59:00,155.79,11.99
fe607dc0-5,1,5a677ab7,375a850b,2025-03-19 22:43:00,262.78,31.86
fe607dc0-5,2,5414d82a,1c2ec7ed,2025-03-19 22:43:00,163.33,28.39
fe607dc0-5,3,0f9cd918,c7665759,2025-03-19 22:43:00,90.57,26.95
37c9472e-f,1,83ffdcdd,1740819f,2025-03-07 21:35:00,437.76,23.81
37c9472e-f,2,b617be37,b3a01943,2025-03-07 21:35:00,175.58,18.85
bac32330-8,1,444631da,0158551a,2025-06-09 10:15:00,435.36,12.11
dcfcfc90-e,1,73ae90c5,5a66fc77,2025-06-03 12:05:00,153.64,16.92
e31ceef4-9,1,227bd523,9e190e2f,2025-01-16 15:48:00,181.41,10.89
e31ceef4-9,2,844c0629,7d1c8be3,2025-01-16 15:48:00,319.85,25.9
4accf51f-1,1,dfdbc83d,781c4cda,2025-07-16 07:51:00,369.66,30.01
b121dc3c-c,1,ae33358f,dbc5f4b2,2025-08-24 04:38:00,133.69,28.52
b121dc3c-c,2,43835fbf,3bb9056f,2025-08-24 04:38:00,281.59,10.41
b121dc3c-c,3,4179340c,6e6e26db,2025-08-24 04:38:00,295.52,40.89
b121dc3c-c,4,056408d4,1169bc06,2025-08-24 04:38:00,417.64,31.41
6bfb2d13-c,1,584eb8cb,dc639c94,2025-07-22 22:16:00,279.28,13.32
6bfb2d13-c,2,efbe5223,c6fac7a5,2025-07-22 22:16:00,164.87,40.45
653e699f-f,1,135ab652,a2d5811e,2025-01-06 08:25:00,382.87,41.4
b0a76df8-0,1,72966584,d09324f5,2025-11-10 14:08:00,371.06,31.39
58c76d7c-1,1,bda0303b,0376beac,2025-05-18 04:22:00,309.59,10.08
de0e35e4-e,1,584eb8cb,de9e5151,2025-06-19 05:32:00,424.14,13.5
434ed713-7,1,efbe5223,003d0601,2025-09-11 16:13:00,283.65,12.0
9132d03d-0,1,34b60de6,3ca840a1,2025-09-01 13:15:00,321.07,32.33
8034c1a2-e,1,2942d890,5750344e,2025-12-03 22:17:00,100.32,22.99
c3b8ff97-6,1,cc935477,a1df6f9a,2025-02-24 02:29:00,274.68,20.32
bf209d50-4,1,4dae095f,8341ff7b,2025-01-30 13:42:00,279.01,27.91
29e1610e-d,1,c2a0ed70,0c82fdb2,2025-08-30 22:09:00,67.81,29.47
66822cc9-9,1,bacdb118,da4d96ba,2025-02-18 09:57:00,169.96,19.47
ba4958f3-f,1,e8254a94,52500131,2025-07-24 04:19:00,24.83,36.79
4f43b36c-e,1,3f0171a6,83c7f06a,2025-09-01 00:12:00,202.49,42.56
7b8662df-0,1,af7c3d3f,0d428635,2025-08-25 21:56:00,268.51,22.62
cc00716a-f,1,2942d890,9af410ac,2025-05-30 00:31:00,59.61,34.88
cc00716a-f,2,8ff0f5a7,ab5df2e5,2025-05-30 00:31:00,66.48,35.4
cc00716a-f,3,844c0629,8868bc85,2025-05-30 00:31:00,36.69,13.66
b68c091a-0,1,3ec0f88d,480069d2,2025-03-20 10:05:00,314.39,9.66
d3d2e628-5,1,b34dafed,eab5fad7,2025-12-17 14:11:00,155.07,16.9
98d1ca3b-f,1,2ce3ae86,60fc7b81,2025-11-18 00:16:00,165.05,33.98
98d1ca3b-f,2,d25a7b66,57c30bd8,2025-11-18 00:16:00,151.29,42.35
98d1ca3b-f,3,d1310ac6,d6bda236,2025-11-18 00:16:00,138.35,38.51
25d17d80-6,1,b3cf73d5,44fac231,2025-04-23 07:49:00,164.05,29.12
25d17d80-6,2,0f9cd918,cc438541,2025-04-23 07:49:00,105.12,18.77
61b4a43c-2,1,5414d82a,57718a5a,2025-06-05 02:13:00,302.74,35.36
d72af3fb-6,1,76252a44,28dd2809,2025-07-12 20:47:00,336.59,31.13
d72af3fb-6,2,572684f3,1c18edf8,2025-07-12 20:47:00,103.69,34.58
d72af3fb-6,3,06697ada,8134af1f,2025-07-12 20:47:00,421.85,34.22
020d4c91-f,1,5a5a81da,25c3df18,2025-03-24 03:40:00,399.79,32.61
020d4c91-f,2,b604b57b,50f6c508,2025-03-24 03:40:00,86.76,16.13
02751ee5-2,1,92a83e26,60aaa326,2025-11-27 21:33:00,251.65,43.08
02751ee5-2,2,eb85827d,1147f187,2025-11-27 21:33:00,82.1,40.19
74754b2a-9,1,5d7f440d,30ae5c69,2025-07-29 18:43:00,210.63,40.66
74754b2a-9,2,6ac32529,24bf5a99,2025-07-29 18:43:00,355.32,23.65
fbcb30be-8,1,0145b8da,1ccf0404,2025-02-10 19:41:00,316.87,27.36
fbcb30be-8,2,b7259473,f408651c,2025-02-10 19:41:00,272.45,28.93
fbcb30be-8,3,34b60de6,437fb853,2025-02-10 19:41:00,85.71,37.87
665ec522-2,1,45284e60,8b0487b0,2025-05-20 19:09:00,290.65,31.05
10abcd8a-3,1,efbe5223,65adca25,2025-01-11 19:02:00,348.69,13.12
ee872e20-7,1,91a01fb1,aa4a3af7,2025-11-16 10:15:00,113.52,15.88
076cfa93-8,1,b5c58c9d,3925523a,2025-07-21 10:52:00,316.13,29.33
375374fc-b,1,edeebea4,20779a8b,2025-10-27 22:10:00,336.5,9.01
5c5ef686-9,1,ff0dac41,a327f2f9,2025-12-26 21:23:00,254.5,19.47
943f4cd9-0,1,c18b5129,96d47937,2025-01-08 14:17:00,387.13,25.25
3cc2ad2e-5,1,c587f345,554f5812,2025-12-05 14:29:00,340.47,31.2
c8a01a30-4,1,ae33358f,f0feba25,2025-02-13 00:13:00,114.86,26.01
18320c91-6,1,45104aa7,ca52aea5,2025-03-23 19:29:00,447.2,40.73
18320c91-6,2,ae6650c6,d0790304,2025-03-23 19:29:00,82.76,15.94
f9961479-2,1,f96eeb5c,03e374bc,2025-11-12 13:49:00,361.59,13.86
e2d52c08-3,1,d8b47e9b,544db8e8,2025-08-17 17:39:00,84.76,39.57
23fa7375-0,1,ac092b61,54cc39a1,2025-07-02 17:11:00,188.03,10.37
23fa7375-0,2,a35c6479,28f92b1d,2025-07-02 17:11:00,275.1,34.84
23fa7375-0,3,21155322,cd28095f,2025-07-02 17:11:00,268.81,35.16
d5a493ae-b,1,0145b8da,f19a9c43,2025-06-07 15:23:00,345.97,41.56
3caf3005-a,1,dac043c1,c58230e1,2025-09-23 11:34:00,405.91,19.96
2f1ed1c6-4,1,7ac70db9,7e7b05a5,2025-01-08 10:07:00,424.36,9.93
045e415f-3,1,3ec0f88d,030cf7e9,2025-10-30 13:59:00,293.91,19.58
db21b9aa-8,1,844c0629,b0ac74dc,2025-08-27 00:19:00,283.54,9.72
a5f4391c-4,1,11b5ce57,24307118,2025-06-08 22:25:00,110.86,34.05
c9d736c8-9,1,141650f5,f6d71046,2025-06-06 03:26:00,27.01,30.74
c9d736c8-9,2,4767d031,9043ba8c,2025-06-06 03:26:00,160.56,12.07
c9e4a99d-d,1,af2aae2e,1f3fb4df,2025-10-30 21:46:00,179.44,19.99
25fd1583-8,1,ddea18ae,4a0d9600,2025-05-20 18:54:00,307.72,43.07
0b4fb056-3,1,acae5659,e03fa790,2025-10-19 19:15:00,159.2,39.96
40c4c16c-f,1,4b9fe1f9,ab413dcb,2025-11-23 19:43:00,425.63,42.12
89ae0d23-2,1,dbd26aa1,9a5f5f2f,2025-03-20 04:35:00,263.53,9.63
7f6ba106-f,1,962a09ee,039ebe00,2025-12-13 09:48:00,139.9,30.47
094646e7-1,1,27dbfee3,5d4991e1,2025-01-19 18:34:00,151.81,8.11
094646e7-1,2,2a5ed824,78b94448,2025-01-19 18:34:00,278.25,22.41
094646e7-1,3,858d2ce8,4159948e,2025-01-19 18:34:00,284.03,24.73
e185a593-b,1,c6b454f7,27cb552d,2026-01-01 11:39:00,170.56,35.21
12900747-f,1,a65474a3,fabd06ec,2025-06-08 05:01:00,368.94,40.43
3e63bbef-8,1,0192baf0,7fc7cc8e,2025-11-23 13:20:00,207.68,20.0
3e63bbef-8,2,3ed09add,374a8bf3,2025-11-23 13:20:00,322.15,19.5
6a09b2f9-5,1,ad3fe261,b3965286,2025-01-30 18:13:00,442.3,39.63
6a09b2f9-5,2,96559be2,4c79a1e1,2025-01-30 18:13:00,447.96,32.32
ee17b35d-6,1,efbe5223,7c7a12f9,2025-08-10 18:17:00,370.08,14.36
62ba22af-b,1,c39c1db2,2de38a9c,2025-10-17 06:24:00,436.69,25.92
62ba22af-b,2,eb85827d,665f8a7b,2025-10-17 06:24:00,316.53,29.57
b3b5263b-1,1,c587f345,207091a9,2025-12-08 03:52:00,275.14,24.09
a2bfbf01-6,1,5398e4a2,0f39d204,2025-09-17 13:07:00,301.24,9.0
46e110e4-b,1,17d9bda9,f40047c3,2025-11-02 22:49:00,104.39,17.65
46e110e4-b,2,30b713c0,cdb3a48b,2025-11-02 22:49:00,398.15,28.81
46e110e4-b,3,e31ba7d4,950268ee,2025-11-02 22:49:00,102.19,25.64
73ae857e-5,1,508bf8ab,6551d095,2025-05-23 18:44:00,334.93,40.95
89307e98-f,1,9e445642,65556f07,2025-01-07 03:35:00,67.19,16.53
f31a2a06-c,1,a35409cd,2f618429,2025-12-14 05:13:00,288.83,24.36
0a7b472e-3,1,e0125e51,a2c65a96,2025-09-13 16:31:00,345.37,30.8
81f87e70-2,1,695cee78,e21c6621,2025-04-14 21:11:00,93.76,10.0
b39f4e10-8,1,7aac1942,224bf0cc,2025-12-09 22:15:00,57.67,40.59
b73684af-9,1,5a5a81da,100ffb6b,2025-03-04 01:51:00,21.46,36.92
f88d837c-d,1,4b9fe1f9,0ac2d9f7,2025-03-15 08:48:00,385.55,37.05
577919e8-4,1,b9ebeafd,b3580cc5,2025-05-27 06:16:00,380.24,35.34
b1de437a-5,1,3e00cd4d,b223052f,2025-04-03 10:45:00,415.95,27.26
0b8e4d7c-9,1,aba91719,29500f3f,2025-03-30 01:05:00,283.08,28.46
0b8e4d7c-9,2,671b4fed,5f464287,2025-03-30 01:05:00,190.76,11.01
0b8e4d7c-9,3,53ca8c22,25542fe5,2025-03-30 01:05:00,429.58,8.32
abdfaed4-3,1,17e5d58b,cd1ee5df,2025-09-26 04:06:00,203.23,34.6
abdfaed4-3,2,c076efd0,77f90530,2025-09-26 04:06:00,305.5,15.88
cbed30fc-6,1,6ac32529,066c2c87,2025-12-28 07:56:00,132.83,42.19
a85e8928-e,1,8c2dc506,334d223b,2025-10-29 10:01:00,50.94,38.53
9826a834-d,1,ab6a864d,7a8d4fae,2025-11-01 18:16:00,135.93,29.97
9826a834-d,2,695cee78,40898298,2025-11-01 18:16:00,168.03,25.25
9826a834-d,3,1f27dff3,4f3f24f1,2025-11-01 18:16:00,301.54,36.25
0d3451ea-4,1,661320a7,07b32ca8,2025-06-11 04:43:00,270.26,42.83
ef7911bc-a,1,1a67a9ff,37248d30,2025-05-31 09:16:00,362.22,35.35
8e6d1240-5,1,25cbedf2,0beb4697,2025-09-24 16:34:00,179.82,39.99
8e6d1240-5,2,0edb474e,524c9e3a,2025-09-24 16:34:00,280.51,41.12
7c9e9e4b-0,1,b721a513,773bd75d,2025-02-17 15:59:00,112.36,24.16
c7958534-6,1,ddea18ae,b6831bfb,2025-06-29 08:33:00,340.56,44.87
613c6bfd-3,1,af7c3d3f,7db4fa50,2025-03-24 05:16:00,326.71,39.52
613c6bfd-3,2,13d52475,926dcd19,2025-03-24 05:16:00,134.65,11.62
613c6bfd-3,3,671b4fed,d99b3c0d,2025-03-24 05:16:00,221.54,14.68
613c6bfd-3,4,331264ad,55027988,2025-03-24 05:16:00,412.48,9.61
8a52e2f5-0,1,35b07f2f,f68819dc,2025-09-10 11:13:00,117.75,16.69
19528eaa-5,1,13d52475,abc4cf40,2025-11-23 17:57:00,113.36,21.79
19528eaa-5,2,a0ea4d65,1862181f,2025-11-23 17:57:00,446.62,27.65
19528eaa-5,3,578b6230,ca35a1cc,2025-11-23 17:57:00,97.3,31.69
64d325fc-3,1,dfdbc83d,05c79f76,2025-12-21 17:57:00,277.57,37.6
64d325fc-3,2,b34dafed,cc7506a4,2025-12-21 17:57:00,397.37,34.91
64d325fc-3,3,34bf6985,0a4361dc,2025-12-21 17:57:00,242.64,36.31
eba1fe12-3,1,bad7bd4a,704e7889,2025-10-29 16:45:00,411.69,37.56
3a7c9c63-1,1,e36d4b42,ecd58be3,2025-05-24 05:35:00,354.31,8.08
b19708ed-6,1,dd59ea80,32d807f3,2025-12-08 18:47:00,96.6,28.86
b19708ed-6,2,ea93ce95,b1284463,2025-12-08 18:47:00,324.84,36.44
1f30d0d6-2,1,8ee662e2,5ecebc8d,2025-01-12 08:03:00,95.58,13.49
87929261-8,1,32d9c356,77396c5b,2025-11-22 01:55:00,112.86,21.92
b48c3280-a,1,19c7a2a5,ba253f06,2025-05-02 00:42:00,347.73,14.32
6d3c5153-d,1,e36d4b42,ba99de1d,2025-09-20 07:53:00,51.35,41.48
a53beed9-1,1,5d0203f7,c0497182,2025-10-09 18:27:00,262.47,26.62
0b37a48b-8,1,ab6a864d,2a4e5d27,2025-06-03 20:39:00,288.4,10.85
1568bd8d-1,1,bb8a0b65,25d75519,2025-02-21 18:29:00,170.85,41.82
1071b60b-5,1,584eb8cb,727749c8,2025-07-15 08:18:00,304.44,12.68
1afd5053-7,1,a2ee6258,5699d1c8,2025-09-04 11:05:00,341.42,20.91
91da2bfe-0,1,8fb9b9d4,4be6ff2f,2025-09-06 20:15:00,339.11,28.23
91da2bfe-0,2,7ac70db9,4ce35d97,2025-09-06 20:15:00,233.77,40.03
91da2bfe-0,3,acae5659,d9d7b8c3,2025-09-06 20:15:00,389.53,42.26
91da2bfe-0,4,4179340c,8327320e,2025-09-06 20:15:00,90.71,37.78
7a9c64de-8,1,5cd14ab1,d8bf1ceb,2025-08-02 06:54:00,274.15,27.29
31242cc8-7,1,f3583162,67af69df,2025-02-01 04:24:00,355.31,32.92
593eb70e-4,1,4715402d,33304513,2025-12-18 11:10:00,161.45,38.22
84b0c88b-1,1,27dbfee3,2e197e7f,2025-04-29 02:27:00,104.74,20.52
d30458e8-3,1,d7fc0a60,8c6ecc59,2025-04-20 14:10:00,87.8,41.73
d30458e8-3,2,91a01fb1,be2d86c2,2025-04-20 14:10:00,184.58,26.24
f0c4e709-9,1,a35c6479,458b3799,2025-05-28 11:48:00,316.06,21.32
3576c7d3-5,1,91a01fb1,4c089eda,2025-07-12 09:38:00,51.15,39.15
3938a8d4-b,1,d470fd17,f51abc53,2025-12-03 06:18:00,45.06,23.84
b77efb4f-9,1,a0ea4d65,29d42e5d,2025-07-19 10:15:00,350.92,31.65
b77efb4f-9,2,13f00340,92b345e6,2025-07-19 10:15:00,136.78,14.79
b77efb4f-9,3,e8f2b837,9e013de9,2025-07-19 10:15:00,55.62,8.85
62b7a2cf-b,1,0192baf0,2c9b7b4d,2025-11-29 14:39:00,26.64,37.77
0320eba3-5,1,4b9fe1f9,08856385,2025-07-14 11:32:00,200.81,19.87
0320eba3-5,2,7aac1942,90b0a74a,2025-07-14 11:32:00,210.02,36.32
0320eba3-5,3,d38de927,9b048749,2025-07-14 11:32:00,264.89,36.56
f8ff2244-3,1,81b3a025,73f8c6ed,2025-05-19 04:22:00,333.08,39.38
63ce41e5-c,1,dfdbc83d,1854f6bc,2025-09-07 10:25:00,157.59,37.85
63ce41e5-c,2,0145b8da,1408db78,2025-09-07 10:25:00,242.29,31.71
52188aed-f,1,89e99561,437d074b,2025-06-17 07:03:00,434.09,27.33
dd432c49-e,1,8b587576,91590317,2025-03-02 03:54:00,194.54,10.63
593a216a-7,1,ed213a56,57e8aebf,2025-03-26 14:21:00,396.5,34.78
593a216a-7,2,ae28a23e,26ca79f4,2025-03-26 14:21:00,392.78,31.7
19a0d75b-c,1,4767d031,d14fa800,2025-10-19 15:22:00,33.08,34.58
f2c8593c-4,1,24a1c73a,1e1e14e6,2025-12-22 20:01:00,285.47,25.85
1bfc5d7b-1,1,edc1d87a,06f67c6a,2025-02-11 21:03:00,183.61,36.88
1eaa132a-a,1,8fb9b9d4,703b327a,2025-10-01 18:17:00,213.39,38.8
aabf6149-c,1,dfdbc83d,eae42855,2025-05-13 22:31:00,130.05,38.84
a1f261dd-1,1,4179340c,b430661b,2025-09-01 15:51:00,439.0,37.67
a1f261dd-1,2,7ad28f77,8a632ce4,2025-09-01 15:51:00,209.63,30.56
a1f261dd-1,3,25449731,08ca553f,2025-09-01 15:51:00,149.64,42.28
a1f261dd-1,4,cf55c767,44701725,2025-09-01 15:51:00,33.76,43.87
93ceb04b-7,1,3f0171a6,8cdc53e9,2025-08-20 15:18:00,38.95,27.0
74b91a72-0,1,17e5d58b,a258183f,2025-12-24 12:24:00,55.78,27.49
f7253f30-f,1,ed213a56,1f5d2684,2025-05-10 14:02:00,58.6,42.01
7c0164b0-5,1,22af20fd,69e89aeb,2025-04-02 22:25:00,68.02,43.76
4e7ec2ed-2,1,5d0203f7,92312d2e,2025-07-18 18:12:00,17.26,22.14
23bde6e7-e,1,d1310ac6,64233673,2025-11-17 16:57:00,282.04,10.94
23bde6e7-e,2,17bbcd88,db9f0849,2025-11-17 16:57:00,114.78,14.64
23bde6e7-e,3,63cb55c9,b327b151,2025-11-17 16:57:00,338.5,21.42
23bde6e7-e,4,8464d5d5,51205dd2,2025-11-17 16:57:00,180.79,36.6
a026367d-3,1,e0125e51,0c72e087,2025-11-25 12:07:00,23.6,36.96
d03a736c-c,1,82a623b9,ff30ca7c,2025-06-09 19:24:00,322.16,42.17
fbf84afc-4,1,0570f6af,bfdfb239,2025-03-19 10:53:00,159.13,25.26
1ed80da0-f,1,f7d02a95,57b6e023,2025-06-23 00:56:00,197.23,17.07
1ed80da0-f,2,ad14c942,54ac5ad5,2025-06-23 00:56:00,93.06,12.27
1ed80da0-f,3,d0fd83ca,a1f0e597,2025-06-23 00:56:00,288.77,18.64
37f727b0-8,1,3cebde76,ae06722c,2025-12-23 06:09:00,282.79,31.59
0e3766d0-a,1,d8012882,66d5ef5c,2025-10-01 13:28:00,399.72,14.58
538c9e1a-a,1,21155322,e347f0d7,2025-09-18 06:39:00,318.62,41.84
344fb9e3-b,1,82a623b9,5a011f2b,2025-08-23 13:11:00,427.08,34.24
b356f900-1,1,bad7bd4a,82499a6b,2025-11-14 19:04:00,443.03,19.02
118c5739-9,1,2942d890,981c7419,2025-05-17 10:40:00,164.72,25.09
248301db-c,1,d8bd785c,78b31d8c,2025-11-26 14:07:00,233.36,29.53
8611d84e-8,1,8c4d1c4c,3320be5e,2025-04-26 04:59:00,432.98,17.51
8611d84e-8,2,5d8fa470,bf9a4f76,2025-04-26 04:59:00,289.73,12.74
0e2ee107-0,1,b9ebeafd,78bba97e,2025-06-03 13:44:00,97.26,34.99
632c34d8-6,1,068b1543,c3eb6b3e,2025-06-08 07:24:00,256.05,28.47
77fefe0b-7,1,15e94fa2,26d228b3,2025-06-25 23:15:00,443.84,36.65
0e5d9c9a-f,1,1bef1134,f1fbce5f,2025-08-06 11:49:00,278.08,31.47
4e3ec2ac-c,1,d8bd785c,8ff77954,2025-04-29 22:39:00,292.89,10.71
d8d2e3ee-9,1,962a09ee,f6bacfd7,2025-12-16 14:30:00,169.92,36.57
c295dc5a-5,1,dac043c1,04a5e3dd,2025-02-10 11:15:00,252.23,40.39
cf6d2188-5,1,ae28a23e,c072d3a8,2025-10-28 02:24:00,400.84,38.35
446bc273-a,1,cbe411a2,97762fb7,2025-07-14 02:02:00,295.34,39.63
2356eba5-9,1,8c184e16,95ca6f0f,2025-01-24 04:29:00,161.12,28.94
1ce38dd1-2,1,42ac8785,ba240a11,2025-11-23 06:35:00,421.39,40.24
153681ce-c,1,5b76386b,25b772e5,2025-05-01 22:41:00,49.43,10.27
ee7ee4c4-d,1,860994ba,9d24898c,2025-11-07 16:55:00,202.87,41.12
e92b0fe6-f,1,42ac8785,0e4ffb10,2025-07-17 21:51:00,235.2,15.47
29ed9eb1-0,1,ea4ef1a7,149db4b2,2025-09-17 09:45:00,410.1,40.27
a30a00dc-7,1,c076efd0,4111e9a1,2025-12-08 15:16:00,73.11,26.81
a9195b19-f,1,8c2dc506,2b085e80,2025-03-29 20:19:00,256.8,29.82
874164d1-f,1,ed213a56,73d2b72f,2025-07-01 22:18:00,19.1,19.11
1d04d4c3-5,1,36dcbb7e,555b1dd8,2025-03-07 03:48:00,105.8,35.34
1d04d4c3-5,2,21155322,cd5fceba,2025-03-07 03:48:00,328.77,24.29
a6645155-1,1,227bd523,c873829c,2025-07-21 04:47:00,261.44,37.64
a6645155-1,2,e1c6fa6e,48dba1e9,2025-07-21 04:47:00,29.15,32.85
c9c50037-4,1,3cebde76,2502ce01,2025-11-06 10:55:00,212.68,38.42
13379c0f-9,1,dc1cad4b,8461a05d,2025-07-08 05:19:00,365.92,12.55
ffc52140-2,1,a2ee6258,786900ae,2025-07-04 03:31:00,76.8,18.88
bef266b7-1,1,72b33988,4680af9b,2025-03-10 10:05:00,230.53,28.26
ff7a2008-0,1,3ec0f88d,0812b8c2,2025-06-20 21:56:00,51.46,10.09
6e0ecde2-6,1,17bbcd88,476daf7c,2025-04-05 10:27:00,356.93,15.37
d2433499-7,1,5d8fa470,f2e2089f,2025-03-25 00:41:00,302.63,34.04
8736a80f-5,1,7c16586a,cec9f3f8,2025-12-13 22:30:00,358.73,9.74
cdc1617e-7,1,c909b752,c99bb479,2025-07-06 01:52:00,312.57,31.74
3ffbb41b-5,1,ad29cfcc,405a70b1,2025-07-27 16:21:00,139.25,29.16
1744bfd5-6,1,b1a45968,02ebcd69,2025-06-18 12:48:00,89.01,35.7
bebfbd02-e,1,b7259473,3d66ff05,2025-07-26 22:44:00,88.85,33.34
bebfbd02-e,2,bad7bd4a,f9360fb5,2025-07-26 22:44:00,254.19,40.08
bebfbd02-e,3,a01c84b0,fb0e0884,2025-07-26 22:44:00,273.69,11.29
bebfbd02-e,4,7ca12e2f,e5c1b572,2025-07-26 22:44:00,188.55,15.37
24103610-0,1,dd9ea5e6,028232e8,2025-11-19 16:28:00,140.77,19.89
12985bfc-2,1,c076efd0,0779761b,2025-04-17 00:00:00,369.47,36.24
3a655c51-a,1,13d52475,7a011641,2025-06-03 03:41:00,57.23,17.05
1627fe20-6,1,35bf64d1,501c0bed,2025-05-10 22:27:00,216.55,26.71
78b85459-1,1,ccdaacf2,718653db,2025-02-03 14:03:00,201.04,9.65
c08e7b5b-9,1,1f27dff3,ca0d8c96,2025-12-16 11:01:00,200.54,43.1
c08e7b5b-9,2,ad29cfcc,80999d10,2025-12-16 11:01:00,238.11,23.16
c08e7b5b-9,3,fa0c448e,bc0d293f,2025-12-16 11:01:00,388.89,35.2
10ea066e-c,1,8ff0f5a7,669efc8f,2025-05-16 15:17:00,21.09,35.84
59bcee21-0,1,dce37340,c42566e6,2025-08-17 16:18:00,36.79,8.2
376d2fa7-e,1,dce37340,419e5130,2025-03-26 00:57:00,290.0,27.65
72ac5274-3,1,a35409cd,2f6112ab,2025-11-05 06:45:00,261.38,26.72
85122892-c,1,b25c0395,fcdd06a9,2025-03-01 19:34:00,16.19,39.36
5246247c-d,1,7c16586a,1d228d8e,2025-08-09 23:00:00,312.4,19.82
d511aeae-d,1,f1a25060,6644fca5,2025-06-11 19:50:00,88.1,11.97
ac566298-0,1,32d9c356,a157a0a5,2025-02-16 15:31:00,406.88,29.07
ac566298-0,2,584eb8cb,95821998,2025-02-16 15:31:00,119.09,13.09
f99e8b69-6,1,6c3d4a04,63aa8187,2025-04-09 11:21:00,55.38,27.19
882ed038-4,1,7de3f7af,3dbcdb90,2025-08-11 20:49:00,213.26,25.35
c4554e06-4,1,572684f3,50711c06,2025-12-26 06:26:00,139.99,16.67
c4554e06-4,2,b25c0395,4ce516fa,2025-12-26 06:26:00,25.22,15.46
b0e3ec49-6,1,040b7928,db895ba3,2025-09-05 09:37:00,206.83,24.5
b0e3ec49-6,2,ba99f4cc,e945642b,2025-09-05 09:37:00,201.13,19.67
d57e6dee-4,1,b617be37,75188bde,2025-10-08 04:07:00,60.99,12.7
d57e6dee-4,2,cb2a336f,6e48c42f,2025-10-08 04:07:00,408.89,26.87
d57e6dee-4,3,dc1cad4b,f23f5fd6,2025-10-08 04:07:00,431.91,18.34
d57e6dee-4,4,7bfdad86,c1b294cb,2025-10-08 04:07:00,406.44,21.0
b4e9a77b-5,1,b3cf73d5,5bbfaf34,2025-04-22 09:48:00,155.6,23.47
43f560e4-0,1,25449731,aac9e7d1,2025-04-28 17:31:00,49.02,19.39
ce12aa28-8,1,9e445642,53e3d228,2025-05-08 20:51:00,26.1,21.64
372a3aec-d,1,0f9cd918,a26f40d5,2025-11-19 14:26:00,396.36,38.27
372a3aec-d,2,0570f6af,21af5ca5,2025-11-19 14:26:00,392.15,41.0
c6f57334-9,1,0edb474e,6e81c20b,2025-12-20 15:29:00,124.59,29.66
c6f57334-9,2,bad7bd4a,7a5acb13,2025-12-20 15:29:00,340.97,36.19
466e31c8-f,1,ebdd156e,c5db8c27,2025-02-03 00:13:00,30.3,35.22
466e31c8-f,2,0203ff6f,05bb5a6c,2025-02-03 00:13:00,335.62,26.91
466e31c8-f,3,21c6d812,e42f2636,2025-02-03 00:13:00,335.16,12.19
f5546028-6,1,92ebab06,29b8670b,2025-12-23 23:58:00,187.86,18.41
f33cd92d-c,1,18555030,8a4a147e,2025-02-24 16:59:00,243.79,26.94
620b7550-6,1,5d7f440d,617e488b,2025-09-19 20:45:00,217.38,29.5
33b563bd-4,1,27dbfee3,5261ae18,2025-11-08 02:29:00,419.99,29.79
0412e3f2-0,1,7ee46027,85da1559,2025-10-25 11:06:00,427.49,36.19
f6c98fdd-7,1,fdfdede0,443e3dbc,2025-07-28 12:33:00,243.44,13.41
f6c98fdd-7,2,ed213a56,3cc792ba,2025-07-28 12:33:00,114.6,42.86
f6c98fdd-7,3,edeebea4,e194a1b1,2025-07-28 12:33:00,41.3,16.45
f6c98fdd-7,4,0570f6af,d5b27954,2025-07-28 12:33:00,397.03,41.89
481607f1-6,1,4b9fe1f9,b1c8212e,2025-05-25 05:02:00,108.96,14.58
3d98f594-0,1,d8b47e9b,0429ac40,2025-07-16 15:27:00,390.35,10.61
3d98f594-0,2,cbe411a2,7254bd89,2025-07-16 15:27:00,249.87,37.1
c187517f-3,1,17bbcd88,68878324,2025-11-04 15:03:00,251.09,22.74
d87c83b4-a,1,2a5ed824,d7316450,2025-09-14 12:09:00,190.75,10.53
4c4c01e6-7,1,1bef1134,7d7160e0,2025-03-08 11:47:00,257.94,38.89
e3db0c39-1,1,0570f6af,6b9ae58c,2025-07-10 07:59:00,28.87,36.34
6bed733c-c,1,63a33f6d,d41124ba,2025-06-14 01:49:00,28.93,22.96
6bed733c-c,2,c587f345,28f1fffb,2025-06-14 01:49:00,94.75,17.02
6bed733c-c,3,25449731,e63c84ed,2025-06-14 01:49:00,329.43,16.06
6bed733c-c,4,7ee46027,6e186567,2025-06-14 01:49:00,145.04,31.44
988962d8-5,1,141650f5,11485074,2025-11-22 14:07:00,382.59,36.11
988962d8-5,2,17d9bda9,faf01867,2025-11-22 14:07:00,278.41,42.3
d28839a6-6,1,943a1be7,854ad5a9,2025-11-30 19:11:00,250.76,12.94
cbf3115d-d,1,f1a25060,3984f783,2025-06-27 00:46:00,77.54,33.43
27624fce-e,1,5a01c7ca,3ebbc545,2025-02-16 19:57:00,185.59,25.81
9b455459-f,1,141650f5,89df3b8f,2025-02-01 13:20:00,378.61,42.15
2201ff74-0,1,8af3c722,219f6d9d,2025-12-28 14:29:00,271.97,43.79
a0ae5ea8-5,1,dc1cad4b,82cd999a,2025-07-19 23:47:00,292.07,8.05
a0ae5ea8-5,2,a35c6479,32eba331,2025-07-19 23:47:00,296.31,29.36
dfcef7b9-7,1,c6b454f7,071196e4,2025-05-27 09:21:00,427.81,8.0
2b5713ce-0,1,432acc63,c5571498,2025-11-12 17:31:00,199.28,43.2
2b5713ce-0,2,8c2dc506,466a7755,2025-11-12 17:31:00,148.77,30.08
2b5713ce-0,3,508bf8ab,0614abe4,2025-11-12 17:31:00,195.36,31.88
2b5713ce-0,4,1bef1134,e46f209a,2025-11-12 17:31:00,276.46,26.91
0b547307-c,1,4ba1d7fc,92563372,2025-04-15 22:11:00,76.43,21.99
ff7d1e82-c,1,25449731,1d3e62f7,2025-09-04 00:41:00,246.11,37.09
3f06fcd0-6,1,30b713c0,63bbbaaa,2026-01-02 22:57:00,340.05,23.49
0080edf7-9,1,80f192ad,649675c7,2025-04-29 04:09:00,75.08,23.6
33a21340-f,1,ced3cd7c,e748ca60,2025-07-16 23:48:00,175.89,35.35
34840cf6-c,1,a01c84b0,d071d15e,2025-05-04 03:18:00,366.46,17.37
56b2b1d1-c,1,eb85827d,ab6f8278,2025-04-19 17:09:00,36.3,17.44
56b2b1d1-c,2,e930d17d,e8fc2a15,2025-04-19 17:09:00,351.05,34.49
56b2b1d1-c,3,35b07f2f,23a16130,2025-04-19 17:09:00,133.68,31.27
354a903d-4,1,4b9fe1f9,fb08bb4c,2025-11-10 12:39:00,343.8,30.67
4e9186e2-7,1,f2168bc4,62e67334,2025-04-16 16:28:00,242.07,37.26
07ec3fd0-3,1,695cee78,c87ca397,2025-08-23 06:35:00,123.52,9.37
0675c461-5,1,06697ada,42ee6b78,2025-11-17 07:30:00,333.75,21.32
0675c461-5,2,ae6650c6,f6fc6f4e,2025-11-17 07:30:00,267.2,27.34
0675c461-5,3,8c184e16,9fa9fca4,2025-11-17 07:30:00,424.77,17.46
0675c461-5,4,89e99561,3c67659a,2025-11-17 07:30:00,28.26,15.29
f611671b-8,1,d0fd83ca,2470ed73,2025-04-06 19:58:00,81.98,34.63
3b2a04d8-d,1,63a33f6d,bd77d88d,2025-08-16 05:34:00,190.81,24.91
3b2a04d8-d,2,bb2dcad1,901fc70d,2025-08-16 05:34:00,365.84,27.92
357059bf-2,1,1ca67118,8f475656,2025-12-15 22:14:00,171.11,29.32
357059bf-2,2,b95998dd,4c147b93,2025-12-15 22:14:00,409.71,26.55
357059bf-2,3,46247658,4f3639c0,2025-12-15 22:14:00,404.19,16.42
357059bf-2,4,21155322,5de0314f,2025-12-15 22:14:00,172.27,33.61
4827ec7c-8,1,a74489e0,77735fc3,2025-08-11 05:16:00,323.5,16.94
acc2423f-b,1,623da73e,75329464,2025-12-26 15:31:00,134.08,30.41
70b223eb-e,1,ed213a56,7d05ed66,2025-08-03 12:05:00,189.09,42.94
beca4ec1-5,1,1f27dff3,0d755ad0,2025-09-02 12:54:00,366.48,32.44
92626773-4,1,7ca12e2f,ec1a7d39,2025-01-11 14:08:00,243.23,40.3
c42c6481-6,1,d424c64b,a3c7a96f,2025-11-03 16:27:00,295.52,40.43
3e18516f-e,1,18555030,a3f76907,2025-06-22 02:55:00,340.22,20.76
604d54b6-7,1,aa9168b7,1e5ebb60,2025-05-25 07:53:00,185.41,34.49
604d54b6-7,2,aba91719,0422ddfe,2025-05-25 07:53:00,232.27,41.97
dfbd733a-9,1,17e5d58b,878e347b,2025-08-27 04:09:00,332.75,11.13
dfbd733a-9,2,8de4e26c,79711c9c,2025-08-27 04:09:00,421.43,16.77
3b7c064b-3,1,72966584,b4fe2bd8,2025-01-11 04:29:00,365.15,44.39
3b7c064b-3,2,17d9bda9,b00b21e4,2025-01-11 04:29:00,347.33,33.64
ca8c2075-8,1,67b06d3d,f16fa824,2025-10-08 22:02:00,393.82,21.96
84061879-0,1,dbd26aa1,3f78d4fd,2025-03-06 13:33:00,38.78,22.89
9a754cfa-2,1,82a623b9,1f5464a4,2025-07-03 11:33:00,391.25,40.07
5bdd6868-b,1,623da73e,ce786033,2025-08-17 10:11:00,443.74,19.44
bb9276e1-1,1,bcf2bce8,f43b45e3,2025-10-25 18:23:00,260.34,15.37
bb9276e1-1,2,ae33358f,def344f1,2025-10-25 18:23:00,118.73,10.93
bb9276e1-1,3,215571b7,d3f636c2,2025-10-25 18:23:00,268.95,29.73
6c1cc806-6,1,c024873d,573d5634,2025-12-09 21:48:00,372.67,15.72
aa83bddc-2,1,2fde09c6,19061002,2025-09-11 09:02:00,441.95,33.41
46fcff51-1,1,d8012882,4cdc7ce7,2025-10-04 04:04:00,268.61,36.04
8531e007-8,1,e5ae839e,d7a4b809,2025-09-21 18:15:00,77.86,26.59
70ca199b-6,1,63cb55c9,d0d90377,2025-02-01 17:59:00,298.89,9.97
f56d40e7-9,1,056408d4,fdd2be54,2025-10-03 18:26:00,44.56,44.01
216140c7-f,1,860994ba,973248b7,2025-11-06 07:34:00,408.45,31.73
5af127a7-6,1,346d75cc,95d60cc1,2025-08-28 09:33:00,112.89,39.74
2df977a0-0,1,73ae90c5,1f2ca1f8,2025-11-01 20:19:00,388.69,13.13
04ac2f14-9,1,e5ae839e,a7b0128e,2025-07-27 20:23:00,27.66,20.91
04ac2f14-9,2,ed213a56,2319a0e1,2025-07-27 20:23:00,377.98,39.55
04ac2f14-9,3,36dcbb7e,39445e08,2025-07-27 20:23:00,317.86,23.84
04ac2f14-9,4,e0125e51,1d69664c,2025-07-27 20:23:00,248.95,29.26
6463edb3-c,1,943a1be7,f80142d1,2025-05-13 18:06:00,113.2,13.62
fb2ebc12-3,1,edb8f78e,582ca0d3,2025-11-05 01:45:00,316.85,36.38
fb2ebc12-3,2,8464d5d5,07ec565f,2025-11-05 01:45:00,333.39,42.47
4f6b36a3-8,1,ff0dac41,cda29345,2025-03-17 14:27:00,96.47,33.0
4f6b36a3-8,2,acae5659,fa8355a7,2025-03-17 14:27:00,88.23,11.73
6c7b737b-7,1,056408d4,17ee3a74,2025-08-17 20:26:00,62.44,16.11
4ebf0720-6,1,c7d80541,b02253c5,2025-05-10 03:16:00,105.17,22.28
62001724-1,1,056408d4,67071260,2025-05-21 20:09:00,185.82,36.14
62001724-1,2,3ed09add,c657ccf1,2025-05-21 20:09:00,340.34,43.46
62001724-1,3,72b33988,c1df3f41,2025-05-21 20:09:00,32.72,9.84
758d5de8-2,1,36dcbb7e,eb8ec4eb,2025-12-08 11:58:00,391.34,9.97
c89cdc2c-5,1,0570f6af,db45629e,2025-12-22 17:44:00,433.2,24.8
201b727e-4,1,ae6650c6,eae38954,2025-03-01 09:56:00,166.19,36.03
201b727e-4,2,ae6650c6,597a1a11,2025-03-01 09:56:00,430.5,18.03
201b727e-4,3,2942d890,9b3b0f85,2025-03-01 09:56:00,55.31,30.08
201b727e-4,4,64059073,86574f49,2025-03-01 09:56:00,124.85,24.8
bb9422a1-c,1,46130b9f,9a48bdad,2025-08-02 11:26:00,141.37,37.0
ba71713c-d,1,19c7a2a5,b23e8c86,2025-11-26 21:25:00,200.12,21.34
ba71713c-d,2,35bf64d1,0d4e8cd2,2025-11-26 21:25:00,283.95,9.69
ba71713c-d,3,e74981f9,1c4108bc,2025-11-26 21:25:00,134.86,42.14
6c530b63-f,1,24a1c73a,94a604d5,2025-08-13 05:11:00,244.02,22.51
6c530b63-f,2,86289f74,40934450,2025-08-13 05:11:00,182.44,13.93
78843bd1-7,1,a490f0cd,e6d5aca1,2025-04-27 22:21:00,52.72,21.35
78843bd1-7,2,a490f0cd,9e90898f,2025-04-27 22:21:00,48.6,44.2
19874aba-7,1,00f1f66d,dfc1cdd7,2025-03-02 14:57:00,144.24,24.88
09c03a09-a,1,80f192ad,2a8b39ce,2025-04-03 23:11:00,280.42,43.97
09c03a09-a,2,2942d890,cb87f1d2,2025-04-03 23:11:00,257.54,40.6
a6fda38e-6,1,ea4ef1a7,b065373f,2025-06-29 21:33:00,317.85,33.19
d9ad5fee-c,1,21c6d812,ac0b65a1,2025-08-23 09:28:00,80.89,31.25
1f21e35b-6,1,73bf66cd,f438a9f1,2025-06-29 14:31:00,337.24,17.71
4d133018-a,1,d7fc0a60,ee0c5121,2025-09-22 01:38:00,140.89,21.66
8aa611b7-3,1,0145b8da,1fe9efde,2025-06-14 17:16:00,35.86,38.78
8aa611b7-3,2,259a60e5,f098dac2,2025-06-14 17:16:00,124.59,41.67
f5511c90-f,1,ccdaacf2,97bb3294,2025-04-24 07:31:00,281.66,18.22
f5511c90-f,2,24a1c73a,58ddee06,2025-04-24 07:31:00,180.13,42.97
a6d7b374-3,1,068b1543,c4d701fd,2025-04-12 15:27:00,131.2,31.28
3763ae26-1,1,e44dc6e0,ec43e54f,2025-11-18 00:31:00,408.07,11.76
5673de41-b,1,135ab652,7a2f73c8,2025-05-29 18:54:00,226.56,15.87
5673de41-b,2,c18b5129,c3eb5efb,2025-05-29 18:54:00,30.78,40.27
245ac923-9,1,c3b5fec6,d0483de2,2025-02-14 16:03:00,181.44,28.01
eeb4fb82-8,1,21155322,741cd9f5,2025-09-02 22:10:00,213.22,8.65
eeb4fb82-8,2,86289f74,fdb3695a,2025-09-02 22:10:00,329.71,22.25
5f9dd397-6,1,fcd95cf7,5cae0eb2,2025-05-06 00:42:00,308.22,30.74
a3f0e9a4-9,1,af2aae2e,3799e85c,2025-09-25 15:14:00,292.59,21.97
ca978c2f-8,1,c766242f,a796bbe3,2025-04-21 15:14:00,78.57,32.01
f746a9b2-d,1,72966584,ddfea2b8,2025-05-19 14:14:00,344.56,32.31
ef7eb8fd-2,1,2fde09c6,958a72a0,2025-04-21 01:50:00,349.46,39.21
c816d611-4,1,ad29cfcc,c4041607,2025-07-02 19:37:00,40.77,22.05
6dafd196-5,1,82a623b9,6ad171e1,2025-01-19 19:35:00,218.17,40.65
c22fedc2-6,1,c3b5fec6,c24351b3,2025-02-20 08:41:00,279.48,39.62
6e6243c5-b,1,30056d29,7c52eddd,2025-06-13 22:03:00,201.19,9.56
6e6243c5-b,2,4dae095f,88ef75a6,2025-06-13 22:03:00,249.91,31.9
32a75aba-6,1,8742fdbe,f8f7c521,2025-05-18 06:23:00,416.85,19.12
387c5f47-4,1,b617be37,a9e9c36a,2025-03-26 10:04:00,274.47,31.04
13c61d3e-3,1,b25c0395,54d119a7,2025-07-12 10:06:00,447.93,15.47
13c61d3e-3,2,00f1f66d,78428038,2025-07-12 10:06:00,201.25,23.09
4678ea5c-e,1,3e00cd4d,d008e092,2025-04-23 02:47:00,112.66,36.13
45aa76f9-4,1,dd9ea5e6,84a9aee1,2025-04-23 20:49:00,108.3,37.33
83ddf7d6-a,1,ae2a4ad9,0f6b97bf,2025-06-24 14:18:00,284.02,40.77
37253493-0,1,64059073,236d87e0,2025-07-10 04:23:00,314.82,42.48
37253493-0,2,f73320d2,72e098dc,2025-07-10 04:23:00,90.2,10.37
3c879aec-a,1,56c23881,27b094fd,2025-06-01 12:26:00,429.49,34.78
3c879aec-a,2,aa9168b7,57f3e5ab,2025-06-01 12:26:00,367.0,35.19
3c879aec-a,3,343dcfd1,1f8613a5,2025-06-01 12:26:00,437.87,17.46
125cd071-5,1,5398e4a2,e819b252,2025-09-06 10:26:00,31.92,15.89
a7e80a16-5,1,d8b47e9b,d9474bfe,2025-03-18 06:37:00,274.4,16.3
befbe61b-6,1,5a677ab7,c21c1166,2025-05-18 03:16:00,194.42,44.97
293d6b53-4,1,2a5ed824,eab62d81,2025-06-18 06:58:00,69.22,30.86
68c5b2b3-1,1,962a09ee,9a3442f7,2025-08-19 15:35:00,310.36,31.64
68c5b2b3-1,2,59105597,67e7b77c,2025-08-19 15:35:00,105.5,23.64
88b382cc-1,1,b3cf73d5,eaffbf58,2025-04-05 22:43:00,280.71,9.5
88b382cc-1,2,b499bd3c,9aaacdcf,2025-04-05 22:43:00,327.01,38.43
986eb9b0-0,1,b617be37,58530445,2025-02-19 01:56:00,102.11,28.28
0a1d1b52-a,1,15e94fa2,fa05a226,2025-06-28 04:29:00,289.05,8.24
b83feddf-5,1,5d8fa470,37b70477,2025-05-31 00:43:00,203.61,30.46
df12e7a3-5,1,b604b57b,324c022a,2025-01-12 15:44:00,263.57,28.95
df12e7a3-5,2,89c04c0a,1ed20a2c,2025-01-12 15:44:00,428.55,44.95
df12e7a3-5,3,fcd95cf7,bfa67443,2025-01-12 15:44:00,400.81,31.22
df12e7a3-5,4,c6b454f7,83cc3ca9,2025-01-12 15:44:00,259.45,38.27
ae0bfe0d-8,1,22af20fd,ed62581f,2025-03-07 05:15:00,76.78,11.37
ee48f0ea-d,1,068b1543,3874e620,2025-06-22 16:48:00,87.13,25.52
d3d02fe5-b,1,508bf8ab,36176e0d,2025-07-30 13:27:00,377.5,17.94
e34ad138-8,1,cf55c767,c62a2919,2025-02-09 01:45:00,147.54,30.78
e34ad138-8,2,3f0171a6,380428cb,2025-02-09 01:45:00,104.93,30.7
213ac85e-6,1,7ca12e2f,2905ab99,2025-06-03 23:12:00,205.94,10.46
e3042045-b,1,34bf6985,14bf21e3,2025-12-20 01:42:00,415.49,28.19
aeaa80d9-c,1,e44dc6e0,dc154e18,2025-07-21 19:28:00,103.66,41.36
aeaa80d9-c,2,00f1f66d,352e9716,2025-07-21 19:28:00,58.42,28.99
f9ca01c9-b,1,17bbcd88,1d19c061,2025-02-26 05:22:00,75.44,43.85
01836d06-6,1,c173b5e1,69540599,2025-11-21 16:06:00,299.18,40.29
11cb216d-f,1,b9ebeafd,710507a9,2025-06-17 03:51:00,257.88,8.53
3e7ee7ad-1,1,5414d82a,77612de0,2025-09-08 20:17:00,46.39,14.76
3e7ee7ad-1,2,a2ee6258,a2e81978,2025-09-08 20:17:00,146.9,13.02
271c025d-e,1,87953b9c,979c0578,2025-12-30 18:47:00,20.7,18.7
b49540ac-2,1,227bd523,ff29f367,2025-02-17 14:18:00,419.16,33.87
76e5caa3-c,1,56c23881,446cbfee,2025-06-27 20:11:00,233.85,14.55
76e5caa3-c,2,b604b57b,1a01896f,2025-06-27 20:11:00,57.59,31.96
435fb68e-e,1,623da73e,a2f725a4,2025-03-25 09:50:00,32.02,37.76
435fb68e-e,2,af7c3d3f,3285d717,2025-03-25 09:50:00,85.21,30.5
813a14df-3,1,59105597,4ca0f9f3,2025-01-13 19:27:00,376.49,33.39
9e8f2e4f-e,1,e36d4b42,a2d2a04f,2025-02-13 15:21:00,306.76,20.96
c307c846-2,1,b131e4c7,616e7afd,2025-09-05 00:34:00,218.45,25.71
c307c846-2,2,bc304333,4aba485f,2025-09-05 00:34:00,254.4,14.66
047ae8d1-c,1,acae5659,8d4a188b,2025-02-19 15:08:00,25.79,15.39
12f9e8ab-4,1,b131e4c7,8f736427,2025-08-06 08:28:00,45.43,11.71
12f9e8ab-4,2,8fb9b9d4,6214a160,2025-08-06 08:28:00,273.76,26.62
12f9e8ab-4,3,c6b454f7,9ad287b1,2025-08-06 08:28:00,444.31,35.77
46d2986b-4,1,f30d14a5,a8f86dd2,2025-08-05 20:27:00,272.96,38.85
46d2986b-4,2,cbe411a2,98605e9c,2025-08-05 20:27:00,448.61,31.76
45a3e5dc-2,1,259a60e5,6104ca53,2025-03-07 07:04:00,202.96,11.25
377e70ef-a,1,83ffdcdd,4a5764ee,2026-01-02 06:21:00,343.37,13.02
15b1386a-c,1,4ebc1480,6bf368d5,2025-06-13 16:42:00,346.58,29.02
7f72b268-0,1,d470fd17,c58dda06,2025-08-02 11:28:00,165.74,12.41
b9ac7120-8,1,5398e4a2,dc8e0aa9,2025-12-21 12:18:00,155.71,9.51
f4c5f177-e,1,695cee78,e4cd5b49,2025-09-20 06:00:00,231.39,8.77
020d88ac-e,1,87953b9c,9b4ad60c,2025-05-15 03:55:00,102.44,42.36
4cc2ea70-e,1,8b587576,e7481e4e,2025-03-25 23:04:00,103.17,26.0
fe11dbe2-b,1,32431646,610a6b2a,2025-09-09 19:27:00,288.87,42.3
1d0b724a-5,1,ddea18ae,943fb836,2025-08-03 22:12:00,227.36,36.67
0f253493-2,1,76252a44,44d4e35d,2025-02-23 14:00:00,67.47,28.97
0f253493-2,2,bacdb118,6671ab0e,2025-02-23 14:00:00,144.03,30.31
0f253493-2,3,1d6c8389,a8585ce0,2025-02-23 14:00:00,387.84,21.02
b576f6f2-c,1,45104aa7,4823baba,2025-08-10 03:26:00,438.99,13.56
4758ceb6-1,1,cf55c767,16c10935,2025-03-27 16:29:00,342.7,28.93
4a33bb6d-e,1,0145b8da,bb8a4810,2025-12-16 11:39:00,244.61,9.7
8fd5ca3b-a,1,d470fd17,77607124,2025-01-28 13:36:00,139.24,35.69
113046da-b,1,e2aac2dd,287695e4,2025-02-11 02:11:00,376.67,32.05
1b9e90f6-d,1,5cd14ab1,24561fd8,2025-07-10 20:36:00,272.75,13.7
7740e045-c,1,d470fd17,c4967c8e,2025-04-16 01:50:00,112.57,28.01
785fa0b3-e,1,17d9bda9,c27517db,2025-12-29 03:15:00,414.92,17.01
785fa0b3-e,2,a0683d93,230f47fb,2025-12-29 03:15:00,276.7,24.24
70241138-d,1,55ba7e8c,4551ec66,2025-10-06 05:15:00,71.65,36.5
85ba3e7b-0,1,42ac8785,329df4c3,2025-06-10 08:43:00,25.28,22.91
6f933ca7-6,1,fcd95cf7,e58fa327,2025-06-13 21:43:00,270.61,34.01
f084dc7e-2,1,e8f2b837,ecdc70a4,2025-11-04 16:05:00,240.21,16.79
75f8fd42-d,1,64e7c9dc,eb2ffd81,2025-02-18 18:45:00,272.03,17.22
75f8fd42-d,2,572684f3,36212852,2025-02-18 18:45:00,24.2,20.49
75f8fd42-d,3,af7c3d3f,764eb116,2025-02-18 18:45:00,449.43,35.86
1df21410-7,1,714642dd,31e89af5,2025-02-02 09:18:00,263.12,40.81
1df21410-7,2,dbd26aa1,3b292280,2025-02-02 09:18:00,76.81,27.24
8abb2899-9,1,bda0303b,146d3af2,2025-08-03 02:43:00,366.88,18.1
74d71948-0,1,ddea18ae,d9dee04f,2025-06-24 03:57:00,119.63,11.84
66fb806f-9,1,25286f10,e332d185,2025-06-18 15:45:00,120.66,23.2
43cf6cb0-c,1,e5ae839e,e2c9992b,2025-08-06 23:21:00,420.04,37.45
5f93c624-8,1,d1310ac6,a55f91aa,2025-08-14 07:20:00,357.51,18.29
fa885a92-1,1,a35c6479,d42b6e08,2025-09-19 08:51:00,312.81,30.93
fa885a92-1,2,59105597,aea80ce0,2025-09-19 08:51:00,352.58,40.83
ce590a4b-9,1,056408d4,00bd6edb,2025-06-28 16:49:00,174.92,11.01
ce590a4b-9,2,bd91e8ae,a85048c1,2025-06-28 16:49:00,374.59,9.97
fd592d4a-8,1,87953b9c,c19a75df,2025-03-14 06:49:00,236.58,26.88
fd592d4a-8,2,edc1d87a,4b82af37,2025-03-14 06:49:00,57.36,18.02
7919634a-a,1,a35409cd,5223485f,2025-03-18 22:15:00,188.61,38.23
fca94466-f,1,bdb03f62,30d97242,2025-08-25 03:25:00,256.86,40.22
6ac0a722-a,1,71149b97,dd15fd54,2025-08-29 02:34:00,114.85,26.45
e09e0733-c,1,bdb03f62,8d43a1df,2025-02-20 00:41:00,28.33,44.92
e09e0733-c,2,4c249fa5,d07cc3b3,2025-02-20 00:41:00,424.59,15.98
e09e0733-c,3,962a09ee,e9ec1230,2025-02-20 00:41:00,318.3,39.03
e09e0733-c,4,30056d29,cebaccfa,2025-02-20 00:41:00,150.3,40.78
e4da8465-5,1,ba99f4cc,b0050932,2025-05-26 09:19:00,78.81,20.12
fe3123c9-0,1,f1a25060,336e9af5,2025-10-29 00:48:00,122.33,21.31
2ca65ade-1,1,92a83e26,02699f0e,2025-07-11 02:42:00,207.83,22.39
ebe86f7a-7,1,d424c64b,e512aabd,2025-01-08 12:44:00,386.84,19.5
dcd8d9f5-7,1,ae2723a6,79749301,2025-11-30 00:59:00,414.6,40.76
4845b51a-b,1,5414d82a,f63322ac,2025-07-24 18:25:00,405.1,10.06
4845b51a-b,2,b34dafed,d82c6231,2025-07-24 18:25:00,206.37,39.47
0795caf0-e,1,dd59ea80,b8d065f5,2025-08-30 05:05:00,297.8,22.94
97dcd353-4,1,82a623b9,b627b309,2025-01-09 21:17:00,390.95,10.53
99e96326-9,1,64e7c9dc,51a80b43,2025-08-18 01:44:00,73.37,33.81
0af60d1c-3,1,11ce6482,cf1ff5f9,2025-04-26 11:32:00,224.42,36.82
399ba705-8,1,71088410,a73aa34c,2025-02-20 05:53:00,58.86,23.85
40cb9278-5,1,25286f10,47d95e09,2025-08-28 03:21:00,422.68,8.66
e1cf8eb6-0,1,8464d5d5,d90ce8af,2025-01-15 22:21:00,98.42,21.59
993c7454-0,1,f73320d2,63f96c92,2025-11-25 18:51:00,74.7,25.04
40e7a474-0,1,d8cc903c,eb2a8745,2026-01-05 07:12:00,295.84,27.81
40e7a474-0,2,444631da,71d06b50,2026-01-05 07:12:00,196.74,26.65
ee9dc812-4,1,9ae01382,2dffb797,2025-12-14 22:40:00,103.81,43.29
ee9dc812-4,2,15e94fa2,91243b2d,2025-12-14 22:40:00,272.81,40.35
623f38a3-d,1,1a17b66b,b624099a,2025-04-27 04:52:00,406.95,28.13
c645c154-f,1,8464d5d5,c6e71dda,2025-05-29 00:03:00,302.7,8.59
0990754d-4,1,25286f10,9a735356,2025-08-15 10:47:00,307.57,38.22
eb921eab-8,1,8c2dc506,f31323a0,2025-06-21 19:03:00,18.02,22.46
73b14a2e-b,1,b499bd3c,3e0ff51f,2025-02-09 19:48:00,349.24,23.54
5f0c3704-f,1,b3cf73d5,29fd9d58,2025-10-09 06:24:00,49.59,33.92
f557a2f4-1,1,a2ee6258,edd49c65,2025-09-06 02:29:00,326.4,33.2
73115cc2-5,1,508bf8ab,cbd4cf4b,2025-12-16 05:44:00,290.14,25.1
73115cc2-5,2,508bf8ab,b43cd5b6,2025-12-16 05:44:00,251.72,11.25
7d55dc6c-e,1,02e52845,f929e8d7,2025-03-17 08:20:00,30.42,9.41
7d55dc6c-e,2,5d8fa470,f8036986,2025-03-17 08:20:00,365.02,25.48
46001e3c-a,1,623da73e,2e33d1f1,2025-06-19 13:10:00,246.79,38.38
0b35b7c6-4,1,5d0203f7,29cee6a6,2025-11-04 22:23:00,415.26,15.43
0b35b7c6-4,2,3f0171a6,7e239418,2025-11-04 22:23:00,42.07,42.08
12b560e3-f,1,056408d4,561c4409,2025-02-26 07:17:00,443.43,35.64
f18bbced-8,1,45284e60,42d5b508,2025-02-13 09:01:00,246.83,33.43
f226493e-6,1,acae5659,b8a6cdd1,2025-04-10 06:26:00,116.18,26.56
bc424306-f,1,b7259473,cc0d729c,2025-06-11 10:49:00,434.43,14.61
ce07f3e9-0,1,00f1f66d,1bf4a485,2025-06-06 19:24:00,39.9,41.4
3e791164-a,1,b27e8c45,f93bc2fb,2025-11-19 02:44:00,382.66,38.48
3e791164-a,2,71088410,a017b8b2,2025-11-19 02:44:00,187.61,23.52
3e791164-a,3,d8bd785c,2301ab71,2025-11-19 02:44:00,23.35,29.25
0aa116ed-e,1,c3b5fec6,46d32e8e,2026-01-06 11:25:00,39.69,44.83
1f8aa42c-8,1,a74489e0,9bda1e78,2025-10-02 00:22:00,347.84,19.02
e421ce81-a,1,82a623b9,25ab9304,2025-07-20 21:15:00,231.14,24.05
851e5d58-4,1,f96eeb5c,f1c4b029,2025-08-24 10:34:00,154.38,25.0
0fc8eb17-d,1,8ee662e2,e7aad0ad,2026-01-03 12:44:00,81.41,35.08
e8c33299-9,1,f8241532,032efffa,2025-03-19 07:41:00,421.95,22.35
6a9e57eb-f,1,7aac1942,5d76cbdc,2025-04-11 08:07:00,277.88,43.98
5255bc10-d,1,64e7c9dc,018a1a74,2025-09-06 20:59:00,253.88,22.6
8815fc48-7,1,53ca8c22,c4894ebd,2025-12-28 18:11:00,249.1,12.72
c89ba117-4,1,25449731,038b7b7e,2025-07-10 02:25:00,439.28,15.69
2808862c-3,1,0edb474e,ef88e096,2025-09-09 16:25:00,407.49,32.61
594468af-e,1,89c04c0a,6c6aadeb,2025-08-02 06:37:00,248.54,39.54
8e1063cc-6,1,ae2723a6,09b204ca,2025-10-24 13:03:00,306.4,24.21
1e19a473-1,1,ba99f4cc,10b51c6e,2025-01-10 10:43:00,190.5,13.34
a84c1f2f-8,1,ae6650c6,622d1006,2025-08-02 10:05:00,165.57,11.18
bb87bb16-a,1,b27e8c45,0fd56e0a,2025-05-05 22:33:00,294.11,25.92
94110f8f-c,1,9ae01382,d95beb4a,2025-08-14 21:32:00,204.96,23.16
94110f8f-c,2,27dbfee3,24b8568d,2025-08-14 21:32:00,355.75,11.79
94110f8f-c,3,edc1d87a,5b08eddd,2025-08-14 21:32:00,362.94,35.3
517e1d2f-9,1,4c249fa5,d0bd91dd,2025-08-06 14:02:00,95.03,19.4
60c78717-8,1,7aac1942,d8c17a6a,2025-06-26 04:44:00,211.77,37.37
c586a2fb-5,1,fcd95cf7,8ca30321,2025-10-11 07:08:00,50.91,32.14
c586a2fb-5,2,b27e8c45,d69194d9,2025-10-11 07:08:00,36.83,13.3
cdb32f40-8,1,ced3cd7c,fe60d638,2025-02-01 01:46:00,369.76,20.32
cdb32f40-8,2,4ebc1480,dc594026,2025-02-01 01:46:00,312.73,17.12
cdb32f40-8,3,8ee662e2,50352ee5,2025-02-01 01:46:00,80.11,14.68
cdb32f40-8,4,1a67a9ff,c7d6803b,2025-02-01 01:46:00,96.88,44.79
7d716f97-4,1,d8cc903c,a21740e7,2025-08-06 12:37:00,293.89,27.4
8c388d00-1,1,0203ff6f,e2f0351b,2025-09-17 06:08:00,200.74,25.54
88909fc0-1,1,89c04c0a,ca019b9c,2025-03-20 08:58:00,135.33,28.87
beaf028c-7,1,b1a45968,872c8ba9,2025-01-20 19:03:00,264.55,25.29
21bc75d2-a,1,8b02e1d3,a23ef3af,2025-08-07 04:59:00,404.63,42.11
21bc75d2-a,2,72b33988,1f603259,2025-08-07 04:59:00,232.37,44.48
21bc75d2-a,3,d424c64b,bfce04d2,2025-08-07 04:59:00,345.23,22.39
21bc75d2-a,4,73bf66cd,a21d9d87,2025-08-07 04:59:00,50.72,34.93
ae77e606-2,1,3e00cd4d,358a4865,2025-01-27 18:11:00,313.18,38.61
2922a94b-2,1,833cec1b,1ad67328,2025-02-22 21:05:00,163.44,11.56
65405fd8-6,1,dce37340,74e83a31,2025-04-23 12:32:00,306.11,14.11
65405fd8-6,2,e74981f9,0c5525f5,2025-04-23 12:32:00,227.52,8.05
b42c569d-5,1,c024873d,c842990c,2025-09-06 11:04:00,26.56,16.95
491e67dd-b,1,661320a7,85a56c26,2025-06-01 07:10:00,398.09,19.45
f345ca7d-4,1,c766242f,be5d7743,2025-04-28 02:49:00,76.04,44.42
f345ca7d-4,2,924c80ea,f3bf4fe3,2025-04-28 02:49:00,420.29,37.9
1f776d83-2,1,cc935477,2e5afffc,2025-08-22 22:27:00,249.06,10.85
bb3138a4-d,1,f8241532,4fc70b44,2025-06-29 19:39:00,104.62,41.73
dab783ce-7,1,ed213a56,1e68b132,2025-09-19 16:39:00,222.58,12.42
7cd4bf3a-6,1,860994ba,9ee1bd75,2025-01-16 21:26:00,381.12,19.1
7cd4bf3a-6,2,cc935477,8d6044ce,2025-01-16 21:26:00,145.69,38.55
d1c8ba5a-b,1,7de3f7af,4df6674a,2025-11-10 14:04:00,177.63,35.93
0f5ff2ac-1,1,25cbedf2,9a36cbd3,2025-10-02 15:13:00,83.43,37.76
dd86e3ed-6,1,dfdbc83d,bf1dd01a,2025-08-13 07:36:00,139.72,27.0
dd86e3ed-6,2,b721a513,6bbb2504,2025-08-13 07:36:00,366.24,37.61
dd86e3ed-6,3,edc1d87a,86887f72,2025-08-13 07:36:00,98.68,20.81
63ce2775-c,1,2ec4191e,9f45dc6a,2025-09-20 22:30:00,167.24,39.02
0f23c128-7,1,b131e4c7,59a7ca66,2025-11-12 04:24:00,254.16,24.24
e428a0aa-7,1,af2aae2e,bde9c92e,2025-09-13 07:27:00,33.21,32.0
d6226c31-b,1,8c2dc506,ec1054d7,2025-11-19 00:46:00,372.43,32.53
6871cfc3-5,1,92a83e26,96ccb549,2025-12-10 22:15:00,89.89,40.92
1a43e3cc-0,1,a74489e0,69efdab5,2025-12-23 01:00:00,171.14,12.86
724b743c-7,1,dfdbc83d,40474ec3,2025-05-06 18:45:00,28.19,23.71
99e9c0cb-0,1,d8bd785c,47aa3bc2,2025-01-13 02:18:00,373.63,41.19
0091eefc-8,1,89e99561,734fce32,2025-03-09 15:12:00,238.98,31.29
edd7aee8-6,1,4f06f5f6,a7680b7a,2025-08-13 01:11:00,38.14,33.48
be46d8de-0,1,ebdd156e,2bc67a82,2025-04-18 04:47:00,412.98,32.46
a1d5edc2-e,1,ccdaacf2,17434dc3,2025-05-17 20:47:00,248.53,22.02
a1d5edc2-e,2,87953b9c,8570a156,2025-05-17 20:47:00,351.36,42.5
cbdcd9c7-5,1,c7d80541,99f39d4d,2025-03-08 08:10:00,379.05,12.06
269a81fb-1,1,67b06d3d,3ef63563,2025-08-23 16:17:00,235.82,14.6
269a81fb-1,2,4767d031,24c3845e,2025-08-23 16:17:00,79.06,39.34
3a6ba8c0-a,1,b131e4c7,e90dd94b,2025-04-30 15:27:00,131.83,9.64
3a6ba8c0-a,2,cc935477,8352a34e,2025-04-30 15:27:00,135.04,25.42
3a6ba8c0-a,3,bb8a0b65,28c5c9f0,2025-04-30 15:27:00,175.55,27.94
3a6ba8c0-a,4,ad29cfcc,0117870d,2025-04-30 15:27:00,449.43,24.17
0d5ad2eb-4,1,d424c64b,ac5be54c,2025-07-04 19:05:00,232.32,35.83
e8a36ddd-d,1,432acc63,3d1b8809,2025-04-21 09:32:00,39.4,22.61
b8d4a11b-e,1,8742fdbe,a84a6fb0,2025-12-17 12:58:00,437.01,20.86
c7fe9629-e,1,b34dafed,347b401b,2025-10-02 01:41:00,231.75,20.52
37ce4766-d,1,25449731,08506bdf,2025-12-25 06:07:00,38.59,35.45
37ce4766-d,2,40663e45,75036c56,2025-12-25 06:07:00,134.46,22.36
37ce4766-d,3,8742fdbe,080f9518,2025-12-25 06:07:00,22.19,32.7
9baf314e-7,1,b617be37,3e91505a,2025-09-22 11:45:00,283.02,13.95
9baf314e-7,2,89e99561,ceb45ddd,2025-09-22 11:45:00,336.84,44.66
9baf314e-7,3,ea93ce95,b1c89542,2025-09-22 11:45:00,34.98,25.39
fed34030-b,1,7c8eb5e3,d7e02e31,2025-09-12 21:02:00,165.51,37.23
ee7f364b-7,1,dce37340,6b11ab18,2025-04-10 15:36:00,86.79,31.98
205243a1-4,1,e44dc6e0,9be3cf04,2025-11-08 19:45:00,65.39,24.05
d18c0832-e,1,cd04d99b,751fe587,2025-07-09 12:25:00,71.4,11.22
b5cc768f-5,1,af2aae2e,ec9c2886,2025-08-14 09:14:00,154.97,44.58
16bb7577-9,1,96559be2,32d69a27,2025-05-20 18:55:00,56.08,33.38
9e20fbe7-6,1,13f00340,af3a7725,2025-07-27 17:27:00,301.92,37.55
3b520ea1-e,1,8464d5d5,59a098ee,2025-12-13 21:10:00,402.53,29.22
3b520ea1-e,2,346d75cc,4e564a77,2025-12-13 21:10:00,162.17,20.7
15407b87-4,1,bb8a0b65,15e0ee88,2025-07-04 17:03:00,287.48,43.3
6a236018-1,1,06697ada,96fb8f2c,2025-02-24 23:54:00,141.26,28.63
08a1f010-c,1,671b4fed,46b22896,2025-11-13 05:28:00,35.48,29.57
08a1f010-c,2,00f1f66d,7db2854c,2025-11-13 05:28:00,74.89,43.42
4ec8d909-2,1,f1a25060,1c54d78d,2025-12-11 15:05:00,138.75,14.46
5ed92ebf-7,1,18b2b5a9,8801c1c1,2025-02-08 15:19:00,233.36,31.64
ca928a71-0,1,12b1c297,23dba7ab,2025-01-13 02:14:00,135.18,28.26
1f478327-6,1,34bf6985,80ccc3b6,2025-02-22 23:52:00,391.02,40.55
08e987d0-d,1,671b4fed,efbd7515,2025-09-14 04:17:00,155.2,10.79
4dc218f0-d,1,87953b9c,6f37be51,2025-10-26 03:23:00,425.64,30.98
6c9099aa-b,1,12b1c297,d62a94eb,2025-01-28 20:37:00,277.42,33.8
15c925a8-f,1,8c184e16,78eabeb6,2025-09-24 07:14:00,166.18,12.49
15c925a8-f,2,17d9bda9,5ceb6c45,2025-09-24 07:14:00,247.59,37.72
2821e2c5-6,1,12b1c297,cf26eca5,2025-02-11 04:24:00,182.49,39.3
ca83c5d4-e,1,8b02e1d3,705a91ec,2025-08-28 14:43:00,368.14,23.7
150675d7-b,1,63a33f6d,1d65fe5e,2025-08-27 09:59:00,207.41,43.28
150675d7-b,2,d0fd83ca,990fe44e,2025-08-27 09:59:00,228.34,25.85
35a8317a-b,1,b7259473,49e0a1fb,2025-08-30 10:02:00,354.45,16.7
25784cf9-4,1,b27e8c45,dd49d30b,2025-09-02 09:44:00,190.89,20.5
f69df5fd-2,1,e5ae839e,21ab1b26,2025-10-11 11:16:00,82.6,44.0
a5ef1d96-3,1,0edb474e,6899a32b,2025-02-09 07:13:00,268.95,37.56
a5ef1d96-3,2,e1a1c8e9,675879ef,2025-02-09 07:13:00,243.5,8.56
ce6aee57-7,1,4fbb9951,08f50945,2025-07-02 10:49:00,38.99,27.34
747c375e-6,1,73ae90c5,023f7943,2025-12-22 01:28:00,196.58,14.97
8d2fd801-8,1,ea93ce95,5d8cbf42,2025-06-11 09:39:00,16.33,28.2
8d2fd801-8,2,432acc63,d5f11598,2025-06-11 09:39:00,250.44,22.69
02982d22-8,1,6ac32529,2eaa6a35,2025-03-28 09:39:00,126.4,23.63
c90a94b5-d,1,259a60e5,b7ae30f1,2025-08-07 04:40:00,86.32,32.59
d9251bac-6,1,5398e4a2,d39050a6,2025-03-20 03:23:00,237.2,12.39
7a4e31c9-2,1,1ca67118,17369777,2025-06-25 22:39:00,222.2,10.9
21a4f87b-e,1,bdb03f62,c1115989,2025-12-14 00:09:00,268.44,22.71
7cd36cbb-4,1,76252a44,b16ac04e,2025-06-14 12:06:00,406.12,17.5
eeee1dea-e,1,55ba7e8c,72ba0839,2025-07-01 11:19:00,431.88,39.8
eeee1dea-e,2,64059073,a48765d4,2025-07-01 11:19:00,173.42,10.77
27447657-a,1,a490f0cd,cb3ffc20,2025-07-03 20:26:00,116.22,23.25
08941f44-f,1,13f00340,2404b157,2025-06-25 00:03:00,383.54,8.05
d35bb423-8,1,215571b7,d72834b7,2025-07-12 07:25:00,281.8,39.23
cc7b7475-8,1,cc935477,593b6950,2025-11-22 03:52:00,80.12,43.08
5914cf36-a,1,fdfdede0,f1127374,2025-05-26 18:04:00,22.53,17.82
5914cf36-a,2,ac092b61,27f9d19d,2025-05-26 18:04:00,334.67,10.81
5914cf36-a,3,a69afd9f,f112ca05,2025-05-26 18:04:00,135.62,43.06
5089c1e5-6,1,7ee46027,673ad665,2025-03-25 19:45:00,77.98,24.86
52871ce4-5,1,b131e4c7,d816b9cb,2025-12-07 18:06:00,435.2,17.82
52871ce4-5,2,02e52845,6bd60d14,2025-12-07 18:06:00,324.43,35.12
52871ce4-5,3,7aac1942,b3f0932f,2025-12-07 18:06:00,57.63,37.63
52871ce4-5,4,5a5a81da,22b53c00,2025-12-07 18:06:00,172.63,42.4
6d040a56-7,1,34b60de6,b313147c,2025-10-23 21:47:00,70.28,29.55
6d040a56-7,2,1a17b66b,620ac302,2025-10-23 21:47:00,73.33,28.44
6d040a56-7,3,e5ae839e,9d764914,2025-10-23 21:47:00,227.97,37.06
e3803863-c,1,b81b3046,b631217d,2025-06-05 18:47:00,16.13,8.98
27c1a1e0-1,1,a35c6479,c935a161,2025-05-08 17:07:00,131.69,12.29
27c1a1e0-1,2,af2aae2e,f663fd59,2025-05-08 17:07:00,263.18,26.26
27c1a1e0-1,3,f2168bc4,73cf3c6e,2025-05-08 17:07:00,68.22,34.47
060c9284-3,1,acae5659,44c341bd,2025-11-19 02:06:00,426.48,34.02
fe925235-3,1,924c80ea,db8a7381,2025-04-23 11:13:00,388.34,34.62
276337e3-1,1,b1a45968,2d71d245,2025-11-26 00:49:00,264.91,11.83
9560a5f2-f,1,71149b97,afede81b,2025-09-17 02:48:00,304.79,27.92
29e5d255-e,1,a0ea4d65,3528de6f,2025-12-05 04:18:00,189.08,21.89
eb0d09ad-2,1,64e7c9dc,f6ed01b1,2025-04-24 16:27:00,396.99,13.24
c275ad6b-7,1,4821bd82,46644978,2025-05-15 05:54:00,185.84,35.61
ddf65f51-0,1,dbd26aa1,72a6e855,2025-06-05 10:08:00,135.72,25.23
5deb626a-9,1,3ed09add,afdaf135,2025-04-25 08:17:00,183.22,19.9
f4f4e201-f,1,c39c1db2,a5cb8432,2025-10-29 07:40:00,343.33,18.28
17796b59-3,1,63a33f6d,39f05190,2025-11-02 11:20:00,225.03,42.12
0434ceca-e,1,e31ba7d4,47688518,2025-10-11 03:47:00,92.4,37.29
0434ceca-e,2,af7c3d3f,4b15b86a,2025-10-11 03:47:00,60.04,23.87
0434ceca-e,3,30056d29,018a8540,2025-10-11 03:47:00,96.43,19.13
e710cbff-6,1,c587f345,a3a006fc,2025-05-18 19:55:00,269.24,12.78
b4a58b21-f,1,ae33358f,ea2c1b98,2025-12-22 21:15:00,389.13,28.71
44e4b50a-8,1,a35c6479,03a561ab,2025-09-05 20:32:00,449.21,29.47
44e4b50a-8,2,05f43073,8b69f6e8,2025-09-05 20:32:00,170.04,31.17
ca9db873-5,1,aa9168b7,d3066fdc,2025-03-20 06:40:00,50.67,9.84
ba055052-a,1,714642dd,8fc34dde,2025-11-02 18:00:00,88.68,30.11
a36b2926-e,1,c587f345,534c4822,2025-10-25 16:57:00,418.84,14.25
a36b2926-e,2,3ed09add,f3222ed5,2025-10-25 16:57:00,115.93,39.11
765547c1-b,1,91a01fb1,b1619c28,2025-01-08 20:29:00,350.91,11.85
132e1b03-9,1,7aac1942,7f23cfbf,2025-10-10 10:09:00,361.35,21.66
10f83144-b,1,cf55c767,038d80b3,2025-01-31 17:20:00,354.62,13.19
10f83144-b,2,dd9ea5e6,f94d7214,2025-01-31 17:20:00,196.24,22.18
10f83144-b,3,1ca67118,85e35800,2025-01-31 17:20:00,24.37,29.18
00aae32f-a,1,7de3f7af,5e3fcf3c,2025-08-27 22:18:00,59.72,24.36
383fe45c-f,1,d7fc0a60,16d67f3d,2025-02-06 07:25:00,318.15,30.71
170ed03b-2,1,e74981f9,6bce0b3d,2025-11-10 18:27:00,318.91,44.48
8064d4ca-4,1,1fa19b01,ca9c2aee,2025-08-12 20:31:00,367.11,35.09
158d9de4-3,1,8de4e26c,f17327df,2025-06-28 21:39:00,364.39,11.02
158d9de4-3,2,4ba1d7fc,6a679f6a,2025-06-28 21:39:00,146.38,32.85
dc0c2e9a-9,1,c173b5e1,0489e7fb,2025-02-01 01:29:00,116.0,14.98
0b7991e1-6,1,f73320d2,bda70507,2025-11-21 04:07:00,342.68,11.21
a0cadd7d-e,1,7de3f7af,9da18776,2025-10-11 20:27:00,442.79,32.02
16aaf706-7,1,584eb8cb,dad56766,2025-10-10 14:03:00,63.91,41.3
e1f3cae1-c,1,53ca8c22,2091f839,2025-06-28 19:16:00,156.48,29.48
ea712454-c,1,aef5d53f,3ba65410,2025-07-26 20:24:00,109.83,24.67
376b3e7e-2,1,584eb8cb,0368e3df,2025-01-06 22:05:00,374.21,8.18
cd49b034-0,1,b95998dd,8eab9be1,2025-03-31 05:17:00,434.92,29.04
3ec43cf4-b,1,96559be2,c0c463af,2025-09-26 19:40:00,226.9,32.2
5d3d912c-9,1,6ac32529,fafe9c34,2025-06-21 02:28:00,189.31,28.65
20ffabb5-c,1,8b587576,66eceb2a,2025-11-10 22:16:00,283.4,9.83
20ffabb5-c,2,1ca67118,992b2ea5,2025-11-10 22:16:00,279.61,10.57
20ffabb5-c,3,e8f2b837,51fff6ec,2025-11-10 22:16:00,196.13,20.06
20ffabb5-c,4,508bf8ab,5de389d5,2025-11-10 22:16:00,55.62,27.82
58a1a64a-d,1,227bd523,f171e9e3,2025-07-28 15:37:00,322.81,24.54
3d24d399-d,1,444631da,47103571,2025-10-27 18:01:00,65.17,21.89
502f7743-5,1,2a4d40ff,73f4634a,2025-08-20 19:24:00,278.31,38.7
502f7743-5,2,92a83e26,d8cd5cb1,2025-08-20 19:24:00,250.03,20.14
b682e191-4,1,00f1f66d,62173209,2025-05-25 11:44:00,52.02,21.48
1053dbc3-4,1,5414d82a,b1c68892,2025-06-25 08:56:00,414.62,43.35
1053dbc3-4,2,4179340c,346bc205,2025-06-25 08:56:00,359.98,36.45
1053dbc3-4,3,a2ee6258,875b459e,2025-06-25 08:56:00,239.99,27.02
c4f63d0a-5,1,6ac32529,680058d8,2025-09-03 20:59:00,91.49,10.99
08b6689e-b,1,bd91e8ae,da0f9c2d,2025-04-27 00:31:00,216.94,23.68
08b6689e-b,2,b7259473,308db870,2025-04-27 00:31:00,434.7,14.39
4b0b96d7-a,1,4c249fa5,6defa4f4,2025-10-11 03:05:00,335.91,25.14
a38735c8-e,1,18555030,0b6b9e7c,2025-01-21 14:32:00,204.11,33.9
24546c17-9,1,a2ee6258,014127cb,2025-12-09 04:51:00,152.27,11.42
41da09b5-4,1,34b60de6,4d63ad45,2025-07-04 17:19:00,42.74,29.22
d04bfe4d-4,1,ed213a56,8b664398,2025-02-09 21:45:00,160.61,42.44
0d875d23-2,1,7de3f7af,a1b0e0af,2025-10-25 13:10:00,198.14,17.11
75bd6f3c-0,1,89e99561,c167ab70,2025-04-27 18:56:00,184.81,22.89
9e4063df-9,1,2a5ed824,9d4f9537,2025-05-17 20:19:00,224.16,29.97
9e4063df-9,2,e1c6fa6e,15b655c3,2025-05-17 20:19:00,190.91,41.38
e5e1260a-5,1,4b9fe1f9,a9cd7a6c,2025-03-14 08:23:00,157.37,33.0
2640d99a-4,1,a01c84b0,04be8be5,2025-09-24 01:55:00,214.89,36.27
faa33cca-c,1,72966584,b865aaf2,2025-04-03 06:54:00,15.53,25.06
5d4540a0-3,1,7ee46027,ccc784f0,2025-08-07 10:21:00,70.32,43.89
5d4540a0-3,2,b721a513,d9e13db8,2025-08-07 10:21:00,97.61,32.26
3ecd2eb0-1,1,068b1543,a35a6e37,2025-08-25 00:05:00,296.06,39.37
1493d0cd-9,1,5a5a81da,8367e6a0,2025-12-22 07:02:00,354.67,11.47
3cd5e98e-0,1,b3cf73d5,3706f331,2025-03-04 02:21:00,92.3,39.09
550ef832-8,1,17e5d58b,b8f9c2a5,2025-04-14 21:06:00,140.14,13.57
3740a47c-0,1,18555030,acedda83,2026-01-01 18:26:00,341.98,21.99
3740a47c-0,2,572684f3,afae8221,2026-01-01 18:26:00,297.52,15.74
3740a47c-0,3,c173b5e1,f91374c2,2026-01-01 18:26:00,105.26,12.91
8d70a7f3-7,1,41386a8b,0d275f9f,2025-09-25 01:29:00,393.16,11.1
5c71444a-3,1,5a677ab7,4e8aefc6,2025-06-26 10:31:00,427.35,35.88
74cb0c59-f,1,5398e4a2,7937141e,2025-10-12 06:56:00,219.09,34.39
74cb0c59-f,2,1bef1134,94b507b0,2025-10-12 06:56:00,130.78,33.8
50901734-6,1,a2ee6258,a8990054,2025-09-05 13:47:00,211.32,11.82
3b037e36-1,1,32431646,457924a3,2025-03-16 01:14:00,316.0,12.52
3b037e36-1,2,bb2dcad1,0a59c3aa,2025-03-16 01:14:00,163.24,20.75
3b037e36-1,3,30056d29,552f98cc,2025-03-16 01:14:00,105.56,8.22
3b037e36-1,4,05f43073,e51f48f6,2025-03-16 01:14:00,95.44,44.19
c8f19502-0,1,b499bd3c,10a8aa8b,2025-08-24 02:25:00,335.14,39.54
0cc3d00e-9,1,18b2b5a9,fc3e22c4,2025-11-08 19:39:00,43.74,19.72
29298971-1,1,02e52845,9a4d9528,2025-01-10 19:59:00,201.6,17.5
fd2c8884-4,1,7bfdad86,c8a83ea6,2025-02-22 15:58:00,281.46,12.24
2d15f353-7,1,dce37340,bdc335c2,2025-01-30 10:11:00,405.84,27.79
aaeb49ca-c,1,4767d031,0f84c87b,2025-02-20 00:12:00,73.92,36.58
0b821c58-3,1,4821bd82,ae9184ab,2025-10-26 05:47:00,93.9,17.91
686ca755-2,1,92ebab06,c7fae385,2025-01-17 15:49:00,170.25,25.51
686ca755-2,2,f2168bc4,ee39c7ab,2025-01-17 15:49:00,151.79,15.89
e8998427-5,1,ba99f4cc,07c31566,2025-10-16 18:06:00,163.99,16.75
6347534c-a,1,e1a1c8e9,fb28dc99,2026-01-01 21:55:00,130.43,37.84
1918e64e-2,1,f8241532,b6cc7002,2025-10-18 05:09:00,290.94,37.54
8b311399-3,1,5a01c7ca,58e39f47,2025-12-13 09:34:00,353.56,37.27
739e434f-2,1,8492863a,84a9749a,2025-02-16 22:16:00,126.68,22.04
c5f01074-3,1,d1310ac6,d92d5055,2025-04-19 18:05:00,303.46,12.26
3487dc19-0,1,5d0203f7,0cde6404,2025-06-20 08:23:00,378.64,24.34
56411398-4,1,67b06d3d,41ee1266,2025-11-28 21:13:00,386.03,30.64
71c1684e-0,1,9e445642,91076d67,2025-07-27 05:03:00,345.93,36.98
d2ef83cc-9,1,13d52475,cee072e9,2025-03-27 16:59:00,399.26,34.76
b22ac24e-2,1,22af20fd,796db39c,2025-09-19 09:34:00,185.18,12.4
012c5324-0,1,17d9bda9,08732d64,2025-03-15 14:32:00,421.61,34.13
ba3d2cf8-8,1,040b7928,a6eed286,2025-08-30 22:11:00,375.27,43.46
1bfe3bdd-6,1,cc935477,5ce5b791,2025-07-10 13:55:00,103.57,9.29
6a90536c-c,1,ad3fe261,85780b0a,2025-04-24 07:34:00,53.83,32.25
90334b51-6,1,7ee46027,a201b5f6,2025-09-29 20:32:00,49.32,43.96
427ba241-b,1,e2aac2dd,59528178,2025-05-11 01:35:00,448.78,33.95
3029bcf0-d,1,64e7c9dc,f99796fc,2025-03-31 22:59:00,34.85,37.55
38a06aee-f,1,c6b454f7,1dc74208,2025-12-28 17:10:00,41.26,42.42
20b0a2b8-0,1,ac092b61,77ed638f,2025-09-12 07:20:00,272.18,35.04
c6ac953b-4,1,42ac8785,2b6143ff,2025-06-25 06:03:00,202.77,17.56
7f6528c1-b,1,f96eeb5c,a0a2ff8a,2025-09-01 01:27:00,106.58,11.19
8cd9e6ab-b,1,fa0c448e,987a8e71,2025-03-08 02:39:00,178.12,44.29
6eb12c35-c,1,346d75cc,e2928a56,2025-12-04 17:53:00,183.57,42.21
a83238b5-2,1,63cb55c9,ec0c9c49,2025-07-05 16:52:00,443.61,26.61
cb387fbc-1,1,2942d890,e6fec5e0,2025-10-29 04:50:00,396.27,26.7
d3e9a41c-7,1,86289f74,4b9578ee,2025-01-21 12:40:00,334.4,9.18
780d74b6-a,1,15e94fa2,a8b37304,2025-05-16 03:27:00,231.02,17.65
3099337e-a,1,a65474a3,0676ec4a,2025-12-09 20:54:00,364.7,8.17
d6209407-c,1,edb8f78e,8555a9b0,2025-05-02 19:58:00,35.51,17.72
fb4f7983-4,1,4ebc1480,d737534a,2025-07-03 19:01:00,242.38,31.42
2bfb84b1-d,1,d8012882,8bab0346,2025-06-12 15:06:00,216.38,38.15
41fd9c63-6,1,a490f0cd,6aa4b8b8,2025-12-29 12:39:00,213.41,36.41
48d92435-1,1,b131e4c7,70e07f55,2025-10-01 09:43:00,114.94,36.89
48d92435-1,2,4ba1d7fc,91a70dd9,2025-10-01 09:43:00,149.79,36.66
1936ab6b-3,1,259a60e5,39430fa3,2025-02-27 10:41:00,228.29,39.14
4b8f2348-9,1,7c16586a,0144ec86,2025-06-27 07:49:00,256.78,38.61
120f7c21-6,1,d8012882,73b1e314,2025-06-06 07:25:00,175.54,38.0
120f7c21-6,2,f7d02a95,95756dae,2025-06-06 07:25:00,150.16,41.51
120f7c21-6,3,12b1c297,08ee307d,2025-06-06 07:25:00,202.17,26.28
c5891bbf-4,1,73ae90c5,02737917,2025-06-16 13:40:00,68.31,11.03
9f670ab9-2,1,5398e4a2,8248b99f,2025-12-27 03:50:00,38.15,11.32
6d0ad649-9,1,8492863a,b8d11d21,2025-08-26 09:29:00,447.93,33.4
e2b35a70-7,1,860994ba,71f4938b,2025-02-24 18:55:00,336.43,14.39
fe915c85-0,1,e2aac2dd,f1c0f75b,2025-03-25 08:54:00,341.0,9.6
36a1a1a2-1,1,671b4fed,ed8fb618,2025-07-10 14:17:00,86.16,18.16
11812ddf-f,1,d25a7b66,2619954c,2025-12-19 14:03:00,188.34,24.15
7f1bace0-0,1,b131e4c7,4ee9cf55,2025-12-29 05:36:00,319.84,34.65
9745e9f0-e,1,06d10537,e3468be2,2025-01-19 16:56:00,343.38,18.24
9745e9f0-e,2,ae2a4ad9,aee35f1d,2025-01-19 16:56:00,268.24,43.0
28af7e14-7,1,b27e8c45,f0200d64,2025-12-06 00:44:00,34.97,13.12
e3ae16fc-0,1,c2a0ed70,be843a27,2025-03-25 14:33:00,283.81,18.95
827c4e35-2,1,25449731,af020205,2025-02-03 08:18:00,290.35,14.17
886e520f-4,1,5a5a81da,501199e0,2025-03-13 07:43:00,21.0,31.55
886e520f-4,2,02e52845,08f915c2,2025-03-13 07:43:00,248.31,23.59
886e520f-4,3,91a01fb1,04085b0b,2025-03-13 07:43:00,332.88,28.43
ac83cea2-2,1,a35c6479,3bdc9509,2025-11-25 10:12:00,67.61,27.02
4ac13155-c,1,acae5659,305782c1,2025-04-20 10:52:00,87.39,13.31
4ac13155-c,2,11ce6482,9afe9abf,2025-04-20 10:52:00,127.68,17.91
464376cd-9,1,924c80ea,7522fc6a,2025-04-25 17:33:00,269.09,30.01
fac90a87-1,1,06d10537,8bdbf7f2,2025-12-15 05:13:00,199.86,39.74
e66005c5-5,1,e1a1c8e9,f707e978,2025-10-31 18:28:00,189.01,13.43
36e835c0-5,1,5d7f440d,69657a9c,2025-08-22 22:20:00,374.05,17.52
bf593e08-6,1,af2aae2e,e6e4542f,2026-01-06 01:55:00,363.93,36.57
b7a8e079-6,1,83ffdcdd,469de921,2025-11-16 21:55:00,388.96,21.5
070323e1-a,1,ae33358f,8666bddc,2025-08-18 08:54:00,189.07,8.16
bb5cb46b-3,1,efbe5223,c176048d,2025-11-29 14:31:00,430.12,21.16
bf889405-f,1,d470fd17,ad406f39,2025-02-22 23:46:00,233.17,26.46
fea8d045-7,1,c6b454f7,8eaad580,2025-05-12 17:46:00,310.38,24.96
fdf75027-1,1,41386a8b,43f5ff3b,2025-10-01 03:09:00,136.74,9.33
925ed39a-d,1,63a33f6d,86b54d9c,2025-03-28 05:16:00,326.73,41.22
5eb4a143-7,1,edeebea4,b6227212,2025-02-15 15:54:00,159.83,22.48
c1b1a019-b,1,25cbedf2,7c2d820a,2025-05-12 11:07:00,128.28,30.38
fe656e24-9,1,25449731,c972577d,2025-01-27 22:31:00,240.92,39.21
1691e565-b,1,af7c3d3f,841f0840,2025-01-15 05:18:00,440.55,8.36
d1c6bd00-2,1,dd59ea80,4b4f74e3,2025-10-06 15:51:00,283.41,15.18
b54db189-d,1,343dcfd1,fea9e14b,2025-07-14 08:13:00,420.29,29.13
35aaac27-2,1,efbe5223,22399bff,2025-11-22 23:34:00,260.84,44.59
3c9c1ed7-e,1,7ad28f77,69d4a449,2025-12-27 05:41:00,409.63,16.71
7366d36f-7,1,35b07f2f,a3113931,2025-04-23 18:06:00,376.26,28.79
689e5caf-4,1,32431646,4028908b,2025-02-07 12:37:00,31.99,32.01
502b1583-f,1,bd91e8ae,f822c3e8,2025-08-02 08:17:00,252.38,11.03
4009f289-b,1,e74981f9,9c7c05d2,2025-05-20 21:10:00,21.41,11.79
4009f289-b,2,040b7928,2f7ab308,2025-05-20 21:10:00,339.9,27.44
7d3e0ab2-3,1,4767d031,e7119832,2025-04-05 07:01:00,225.89,41.53
8bcaa0f1-d,1,bd91e8ae,255c05cf,2025-12-23 11:53:00,319.96,16.2
00b5fe78-6,1,7ac70db9,7a4503b3,2025-05-05 17:10:00,360.66,24.25
1adebfd5-d,1,00f1f66d,78aa638d,2025-03-03 20:36:00,320.57,19.14
9bd1e48f-e,1,6f1a0713,4a2ccc80,2025-11-28 14:18:00,315.44,27.76
d32f1d95-2,1,bcf2bce8,70ed706b,2025-09-21 15:06:00,358.06,30.73
d32f1d95-2,2,aa9168b7,bc46e7f9,2025-09-21 15:06:00,55.61,26.41
27eb99b4-2,1,21155322,4abe989a,2025-05-09 19:00:00,224.73,34.01
63f4d464-4,1,508bf8ab,43bfb2a0,2025-09-28 05:46:00,225.83,35.57
7030d62d-1,1,63cb55c9,480bcdc5,2025-02-03 23:32:00,84.99,43.99
c16ac696-2,1,91a01fb1,8382f0fe,2025-07-14 08:42:00,427.03,24.42
fd22e763-9,1,80f192ad,93cc74c5,2025-04-05 09:18:00,213.19,8.88
3c773fab-4,1,8c184e16,7fc19ba3,2025-08-24 18:49:00,67.46,25.48
3c773fab-4,2,71149b97,939f52ab,2025-08-24 18:49:00,392.83,15.07
ae133466-2,1,924c80ea,3dcac627,2025-10-20 04:20:00,229.17,39.8
ae133466-2,2,af2aae2e,3021d78b,2025-10-20 04:20:00,260.22,30.2
ae133466-2,3,b617be37,720e1cb5,2025-10-20 04:20:00,232.63,10.84
829f5418-e,1,3ed09add,9fdae3df,2025-06-16 22:50:00,90.25,41.43
5ff5ffd9-a,1,026bf726,ef467c35,2025-02-27 19:12:00,391.38,18.75
5ff5ffd9-a,2,aba91719,8c1b1501,2025-02-27 19:12:00,307.52,37.51
954df4da-e,1,1ca67118,37f01c5d,2025-02-25 05:22:00,259.69,10.57
89d4e482-c,1,d8bd785c,43b63763,2025-03-25 09:30:00,238.19,8.96
00143f95-f,1,4821bd82,3ffe6188,2025-05-22 01:39:00,226.78,40.8
1c1906fb-5,1,2ce3ae86,5cacee76,2025-03-04 09:47:00,260.06,39.75
16c0fd85-0,1,8ff0f5a7,95f00d51,2025-06-22 02:39:00,446.47,35.72
6e1a1c8e-a,1,89e99561,9d2e4314,2025-09-25 10:05:00,249.71,35.89
341b82b5-1,1,b721a513,5e3558c3,2025-10-30 06:44:00,35.45,25.09
341b82b5-1,2,01b22555,9b1bc07b,2025-10-30 06:44:00,253.73,34.19
341b82b5-1,3,2ec4191e,676dab04,2025-10-30 06:44:00,86.6,39.96
f07e8c5e-2,1,c076efd0,224df772,2025-12-09 22:20:00,283.39,41.09
f07e8c5e-2,2,12b1c297,87dedcef,2025-12-09 22:20:00,303.01,40.79
f07e8c5e-2,3,1fa19b01,bb3b381f,2025-12-09 22:20:00,432.06,14.24
3bcab58c-8,1,5b76386b,41f1ccfa,2025-10-24 11:59:00,311.21,24.76
54f637d5-8,1,8c184e16,7bfb52ec,2025-03-14 10:16:00,207.15,25.94
77bf2db6-1,1,bb8a0b65,a932c584,2025-06-18 02:26:00,343.33,31.0
89cc619a-5,1,e36d4b42,64fab0ee,2025-12-27 18:53:00,88.88,43.63
8964089e-f,1,5d7f440d,76bba9e4,2025-10-05 00:13:00,147.11,8.94
92f26474-e,1,40663e45,2adafdaf,2025-07-10 12:21:00,258.78,10.62
78d3477c-c,1,e36d4b42,6d95fb50,2025-03-11 17:14:00,379.27,16.66
28e03b35-9,1,73bf66cd,457087e9,2025-12-11 15:49:00,417.64,35.2
a67be714-6,1,c909b752,6c2dbd5e,2025-07-25 01:30:00,226.82,30.43
e423bd32-7,1,5398e4a2,2fbc1720,2025-02-08 01:34:00,343.64,17.29
390f3673-4,1,aba91719,fa3015d8,2025-04-07 13:21:00,171.67,20.4
0f79856b-c,1,72966584,ec0f0c4a,2025-11-04 19:42:00,239.01,9.6
6ffb89f3-b,1,45284e60,f039fb77,2025-02-28 18:35:00,99.45,14.69
f4f68b05-4,1,3f0171a6,f1ecc394,2025-09-23 10:18:00,25.16,9.47
f4f68b05-4,2,cc935477,0b0c7e5f,2025-09-23 10:18:00,335.87,28.43
f4f68b05-4,3,026bf726,40c90a0a,2025-09-23 10:18:00,306.38,19.55
3c03d70f-8,1,bacdb118,c90f6700,2025-05-04 05:54:00,330.82,19.9
0948b62c-0,1,f3583162,40c1e270,2025-08-26 01:58:00,85.41,22.84
0948b62c-0,2,aa9168b7,8a1d365f,2025-08-26 01:58:00,248.93,27.97
0948b62c-0,3,ae28a23e,c3781040,2025-08-26 01:58:00,69.72,44.52
c84a51a2-1,1,71088410,2da9102d,2025-01-29 17:20:00,420.55,42.27
c10f0709-7,1,c39c1db2,b07ba85d,2025-11-26 09:36:00,106.61,27.27
8566ba57-d,1,2a4d40ff,25d3c954,2025-05-20 18:15:00,420.01,33.37
a83f09f5-b,1,d38de927,ece7d2f2,2025-01-10 12:27:00,413.51,36.45
6e7b1877-e,1,714642dd,cb0aeec4,2025-03-24 17:59:00,340.17,22.77
9be9947b-f,1,4ba1d7fc,18457e2d,2025-09-23 22:32:00,403.37,22.48
68503cf2-9,1,15e94fa2,c837cc80,2025-08-05 11:00:00,169.19,36.05
8071973f-4,1,82a623b9,0f307950,2025-07-10 06:23:00,439.65,10.7
8071973f-4,2,d0fd83ca,3dded56e,2025-07-10 06:23:00,390.97,35.58
8071973f-4,3,584eb8cb,be16de61,2025-07-10 06:23:00,178.54,18.68
8071973f-4,4,2fde09c6,4100303a,2025-07-10 06:23:00,107.48,8.92
011faf53-5,1,ba99f4cc,f8dbf267,2025-03-06 14:29:00,445.91,41.68
a246d6dd-e,1,068b1543,5ac5f872,2025-09-12 23:20:00,56.4,12.89
a246d6dd-e,2,7ee46027,fba7554d,2025-09-12 23:20:00,111.84,39.7
0cebff25-6,1,d470fd17,004b9a25,2025-07-18 05:06:00,211.85,11.87
c9e9d6c1-2,1,2fde09c6,4dd78bbf,2025-08-03 22:24:00,280.15,24.79
d67e4c3a-4,1,499552bf,936ad5cf,2025-07-26 01:10:00,108.72,21.31
d67e4c3a-4,2,5d7f440d,aafed6d3,2025-07-26 01:10:00,300.15,44.38
d67e4c3a-4,3,1a67a9ff,4ef04cee,2025-07-26 01:10:00,76.41,32.34
6602d278-5,1,c076efd0,f2272ef9,2025-12-18 18:45:00,265.86,16.76
11ff4e41-7,1,c6b454f7,0bbd85f9,2025-07-11 08:36:00,437.24,21.35
11ff4e41-7,2,8464d5d5,d656775e,2025-07-11 08:36:00,58.6,19.58
11ff4e41-7,3,bacdb118,2378f149,2025-07-11 08:36:00,16.97,9.39
f1166a1e-b,1,35b07f2f,876a1900,2025-09-06 00:40:00,24.65,18.66
9994aa0a-d,1,02e52845,410f62bf,2025-03-19 03:51:00,168.85,10.99
16fba803-b,1,56c23881,5d1ed39c,2025-08-14 10:19:00,424.34,27.14
16fba803-b,2,695cee78,ae3f9987,2025-08-14 10:19:00,94.52,30.84
16fba803-b,3,2a5ed824,38fd8af3,2025-08-14 10:19:00,365.96,18.48
5012685e-b,1,a2ee6258,903b470c,2025-07-02 12:31:00,343.02,38.91
3a2ab307-d,1,67b06d3d,05b15b58,2025-07-19 08:43:00,160.47,27.41
cf6b449a-7,1,5cd14ab1,25cf2efd,2025-12-13 21:56:00,38.66,25.19
cf6b449a-7,2,f96eeb5c,1bf4091c,2025-12-13 21:56:00,32.32,27.28
c7f3f7dc-3,1,32d9c356,f2256ebc,2025-08-30 07:56:00,381.53,19.36
4e2f84ca-e,1,c766242f,2e6f8ff0,2025-12-28 12:48:00,147.27,15.8
0342de1a-d,1,efbe5223,a6159331,2025-01-07 02:16:00,418.44,43.12
3a1e199e-6,1,4c249fa5,7a03b6bd,2025-11-10 10:47:00,41.84,29.64
bed1f8df-a,1,22af20fd,150dfa98,2025-01-16 08:48:00,173.15,9.6
682596d9-4,1,bda0303b,d6fafeb7,2025-10-30 18:57:00,318.14,10.03
b00713c0-6,1,1bef1134,6ffe2b4c,2025-09-20 09:42:00,82.64,21.01
5c1281ae-e,1,a65474a3,135e3994,2025-09-30 11:29:00,150.6,13.24
5c1281ae-e,2,01b22555,a7b2b2be,2025-09-30 11:29:00,230.0,20.63
bde2c413-8,1,860994ba,b50734de,2025-07-09 04:45:00,346.92,14.4
7131b4ce-7,1,63a33f6d,1fd320ec,2025-11-15 11:11:00,47.94,18.65
af9300a4-0,1,c6b454f7,5dcbb029,2025-08-27 15:28:00,271.47,27.14
52de828d-3,1,7ee46027,f1481d1f,2025-05-03 02:58:00,109.87,25.28
80f19052-7,1,5d7f440d,15c302e2,2025-12-04 13:13:00,236.54,24.8
80f19052-7,2,c024873d,0c6ae9db,2025-12-04 13:13:00,446.2,19.1
80f19052-7,3,dce37340,3b87c273,2025-12-04 13:13:00,387.55,41.62
80f19052-7,4,1a67a9ff,cb64481b,2025-12-04 13:13:00,165.21,31.56
4be232ff-9,1,2a5ed824,35f8ee49,2025-04-28 20:01:00,449.77,42.44
b5e71589-8,1,d7fc0a60,aec7a774,2025-12-18 22:56:00,425.82,27.39
92b56183-7,1,962a09ee,f6ff0621,2025-08-03 03:39:00,58.13,34.51
7cfe666f-c,1,bad7bd4a,38e3b81e,2025-02-24 01:31:00,259.65,22.85
0ddd322d-9,1,8b02e1d3,3515ccbb,2025-02-19 11:35:00,205.7,12.66
dcb78740-3,1,584eb8cb,51f8d49c,2025-02-15 23:11:00,169.91,23.02
094803c9-c,1,91a01fb1,f413d699,2025-07-24 01:23:00,196.6,8.39
21341ced-0,1,25cbedf2,c8f7f463,2025-03-24 12:56:00,323.99,11.09
21341ced-0,2,af7c3d3f,f22f8922,2025-03-24 12:56:00,316.21,32.65
5a1ab69d-4,1,5cd14ab1,bb872949,2025-01-22 22:30:00,67.39,14.69
0062ad72-d,1,c587f345,f5c707ae,2025-11-15 18:48:00,430.49,15.56
34109cef-5,1,5a01c7ca,36247839,2025-02-15 23:03:00,106.15,38.08
e1d31cab-9,1,13d52475,9b2537e6,2025-08-26 00:41:00,167.17,33.26
88c161a8-0,1,d25a7b66,a82a18dd,2025-11-19 06:06:00,407.4,8.13
6b9d72ec-5,1,ed213a56,56f076a3,2025-04-14 08:52:00,420.59,18.3
6b9d72ec-5,2,dbd26aa1,2d923cf7,2025-04-14 08:52:00,210.57,39.61
2a4f29c1-a,1,b499bd3c,d7630de2,2025-12-04 17:53:00,192.93,33.53
cea6348f-4,1,5a677ab7,2d4c3461,2025-05-05 19:18:00,354.75,38.28
f3404886-6,1,c2a0ed70,cdb37c46,2025-05-14 23:56:00,158.23,19.15
f3404886-6,2,b617be37,2d1800ed,2025-05-14 23:56:00,72.49,24.41
f3404886-6,3,76252a44,0774e0ef,2025-05-14 23:56:00,441.05,33.38
f3404886-6,4,05f43073,b156ad6f,2025-05-14 23:56:00,56.67,44.39
e12cf8f9-5,1,8b587576,168f4c87,2025-09-11 04:21:00,125.68,18.03
b135ff43-7,1,34bf6985,9c62b179,2025-08-19 15:19:00,98.64,23.39
b135ff43-7,2,c2a0ed70,335d7589,2025-08-19 15:19:00,143.43,38.87
1182d18a-6,1,fa0c448e,8a651ce6,2025-12-21 21:33:00,448.93,14.86
1182d18a-6,2,e74981f9,cbcfab9b,2025-12-21 21:33:00,215.19,16.82
099dac58-3,1,e1a1c8e9,75e605ab,2025-08-27 04:19:00,380.06,32.08
c3b8d2ef-7,1,5a01c7ca,746f8e33,2025-04-29 10:01:00,293.27,8.27
ac25ef0f-f,1,25449731,1a8aa3ea,2025-03-03 07:59:00,331.8,13.19
ac25ef0f-f,2,55ba7e8c,b7cd7dc4,2025-03-03 07:59:00,358.04,39.42
41ea5297-8,1,40663e45,f3594088,2025-06-11 00:40:00,72.79,42.38
7aa83ebe-2,1,36dcbb7e,37ba8b52,2025-05-01 21:52:00,414.91,39.21
5caae3df-4,1,6ac32529,7203d0d2,2025-02-02 04:06:00,251.22,22.91
e4229b3a-0,1,1bef1134,30107442,2025-11-29 06:26:00,283.1,30.41
f671256e-f,1,e8254a94,37133893,2025-06-19 22:07:00,142.78,19.66
8cea3c36-c,1,ced3cd7c,2a500db0,2025-12-28 05:38:00,267.97,40.25
690e4fb6-2,1,72966584,f0f18c01,2025-09-20 20:34:00,189.02,17.02
c6a62216-f,1,5d0203f7,4345a23d,2025-09-25 01:38:00,179.92,14.37
b277bb8e-a,1,30b713c0,479cba1b,2025-01-08 11:43:00,399.47,42.91
2b892aa7-a,1,4767d031,34a4e0ba,2025-05-24 15:25:00,418.78,23.69
60bd5a50-3,1,a0683d93,e808c894,2025-12-04 23:17:00,170.06,16.35
60bd5a50-3,2,59105597,0e4278c4,2025-12-04 23:17:00,102.13,17.19
074d4317-c,1,edeebea4,1065a276,2025-03-31 18:13:00,62.24,33.62
2c71ba6f-7,1,8c4d1c4c,0a79b0e6,2025-02-01 19:52:00,209.65,44.28
7805f2fc-d,1,4fbb9951,563ae025,2025-08-15 02:10:00,115.11,42.09
7805f2fc-d,2,6f1a0713,dfeae63d,2025-08-15 02:10:00,57.47,22.13
7805f2fc-d,3,96559be2,65bb1d7b,2025-08-15 02:10:00,381.85,29.51
1efc9d80-1,1,2ec4191e,136bead7,2025-07-15 21:10:00,430.73,35.88
e32cf899-d,1,83ffdcdd,8998bd2f,2025-05-01 02:48:00,198.49,33.52
6d0084ab-1,1,6c3d4a04,07670a8d,2025-08-17 16:58:00,246.37,44.1
e6dc341f-f,1,edb8f78e,0649a1dd,2025-05-14 03:42:00,234.39,36.21
2f230f20-3,1,5398e4a2,726a4f4f,2025-10-25 17:43:00,266.28,29.57
2f230f20-3,2,3ec0f88d,3d9b52d2,2025-10-25 17:43:00,268.63,34.56
02048706-9,1,91a01fb1,07b92b7d,2025-06-18 21:50:00,140.57,22.45
02048706-9,2,86289f74,103f9f93,2025-06-18 21:50:00,72.0,41.08
3868cc70-e,1,b27e8c45,1f2c44fd,2025-06-06 11:05:00,261.08,36.76
852c9c9d-1,1,4b9fe1f9,d9c5da4f,2025-03-06 01:47:00,410.28,28.59
0b80cb30-7,1,bd91e8ae,54f90363,2025-12-02 18:59:00,401.69,43.64
0b80cb30-7,2,135ab652,52b99e3a,2025-12-02 18:59:00,287.61,17.6
a09e568f-e,1,acae5659,c0ac742b,2025-11-29 14:57:00,58.59,20.39
6bf66f21-f,1,05f43073,19865db7,2025-01-10 17:27:00,335.73,21.28
6bf66f21-f,2,d38de927,ab720eda,2025-01-10 17:27:00,275.47,43.99
6bf66f21-f,3,2a5ed824,910aec5e,2025-01-10 17:27:00,136.23,9.7
3b3364ef-8,1,71149b97,09069b99,2025-12-06 16:10:00,233.69,25.95
b5243089-2,1,80f192ad,2498b249,2025-10-08 22:51:00,445.95,10.98
b5243089-2,2,227bd523,0812328e,2025-10-08 22:51:00,137.55,22.04
b5243089-2,3,ac092b61,99954fd4,2025-10-08 22:51:00,276.98,31.8
c82674cd-3,1,5cd14ab1,8c16f58c,2025-07-25 04:29:00,185.24,34.35
618b0515-0,1,17d9bda9,ca400a5a,2025-02-20 03:15:00,59.65,39.24
3b5f701e-d,1,ae33358f,ba8aca58,2025-09-17 23:23:00,262.39,17.43
67b8a477-a,1,7c8eb5e3,55831427,2025-11-14 08:32:00,68.24,37.83
dfc43f40-1,1,f7d02a95,21ec3aa9,2025-08-05 14:50:00,148.51,24.67
88b68f4b-9,1,fdfdede0,f9a4a015,2025-04-23 01:14:00,259.97,12.66
88b68f4b-9,2,f96eeb5c,c3178056,2025-04-23 01:14:00,122.84,28.04
f3da0ab4-f,1,432acc63,fec54817,2025-07-15 23:28:00,443.16,40.09
f3da0ab4-f,2,00f1f66d,a79d9a44,2025-07-15 23:28:00,391.28,27.8
6a526b3b-b,1,18555030,414de28d,2025-10-01 00:43:00,46.66,24.03
c04e0680-0,1,499552bf,0f91d395,2025-01-16 14:18:00,161.96,20.08
5a46f7a0-8,1,ae6650c6,315b0b16,2025-04-29 22:24:00,105.85,30.9
a6eb7bf1-5,1,25449731,9d70a70b,2025-02-04 09:48:00,273.59,43.96
3e211932-3,1,8ee662e2,a33f2b52,2025-04-11 00:19:00,231.8,9.7
b6170a48-f,1,02e52845,6831a18c,2025-06-26 14:53:00,323.12,20.84
4c78d7bb-e,1,e2aac2dd,8e22756d,2025-03-13 18:53:00,44.55,15.74
c7974307-7,1,02e52845,5cdbab82,2025-05-22 22:00:00,322.07,30.27
c7974307-7,2,962a09ee,4376212f,2025-05-22 22:00:00,417.46,10.99
c7974307-7,3,f1a25060,b269585c,2025-05-22 22:00:00,277.73,27.93
dce86c18-4,1,6ac32529,977ff9e0,2025-06-14 19:15:00,253.73,33.45
12d8c286-3,1,e44dc6e0,022cfd20,2025-05-06 13:47:00,327.95,10.31
70d6feb6-a,1,623da73e,d702eb3f,2025-02-14 19:18:00,61.84,12.11
f9641c4a-5,1,96559be2,06c41427,2025-11-14 19:18:00,95.21,42.44
f9641c4a-5,2,6c3d4a04,20438c42,2025-11-14 19:18:00,337.98,26.15
27321980-a,1,1f27dff3,36256d7b,2026-01-05 10:45:00,33.23,41.55
516d5c7c-f,1,1f27dff3,dd010bd0,2025-09-28 22:04:00,331.39,13.24
dd3d732c-1,1,e8254a94,e3adbe12,2025-08-19 16:15:00,131.35,8.22
65f8fc4d-b,1,943a1be7,c449f756,2025-06-12 08:16:00,275.19,19.1
1672f2b1-2,1,026bf726,af063398,2025-10-14 08:30:00,306.6,15.02
d6976607-0,1,bb2dcad1,79053963,2025-08-18 02:38:00,349.63,34.05
504868ac-6,1,11b5ce57,1c51c6e0,2025-01-20 21:47:00,103.46,10.07
bc605c87-1,1,56c23881,3e797f11,2025-10-19 09:18:00,377.76,42.08
bc605c87-1,2,b3cf73d5,f9caab65,2025-10-19 09:18:00,53.02,25.35
6a897545-c,1,ed213a56,b65b3842,2025-08-18 22:11:00,146.1,36.43
3c795b49-0,1,e8254a94,708ca5ce,2026-01-04 17:40:00,42.56,34.73
3c795b49-0,2,e930d17d,28b5a512,2026-01-04 17:40:00,331.45,13.55
3c795b49-0,3,b5c58c9d,29eb31de,2026-01-04 17:40:00,107.05,22.32
fc0da70d-d,1,040b7928,941ca572,2025-10-18 05:54:00,238.51,44.45
fc0da70d-d,2,e8254a94,961a8c90,2025-10-18 05:54:00,279.86,23.41
855bb60c-1,1,0203ff6f,8643a235,2025-10-21 00:23:00,301.31,11.22
9e43b064-5,1,7c16586a,f14d52c2,2025-01-31 09:30:00,258.12,38.41
9e43b064-5,2,edeebea4,57e5ab74,2025-01-31 09:30:00,418.96,22.3
be97743e-6,1,2a5ed824,270c495b,2025-05-16 09:07:00,255.12,10.02
2e24ea68-2,1,13f00340,2f650b5f,2025-09-08 23:30:00,251.08,15.34
2e24ea68-2,2,e2aac2dd,8b913245,2025-09-08 23:30:00,204.94,25.33
313b7879-c,1,a0ea4d65,20d216f7,2025-09-23 16:12:00,180.53,19.53
d3b627f0-0,1,343dcfd1,4046a94b,2026-01-06 09:37:00,380.67,38.51
51d53e54-6,1,06697ada,970a121f,2025-06-01 20:26:00,100.2,16.53
bb8cacd9-4,1,f73320d2,5e7c14ce,2025-01-14 06:57:00,253.17,11.01
b0c8ce98-4,1,e5ae839e,5370090e,2025-07-04 07:21:00,428.7,27.81
efa5356c-0,1,227bd523,fc0bafe3,2025-11-15 02:36:00,107.98,14.52
efa5356c-0,2,7ee46027,2f0ec4c4,2025-11-15 02:36:00,318.27,22.1
efa5356c-0,3,35bf64d1,e5af17e6,2025-11-15 02:36:00,161.27,36.7
2b437fdd-0,1,25cbedf2,aa21b5d7,2025-03-27 04:00:00,343.62,43.28
47092120-a,1,5a01c7ca,da0cb603,2025-08-24 19:23:00,156.5,28.21
72fa3057-c,1,7bfdad86,aa73799c,2025-05-16 13:07:00,332.09,29.82
133a0e0f-c,1,b9ebeafd,7c409392,2025-01-15 00:28:00,58.5,9.15
7ae780fe-b,1,01b22555,2b1b9bcb,2025-05-09 09:53:00,56.47,21.3
9b57b4fc-2,1,87aa2d53,769e2e54,2025-06-19 06:06:00,178.4,37.45
44ae091b-8,1,42ac8785,33c81dc2,2025-12-15 01:02:00,229.9,34.22
79a6db40-7,1,2ec4191e,72abb95b,2025-10-05 07:21:00,429.61,17.89
1be17cf0-e,1,e74981f9,2ec2ede3,2025-07-15 20:31:00,165.69,31.25
60fbcee7-3,1,dd9ea5e6,f92dd04e,2025-04-08 03:40:00,144.17,22.34
2ad80f6f-8,1,42ac8785,921c399f,2025-09-02 20:37:00,283.68,39.77
abd1e4ff-c,1,7ca12e2f,0c89bf28,2025-02-16 11:47:00,392.35,14.98
e40a27fd-5,1,dd9ea5e6,b160e96d,2025-05-14 19:17:00,375.94,33.55
c15ee614-8,1,73ae90c5,46c59470,2025-06-04 07:15:00,77.11,8.78
c15ee614-8,2,ed213a56,cae2a989,2025-06-04 07:15:00,37.03,11.93
c15ee614-8,3,dbd26aa1,2b44a2b0,2025-06-04 07:15:00,111.61,11.36
c15ee614-8,4,584eb8cb,28cfa864,2025-06-04 07:15:00,294.66,8.46
6e6b7398-6,1,8ee662e2,4d81cb84,2025-09-02 17:50:00,124.77,19.31
6e6b7398-6,2,671b4fed,129cfd43,2025-09-02 17:50:00,116.91,10.2
1a3dceb0-5,1,1f27dff3,78c22fc3,2025-11-26 15:21:00,404.51,28.52
1a3dceb0-5,2,dfdbc83d,8aa419b8,2025-11-26 15:21:00,291.32,28.66
8812ce76-c,1,b1a45968,36543949,2025-08-28 20:05:00,228.4,37.28
5572f65b-3,1,a69afd9f,d4d0e18a,2025-07-19 07:22:00,370.32,15.94
7b9b338a-b,1,d7fc0a60,f13eef6f,2025-02-01 06:55:00,224.43,19.55
7b9b338a-b,2,30b713c0,278f557b,2025-02-01 06:55:00,118.99,40.61
a6d1a3fa-7,1,0b14df53,36865882,2025-01-20 05:24:00,174.52,42.3
91ead468-0,1,7ca12e2f,3914b533,2025-05-12 03:01:00,296.75,34.67
f7149845-d,1,b617be37,9ceb7d6a,2025-06-21 23:43:00,221.08,26.06
8be569c4-5,1,18b2b5a9,5d9a40d9,2025-11-02 18:16:00,329.07,38.59
c3740186-5,1,30b713c0,aaaf758c,2025-03-23 02:46:00,205.46,37.46
7da3ce20-b,1,b95998dd,6d8279ed,2025-06-19 10:22:00,64.84,40.51
a0460b9d-4,1,7ad28f77,10c22f7a,2025-12-12 03:35:00,341.91,31.89
9d22608a-8,1,af7c3d3f,7bb2e9ca,2025-07-09 04:34:00,237.94,39.22
0b6b05f7-c,1,63cb55c9,ea926890,2025-12-08 14:17:00,448.15,8.66
0b6b05f7-c,2,35b07f2f,98b9b8d4,2025-12-08 14:17:00,393.75,44.38
ce623934-a,1,ae2a4ad9,73f8be4f,2025-05-04 13:18:00,230.52,14.69
ce623934-a,2,d25a7b66,5ed3d059,2025-05-04 13:18:00,186.45,9.96
0c7893d7-b,1,508bf8ab,d435a39a,2025-10-04 06:51:00,416.64,22.52
0c7893d7-b,2,63cb55c9,48d6198a,2025-10-04 06:51:00,119.28,9.84
2a6ceb4a-6,1,d25a7b66,916cde97,2025-06-18 15:18:00,277.39,22.64
98ff0479-b,1,714642dd,3ed4383d,2025-06-21 04:06:00,411.56,26.78
fd806660-6,1,34b60de6,a674f08f,2025-01-07 19:13:00,136.64,37.79
7353f7b1-4,1,2a4d40ff,9dc52a47,2025-04-28 19:45:00,141.61,34.08
a425539d-5,1,82a623b9,e1c1159d,2025-08-05 14:54:00,419.46,35.18
e49f66db-1,1,695cee78,f4e489c7,2025-02-08 18:05:00,67.35,35.25
61812729-0,1,aba91719,2ea9cc95,2025-08-23 11:37:00,223.43,14.6
609d218c-8,1,215571b7,7e51fb21,2025-04-30 14:46:00,74.87,22.75
3a195115-9,1,d8bd785c,33a2123c,2025-08-03 21:57:00,271.44,43.08
21667e62-6,1,7ee46027,c8c6d7df,2025-11-29 23:35:00,303.98,21.5
33b0299b-3,1,858d2ce8,e4369f3d,2025-04-10 02:06:00,337.68,13.25
33b0299b-3,2,46247658,3946a870,2025-04-10 02:06:00,243.79,24.2
179dfa0d-2,1,e44dc6e0,d6c4809f,2025-01-30 11:54:00,354.63,23.24
1899b0b2-4,1,141650f5,ca6fb4c4,2025-11-19 09:28:00,269.66,39.56
1899b0b2-4,2,f2168bc4,128c6df0,2025-11-19 09:28:00,352.41,42.54
6dc4414e-f,1,46247658,a6924f45,2025-03-25 23:44:00,401.02,12.91
bf02ea9d-c,1,ae2a4ad9,2990f419,2025-05-04 20:51:00,286.23,22.27
bf02ea9d-c,2,36dcbb7e,7d447912,2025-05-04 20:51:00,70.72,16.83
a739dfb7-b,1,dd59ea80,b7afadd1,2025-07-13 00:16:00,429.75,16.56
4530b208-a,1,17d9bda9,20f116f5,2025-02-25 02:29:00,274.8,44.46
150d55ca-b,1,444631da,9b7394e8,2025-12-08 16:46:00,90.77,23.33
b06e410e-a,1,a35c6479,ced5597b,2025-01-26 05:35:00,409.02,14.64
dbf14b63-e,1,e5ae839e,286f3631,2025-07-23 13:05:00,259.26,22.73
b49690b2-2,1,fdfdede0,e1c86c1e,2025-02-01 09:58:00,91.37,44.47
2d788fea-c,1,bb8a0b65,d09ac507,2025-11-20 18:45:00,348.3,29.31
423cd6b8-c,1,a74489e0,472c63b1,2025-06-06 05:28:00,310.4,33.17
423cd6b8-c,2,331264ad,0d8b6fad,2025-06-06 05:28:00,26.24,38.06
423cd6b8-c,3,2a5ed824,46185f52,2025-06-06 05:28:00,145.49,13.71
313b8b61-7,1,c587f345,9efe012a,2025-05-23 12:44:00,407.44,12.1
c3bfb2ad-7,1,ae6650c6,eba3585a,2025-08-13 13:34:00,330.87,9.7
bbefd108-5,1,42986a86,17b9511e,2025-10-24 15:30:00,20.97,31.99
118c5e14-0,1,8742fdbe,66bed423,2025-03-13 06:32:00,93.59,9.1
3797b0f8-3,1,f96eeb5c,3b64ac0e,2025-05-19 10:41:00,88.67,17.54
f56b1681-8,1,ea4ef1a7,5d17059b,2025-02-15 06:36:00,57.43,36.73
0393fc1e-f,1,8de4e26c,e8f565b3,2025-11-16 17:14:00,26.36,30.18
ef4942cf-5,1,346d75cc,d9f4fbf9,2025-03-22 16:59:00,40.83,34.98
ef4942cf-5,2,b499bd3c,4258d702,2025-03-22 16:59:00,324.57,11.68
ef4942cf-5,3,dd59ea80,18061045,2025-03-22 16:59:00,387.0,23.0
ef4942cf-5,4,e44dc6e0,01b50bc0,2025-03-22 16:59:00,117.8,14.56
0aee190c-5,1,ed213a56,6e781385,2025-10-28 19:18:00,195.33,29.29
e18ab41d-7,1,96559be2,7e49de3f,2025-10-22 04:14:00,40.6,11.56
490c78f6-e,1,dfdbc83d,fe95b603,2025-05-15 13:34:00,218.16,19.62
456bcbc1-2,1,2fde09c6,568e5b00,2025-03-19 20:51:00,433.31,28.03
195191f1-d,1,4767d031,dfd02178,2025-12-26 16:44:00,445.6,29.37
195191f1-d,2,27dbfee3,215ec5d5,2025-12-26 16:44:00,115.0,35.53
62a52f62-f,1,9ae01382,fc509df1,2025-09-15 06:14:00,408.57,17.48
62a52f62-f,2,572684f3,5afff96e,2025-09-15 06:14:00,86.77,41.59
d301e4c4-6,1,fcd95cf7,10c48443,2025-12-02 19:56:00,356.54,38.43
2ea776b9-2,1,01b22555,fe112ef4,2025-03-19 00:02:00,317.9,33.68
7e51728e-d,1,8b587576,7baec6e2,2025-10-01 02:39:00,205.51,18.46
bbbd03ec-7,1,c587f345,0d15f63b,2025-09-12 07:10:00,62.42,40.66
4cc3630c-a,1,4ba1d7fc,43417689,2025-02-19 05:17:00,214.31,43.35
48a9b374-2,1,acae5659,b3223df6,2025-12-28 22:25:00,157.47,34.35
43e29521-5,1,34b60de6,190bbbc3,2025-09-29 08:07:00,260.76,41.49
9200c102-a,1,858d2ce8,991a0893,2025-05-02 05:24:00,364.72,38.83
9200c102-a,2,a74489e0,c110c9e5,2025-05-02 05:24:00,411.22,28.4
a9eb7cb4-6,1,4b9fe1f9,f245b788,2025-11-16 16:12:00,104.99,25.19
25394584-3,1,25cbedf2,19f8093f,2025-12-30 01:13:00,99.33,23.18
3e9b58cf-f,1,85b148ec,aaa595c1,2025-05-26 10:07:00,308.16,44.85
6154768d-a,1,7bfdad86,b174fe5e,2025-06-25 17:24:00,295.74,13.71
ac28b1cb-7,1,1d6c8389,159eae7c,2025-06-06 17:59:00,72.99,39.09
eac4d49e-e,1,edeebea4,b6b8c26c,2025-07-03 10:50:00,107.24,22.72
ed0ccd55-5,1,bb2dcad1,f06a6174,2025-07-25 15:45:00,343.16,15.81
83ef5a58-a,1,43835fbf,a9492c3e,2025-03-22 20:34:00,385.24,28.39
c857bac1-f,1,7c8eb5e3,33d31acc,2025-05-15 14:39:00,365.63,19.97
c857bac1-f,2,30b713c0,ccddd2f2,2025-05-15 14:39:00,250.22,40.77
c857bac1-f,3,83ffdcdd,7e6523b2,2025-05-15 14:39:00,387.27,43.17
04380531-0,1,96559be2,aaab8a6b,2025-06-11 07:37:00,266.43,31.0
5fb936dc-0,1,96559be2,472bf96f,2025-05-29 00:25:00,343.83,9.29
5fb936dc-0,2,7ac70db9,c22a4753,2025-05-29 00:25:00,274.32,9.79
610d9ca0-5,1,572684f3,7fb93c7b,2025-10-26 19:01:00,37.22,43.36
bcbf294d-f,1,d8bd785c,f61f5892,2025-05-03 00:10:00,210.24,20.79
bcbf294d-f,2,8c2dc506,8d12ee74,2025-05-03 00:10:00,229.54,13.06
bcbf294d-f,3,06697ada,8a8e33a8,2025-05-03 00:10:00,250.22,11.74
76720ee3-8,1,b7259473,b63f2be3,2025-02-28 07:09:00,75.86,21.23
3f586ca8-6,1,e0125e51,fe7dc8bf,2025-05-19 20:49:00,134.74,13.07
64b244e6-5,1,83ffdcdd,3d5b1dc1,2025-06-21 09:41:00,342.38,8.57
0ebd7a71-9,1,8492863a,1e15465c,2025-08-02 22:04:00,397.84,26.31
0ebd7a71-9,2,5b76386b,ca4b02b4,2025-08-02 22:04:00,402.16,25.93
02c024f8-7,1,4715402d,cf7ca923,2025-01-13 19:40:00,19.53,15.04
bb94ae78-7,1,8b587576,c1eccf01,2025-06-12 01:15:00,146.98,8.76
510ad7ea-c,1,a490f0cd,33463e5c,2025-06-30 13:45:00,188.97,18.13
510ad7ea-c,2,efbe5223,5db2f0b0,2025-06-30 13:45:00,373.52,11.14
1265d60d-b,1,35b07f2f,a0686a10,2025-05-08 02:58:00,213.89,20.77
1265d60d-b,2,a65474a3,3575a74c,2025-05-08 02:58:00,188.73,30.58
5a59e92a-c,1,1d6c8389,08d905ba,2025-07-20 07:13:00,191.8,39.05
b23c05ce-4,1,1bef1134,5944e560,2025-12-09 19:00:00,180.48,42.34
8d913192-a,1,05f43073,09010e58,2025-11-23 22:10:00,130.94,22.43
8d913192-a,2,c39c1db2,c9deba61,2025-11-23 22:10:00,354.48,11.3
782974a5-e,1,b95998dd,a9bded7f,2025-06-25 00:32:00,290.09,31.1
42696840-b,1,25449731,7b185520,2025-11-22 23:19:00,107.64,13.5
3291d500-d,1,ae2a4ad9,984acdc5,2025-11-04 22:45:00,75.13,43.08
fd85aa1a-c,1,5a01c7ca,dce5d9fe,2025-07-31 21:39:00,270.99,41.71
a607661d-7,1,ccdaacf2,89ed36f0,2025-01-19 11:46:00,51.31,39.67
bae12636-3,1,f73320d2,bccfbbb0,2025-04-18 08:14:00,258.77,9.74
53f8a550-7,1,25cbedf2,e3f3a165,2025-02-17 19:28:00,40.36,13.44
021787f6-4,1,bacdb118,b154beab,2025-12-18 13:20:00,393.82,10.03
7ad537db-7,1,4715402d,ea0d4924,2025-05-12 00:56:00,403.53,43.96
8915f3ae-d,1,8c184e16,4318cdeb,2025-02-11 06:39:00,180.23,34.71
57e6256f-8,1,43835fbf,3db4580e,2025-09-09 05:19:00,224.97,19.54
57e6256f-8,2,bacdb118,94a6111e,2025-09-09 05:19:00,91.63,27.94
4b767b44-a,1,4179340c,f997a813,2025-08-05 03:08:00,84.37,38.88
24636d55-a,1,040b7928,6080d9cf,2025-10-16 14:28:00,46.87,19.53
24636d55-a,2,25286f10,957548e9,2025-10-16 14:28:00,192.07,28.4
84f77fa4-9,1,00f1f66d,3899afb5,2025-02-21 23:00:00,77.29,37.27
885658c4-c,1,dce37340,db49f2a9,2025-09-29 02:01:00,166.13,22.49
eb1cf0e3-2,1,8b02e1d3,93d27f30,2025-02-10 05:01:00,26.46,25.89
eb1cf0e3-2,2,ad29cfcc,1501273f,2025-02-10 05:01:00,397.99,19.08
447f46ed-b,1,259a60e5,d34ccd0a,2025-08-09 18:24:00,69.59,44.71
12b1ebaa-0,1,508bf8ab,512f2ee7,2025-05-10 21:35:00,272.91,42.97
12b1ebaa-0,2,f7d02a95,beb1e9f8,2025-05-10 21:35:00,422.69,20.13
52819489-9,1,b3cf73d5,906c2bb7,2025-03-30 18:01:00,110.29,28.4
4af83f5a-c,1,9e445642,4ee2026a,2025-06-03 01:21:00,339.78,43.1
18d932b9-8,1,82a623b9,a5678c1c,2025-08-02 00:23:00,293.97,15.81
2ced8c5b-e,1,a74489e0,2472e8b5,2025-10-02 20:32:00,88.32,11.97
2ced8c5b-e,2,135ab652,387699d7,2025-10-02 20:32:00,340.81,22.89
8a8dd3b2-e,1,4715402d,cfc14888,2025-12-13 22:11:00,411.71,40.88
180ea49d-8,1,7ac70db9,0e632705,2025-02-23 22:30:00,446.15,33.0
180ea49d-8,2,056408d4,f8bf8d2d,2025-02-23 22:30:00,318.93,43.75
180ea49d-8,3,9e445642,57009678,2025-02-23 22:30:00,337.06,10.55
f202c4b3-c,1,d8bd785c,fc08846e,2025-07-18 12:48:00,319.9,16.46
6f4d207b-f,1,18b2b5a9,d28ac908,2025-08-14 14:35:00,62.39,20.18
22a72e22-1,1,ff0dac41,7e8722d4,2025-12-02 02:57:00,307.22,21.69
22a72e22-1,2,dd9ea5e6,deea3df0,2025-12-02 02:57:00,229.62,23.83
22a72e22-1,3,b1a45968,1f218dbb,2025-12-02 02:57:00,346.65,35.09
22a72e22-1,4,80f192ad,e5dc377f,2025-12-02 02:57:00,219.89,28.16
1ed4edf2-2,1,0145b8da,9642d9eb,2025-02-24 09:47:00,142.18,28.03
f26ee964-7,1,8c4d1c4c,46cb2126,2025-09-17 23:45:00,286.85,40.13
2fd53c12-5,1,34b60de6,4b3121f3,2025-07-15 04:06:00,151.72,29.54
2fd53c12-5,2,87aa2d53,2ae838e6,2025-07-15 04:06:00,247.99,15.23
ff6c53f7-a,1,34b60de6,e480c223,2025-06-06 09:53:00,399.0,18.12
bf37cb0d-4,1,17bbcd88,1917854c,2025-10-27 11:22:00,326.93,29.39
88631bfd-5,1,edb8f78e,2885cc38,2025-03-14 16:05:00,96.83,8.79
88631bfd-5,2,acae5659,0be61dd4,2025-03-14 16:05:00,387.66,36.98
88631bfd-5,3,89e99561,c0262293,2025-03-14 16:05:00,108.79,41.12
cd0651de-4,1,cd04d99b,6ed65f6a,2025-11-25 19:18:00,211.11,27.37
582eca60-1,1,844c0629,73d19440,2025-07-21 11:37:00,62.57,37.24
1efc9d6e-f,1,56c23881,1e95f057,2025-09-09 11:14:00,61.86,31.44
cf850509-8,1,ced3cd7c,aa57141e,2025-08-19 20:53:00,197.34,16.07
cf850509-8,2,d1310ac6,280d8ea5,2025-08-19 20:53:00,372.15,10.16
4ef7f500-2,1,72966584,bb07ad2c,2025-11-03 03:56:00,416.71,14.01
e7808142-a,1,c766242f,956d9f32,2025-05-08 06:11:00,439.18,15.38
3afadeac-d,1,d7fc0a60,d314aaee,2025-09-27 05:19:00,401.1,9.65
3afadeac-d,2,2ec4191e,2b905567,2025-09-27 05:19:00,257.0,30.76
3afadeac-d,3,82a623b9,fbd2cd9b,2025-09-27 05:19:00,198.61,12.46
8196388b-c,1,924c80ea,046ba302,2025-02-19 20:19:00,106.96,32.99
aa2dffb1-1,1,92a83e26,d00178ad,2025-07-07 09:05:00,227.05,11.98
fad5c559-c,1,a490f0cd,a14fbcab,2025-08-14 20:44:00,36.78,17.63
11c10225-3,1,0203ff6f,f1b098a5,2025-12-06 16:56:00,284.07,13.55
d65097bf-e,1,21c6d812,34666781,2025-02-01 00:49:00,296.32,19.31
f76783fc-2,1,7ad28f77,f6b61ff9,2025-11-28 01:05:00,15.55,22.01
f76783fc-2,2,c18b5129,3d2fe328,2025-11-28 01:05:00,218.24,42.13
f76783fc-2,3,1a67a9ff,28fbfd00,2025-11-28 01:05:00,417.12,9.02
81b78f0a-d,1,dc1cad4b,f5650316,2025-09-04 20:50:00,280.61,13.24
d2ac56ed-b,1,87953b9c,92994e38,2025-03-22 07:02:00,365.85,30.34
09c89a75-4,1,b3cf73d5,76f8e6f0,2025-12-17 20:46:00,170.71,38.21
440c5e16-4,1,346d75cc,47d6facd,2025-05-01 13:51:00,432.34,39.82
a6f211c4-f,1,ed213a56,8fcb1ac0,2025-02-07 21:01:00,323.46,21.45
5ec98efe-9,1,a65474a3,6601d9ac,2025-05-06 19:36:00,245.41,10.66
bb3b8886-a,1,18555030,546dbc1f,2025-12-16 17:09:00,261.39,39.69
98ba926b-d,1,87953b9c,afbcaa3e,2025-03-04 21:29:00,95.83,16.23
e3fe81e5-4,1,edb8f78e,70d4ce1f,2025-07-16 00:07:00,32.34,15.19
e3fe81e5-4,2,858d2ce8,d1c64503,2025-07-16 00:07:00,185.55,39.5
465cabde-e,1,edeebea4,dc720e80,2025-10-17 14:09:00,301.57,34.99
9db11131-d,1,f8241532,d660fb36,2025-10-01 17:13:00,163.6,26.89
1a152fc8-2,1,21155322,a5d09e62,2025-04-11 19:55:00,53.08,28.77
738169c0-f,1,c18b5129,eff1d1bc,2025-07-04 05:30:00,205.75,22.56
52156530-9,1,b7259473,fbb40ccc,2025-04-11 08:06:00,432.9,27.1
c121e7a8-0,1,860994ba,a0a22fcf,2025-10-23 11:51:00,84.43,17.79
c121e7a8-0,2,b5c58c9d,7870665b,2025-10-23 11:51:00,315.4,18.04
c121e7a8-0,3,0b14df53,829efe09,2025-10-23 11:51:00,26.91,35.47
c121e7a8-0,4,56c23881,a43e3b94,2025-10-23 11:51:00,417.96,41.49
7edbe8fb-7,1,25449731,df0a057b,2025-11-24 05:44:00,374.72,33.94
7edbe8fb-7,2,71088410,395b106f,2025-11-24 05:44:00,371.34,22.31
b0c625ab-6,1,12b1c297,f2183902,2025-10-20 05:22:00,143.16,14.53
fe82a738-d,1,eb85827d,2e24b48d,2025-03-05 22:30:00,354.26,10.85
77be445f-0,1,0145b8da,56885b26,2025-01-25 17:26:00,423.79,8.08
77be445f-0,2,2ce3ae86,8d907ec7,2025-01-25 17:26:00,414.53,15.39
fc940738-4,1,b9ebeafd,2a1ccc53,2025-06-12 14:55:00,401.58,33.57
116fd545-6,1,92a83e26,abbe1a8d,2025-04-30 13:23:00,229.24,14.91
b76cb3c0-f,1,c024873d,3f7462c4,2025-10-27 05:38:00,339.46,43.27
7055cc89-8,1,acae5659,ea5bdffc,2025-02-11 02:46:00,223.85,14.7
0e55c312-5,1,27dbfee3,f6b5aba7,2025-07-21 15:05:00,80.72,35.03
0e55c312-5,2,962a09ee,6af6e6df,2025-07-21 15:05:00,31.47,14.13
eb4edcc3-4,1,96559be2,77095313,2025-04-21 00:35:00,52.7,34.25
eb4edcc3-4,2,bad7bd4a,f7094779,2025-04-21 00:35:00,379.2,16.8
90d9e4ad-7,1,444631da,dc187071,2025-06-23 07:05:00,273.43,16.5
ce115c52-6,1,b5c58c9d,10e78caf,2025-05-03 18:29:00,245.17,42.4
9dee747e-9,1,dbd26aa1,275ea880,2025-03-19 07:32:00,21.11,42.72
9dee747e-9,2,a0683d93,0c091a62,2025-03-19 07:32:00,283.23,18.42
c681de73-0,1,ae28a23e,df20e6b3,2025-01-23 19:56:00,79.89,17.1
db7bc91f-3,1,f1a25060,3ac922fd,2025-02-08 06:58:00,68.3,34.46
db7bc91f-3,2,30b713c0,f96a6ee1,2025-02-08 06:58:00,123.87,32.89
db7bc91f-3,3,0203ff6f,70875dee,2025-02-08 06:58:00,366.76,12.49
f17c8a48-4,1,36dcbb7e,7a22657e,2025-05-29 05:42:00,327.19,32.15
39a466e8-d,1,a0ea4d65,819f3f5f,2025-01-10 16:33:00,448.54,41.01
ed225c23-4,1,56c23881,99f19db6,2025-06-21 07:05:00,140.03,38.49
ed225c23-4,2,73ae90c5,1c790a83,2025-06-21 07:05:00,258.21,24.6
2390a138-c,1,215571b7,8daa439e,2025-09-16 15:21:00,248.55,21.64
3e1a7f5a-0,1,343dcfd1,b38ce1d4,2025-02-15 22:07:00,64.67,30.48
3e1a7f5a-0,2,b604b57b,3e5f0bd5,2025-02-15 22:07:00,393.59,25.77
60ae7d25-3,1,bc304333,dfcc97a5,2025-04-19 02:26:00,309.88,10.71
60ae7d25-3,2,671b4fed,a5523713,2025-04-19 02:26:00,282.91,34.39
48ccebc3-0,1,8c184e16,70bd842a,2025-05-24 08:21:00,140.54,29.31
b45e18de-0,1,8ff0f5a7,37f259b2,2025-01-18 12:44:00,355.07,43.45
8e506689-1,1,ccdaacf2,6ca77230,2025-03-29 08:54:00,325.93,43.92
456688df-7,1,8c2dc506,835437f6,2025-12-24 18:01:00,258.58,13.99
5abad71d-0,1,bda0303b,5dd7c2aa,2025-12-13 19:59:00,338.13,21.79
a051c01b-4,1,72966584,919edddb,2025-05-11 05:17:00,283.45,28.41
a967696f-9,1,d8cc903c,32d3081b,2025-03-27 01:19:00,253.71,18.1
dd6b7e86-a,1,d1310ac6,6410f085,2025-07-17 23:39:00,419.2,21.3
830e0c71-8,1,943a1be7,8e692e9d,2025-11-08 05:33:00,226.82,42.61
830e0c71-8,2,bcf2bce8,48b51438,2025-11-08 05:33:00,145.41,21.73
7363a143-b,1,15e94fa2,583649e0,2025-08-07 12:33:00,239.11,22.68
ffdc976c-b,1,ae6650c6,9593159c,2025-01-21 02:06:00,298.1,29.01
f759f055-1,1,4c249fa5,3e473809,2025-12-27 00:51:00,304.53,27.87
79856f35-8,1,c024873d,71b6db2b,2025-10-12 13:04:00,309.59,44.11
79856f35-8,2,499552bf,0997c791,2025-10-12 13:04:00,272.79,42.99
f397cfd3-7,1,22af20fd,da2c3e08,2025-06-13 01:18:00,117.47,12.47
70c9ea11-7,1,e930d17d,4a2ce332,2025-08-29 09:04:00,151.05,23.04
02c02072-8,1,8492863a,a52d488f,2025-12-11 00:52:00,231.55,29.23
02c02072-8,2,5a677ab7,0d15aa5a,2025-12-11 00:52:00,449.88,11.91
6cffe9ee-c,1,41386a8b,b746ddc6,2025-10-26 02:15:00,212.22,30.59
fc799688-f,1,b25c0395,d2e36bdb,2025-02-19 08:29:00,178.99,17.0
33dbbc90-b,1,943a1be7,63ac3ea2,2025-08-28 18:47:00,100.9,37.27
9ddaeb2c-3,1,21c6d812,d7c31ff6,2025-09-22 04:39:00,105.38,16.13
dcbbc56b-5,1,bb8a0b65,ab89f6af,2025-01-09 08:29:00,368.31,13.61
9a5f6600-e,1,bd91e8ae,c4642815,2025-04-06 11:15:00,410.34,31.44
9a5f6600-e,2,aef5d53f,f2d42d9e,2025-04-06 11:15:00,272.94,8.44
1a636a66-b,1,8b02e1d3,11331ce9,2025-02-20 04:37:00,59.42,26.32
20c30310-0,1,25286f10,552d02ae,2025-07-22 11:26:00,289.78,36.39
ba05741a-e,1,6ac32529,5e81f18f,2025-08-27 22:23:00,389.12,21.01
149dd233-b,1,e44dc6e0,b73ab091,2025-03-31 04:09:00,214.32,42.19
3e8880d3-0,1,8fb9b9d4,7f5f5a0c,2025-02-03 19:31:00,296.2,22.08
3e8880d3-0,2,f1a25060,a41721b6,2025-02-03 19:31:00,177.48,11.63
3e8880d3-0,3,59105597,f272e3ff,2025-02-03 19:31:00,144.43,28.13
59b508c3-8,1,bcf2bce8,2f82e081,2025-06-07 01:03:00,160.79,8.29
59b508c3-8,2,c587f345,2f995980,2025-06-07 01:03:00,183.19,21.65
59b508c3-8,3,8ff0f5a7,9a0f5440,2025-06-07 01:03:00,274.93,19.61
59b508c3-8,4,17e5d58b,3a62d8ae,2025-06-07 01:03:00,338.78,41.49
66ad5a04-f,1,a35409cd,f82ae523,2025-07-13 13:58:00,343.34,20.13
e36d1178-0,1,f8241532,4c4d4705,2025-01-18 20:05:00,89.24,11.63
941a8237-e,1,860994ba,a53f8823,2025-04-10 01:37:00,25.63,42.19
e6b64542-d,1,d8cc903c,275eeee3,2025-11-08 17:41:00,221.47,18.69
1987af12-c,1,331264ad,9f8f2f06,2025-05-08 14:09:00,113.26,26.24
ff9241b5-e,1,83ffdcdd,8c5e1039,2025-07-24 23:04:00,410.8,29.92
408bd16a-1,1,fdfdede0,0f9c51b5,2025-10-06 10:55:00,163.15,19.65
b352ba93-1,1,508bf8ab,916d7999,2025-02-02 09:15:00,238.01,28.66
47896391-a,1,0570f6af,cf6b47a7,2025-08-12 08:41:00,261.98,33.06
cc2389b7-5,1,5d7f440d,a4818c08,2025-09-17 10:44:00,431.35,27.58
389b8bdb-8,1,2a5ed824,ce2ac958,2025-06-28 16:18:00,405.2,32.43
88c85223-1,1,eb85827d,a5e81b60,2025-05-08 15:02:00,279.59,21.1
2eaf7375-a,1,cbe411a2,3c922292,2025-06-15 01:22:00,94.28,21.41
6db5d4a5-8,1,068b1543,30536a51,2025-12-18 01:07:00,201.1,17.05
2f43bda8-8,1,fdfdede0,8f6d9096,2025-01-24 04:56:00,241.01,31.24
25fd1211-8,1,e31ba7d4,577c2613,2025-07-27 11:12:00,193.7,24.17
60a73b5c-4,1,2fde09c6,b3d794c7,2025-08-06 12:55:00,384.65,29.27
cd47bb31-7,1,b81b3046,b7a1c353,2025-11-28 09:12:00,47.11,13.75
5ec4d38b-d,1,0192baf0,a428cfc4,2025-03-07 21:02:00,26.35,9.24
1d517d54-3,1,89e99561,a67c45a2,2025-10-19 19:50:00,255.11,42.18
1d517d54-3,2,73ae90c5,a17a6065,2025-10-19 19:50:00,316.71,23.4
a1adb075-6,1,21155322,ce2b1869,2025-12-10 16:19:00,274.87,15.91
884dbee2-8,1,7c8eb5e3,656fdf46,2025-04-08 15:08:00,62.02,41.77
54cba4b3-a,1,a69afd9f,5c3ea96f,2025-06-11 06:38:00,130.36,32.29
339d7e83-1,1,c7d80541,020fc573,2025-11-05 10:52:00,54.31,41.81
c576c2df-e,1,22af20fd,811e3633,2025-10-25 13:09:00,85.64,12.13
c576c2df-e,2,e36d4b42,e5c042ed,2025-10-25 13:09:00,180.14,27.83
dac29db6-f,1,efbe5223,8fcba47a,2025-03-03 15:14:00,173.11,9.82
c37ee9db-f,1,8fb9b9d4,ba699c5b,2026-01-01 14:54:00,145.88,22.29
c37ee9db-f,2,72966584,c1503005,2026-01-01 14:54:00,75.27,19.31
c37ee9db-f,3,a2ee6258,ebf8448f,2026-01-01 14:54:00,230.1,36.2
a90c0b21-7,1,b5c58c9d,a35a6e0c,2025-12-29 02:05:00,295.24,22.54
84da35d6-b,1,e930d17d,2e852e97,2025-04-19 10:42:00,272.8,42.93
84da35d6-b,2,943a1be7,f6ce4fa4,2025-04-19 10:42:00,75.75,13.55
84da35d6-b,3,f73320d2,8592867f,2025-04-19 10:42:00,338.9,11.34
f5c68b4b-f,1,53ca8c22,d3fd0bca,2025-01-09 11:49:00,112.44,15.71
7c7e4c15-2,1,e2aac2dd,09d2336c,2025-06-12 17:35:00,345.59,38.23
789a3919-1,1,b1a45968,f59942c7,2025-04-06 00:58:00,184.27,22.72
1eae4831-0,1,05f43073,20d24cba,2025-07-14 15:34:00,333.37,19.49
1fee3d2a-9,1,661320a7,31442ab0,2025-09-10 23:11:00,38.91,35.44
deb5d27f-1,1,c3b5fec6,e37a5c77,2025-10-21 21:05:00,289.3,27.42
657ad1e0-d,1,80f192ad,d4f72695,2025-09-20 20:47:00,290.28,22.2
7439f4bc-4,1,ff0dac41,753859ad,2025-10-04 22:51:00,52.67,20.96
4a33434f-2,1,21c6d812,ac0ce9bf,2025-11-04 14:15:00,35.2,39.63
4a33434f-2,2,83ffdcdd,87155538,2025-11-04 14:15:00,85.26,18.14
4a33434f-2,3,a35c6479,bb6e1ebc,2025-11-04 14:15:00,411.03,28.23
e4a313d7-c,1,11b5ce57,bea0414f,2025-11-16 14:40:00,397.35,37.82
e4a313d7-c,2,a65474a3,ffa7319c,2025-11-16 14:40:00,181.58,25.8
e4a313d7-c,3,b604b57b,80d93535,2025-11-16 14:40:00,203.59,20.52
c97dc5cc-e,1,578b6230,7f47fa42,2025-01-13 02:49:00,55.58,40.68
9fd90c1f-0,1,f3583162,f05a573c,2025-10-05 02:10:00,29.4,32.32
b0d633df-f,1,30056d29,387cbd58,2025-07-15 03:04:00,155.37,17.79
2fc75bf5-3,1,9e445642,8de9bffd,2025-01-15 06:05:00,447.31,32.18
e297d1ab-4,1,4b9fe1f9,906a9237,2025-09-09 06:03:00,205.94,24.21
3b0f6b83-3,1,ae2a4ad9,f3a1c6a5,2025-12-20 08:53:00,344.59,15.17
3b0f6b83-3,2,1a67a9ff,e4d0a9e3,2025-12-20 08:53:00,191.82,33.82
5c85765e-6,1,ad29cfcc,e2439437,2025-07-25 11:28:00,185.08,43.98
85a1c73d-a,1,34bf6985,fec5333d,2025-12-16 02:50:00,183.3,13.7
7905e4ec-a,1,30056d29,88d3bb0e,2025-02-02 03:30:00,369.8,12.64
65a3d034-8,1,b721a513,54c4d689,2025-02-25 18:25:00,253.05,8.58
65a3d034-8,2,b25c0395,62f5d002,2025-02-25 18:25:00,131.62,8.39
4ca2a5af-c,1,8ff0f5a7,75afff44,2025-05-01 16:47:00,349.64,8.7
8d85a46f-1,1,d0fd83ca,77dedd71,2025-11-17 12:44:00,272.1,37.36
4d8a9b99-3,1,bdb03f62,d526323a,2025-10-27 22:05:00,399.77,8.82
ae3593a7-7,1,3ec0f88d,c0ed38f6,2025-08-29 16:47:00,419.8,12.45
ae3593a7-7,2,e0125e51,e04c55fb,2025-08-29 16:47:00,44.29,40.61
ae3593a7-7,3,56c23881,ec027869,2025-08-29 16:47:00,220.37,32.99
35d48217-e,1,068b1543,b9f27343,2025-09-15 17:34:00,434.92,44.76
bb940ccb-c,1,b9ebeafd,56e9d825,2025-09-27 11:29:00,43.7,39.87
c8f52510-8,1,3ec0f88d,47e3b6e1,2025-02-17 21:23:00,257.54,11.31
aba19ab9-5,1,5d8fa470,66f96773,2025-11-30 02:05:00,228.12,18.06
aba19ab9-5,2,a74489e0,8dea3299,2025-11-30 02:05:00,258.38,19.85
aba19ab9-5,3,9ae01382,8571bd2c,2025-11-30 02:05:00,282.44,22.94
aba19ab9-5,4,a2ee6258,eaa66693,2025-11-30 02:05:00,211.97,24.95
524dfc97-a,1,1fa19b01,bcf21cdf,2025-06-03 00:08:00,313.57,28.73
d41f0d0f-c,1,1a17b66b,657eb369,2025-12-15 12:37:00,368.73,31.5
568ee147-a,1,a01c84b0,947b7ed3,2025-01-17 01:06:00,88.24,18.02
d62dc387-4,1,584eb8cb,4f3fa031,2025-08-21 17:39:00,407.46,35.03
bbbedd92-0,1,15e94fa2,06d437ad,2025-01-07 18:25:00,80.52,36.88
bbbedd92-0,2,8464d5d5,310db545,2025-01-07 18:25:00,355.98,34.31
bbbedd92-0,3,068b1543,5a1f3b95,2025-01-07 18:25:00,207.35,14.22
342a59d3-7,1,e36d4b42,3d9dfde3,2025-07-09 06:11:00,361.84,9.49
88362c8c-d,1,5a5a81da,5e8a631d,2025-05-26 18:41:00,119.62,19.98
a5bdd5fe-9,1,5cd14ab1,6ad3b50a,2025-12-24 01:32:00,260.2,27.1
22a38367-d,1,cf55c767,4aaa57c1,2025-10-29 22:26:00,410.89,42.67
d8e8d53e-1,1,a01c84b0,2d77999c,2025-12-27 19:33:00,15.67,33.63
d8e8d53e-1,2,578b6230,25128846,2025-12-27 19:33:00,422.69,28.6
d8e8d53e-1,3,43835fbf,9ffb7552,2025-12-27 19:33:00,445.25,29.4
005fcf99-1,1,e44dc6e0,e801d8c4,2025-10-20 14:30:00,313.46,44.43
6da85743-2,1,4821bd82,8f95550a,2025-01-28 04:39:00,448.5,25.45
b713f257-f,1,83ffdcdd,e17431e8,2025-11-03 05:46:00,108.63,33.6
34416c17-b,1,c909b752,e95ef0ca,2025-02-06 07:49:00,146.27,28.03
34416c17-b,2,c18b5129,b5dae407,2025-02-06 07:49:00,294.35,40.61
34416c17-b,3,edeebea4,f8acd39c,2025-02-06 07:49:00,339.83,19.37
b77af65e-d,1,72b33988,86ad79c5,2025-11-28 11:43:00,57.12,43.52
e1ac71ea-7,1,87aa2d53,76f2215c,2025-12-20 22:50:00,397.83,14.32
586b541d-d,1,e0125e51,03e112c8,2025-03-31 10:00:00,142.33,22.31
e1b7092a-0,1,f8241532,2564cc24,2025-06-07 01:26:00,165.06,11.09
e1b7092a-0,2,56c23881,f167be36,2025-06-07 01:26:00,305.76,37.99
e1b7092a-0,3,82a623b9,57fc5187,2025-06-07 01:26:00,363.2,18.01
0c037439-2,1,3ec0f88d,2bae6c8e,2025-12-25 13:03:00,422.93,22.79
ea744da0-6,1,572684f3,204560cb,2025-07-17 17:17:00,45.2,19.54
8664b9e6-0,1,92ebab06,1a580af1,2025-05-17 06:11:00,388.46,33.97
5619b0da-6,1,a0683d93,c70fe635,2025-07-26 23:07:00,409.74,13.09
5619b0da-6,2,25449731,c04aa3b3,2025-07-26 23:07:00,308.6,10.53
b435f214-5,1,13d52475,5852d9fa,2025-01-24 13:58:00,207.67,42.45
3b60e490-4,1,1f27dff3,c6e12bfb,2025-10-28 19:04:00,386.05,10.74
a7047b33-1,1,86289f74,05b2ac9d,2025-01-18 14:41:00,274.93,38.56
64842c09-0,1,1a17b66b,9e186588,2025-09-28 07:54:00,331.34,13.29
2106e943-1,1,ced3cd7c,ce4d86a2,2025-12-13 09:42:00,317.42,37.54
2106e943-1,2,a0ea4d65,3e7444ec,2025-12-13 09:42:00,198.21,40.69
3bf28518-2,1,943a1be7,fb408a69,2025-09-19 22:36:00,111.61,18.39
707b31b0-d,1,8fb9b9d4,9e4b776f,2025-08-03 12:13:00,75.66,42.05
4970918e-5,1,8ff0f5a7,249cc2dc,2025-07-06 15:22:00,274.96,19.67
e176ba61-6,1,7c16586a,df7784bb,2025-08-08 08:24:00,364.92,43.68
1334b6aa-1,1,71088410,606dcc66,2025-09-24 03:25:00,410.65,15.86
1334b6aa-1,2,06d10537,b3cd06ab,2025-09-24 03:25:00,353.76,13.97
7e08b5c2-0,1,8b587576,581bcdca,2025-05-16 23:22:00,328.83,18.62
449a4338-b,1,b499bd3c,5c92bc4f,2025-03-08 09:25:00,152.19,30.97
e35af795-5,1,4ba1d7fc,f50e8a6a,2025-11-18 17:12:00,39.93,30.03
ea22aa29-c,1,2a5ed824,c4f6aaf6,2025-08-05 11:13:00,214.59,27.94
9364ce39-5,1,b81b3046,d54e493a,2025-10-10 01:31:00,449.54,18.08
05eb639f-6,1,63cb55c9,bc5c2b09,2025-08-14 08:02:00,314.47,9.61
01d7a840-b,1,46247658,7ec9bd72,2025-06-19 00:12:00,170.2,30.73
a119a94d-2,1,34b60de6,c1af52a8,2025-04-04 08:04:00,162.06,41.64
c44281e6-5,1,7c8eb5e3,d74d99bd,2025-10-12 02:06:00,306.7,13.59
75a043f3-0,1,96559be2,a9e661a1,2025-04-18 12:04:00,82.89,10.61
d30f4c36-2,1,b5c58c9d,691e7f83,2025-06-14 17:07:00,180.03,12.37
5b50f827-e,1,46130b9f,bc7b2067,2025-03-09 11:13:00,156.71,29.61
5b50f827-e,2,87953b9c,9298ec60,2025-03-09 11:13:00,418.22,16.28
d80d2830-c,1,ccdaacf2,91e0cde5,2025-04-19 02:46:00,180.11,22.36
68d4b270-9,1,6f1a0713,2813874e,2025-12-27 12:11:00,21.29,22.21
d5c1e840-6,1,72b33988,8b0da8e7,2025-03-04 22:08:00,134.72,28.64
3eeb4674-e,1,444631da,6f69746d,2025-07-15 07:39:00,62.42,15.48
8a5bf9e4-a,1,7de3f7af,7cabe62a,2025-12-27 07:27:00,233.11,32.92
8a9cca0d-b,1,6ac32529,7f8e35d3,2025-07-22 11:34:00,235.23,28.67
512ecc80-b,1,e8f2b837,0efb8ad3,2025-04-17 21:21:00,223.49,15.61
512ecc80-b,2,eb85827d,e44db23e,2025-04-17 21:21:00,224.34,12.71
512ecc80-b,3,c587f345,d4ed41fa,2025-04-17 21:21:00,430.74,32.89
4227a92a-6,1,4821bd82,4b0142e3,2025-05-13 12:27:00,344.02,35.39
be5c8c5a-d,1,962a09ee,c3744d14,2025-04-20 17:36:00,93.99,18.63
bd7a7b6d-3,1,bb2dcad1,83030ecf,2025-04-13 19:14:00,443.76,26.93
db20aab6-8,1,bdb03f62,c22854f5,2025-07-04 13:23:00,301.11,18.42
5ae4e68b-1,1,42986a86,5170ea90,2025-07-21 08:34:00,283.79,29.79
52d05bf7-2,1,5b76386b,9d570ebe,2025-05-04 10:49:00,271.89,16.25
e8fd99d1-b,1,7de3f7af,b8fab242,2025-07-25 22:09:00,275.81,29.66
1938393b-e,1,661320a7,c4386c59,2025-09-20 21:42:00,365.04,23.53
07dafe37-9,1,135ab652,28e51383,2025-01-13 06:42:00,193.95,41.18
27ac3ba6-4,1,b617be37,81eb4a22,2025-10-31 05:30:00,278.66,23.25
b94cb20c-b,1,bad7bd4a,00b01e58,2025-03-13 14:31:00,286.32,29.73
84909cde-f,1,8b02e1d3,02937941,2025-06-13 21:28:00,448.87,39.93
67b0ea98-4,1,17e5d58b,47a2bb5c,2025-12-28 00:35:00,62.97,32.02
1e82f976-0,1,0b14df53,7d456603,2025-10-12 04:43:00,413.09,14.31
2b023b55-4,1,8fb9b9d4,dbdf1f9f,2025-09-22 00:16:00,439.72,42.27
333a297a-8,1,11ce6482,ce3927b1,2025-07-15 03:10:00,342.03,31.62
333a297a-8,2,ff0dac41,bc2f0fd6,2025-07-15 03:10:00,367.7,42.4
333a297a-8,3,e31ba7d4,eca562f1,2025-07-15 03:10:00,341.46,35.52
333a297a-8,4,34b60de6,f0074f7f,2025-07-15 03:10:00,163.72,39.53
15c9a39b-f,1,141650f5,58e315af,2025-08-28 01:45:00,172.81,21.94
96891f6b-7,1,bb2dcad1,38d6f88f,2025-03-17 00:59:00,444.13,30.91
96891f6b-7,2,edeebea4,ff6e5f8c,2025-03-17 00:59:00,51.09,37.36
9505da65-e,1,aa9168b7,afa878c2,2025-12-31 08:23:00,217.67,16.62
1a8a0479-9,1,82a623b9,04eefc26,2025-10-23 21:39:00,384.33,30.21
1a8a0479-9,2,64e7c9dc,62a295a7,2025-10-23 21:39:00,224.93,9.23
1a8a0479-9,3,efbe5223,b41783d2,2025-10-23 21:39:00,289.35,37.35
de92058b-9,1,2a5ed824,2cfd4b7b,2025-06-18 10:53:00,143.08,44.16
de92058b-9,2,0145b8da,d461870e,2025-06-18 10:53:00,421.02,39.08
482fea3b-7,1,7ac70db9,f6557353,2025-11-09 16:42:00,309.13,33.41
e1f98f5f-b,1,ad3fe261,49cfc5dd,2025-11-25 13:47:00,287.49,24.3
ab227718-9,1,4715402d,d111a486,2025-09-07 13:12:00,386.34,12.67
ab227718-9,2,4f06f5f6,7a9d463e,2025-09-07 13:12:00,315.47,31.51
c6c560a6-3,1,25449731,a985974b,2025-10-18 23:24:00,37.14,31.79
7103df2d-3,1,584eb8cb,dc53d533,2025-09-27 13:42:00,311.16,20.34
d59dd91d-8,1,87aa2d53,955d7ff8,2025-06-25 07:48:00,156.71,14.9
19264a79-6,1,81b3a025,e34f44e6,2025-07-24 23:07:00,19.54,40.47
19264a79-6,2,8fb9b9d4,a0c048b4,2025-07-24 23:07:00,15.02,21.83
dcc92b83-d,1,d424c64b,c78768d2,2025-10-03 14:01:00,307.11,33.62
c4b775e9-8,1,6f1a0713,d0eeeca9,2025-01-13 00:38:00,36.91,43.71
c4b775e9-8,2,2ec4191e,dcd57623,2025-01-13 00:38:00,302.1,10.66
c4b775e9-8,3,30056d29,118801fb,2025-01-13 00:38:00,311.04,16.46
adae2951-9,1,30b713c0,72fa7596,2025-02-24 10:54:00,288.82,37.27
adae2951-9,2,64e7c9dc,22f93117,2025-02-24 10:54:00,258.66,33.14
45635d35-e,1,ac092b61,825f4e15,2025-10-15 02:07:00,97.9,10.76
45635d35-e,2,215571b7,837e1f0a,2025-10-15 02:07:00,292.37,19.96
0e3a0074-d,1,32431646,838f8ac5,2025-04-21 08:20:00,356.35,41.45
9fb21e17-3,1,27dbfee3,0c01f784,2025-09-02 00:42:00,419.36,34.53
5d462240-1,1,f96eeb5c,765039fe,2025-07-06 03:05:00,375.06,35.58
6906e1c8-c,1,b499bd3c,5d3bc53b,2025-01-26 14:39:00,154.76,11.75
6906e1c8-c,2,2fde09c6,c3e25e05,2025-01-26 14:39:00,336.32,39.98
6906e1c8-c,3,56c23881,879d6b49,2025-01-26 14:39:00,62.47,41.38
6906e1c8-c,4,dac043c1,d3dc3ef8,2025-01-26 14:39:00,82.99,18.74
8def6355-a,1,aa9168b7,60e6bf38,2025-02-15 09:56:00,72.96,38.41
f87beaae-3,1,623da73e,688522e8,2025-04-28 10:40:00,104.02,43.64
c86e69cd-a,1,bda0303b,e26e8071,2025-08-03 16:34:00,436.63,44.75
4668f0bc-d,1,8ee662e2,8ada29d1,2025-08-01 16:40:00,397.0,30.92
55fa8147-b,1,73bf66cd,8ab56e1c,2025-11-03 13:21:00,273.55,17.36
68ab0700-d,1,72b33988,2ded6dbe,2025-12-03 19:16:00,149.39,24.82
5190a9bc-9,1,81b3a025,b8d2ea3b,2025-11-07 20:46:00,223.94,40.39
5190a9bc-9,2,ae6650c6,5e2bec4b,2025-11-07 20:46:00,397.13,37.02
7ae612a9-6,1,c7d80541,a2d75537,2025-01-22 20:43:00,380.2,44.95
bd6fcde3-7,1,87aa2d53,9de82b14,2025-08-21 13:53:00,324.65,27.97
104de842-5,1,d424c64b,22afd1b5,2025-03-04 03:02:00,135.56,37.13
37736392-3,1,aef5d53f,cd962c9a,2025-05-03 21:08:00,438.36,41.68
bec12805-5,1,46130b9f,6a44683b,2025-06-24 02:56:00,331.0,33.13
24a84c93-2,1,5d7f440d,42e40058,2025-10-01 20:59:00,53.5,37.8
07b052b1-7,1,4179340c,d40beca7,2025-10-05 16:34:00,149.11,24.94
4d60948f-d,1,962a09ee,103a4d03,2025-04-07 16:23:00,380.64,18.32
9f0d9a83-5,1,d0fd83ca,67fe104a,2025-10-18 02:46:00,196.04,42.2
2d33a9a6-5,1,e1c6fa6e,92f74f9d,2025-01-26 07:28:00,359.97,38.27
c56c1061-f,1,edeebea4,08aa2cb9,2025-04-14 14:42:00,423.62,19.61
89e26ee3-7,1,c024873d,4bfa30e6,2025-11-22 09:36:00,393.87,25.5
09071bc6-5,1,040b7928,621da264,2025-11-20 16:34:00,77.84,35.99
959be4db-0,1,13f00340,b91a09e1,2025-12-21 01:20:00,247.9,31.44
959be4db-0,2,d0fd83ca,87d6c75d,2025-12-21 01:20:00,447.44,9.67
959be4db-0,3,7ad28f77,8b5ccf2c,2025-12-21 01:20:00,175.32,33.61
115dc3eb-a,1,34b60de6,259e9bcf,2025-08-02 15:45:00,181.21,41.28
115dc3eb-a,2,e0125e51,88ad6a8f,2025-08-02 15:45:00,356.39,14.51
f4fe475e-0,1,584eb8cb,93016efe,2025-09-16 04:13:00,439.49,12.29
36fd727e-9,1,4767d031,e45a5e60,2025-07-21 21:57:00,222.75,17.81
36fd727e-9,2,89c04c0a,f3b0f74e,2025-07-21 21:57:00,260.24,10.17
71106f61-0,1,89e99561,fb038597,2025-10-10 10:47:00,448.85,27.5
71106f61-0,2,edeebea4,1bb64959,2025-10-10 10:47:00,422.78,43.95
26c909ea-8,1,71088410,1b28269f,2025-02-11 19:04:00,144.34,11.51
8629cd3a-6,1,edc1d87a,b752ba82,2025-06-08 22:34:00,138.2,23.34
b6d48557-d,1,a0ea4d65,0bd59e57,2025-06-13 21:49:00,191.06,15.98
b6d48557-d,2,17bbcd88,5fce1706,2025-06-13 21:49:00,330.28,34.5
b6d48557-d,3,53ca8c22,844e7b47,2025-06-13 21:49:00,349.07,18.65
b6d48557-d,4,1d6c8389,7e4c316e,2025-06-13 21:49:00,226.81,9.97
dac78dfa-a,1,7bfdad86,050d9aef,2025-01-14 08:53:00,200.17,40.32
4f1b6a35-c,1,ddea18ae,714e0442,2025-12-17 16:01:00,330.12,32.67
4f1b6a35-c,2,a0ea4d65,15aa21b6,2025-12-17 16:01:00,287.89,9.93
4f1b6a35-c,3,026bf726,417399f6,2025-12-17 16:01:00,233.4,24.24
a2e5af5a-7,1,343dcfd1,46eb54a6,2025-09-07 10:15:00,179.97,30.15
6f84fdc5-b,1,2a4d40ff,9763f9f6,2025-05-28 19:20:00,325.82,9.66
e8df783f-f,1,19c7a2a5,1860d872,2025-05-24 18:04:00,357.66,29.63
5f561480-9,1,17d9bda9,0c13fe28,2025-11-10 10:09:00,41.16,29.65
fa4bfe31-e,1,1a67a9ff,70567823,2025-12-29 22:47:00,350.72,17.45
fa4bfe31-e,2,ced3cd7c,635f1a3b,2025-12-29 22:47:00,424.27,25.12
0a88e49d-1,1,c766242f,7d50aa88,2025-06-21 17:05:00,125.34,40.61
3b7f9106-a,1,34b60de6,d1b48949,2025-01-24 09:43:00,261.69,32.72
f4b2729b-0,1,d1310ac6,d1d6abf1,2025-01-09 10:35:00,16.44,42.13
dea94b56-7,1,026bf726,07ee06eb,2025-02-07 01:27:00,387.85,37.34
18a27db9-f,1,53ca8c22,078c8a14,2025-03-23 18:44:00,351.5,19.06
18a27db9-f,2,5a5a81da,49734900,2025-03-23 18:44:00,306.49,28.48
18a27db9-f,3,7aac1942,03c4a005,2025-03-23 18:44:00,223.62,21.43
18a27db9-f,4,81b3a025,10cdcb5c,2025-03-23 18:44:00,432.91,38.14
a32303c9-7,1,dce37340,2984e938,2025-07-22 20:04:00,395.63,43.67
ee7333da-2,1,42986a86,8e9bdca4,2025-02-15 04:19:00,44.04,10.99
0ed57580-e,1,5a5a81da,60376398,2025-11-22 19:15:00,34.63,22.29
d976ed6b-6,1,3f0171a6,e68f5756,2025-08-21 19:50:00,174.86,43.15
1703fe56-9,1,c076efd0,25d4c363,2025-01-17 17:37:00,279.93,18.08
7a5c222a-2,1,d8cc903c,a91d8478,2025-05-20 18:19:00,391.05,44.07
7a5c222a-2,2,8742fdbe,44fb83a2,2025-05-20 18:19:00,172.04,34.42
7a5c222a-2,3,e36d4b42,fdaf621d,2025-05-20 18:19:00,372.93,19.98
51ec0f3f-b,1,34b60de6,a9565eb4,2025-03-11 05:32:00,335.34,13.47
51ec0f3f-b,2,ced3cd7c,763cba1b,2025-03-11 05:32:00,244.64,23.95
702b269c-9,1,b721a513,7f991f6d,2025-04-13 20:13:00,366.1,31.26
617cf491-4,1,3cebde76,a4d90a4c,2025-02-14 03:42:00,317.98,40.13
063208cf-2,1,fcd95cf7,fbe45154,2025-12-24 19:03:00,426.19,35.43
e6d263c5-7,1,12b1c297,8460a0c5,2025-11-25 05:47:00,48.32,27.11
b41a6718-a,1,4821bd82,1bf4de20,2025-10-14 06:42:00,400.01,15.64
22476ef7-7,1,7aac1942,5ced9eb9,2025-02-07 06:33:00,424.55,38.04
f025280d-c,1,026bf726,b7a79bc4,2025-09-24 04:35:00,291.59,28.19
2df46556-9,1,b34dafed,041894f8,2025-06-17 20:51:00,234.89,28.76
be567aff-3,1,2942d890,08f571e5,2025-08-25 15:42:00,257.07,29.05
cbdbdf8b-2,1,ccdaacf2,85a5504f,2025-05-19 08:10:00,133.23,18.11
39338917-2,1,e0125e51,13c79584,2025-09-04 00:56:00,409.64,17.46
987f3724-e,1,8fb9b9d4,3fcb8c5b,2025-03-25 20:16:00,146.01,22.31
2130b671-b,1,24a1c73a,f437f707,2025-04-22 12:12:00,161.1,31.04
0521c5cb-2,1,f8241532,ea2174de,2025-08-07 21:33:00,249.37,17.33
d491e383-1,1,d8b47e9b,5ccf2a53,2025-05-09 13:29:00,97.68,17.64
e7dec53d-e,1,9e445642,676af246,2025-12-14 02:04:00,429.26,18.78
3f75bd1b-5,1,ac092b61,2eac2967,2025-09-28 21:17:00,219.71,9.82
f29dd33d-1,1,d8b47e9b,a837118b,2025-05-17 00:11:00,20.0,42.1
1249d784-d,1,06d10537,ed23a79e,2025-07-05 05:11:00,140.59,24.09
34214a01-8,1,2ce3ae86,3db1aea0,2025-06-02 17:42:00,138.64,24.27
63610fc8-8,1,c7d80541,01da7de4,2025-09-30 04:27:00,291.37,41.72
d5a0e784-7,1,3ed09add,ca67f72c,2025-05-05 20:50:00,217.34,18.17
d5a0e784-7,2,64e7c9dc,cadceae0,2025-05-05 20:50:00,367.14,17.28
d5a0e784-7,3,572684f3,8e04d675,2025-05-05 20:50:00,144.39,8.24
128008d0-f,1,572684f3,8553ca17,2025-06-28 10:50:00,369.72,42.94
8160a0b9-5,1,aba91719,26471cf0,2025-02-20 15:46:00,319.34,31.03
8160a0b9-5,2,e31ba7d4,f702adea,2025-02-20 15:46:00,317.54,11.57
8160a0b9-5,3,026bf726,0eee8203,2025-02-20 15:46:00,169.94,35.56
8160a0b9-5,4,ed213a56,60da2926,2025-02-20 15:46:00,346.99,22.48
499e48af-b,1,343dcfd1,eb4ddd87,2025-12-19 01:07:00,180.78,41.41
499e48af-b,2,c766242f,5b0894e8,2025-12-19 01:07:00,415.16,9.7
74f62d45-e,1,d1310ac6,6f297f03,2025-06-27 15:30:00,197.18,43.75
eec92599-a,1,34b60de6,6663a52d,2025-06-03 04:01:00,395.55,14.4
a88b3437-5,1,d1310ac6,7e19085b,2025-06-10 01:05:00,260.87,37.99
2fa2da3d-3,1,d7fc0a60,2113a581,2025-05-17 03:35:00,216.48,31.93
2fa2da3d-3,2,858d2ce8,b13777d3,2025-05-17 03:35:00,351.95,35.75
82508af1-b,1,1a17b66b,5071ef5e,2025-10-02 05:47:00,132.49,37.43
99c14440-4,1,dd59ea80,33aa2154,2025-07-15 14:46:00,153.04,18.36
1a780311-6,1,331264ad,12df8d23,2025-08-29 03:19:00,274.03,15.48
1a780311-6,2,508bf8ab,063959a5,2025-08-29 03:19:00,26.25,10.74
1a780311-6,3,5b76386b,e4b748d2,2025-08-29 03:19:00,97.72,24.4
a447614d-e,1,0145b8da,17a1e316,2025-06-24 11:17:00,211.66,33.95
91fd8dd6-e,1,f8241532,b1cb768b,2025-05-14 22:21:00,99.68,17.01
7ccba196-4,1,30b713c0,63a1bb23,2025-05-10 04:56:00,328.06,26.54
7ccba196-4,2,25286f10,2c56b7a8,2025-05-10 04:56:00,381.66,18.46
2dc8efed-5,1,e8f2b837,75c54151,2025-10-28 15:37:00,45.05,29.14
a8cb893c-9,1,c39c1db2,1ecfb6f6,2025-12-23 14:36:00,307.82,15.2
da872f20-e,1,55ba7e8c,dbb00526,2025-11-07 01:45:00,368.73,26.5
da872f20-e,2,cd04d99b,8de3bcdd,2025-11-07 01:45:00,237.53,16.68
da872f20-e,3,73bf66cd,0ca9db85,2025-11-07 01:45:00,241.34,40.55
51cce7bd-8,1,63cb55c9,d32ea35e,2025-05-29 00:32:00,326.23,34.15
51cce7bd-8,2,30b713c0,bd85599c,2025-05-29 00:32:00,352.29,25.83
ee102ea6-c,1,7ac70db9,e493f187,2025-12-25 06:46:00,147.73,22.13
23f26854-2,1,ad14c942,fc37a173,2025-12-10 09:32:00,266.48,17.7
23f26854-2,2,432acc63,5b223e31,2025-12-10 09:32:00,93.73,9.05
d152ab46-1,1,1d6c8389,5ccbd2f2,2025-03-23 07:19:00,436.37,39.99
2568b4da-e,1,3f0171a6,1959a481,2025-04-14 21:32:00,391.72,14.59
e8ef73f0-f,1,72966584,75f7d695,2025-10-07 17:55:00,152.68,16.25
0b73227d-7,1,343dcfd1,bf6e29bf,2025-09-01 10:53:00,20.18,13.07
77d579ec-4,1,e8f2b837,b3c614f7,2025-10-25 21:34:00,92.13,14.8
e98d962f-6,1,cf55c767,c804a25a,2025-01-24 07:10:00,118.01,39.27
e98d962f-6,2,2fde09c6,569757a1,2025-01-24 07:10:00,216.82,40.42
e98d962f-6,3,5a5a81da,0e0171bd,2025-01-24 07:10:00,40.91,27.88
a05d2434-d,1,46130b9f,d654f3ef,2025-12-23 13:17:00,157.08,9.45
3b9922ac-3,1,e44dc6e0,706870bd,2025-01-09 01:44:00,131.3,37.09
3b9922ac-3,2,bad7bd4a,6e57f058,2025-01-09 01:44:00,110.67,31.24
71ec05c7-f,1,2942d890,63823a27,2025-06-17 21:51:00,125.77,37.96
0218055c-f,1,5d0203f7,ab339161,2025-07-16 03:56:00,112.59,34.35
c3ae44c4-3,1,bd91e8ae,14bfda6f,2025-02-14 00:08:00,109.52,29.37
3421b2ad-d,1,22af20fd,b2a00b4a,2025-09-22 03:18:00,89.85,11.7
b7b1216c-f,1,695cee78,32ef1209,2025-07-25 02:03:00,434.3,8.0
7fae42cc-e,1,a65474a3,00923889,2025-11-30 09:42:00,420.52,40.0
3758ced1-5,1,bad7bd4a,ecd12295,2025-12-06 19:41:00,286.8,29.13
c80747f0-0,1,4179340c,c96bf8c2,2025-10-08 02:31:00,273.65,32.25
5014a058-8,1,d25a7b66,b1a6c3e7,2025-04-23 23:07:00,62.71,42.2
0fd6c96b-0,1,4f06f5f6,9f23de38,2025-10-19 16:08:00,180.49,13.39
764b919e-2,1,a01c84b0,e26dde5b,2025-04-12 20:11:00,296.93,32.73
764b919e-2,2,7ee46027,a1e33caa,2025-04-12 20:11:00,280.31,12.84
de736f0f-5,1,bacdb118,41b11ac8,2025-07-18 11:26:00,403.69,13.27
0f814c84-6,1,cd04d99b,422a98b3,2025-05-24 22:01:00,210.99,19.88
33db261e-3,1,7c8eb5e3,5e43565c,2025-03-31 09:49:00,214.3,15.31
87e02a0e-6,1,8af3c722,48128cdb,2025-08-11 17:32:00,94.57,42.46
87e02a0e-6,2,eb85827d,c00d148e,2025-08-11 17:32:00,324.57,43.27
31dc0ae4-0,1,89e99561,c9652505,2025-07-01 09:02:00,341.37,23.86
f0bee7f3-a,1,8742fdbe,654a3eb6,2025-09-29 21:16:00,361.55,35.69
1d095bfd-c,1,2942d890,78e2f801,2025-10-09 08:33:00,20.72,20.3
1d095bfd-c,2,924c80ea,5276eba4,2025-10-09 08:33:00,95.84,24.24
2870069d-a,1,a0ea4d65,ff762b96,2025-06-29 21:47:00,381.89,13.39
37c1fd15-1,1,dac043c1,4cce046e,2025-09-25 03:20:00,113.01,28.14
37c1fd15-1,2,c766242f,13da2216,2025-09-25 03:20:00,24.1,31.56
37c1fd15-1,3,d8b47e9b,5e6623f1,2025-09-25 03:20:00,276.59,26.69
8c1a31a0-8,1,46130b9f,e24deb8e,2026-01-05 05:58:00,189.04,20.51
30b5c08e-e,1,efbe5223,aaeb71f7,2025-05-18 08:03:00,49.35,38.17
d8d38bd4-b,1,8c2dc506,008a0aaa,2025-11-12 11:02:00,333.42,37.4
cf3ac23b-5,1,833cec1b,d1047989,2025-06-18 11:17:00,378.1,37.83
12db0fca-8,1,46247658,24abf4ba,2025-06-05 08:58:00,160.75,26.53
2bf0de47-c,1,2a5ed824,853b0ca3,2025-08-18 19:52:00,373.26,20.62
2bf0de47-c,2,8464d5d5,6fb47241,2025-08-18 19:52:00,435.06,40.2
cb89b37c-b,1,215571b7,318dcd25,2025-12-17 12:45:00,100.8,28.46
f358c0c2-1,1,4f06f5f6,b7abd514,2025-12-15 02:00:00,59.5,11.87
f358c0c2-1,2,040b7928,33ec4ae4,2025-12-15 02:00:00,272.12,40.39
0540cd01-e,1,8c4d1c4c,478abe8d,2025-02-28 02:27:00,392.5,8.02
3d8100a9-b,1,5a01c7ca,0bc95747,2025-04-14 06:20:00,372.57,8.47
42e18b41-5,1,11b5ce57,7f7ced61,2025-07-31 18:18:00,439.44,41.64
709aee1d-1,1,63cb55c9,7311d361,2025-11-18 04:44:00,175.32,25.56
459a0145-5,1,e31ba7d4,71bd9792,2025-02-26 21:25:00,415.35,21.47
459a0145-5,2,4715402d,39002a76,2025-02-26 21:25:00,341.8,41.37
55e6130c-f,1,ae6650c6,43aecd47,2025-01-12 12:13:00,209.71,11.12
18ec658c-1,1,1fa19b01,fa7671d7,2025-08-03 14:36:00,137.1,29.63
9a6e3a91-9,1,edb8f78e,a027d165,2025-06-14 09:12:00,164.93,14.87
9a6e3a91-9,2,e930d17d,66e31f31,2025-06-14 09:12:00,104.7,26.38
9a6e3a91-9,3,8b587576,5c3e92a5,2025-06-14 09:12:00,208.13,31.34
41f9a292-8,1,17bbcd88,f7e53299,2025-12-30 07:26:00,222.87,36.58
41f9a292-8,2,1ca67118,6d427409,2025-12-30 07:26:00,174.95,18.46
41f9a292-8,3,0203ff6f,c6245ec7,2025-12-30 07:26:00,30.9,20.14
986689e3-c,1,e8254a94,1c8ce7d1,2025-02-26 13:43:00,280.77,40.8
019b9417-f,1,ae2723a6,be1c6a6e,2025-06-14 12:19:00,305.8,21.73
1d1e75fe-c,1,05f43073,d32b58d7,2025-08-13 00:13:00,248.75,23.95
1d1e75fe-c,2,b5c58c9d,fd5b0613,2025-08-13 00:13:00,77.49,11.64
2d47edbb-6,1,ae2a4ad9,abc91e33,2025-02-19 14:14:00,450.0,10.07
40789e65-7,1,4ebc1480,6f1fbec9,2025-12-20 15:48:00,194.28,42.87
21832d2a-f,1,82a623b9,939e0b29,2025-08-04 11:44:00,83.64,12.07
d80c5712-0,1,0b14df53,130da4db,2025-10-31 22:16:00,273.68,11.23
a1fb5c4d-9,1,96559be2,ca13306a,2025-04-10 13:06:00,274.02,42.05
afaf4562-8,1,5a5a81da,8f12d1ff,2025-02-11 17:15:00,228.63,8.46
12da6086-4,1,7bfdad86,fd6395ee,2025-08-07 15:00:00,246.77,20.14
12da6086-4,2,623da73e,2df1d2c9,2025-08-07 15:00:00,101.67,33.04
12da6086-4,3,81b3a025,f63ce130,2025-08-07 15:00:00,187.83,22.9
12da6086-4,4,55ba7e8c,4b67585e,2025-08-07 15:00:00,148.8,30.86
5b69e0d4-3,1,7c16586a,96eef515,2025-10-25 02:04:00,395.5,27.53
5b69e0d4-3,2,4821bd82,5962a6d6,2025-10-25 02:04:00,256.56,32.27
d16eed4c-4,1,b721a513,3b65a939,2025-06-06 08:06:00,102.53,8.13
21b0218d-f,1,c7d80541,90778960,2025-07-03 06:36:00,141.47,27.05
21b0218d-f,2,ed213a56,0d97b40e,2025-07-03 06:36:00,239.02,41.96
b80d847b-2,1,9ae01382,deadc951,2025-05-20 21:37:00,355.18,39.43
56640bf3-6,1,a0683d93,e8b58fcd,2025-09-19 14:04:00,262.11,16.51
56640bf3-6,2,d1310ac6,aa4e4de3,2025-09-19 14:04:00,344.01,38.66
eda6c59e-4,1,64e7c9dc,82e1cfea,2025-10-10 23:56:00,409.47,15.48
46a2458e-a,1,c2a0ed70,6135dabf,2025-11-09 10:08:00,319.56,37.35
a4e2a80d-6,1,bcf2bce8,60dfae40,2025-09-28 05:53:00,199.7,24.08
df46a65e-d,1,3ec0f88d,b0933ddd,2025-03-03 04:33:00,204.42,40.53
66e04f2d-5,1,fdfdede0,66f51895,2025-04-17 17:53:00,347.37,20.34
14834e4c-b,1,35b07f2f,aff08311,2025-12-18 01:53:00,81.8,14.56
14834e4c-b,2,2a5ed824,3933d5a0,2025-12-18 01:53:00,191.23,12.58
14834e4c-b,3,6ac32529,56045b82,2025-12-18 01:53:00,128.92,15.19
14834e4c-b,4,b34dafed,b8969137,2025-12-18 01:53:00,432.01,11.27
6b42ebca-3,1,259a60e5,9c4b353b,2025-06-13 19:08:00,234.34,27.64
1e727361-c,1,9ae01382,e0917959,2025-12-13 21:32:00,175.97,19.46
9f6229e7-9,1,cbe411a2,b2572461,2025-12-17 01:30:00,21.53,43.53
19121f46-4,1,8de4e26c,2688483e,2025-10-14 18:27:00,443.0,29.69
f8f03feb-a,1,46130b9f,dfe4ab9c,2025-09-15 02:26:00,397.23,31.8
cea619ef-0,1,962a09ee,50115d6e,2025-05-11 12:01:00,382.14,33.35
cea619ef-0,2,4821bd82,b31f5a91,2025-05-11 12:01:00,45.25,15.03
60fa3a3b-0,1,0f9cd918,1815f27e,2025-08-12 16:18:00,101.01,9.06
1994eb30-b,1,e36d4b42,5fa0706b,2025-07-29 04:32:00,141.96,42.93
59ed6104-4,1,4b9fe1f9,ab29ddae,2025-02-14 21:27:00,269.35,10.7
99b07794-e,1,572684f3,85e30dc3,2025-05-12 20:24:00,438.16,35.5
5dcd55e4-d,1,92a83e26,7cb9c7ee,2025-09-10 13:59:00,336.83,15.72
0ffde893-6,1,5a5a81da,98f5a225,2025-09-15 09:54:00,243.29,39.54
41d1eb93-f,1,ae28a23e,bc12c569,2025-01-21 09:17:00,290.65,27.96
ce0279c9-e,1,4f06f5f6,75d0404e,2025-04-04 03:03:00,352.62,33.38
6aded788-9,1,dbd26aa1,3f9cba14,2025-05-21 23:32:00,396.57,27.28
5454f4ce-0,1,1a17b66b,8cbe0169,2025-01-31 17:01:00,449.89,16.49
5454f4ce-0,2,056408d4,32d9f43d,2025-01-31 17:01:00,393.78,36.36
33d0c8c5-2,1,83ffdcdd,f6950f56,2025-01-10 00:55:00,119.26,44.27
c51d0eef-f,1,8ee662e2,1a83ee65,2025-10-02 20:37:00,355.27,27.01
