order_id,customer_id,order_status,order_purchase_timestamp,order_approved_at,order_delivered_carrier_date,order_delivered_customer_date,order_estimated_delivery_date
35b71e06-4,5244dbf1,canceled,2025-06-16 15:11:00,,,,2025-07-03 15:11:00
693c88ab-4,0251d63d,delivered,2025-01-29 10:22:00,2025-01-29 12:18:00,2025-01-31 10:22:00,2025-02-17 10:22:00,2025-02-09 10:22:00
b3a38c6d-b,7ce167d7,delivered,2025-06-17 16:44:00,2025-06-17 17:45:00,2025-06-18 16:44:00,2025-07-02 16:44:00,2025-06-27 16:44:00
a0f08d79-3,04021d40,delivered,2025-04-24 13:18:00,2025-04-24 15:03:00,2025-04-25 13:18:00,2025-05-06 13:18:00,2025-05-06 13:18:00
c8601445-e,1be97173,delivered,2025-09-14 13:49:00,2025-09-14 14:27:00,2025-09-15 13:49:00,2025-10-04 13:49:00,2025-10-01 13:49:00
31289aac-7,d7b0dfa7,delivered,2025-05-05 02:17:00,2025-05-05 04:12:00,2025-05-07 02:17:00,2025-05-29 02:17:00,2025-05-25 02:17:00
57671510-5,7b51b4cf,shipped,2025-12-02 00:49:00,2025-12-02 02:12:00,2025-12-03 00:49:00,,2025-12-17 00:49:00
4081e8e9-4,70c45a75,delivered,2025-03-21 23:54:00,2025-03-22 00:20:00,2025-03-22 23:54:00,2025-03-29 23:54:00,2025-03-31 23:54:00
b1556809-1,1de0562d,delivered,2025-10-07 16:48:00,2025-10-07 17:59:00,2025-10-10 16:48:00,2025-10-28 16:48:00,2025-10-24 16:48:00
1adabc28-a,8ad820e0,canceled,2025-09-27 01:16:00,,,,2025-10-09 01:16:00
f0773731-3,3178b7c1,delivered,2025-12-02 00:04:00,2025-12-02 01:48:00,2025-12-05 00:04:00,2025-12-21 00:04:00,2025-12-16 00:04:00
f0ae2ccf-8,6e4a1754,invoiced,2025-11-02 17:05:00,2025-11-02 17:57:00,,,2025-11-15 17:05:00
049908be-a,5229665d,delivered,2025-06-20 15:25:00,2025-06-20 16:10:00,2025-06-21 15:25:00,2025-07-10 15:25:00,2025-07-05 15:25:00
c76ce310-6,ce7d5b66,invoiced,2025-02-01 20:16:00,2025-02-01 22:00:00,,,2025-02-11 20:16:00
cd8a2f16-c,079590a8,shipped,2025-03-20 13:19:00,2025-03-20 15:58:00,2025-03-22 13:19:00,,2025-04-06 13:19:00
c9bd61b7-9,2fbc64cd,canceled,2025-12-28 16:58:00,,,,2026-01-09 16:58:00
a7341e4a-8,b5c51d9e,delivered,2025-02-04 17:34:00,2025-02-04 18:09:00,2025-02-05 17:34:00,2025-02-27 17:34:00,2025-02-19 17:34:00
f12c5176-a,0247a691,invoiced,2025-04-07 03:08:00,2025-04-07 04:00:00,,,2025-04-17 03:08:00
5dbe67ae-1,3247c0c8,shipped,2025-11-06 15:45:00,2025-11-06 18:36:00,2025-11-08 15:45:00,,2025-11-18 15:45:00
2872e68e-d,26c1c700,delivered,2025-12-10 06:48:00,2025-12-10 07:45:00,2025-12-11 06:48:00,2025-12-24 06:48:00,2025-12-22 06:48:00
36c5dfa2-9,4e52ed64,canceled,2025-06-10 12:39:00,,,,2025-06-29 12:39:00
7bde8032-3,110ef9e6,shipped,2025-02-25 14:29:00,2025-02-25 14:44:00,2025-02-26 14:29:00,,2025-03-15 14:29:00
a3fd8aca-6,32812e08,delivered,2025-07-23 09:49:00,2025-07-23 11:07:00,2025-07-25 09:49:00,2025-08-05 09:49:00,2025-08-04 09:49:00
28d8192f-a,ed329509,delivered,2025-02-16 23:32:00,2025-02-17 00:05:00,2025-02-17 23:32:00,2025-03-13 23:32:00,2025-03-07 23:32:00
82620007-5,1ed0c4ff,canceled,2025-04-14 14:05:00,,,,2025-04-28 14:05:00
0036d9e8-a,15fa7912,canceled,2025-08-19 20:23:00,,,,2025-08-30 20:23:00
fbb3343e-8,d6bbef0c,delivered,2025-07-13 17:24:00,2025-07-13 17:40:00,2025-07-14 17:24:00,2025-08-01 17:24:00,2025-07-28 17:24:00
01f98183-e,0a7aeaf7,canceled,2025-04-03 03:57:00,,,,2025-04-15 03:57:00
98927c05-7,42d19df1,shipped,2025-12-04 15:29:00,2025-12-04 17:18:00,2025-12-06 15:29:00,,2025-12-15 15:29:00
ee14f61d-7,b062101b,shipped,2025-04-17 01:11:00,2025-04-17 01:53:00,2025-04-18 01:11:00,,2025-05-07 01:11:00
7029be50-4,193bd1a3,delivered,2025-02-14 01:06:00,2025-02-14 02:57:00,2025-02-15 01:06:00,2025-03-03 01:06:00,2025-02-26 01:06:00
c352cbd0-f,dbe0a38a,delivered,2025-01-19 02:49:00,2025-01-19 04:10:00,2025-01-21 02:49:00,2025-02-04 02:49:00,2025-02-03 02:49:00
f06b399a-5,37a38b16,shipped,2025-07-31 16:13:00,2025-07-31 17:11:00,2025-08-03 16:13:00,,2025-08-10 16:13:00
afba75bb-2,c4dafad8,delivered,2025-08-07 19:54:00,2025-08-07 21:20:00,2025-08-09 19:54:00,2025-08-29 19:54:00,2025-08-25 19:54:00
6af5dbed-5,96f5d311,delivered,2025-11-17 03:47:00,2025-11-17 04:45:00,2025-11-20 03:47:00,2025-12-04 03:47:00,2025-12-03 03:47:00
60c5d036-5,4b2f0796,delivered,2025-05-11 02:19:00,2025-05-11 03:40:00,2025-05-14 02:19:00,2025-05-29 02:19:00,2025-05-29 02:19:00
0d2acf6a-5,0bde4e8c,invoiced,2025-06-23 21:30:00,2025-06-23 23:36:00,,,2025-07-03 21:30:00
3055b002-c,83e3d7fb,delivered,2025-07-31 23:03:00,2025-08-01 01:21:00,2025-08-02 23:03:00,2025-08-25 23:03:00,2025-08-19 23:03:00
5f934244-d,313b13f5,delivered,2025-03-18 08:53:00,2025-03-18 09:05:00,2025-03-20 08:53:00,2025-04-08 08:53:00,2025-04-03 08:53:00
cd664b2b-5,b1d685f9,invoiced,2025-06-07 22:54:00,2025-06-08 00:19:00,,,2025-06-17 22:54:00
4327feca-e,e5436f79,delivered,2025-09-26 09:11:00,2025-09-26 09:44:00,2025-09-28 09:11:00,2025-10-13 09:11:00,2025-10-06 09:11:00
be4c24a2-c,8c42b6a3,delivered,2025-04-08 10:59:00,2025-04-08 13:07:00,2025-04-11 10:59:00,2025-04-25 10:59:00,2025-04-26 10:59:00
c60ed7cc-f,a1998e45,canceled,2025-09-25 03:00:00,,,,2025-10-09 03:00:00
dc25f28d-7,9c7eaa10,delivered,2025-06-14 06:12:00,2025-06-14 07:30:00,2025-06-16 06:12:00,2025-07-02 06:12:00,2025-07-02 06:12:00
13e0f430-6,fe5bb0bf,delivered,2025-10-05 11:35:00,2025-10-05 13:01:00,2025-10-07 11:35:00,2025-10-23 11:35:00,2025-10-17 11:35:00
860f2b36-c,947b223f,delivered,2025-02-24 12:03:00,2025-02-24 12:30:00,2025-02-26 12:03:00,2025-03-09 12:03:00,2025-03-12 12:03:00
ebcca195-4,86274aa3,invoiced,2025-08-27 18:08:00,2025-08-27 18:36:00,,,2025-09-13 18:08:00
7df342dc-0,1be5f126,delivered,2025-04-25 04:55:00,2025-04-25 07:37:00,2025-04-27 04:55:00,2025-05-11 04:55:00,2025-05-10 04:55:00
df771998-8,5357ab9c,delivered,2025-02-03 15:07:00,2025-02-03 16:41:00,2025-02-05 15:07:00,2025-02-28 15:07:00,2025-02-20 15:07:00
9cb38135-e,0b586b0d,invoiced,2025-02-24 10:35:00,2025-02-24 13:26:00,,,2025-03-07 10:35:00
e47eb100-a,4b9f157e,delivered,2025-06-24 06:52:00,2025-06-24 09:28:00,2025-06-26 06:52:00,2025-07-14 06:52:00,2025-07-10 06:52:00
9576ed8e-e,eef90944,shipped,2025-11-02 14:20:00,2025-11-02 16:47:00,2025-11-03 14:20:00,,2025-11-19 14:20:00
d0baddc6-c,489abdc7,delivered,2025-09-11 20:42:00,2025-09-11 21:02:00,2025-09-12 20:42:00,2025-10-02 20:42:00,2025-09-24 20:42:00
df696635-d,1d85c4a7,delivered,2025-08-20 17:18:00,2025-08-20 19:02:00,2025-08-23 17:18:00,2025-09-10 17:18:00,2025-09-08 17:18:00
10ad3dbe-8,e75f58a3,canceled,2025-06-26 02:37:00,,,,2025-07-06 02:37:00
09762659-d,23674bc7,delivered,2025-07-09 17:03:00,2025-07-09 17:08:00,2025-07-12 17:03:00,2025-08-04 17:03:00,2025-07-27 17:03:00
3c09037e-f,fa41f92a,delivered,2025-10-12 12:53:00,2025-10-12 14:30:00,2025-10-14 12:53:00,2025-10-23 12:53:00,2025-10-24 12:53:00
87d17a38-4,87bb7f7b,shipped,2025-08-06 19:11:00,2025-08-06 21:12:00,2025-08-09 19:11:00,,2025-08-22 19:11:00
ac5e6c17-f,24ce1cf8,delivered,2025-10-23 15:54:00,2025-10-23 16:59:00,2025-10-26 15:54:00,2025-11-09 15:54:00,2025-11-10 15:54:00
db84dde5-2,783f4ccb,canceled,2025-07-08 03:37:00,,,,2025-07-25 03:37:00
97c13ee6-8,46e1e684,canceled,2025-02-09 21:40:00,,,,2025-02-27 21:40:00
46d0dd0d-8,61c24314,delivered,2025-10-21 23:21:00,2025-10-22 01:13:00,2025-10-23 23:21:00,2025-11-03 23:21:00,2025-11-04 23:21:00
d3e9d053-7,431d2d03,delivered,2025-10-21 01:42:00,2025-10-21 03:01:00,2025-10-24 01:42:00,2025-11-04 01:42:00,2025-11-09 01:42:00
4d83a745-f,b2490dd0,delivered,2025-11-12 08:17:00,2025-11-12 09:27:00,2025-11-13 08:17:00,2025-11-27 08:17:00,2025-11-23 08:17:00
0a9c2c71-f,c3726a6e,delivered,2025-09-06 05:51:00,2025-09-06 08:11:00,2025-09-07 05:51:00,2025-09-17 05:51:00,2025-09-21 05:51:00
2b6775b3-9,7501218e,delivered,2025-11-25 08:48:00,2025-11-25 09:22:00,2025-11-26 08:48:00,2025-12-09 08:48:00,2025-12-07 08:48:00
9e826d47-c,9d5ce81c,delivered,2025-12-16 22:24:00,2025-12-17 00:30:00,2025-12-18 22:24:00,2025-12-31 22:24:00,2025-12-28 22:24:00
a84d07bf-f,f910e842,canceled,2025-07-01 13:39:00,,,,2025-07-21 13:39:00
4f1cbad2-4,411b69aa,canceled,2025-05-04 23:43:00,,,,2025-05-23 23:43:00
f29f7591-c,e64883a2,invoiced,2025-02-04 00:26:00,2025-02-04 00:56:00,,,2025-02-22 00:26:00
04ca8382-0,160a0e4e,delivered,2025-01-13 19:05:00,2025-01-13 19:24:00,2025-01-16 19:05:00,2025-02-10 19:05:00,2025-02-02 19:05:00
3f4a3674-d,608046a9,delivered,2025-12-03 20:36:00,2025-12-03 21:28:00,2025-12-04 20:36:00,2025-12-14 20:36:00,2025-12-15 20:36:00
de902ed3-e,65fb7bdd,canceled,2025-12-08 10:16:00,,,,2025-12-20 10:16:00
865e16d6-0,42861e95,delivered,2025-08-14 02:31:00,2025-08-14 03:27:00,2025-08-17 02:31:00,2025-08-27 02:31:00,2025-08-30 02:31:00
3943e842-d,1ac17d5b,delivered,2025-08-15 22:16:00,2025-08-15 22:47:00,2025-08-16 22:16:00,2025-08-22 22:16:00,2025-08-26 22:16:00
a88bddd8-c,3678164c,canceled,2025-11-24 00:59:00,,,,2025-12-04 00:59:00
81920ee0-5,00ff3308,shipped,2025-01-02 16:45:00,2025-01-02 18:55:00,2025-01-04 16:45:00,,2025-01-18 16:45:00
69b43e5d-1,18864b02,shipped,2025-10-02 11:21:00,2025-10-02 14:20:00,2025-10-04 11:21:00,,2025-10-18 11:21:00
233386d5-e,b26b7602,invoiced,2025-08-24 09:41:00,2025-08-24 10:37:00,,,2025-09-05 09:41:00
c8ecc430-7,7883ffae,canceled,2025-12-19 11:31:00,,,,2025-12-30 11:31:00
43765636-a,1229a8a0,delivered,2025-07-19 02:50:00,2025-07-19 05:13:00,2025-07-22 02:50:00,2025-08-04 02:50:00,2025-08-02 02:50:00
2806fb5a-b,aeec023a,delivered,2025-01-22 12:07:00,2025-01-22 13:06:00,2025-01-25 12:07:00,2025-02-14 12:07:00,2025-02-11 12:07:00
2b4eb5f0-a,1f7df529,delivered,2025-12-01 00:30:00,2025-12-01 03:13:00,2025-12-02 00:30:00,2025-12-20 00:30:00,2025-12-14 00:30:00
297de6c0-0,c2402b8f,delivered,2025-11-09 05:53:00,2025-11-09 08:29:00,2025-11-10 05:53:00,2025-11-16 05:53:00,2025-11-20 05:53:00
6400a422-8,0c481cf1,delivered,2025-06-16 03:43:00,2025-06-16 06:15:00,2025-06-19 03:43:00,2025-06-28 03:43:00,2025-06-28 03:43:00
dbe902d7-0,8e0d40b7,canceled,2025-07-09 17:10:00,,,,2025-07-26 17:10:00
ceed0065-d,121dc651,shipped,2025-07-12 05:01:00,2025-07-12 07:10:00,2025-07-13 05:01:00,,2025-07-22 05:01:00
1d4beb42-1,9b4cdd04,canceled,2025-09-01 22:08:00,,,,2025-09-14 22:08:00
6afa43ca-d,0d8abd39,shipped,2025-12-21 01:38:00,2025-12-21 02:29:00,2025-12-24 01:38:00,,2026-01-07 01:38:00
ca8d8b1d-2,d7055037,delivered,2025-10-13 07:12:00,2025-10-13 07:47:00,2025-10-16 07:12:00,2025-10-28 07:12:00,2025-10-24 07:12:00
e1dd6a10-7,3178b7c1,delivered,2025-02-27 04:43:00,2025-02-27 06:49:00,2025-03-01 04:43:00,2025-03-08 04:43:00,2025-03-11 04:43:00
8f3f196e-b,cf08e4b6,delivered,2025-11-12 14:02:00,2025-11-12 14:33:00,2025-11-15 14:02:00,2025-11-25 14:02:00,2025-11-22 14:02:00
224a4efb-4,7c6b6b63,shipped,2025-06-16 13:12:00,2025-06-16 16:10:00,2025-06-18 13:12:00,,2025-06-29 13:12:00
795d6b8a-3,f7b48ee6,shipped,2025-09-06 01:56:00,2025-09-06 03:52:00,2025-09-07 01:56:00,,2025-09-19 01:56:00
ad1769b6-4,45d28416,delivered,2025-03-11 03:54:00,2025-03-11 05:58:00,2025-03-13 03:54:00,2025-03-24 03:54:00,2025-03-27 03:54:00
b3b7737f-4,d7c7ffee,invoiced,2025-09-25 15:55:00,2025-09-25 16:55:00,,,2025-10-14 15:55:00
fd7815e8-b,37ad88d1,delivered,2025-10-24 07:57:00,2025-10-24 10:33:00,2025-10-25 07:57:00,2025-11-07 07:57:00,2025-11-12 07:57:00
c6d65db0-b,6516653f,delivered,2025-09-29 12:30:00,2025-09-29 13:00:00,2025-10-01 12:30:00,2025-10-14 12:30:00,2025-10-16 12:30:00
8ce5f66e-2,e868a118,delivered,2025-05-03 20:05:00,2025-05-03 20:14:00,2025-05-05 20:05:00,2025-05-22 20:05:00,2025-05-23 20:05:00
b1d35145-6,543df39a,invoiced,2025-03-12 22:25:00,2025-03-12 23:17:00,,,2025-03-27 22:25:00
85b499b7-d,bacbcb82,delivered,2025-06-01 13:48:00,2025-06-01 15:02:00,2025-06-04 13:48:00,2025-06-23 13:48:00,2025-06-20 13:48:00
1acd8f1e-e,44b91a2f,shipped,2025-12-12 11:56:00,2025-12-12 12:14:00,2025-12-13 11:56:00,,2025-12-28 11:56:00
824777e0-f,590a0e2f,delivered,2025-10-15 22:49:00,2025-10-15 23:46:00,2025-10-16 22:49:00,2025-10-28 22:49:00,2025-10-30 22:49:00
ea9feebf-e,b2a44275,delivered,2025-05-17 16:43:00,2025-05-17 18:36:00,2025-05-19 16:43:00,2025-05-23 16:43:00,2025-05-27 16:43:00
3161deb8-6,ff785da8,shipped,2025-12-14 17:57:00,2025-12-14 19:16:00,2025-12-16 17:57:00,,2026-01-02 17:57:00
eed5cbfa-0,9765d9e4,delivered,2025-05-28 02:06:00,2025-05-28 02:53:00,2025-05-30 02:06:00,2025-06-14 02:06:00,2025-06-08 02:06:00
bb2eebed-b,89cc50ee,canceled,2025-10-05 04:30:00,,,,2025-10-20 04:30:00
6b4436e7-c,30e237f9,invoiced,2025-09-24 20:21:00,2025-09-24 22:11:00,,,2025-10-13 20:21:00
aabb71ec-7,fa460a62,delivered,2025-08-23 09:36:00,2025-08-23 10:14:00,2025-08-25 09:36:00,2025-09-11 09:36:00,2025-09-04 09:36:00
70200fa9-7,2078ef07,delivered,2025-08-22 05:39:00,2025-08-22 06:25:00,2025-08-25 05:39:00,2025-09-08 05:39:00,2025-09-09 05:39:00
95403c53-7,e44e3813,delivered,2025-01-22 10:36:00,2025-01-22 11:13:00,2025-01-24 10:36:00,2025-02-05 10:36:00,2025-02-05 10:36:00
3f539ffa-c,ceaeec37,delivered,2025-08-18 17:10:00,2025-08-18 19:31:00,2025-08-20 17:10:00,2025-08-24 17:10:00,2025-08-29 17:10:00
00b53d59-2,0bff353b,delivered,2025-10-07 16:21:00,2025-10-07 19:11:00,2025-10-10 16:21:00,2025-10-23 16:21:00,2025-10-21 16:21:00
f7b12a66-3,bce966e5,delivered,2025-12-14 17:07:00,2025-12-14 18:30:00,2025-12-15 17:07:00,2026-01-03 17:07:00,2025-12-30 17:07:00
fdc61963-e,6f988726,delivered,2025-02-12 17:54:00,2025-02-12 19:53:00,2025-02-15 17:54:00,2025-02-28 17:54:00,2025-03-04 17:54:00
4270e8e8-f,7501218e,delivered,2025-06-07 14:55:00,2025-06-07 17:23:00,2025-06-08 14:55:00,2025-06-26 14:55:00,2025-06-20 14:55:00
ced9f7aa-f,bc86211d,delivered,2025-03-15 06:19:00,2025-03-15 08:25:00,2025-03-18 06:19:00,2025-03-26 06:19:00,2025-03-30 06:19:00
807b7fba-8,73aa702e,shipped,2025-09-09 01:52:00,2025-09-09 03:14:00,2025-09-12 01:52:00,,2025-09-23 01:52:00
2793e977-6,6d2d3c4b,canceled,2025-11-22 15:07:00,,,,2025-12-12 15:07:00
aa7609ce-9,efc11797,canceled,2025-05-06 00:07:00,,,,2025-05-20 00:07:00
2d65a813-b,3b6659cb,shipped,2025-08-12 08:40:00,2025-08-12 11:40:00,2025-08-14 08:40:00,,2025-08-23 08:40:00
e6ce468d-3,4d4d9779,delivered,2025-06-13 14:56:00,2025-06-13 15:35:00,2025-06-15 14:56:00,2025-06-20 14:56:00,2025-06-25 14:56:00
105142f6-2,8e0ccaf9,shipped,2025-11-24 02:32:00,2025-11-24 03:26:00,2025-11-27 02:32:00,,2025-12-06 02:32:00
37fb9062-0,cc2c0f15,shipped,2025-10-24 11:52:00,2025-10-24 12:33:00,2025-10-25 11:52:00,,2025-11-05 11:52:00
ab811957-e,323e6aaf,delivered,2025-09-15 07:53:00,2025-09-15 08:46:00,2025-09-18 07:53:00,2025-10-10 07:53:00,2025-10-04 07:53:00
20ecc525-f,87d8a4ea,delivered,2025-06-28 09:44:00,2025-06-28 11:21:00,2025-06-29 09:44:00,2025-07-19 09:44:00,2025-07-15 09:44:00
de04ac71-e,8265fc3b,invoiced,2025-12-22 04:44:00,2025-12-22 05:47:00,,,2026-01-05 04:44:00
3d4931c5-8,bd68b1f4,invoiced,2025-09-05 13:02:00,2025-09-05 13:57:00,,,2025-09-16 13:02:00
2202bc17-3,6ea08a21,delivered,2025-06-04 21:00:00,2025-06-04 21:29:00,2025-06-05 21:00:00,2025-06-21 21:00:00,2025-06-23 21:00:00
ef6955e3-a,fe030422,shipped,2025-06-28 11:10:00,2025-06-28 13:23:00,2025-07-01 11:10:00,,2025-07-17 11:10:00
7aab33c9-4,42d19df1,canceled,2025-04-09 09:10:00,,,,2025-04-27 09:10:00
e0a904fe-3,d5332303,delivered,2025-07-07 22:37:00,2025-07-07 23:29:00,2025-07-09 22:37:00,2025-07-23 22:37:00,2025-07-27 22:37:00
07453fe0-8,12051bfb,delivered,2025-02-27 10:07:00,2025-02-27 12:11:00,2025-02-28 10:07:00,2025-03-14 10:07:00,2025-03-17 10:07:00
ad760576-4,bdb55f80,delivered,2025-03-01 12:18:00,2025-03-01 14:19:00,2025-03-04 12:18:00,2025-03-20 12:18:00,2025-03-15 12:18:00
f880c2c2-f,dac074dd,shipped,2025-12-04 21:05:00,2025-12-04 21:40:00,2025-12-05 21:05:00,,2025-12-20 21:05:00
a46a1659-e,60b82861,delivered,2025-06-23 06:38:00,2025-06-23 08:26:00,2025-06-24 06:38:00,2025-07-14 06:38:00,2025-07-06 06:38:00
29fd152a-1,6327ad58,delivered,2025-11-26 12:22:00,2025-11-26 14:28:00,2025-11-29 12:22:00,2025-12-16 12:22:00,2025-12-15 12:22:00
8d635802-3,6eaa9c3c,delivered,2025-04-02 12:38:00,2025-04-02 15:36:00,2025-04-04 12:38:00,2025-04-13 12:38:00,2025-04-14 12:38:00
199f46a5-0,04484397,invoiced,2025-08-27 06:18:00,2025-08-27 09:12:00,,,2025-09-13 06:18:00
8c43121e-a,7b865967,delivered,2025-01-17 13:56:00,2025-01-17 14:31:00,2025-01-19 13:56:00,2025-02-03 13:56:00,2025-02-03 13:56:00
f73b46b5-6,919efc57,delivered,2025-06-09 22:24:00,2025-06-10 00:33:00,2025-06-10 22:24:00,2025-07-03 22:24:00,2025-06-28 22:24:00
0b972ca3-0,9b80e23a,invoiced,2025-03-22 16:03:00,2025-03-22 17:48:00,,,2025-04-05 16:03:00
9d757e34-d,b2a44275,delivered,2025-01-15 18:02:00,2025-01-15 18:39:00,2025-01-17 18:02:00,2025-02-06 18:02:00,2025-01-30 18:02:00
e3ddb492-1,c2402b8f,delivered,2025-06-26 11:26:00,2025-06-26 13:00:00,2025-06-27 11:26:00,2025-07-14 11:26:00,2025-07-16 11:26:00
1ac5b092-6,eef90944,delivered,2025-03-28 00:34:00,2025-03-28 02:02:00,2025-03-29 00:34:00,2025-04-19 00:34:00,2025-04-14 00:34:00
f3835ffc-9,a3638fed,shipped,2025-07-19 10:36:00,2025-07-19 11:06:00,2025-07-21 10:36:00,,2025-07-30 10:36:00
f1cdb377-8,67a2cbc7,shipped,2025-06-03 11:27:00,2025-06-03 12:23:00,2025-06-05 11:27:00,,2025-06-23 11:27:00
26b2218c-5,4a6906f2,invoiced,2025-04-26 19:47:00,2025-04-26 20:15:00,,,2025-05-15 19:47:00
d64d3090-f,6935f132,delivered,2025-04-18 11:50:00,2025-04-18 12:14:00,2025-04-21 11:50:00,2025-05-05 11:50:00,2025-05-02 11:50:00
4544dc2a-0,7b754fb6,invoiced,2025-10-08 05:56:00,2025-10-08 06:05:00,,,2025-10-28 05:56:00
a39a5aaf-e,45123128,canceled,2025-09-30 19:54:00,,,,2025-10-16 19:54:00
1e88ac24-8,dc585ecf,canceled,2025-04-15 13:17:00,,,,2025-04-29 13:17:00
27889a9f-c,1229a8a0,delivered,2025-03-18 06:01:00,2025-03-18 07:08:00,2025-03-20 06:01:00,2025-04-06 06:01:00,2025-04-04 06:01:00
dce66719-6,02e06f94,delivered,2025-01-15 08:50:00,2025-01-15 10:06:00,2025-01-18 08:50:00,2025-01-30 08:50:00,2025-02-02 08:50:00
f2c79205-e,d1aad680,delivered,2025-11-05 09:55:00,2025-11-05 10:16:00,2025-11-07 09:55:00,2025-11-25 09:55:00,2025-11-20 09:55:00
8ee71307-6,cecd1a2e,shipped,2025-09-14 03:33:00,2025-09-14 06:28:00,2025-09-17 03:33:00,,2025-10-02 03:33:00
eac08354-4,37a38b16,invoiced,2025-10-27 23:24:00,2025-10-28 00:29:00,,,2025-11-12 23:24:00
36373aa0-8,2c2cd27c,delivered,2025-10-29 01:31:00,2025-10-29 03:52:00,2025-10-31 01:31:00,2025-11-09 01:31:00,2025-11-09 01:31:00
9f13fb69-5,6935f132,canceled,2025-07-08 09:01:00,,,,2025-07-28 09:01:00
4546adb5-7,9c7eaa10,canceled,2025-07-05 21:07:00,,,,2025-07-23 21:07:00
3d57f7f4-6,a0031bf0,delivered,2025-05-01 09:13:00,2025-05-01 09:59:00,2025-05-03 09:13:00,2025-05-21 09:13:00,2025-05-21 09:13:00
f3dd72d8-a,26c1c700,invoiced,2025-06-20 22:27:00,2025-06-20 22:57:00,,,2025-07-02 22:27:00
ed534efe-7,8e211ed1,delivered,2025-12-22 00:48:00,2025-12-22 01:06:00,2025-12-25 00:48:00,2026-01-08 00:48:00,2026-01-11 00:48:00
a9173e23-7,a0f81048,shipped,2025-02-12 03:10:00,2025-02-12 04:18:00,2025-02-15 03:10:00,,2025-03-04 03:10:00
f874d865-f,37ad88d1,invoiced,2025-05-25 06:05:00,2025-05-25 07:56:00,,,2025-06-09 06:05:00
d47edd3d-6,dacee848,shipped,2025-11-28 19:40:00,2025-11-28 20:43:00,2025-11-29 19:40:00,,2025-12-15 19:40:00
dab897c3-8,5f311807,delivered,2025-02-15 11:10:00,2025-02-15 13:40:00,2025-02-16 11:10:00,2025-03-03 11:10:00,2025-02-25 11:10:00
acce2223-0,28658509,invoiced,2025-05-17 09:47:00,2025-05-17 11:58:00,,,2025-06-02 09:47:00
6e08340e-3,b0ebd4dc,canceled,2025-04-07 13:11:00,,,,2025-04-23 13:11:00
8801c378-f,2191f5dd,canceled,2025-08-23 02:00:00,,,,2025-09-09 02:00:00
d09df82d-6,bd848711,canceled,2025-07-16 22:27:00,,,,2025-08-04 22:27:00
ecb48002-f,8710069d,delivered,2025-07-01 19:42:00,2025-07-01 22:20:00,2025-07-04 19:42:00,2025-07-06 19:42:00,2025-07-11 19:42:00
ad0d4e7b-4,b61f73dd,shipped,2025-01-22 18:11:00,2025-01-22 19:22:00,2025-01-23 18:11:00,,2025-02-09 18:11:00
d1f6d07f-5,228cbc18,shipped,2025-08-10 04:16:00,2025-08-10 04:50:00,2025-08-12 04:16:00,,2025-08-20 04:16:00
94c3c0aa-5,db2c2358,invoiced,2025-03-19 17:54:00,2025-03-19 20:47:00,,,2025-04-08 17:54:00
d59519e8-e,adfb991d,delivered,2025-09-11 01:28:00,2025-09-11 03:04:00,2025-09-14 01:28:00,2025-10-01 01:28:00,2025-09-29 01:28:00
3c1e4a2a-0,5967841b,delivered,2025-05-26 05:53:00,2025-05-26 06:41:00,2025-05-29 05:53:00,2025-06-21 05:53:00,2025-06-13 05:53:00
60fa6f34-f,3aa4018a,delivered,2025-08-02 02:15:00,2025-08-02 04:27:00,2025-08-05 02:15:00,2025-08-13 02:15:00,2025-08-13 02:15:00
476613f7-4,6dd7cde5,delivered,2025-02-11 14:53:00,2025-02-11 17:46:00,2025-02-13 14:53:00,2025-03-05 14:53:00,2025-02-28 14:53:00
04af7d23-0,ebae7f71,invoiced,2025-01-29 23:04:00,2025-01-30 01:29:00,,,2025-02-17 23:04:00
c09129c0-9,34e341f1,delivered,2025-04-17 05:24:00,2025-04-17 07:12:00,2025-04-19 05:24:00,2025-05-14 05:24:00,2025-05-07 05:24:00
5d0cf12e-8,61c24314,delivered,2025-09-08 14:56:00,2025-09-08 16:40:00,2025-09-10 14:56:00,2025-09-26 14:56:00,2025-09-22 14:56:00
92f4ab65-e,7b1df443,delivered,2025-11-19 13:05:00,2025-11-19 13:20:00,2025-11-22 13:05:00,2025-12-06 13:05:00,2025-12-04 13:05:00
866dd089-6,d1aad680,delivered,2025-08-28 13:05:00,2025-08-28 15:12:00,2025-08-30 13:05:00,2025-09-06 13:05:00,2025-09-09 13:05:00
1f584fc0-7,87486833,delivered,2025-10-10 02:58:00,2025-10-10 03:14:00,2025-10-13 02:58:00,2025-10-24 02:58:00,2025-10-21 02:58:00
67623e6c-6,b58e18ab,delivered,2025-10-27 02:49:00,2025-10-27 05:02:00,2025-10-28 02:49:00,2025-11-13 02:49:00,2025-11-07 02:49:00
38df5bb6-5,9b4cdd04,canceled,2025-06-02 10:37:00,,,,2025-06-19 10:37:00
be9450b5-d,158eb961,delivered,2025-12-11 03:27:00,2025-12-11 05:48:00,2025-12-12 03:27:00,2025-12-22 03:27:00,2025-12-21 03:27:00
814ba77c-c,18d76b60,canceled,2025-11-05 23:31:00,,,,2025-11-19 23:31:00
a7843b05-9,411b69aa,delivered,2025-06-04 02:08:00,2025-06-04 02:47:00,2025-06-05 02:08:00,2025-06-13 02:08:00,2025-06-17 02:08:00
dfbe62f5-b,28658509,delivered,2025-06-04 14:09:00,2025-06-04 16:15:00,2025-06-06 14:09:00,2025-06-10 14:09:00,2025-06-14 14:09:00
ceaed8af-9,0016f51a,delivered,2025-08-19 18:15:00,2025-08-19 19:11:00,2025-08-21 18:15:00,2025-09-15 18:15:00,2025-09-07 18:15:00
cc548c88-2,4b94943b,canceled,2025-10-11 09:02:00,,,,2025-10-28 09:02:00
4e4ca594-6,0c481cf1,invoiced,2025-09-07 07:45:00,2025-09-07 08:05:00,,,2025-09-25 07:45:00
de707fbc-2,f1f4eb96,delivered,2025-09-11 19:41:00,2025-09-11 21:14:00,2025-09-13 19:41:00,2025-09-22 19:41:00,2025-09-27 19:41:00
37e39dc7-4,7866c45d,shipped,2025-12-17 10:58:00,2025-12-17 13:37:00,2025-12-20 10:58:00,,2026-01-06 10:58:00
95c54a86-5,db2d654e,canceled,2025-07-04 15:51:00,,,,2025-07-16 15:51:00
fa1a0489-b,04577004,delivered,2025-03-30 06:10:00,2025-03-30 08:50:00,2025-04-01 06:10:00,2025-04-17 06:10:00,2025-04-10 06:10:00
d6fe4dcc-f,e868a118,delivered,2025-07-02 21:10:00,2025-07-02 21:59:00,2025-07-05 21:10:00,2025-07-19 21:10:00,2025-07-12 21:10:00
5cbb315a-f,9af8f8ac,delivered,2025-05-13 10:50:00,2025-05-13 12:25:00,2025-05-14 10:50:00,2025-05-30 10:50:00,2025-05-31 10:50:00
81891166-4,77742b93,delivered,2025-11-09 19:50:00,2025-11-09 20:21:00,2025-11-12 19:50:00,2025-11-22 19:50:00,2025-11-19 19:50:00
621c49d1-2,422022dd,delivered,2025-09-17 15:46:00,2025-09-17 16:16:00,2025-09-18 15:46:00,2025-10-07 15:46:00,2025-10-07 15:46:00
2c5e5a4a-c,7a28783b,delivered,2025-08-31 10:18:00,2025-08-31 12:32:00,2025-09-01 10:18:00,2025-09-10 10:18:00,2025-09-11 10:18:00
a7ed5db8-e,e6a3a531,invoiced,2025-04-27 04:51:00,2025-04-27 06:45:00,,,2025-05-13 04:51:00
0138ab7d-e,7163da87,delivered,2025-07-25 05:27:00,2025-07-25 05:47:00,2025-07-27 05:27:00,2025-08-09 05:27:00,2025-08-04 05:27:00
15391f6e-1,b2333f14,delivered,2025-05-24 16:39:00,2025-05-24 17:21:00,2025-05-27 16:39:00,2025-06-11 16:39:00,2025-06-09 16:39:00
a901e7ee-9,1e73d01f,delivered,2025-11-29 12:49:00,2025-11-29 13:44:00,2025-12-01 12:49:00,2025-12-05 12:49:00,2025-12-10 12:49:00
8e48d18a-e,531f974c,delivered,2025-04-20 02:32:00,2025-04-20 04:58:00,2025-04-22 02:32:00,2025-05-08 02:32:00,2025-05-08 02:32:00
f78d2ac2-b,99627d04,delivered,2025-09-16 03:46:00,2025-09-16 04:06:00,2025-09-18 03:46:00,2025-10-05 03:46:00,2025-09-30 03:46:00
28064723-c,766d2be1,shipped,2025-01-03 14:21:00,2025-01-03 15:26:00,2025-01-06 14:21:00,,2025-01-22 14:21:00
c6af5697-2,59d46dda,canceled,2025-10-21 21:08:00,,,,2025-11-06 21:08:00
54023084-c,4b13c319,invoiced,2025-07-04 14:06:00,2025-07-04 14:48:00,,,2025-07-20 14:06:00
966f7c4b-8,e5ae5fe4,shipped,2025-07-26 18:35:00,2025-07-26 20:52:00,2025-07-28 18:35:00,,2025-08-09 18:35:00
4f6d90c4-6,911dac13,delivered,2025-03-25 04:32:00,2025-03-25 05:09:00,2025-03-27 04:32:00,2025-04-08 04:32:00,2025-04-11 04:32:00
2288aa86-8,2c2cd27c,delivered,2025-03-03 11:36:00,2025-03-03 12:55:00,2025-03-04 11:36:00,2025-03-18 11:36:00,2025-03-21 11:36:00
fb29d54d-a,8d15410c,invoiced,2025-03-15 04:50:00,2025-03-15 07:25:00,,,2025-03-31 04:50:00
78db113c-3,803941d0,delivered,2025-10-08 11:04:00,2025-10-08 11:20:00,2025-10-10 11:04:00,2025-10-29 11:04:00,2025-10-25 11:04:00
1f061ed1-7,72e9c627,invoiced,2025-11-07 04:48:00,2025-11-07 05:28:00,,,2025-11-25 04:48:00
be16fb21-2,34e341f1,invoiced,2025-11-16 21:39:00,2025-11-16 23:28:00,,,2025-12-02 21:39:00
672f7e99-0,fe030422,canceled,2025-02-15 05:45:00,,,,2025-02-25 05:45:00
fca24783-9,c6cd5275,delivered,2025-04-09 19:34:00,2025-04-09 22:06:00,2025-04-10 19:34:00,2025-05-01 19:34:00,2025-04-28 19:34:00
f590e6fb-2,b7451573,delivered,2025-05-21 06:15:00,2025-05-21 08:48:00,2025-05-23 06:15:00,2025-06-08 06:15:00,2025-06-01 06:15:00
4e30fec3-4,322667db,delivered,2025-08-01 00:55:00,2025-08-01 03:15:00,2025-08-03 00:55:00,2025-08-16 00:55:00,2025-08-17 00:55:00
43869221-6,ebf42e94,delivered,2025-06-07 13:43:00,2025-06-07 14:31:00,2025-06-08 13:43:00,2025-06-26 13:43:00,2025-06-26 13:43:00
1854c7c8-3,32d806fc,delivered,2025-07-12 03:03:00,2025-07-12 03:59:00,2025-07-13 03:03:00,2025-08-04 03:03:00,2025-07-31 03:03:00
833f624e-b,0cc348a1,delivered,2025-08-26 17:26:00,2025-08-26 17:47:00,2025-08-28 17:26:00,2025-09-06 17:26:00,2025-09-05 17:26:00
ac242a48-2,a25f9ee3,canceled,2025-03-06 09:36:00,,,,2025-03-22 09:36:00
ad1919f4-c,13c7f279,shipped,2025-03-28 07:34:00,2025-03-28 09:27:00,2025-03-31 07:34:00,,2025-04-14 07:34:00
26f2ba56-d,22cc2120,delivered,2025-05-20 19:16:00,2025-05-20 22:15:00,2025-05-22 19:16:00,2025-06-12 19:16:00,2025-06-04 19:16:00
a7049e87-a,83fb8e82,delivered,2025-06-03 02:25:00,2025-06-03 03:01:00,2025-06-04 02:25:00,2025-06-20 02:25:00,2025-06-21 02:25:00
84742fa0-7,d5332303,delivered,2025-05-20 07:42:00,2025-05-20 09:09:00,2025-05-22 07:42:00,2025-06-04 07:42:00,2025-06-02 07:42:00
e8289c66-a,7a3007e1,shipped,2025-02-11 20:41:00,2025-02-11 21:05:00,2025-02-14 20:41:00,,2025-02-21 20:41:00
b3eff237-2,b0b17589,delivered,2025-07-09 06:28:00,2025-07-09 06:35:00,2025-07-10 06:28:00,2025-07-26 06:28:00,2025-07-19 06:28:00
26e2a5de-6,760338b1,delivered,2025-04-30 15:23:00,2025-04-30 15:37:00,2025-05-02 15:23:00,2025-05-23 15:23:00,2025-05-17 15:23:00
998290af-b,77742b93,invoiced,2025-05-23 18:32:00,2025-05-23 20:43:00,,,2025-06-04 18:32:00
d81bee53-f,4e1d1bcc,delivered,2025-02-03 04:16:00,2025-02-03 06:46:00,2025-02-04 04:16:00,2025-02-27 04:16:00,2025-02-21 04:16:00
bc5d175f-1,803941d0,delivered,2025-11-25 21:41:00,2025-11-25 21:59:00,2025-11-27 21:41:00,2025-12-19 21:41:00,2025-12-11 21:41:00
9a3bb2f3-a,7d7b42b4,shipped,2025-01-13 23:14:00,2025-01-14 01:07:00,2025-01-14 23:14:00,,2025-01-26 23:14:00
14909ed5-6,05386550,delivered,2025-01-13 18:51:00,2025-01-13 21:36:00,2025-01-15 18:51:00,2025-01-25 18:51:00,2025-01-27 18:51:00
251a7aa5-b,e14d7dae,invoiced,2025-05-02 02:49:00,2025-05-02 05:27:00,,,2025-05-21 02:49:00
1a91160c-c,6516653f,delivered,2025-06-10 22:04:00,2025-06-10 22:41:00,2025-06-11 22:04:00,2025-06-22 22:04:00,2025-06-27 22:04:00
9548d1ac-4,56b48067,delivered,2025-07-15 12:06:00,2025-07-15 14:49:00,2025-07-17 12:06:00,2025-08-05 12:06:00,2025-07-28 12:06:00
39ca02ba-e,a6f23722,shipped,2025-02-21 10:41:00,2025-02-21 13:38:00,2025-02-22 10:41:00,,2025-03-10 10:41:00
f5c81fd3-8,96acb3fb,shipped,2025-03-06 20:32:00,2025-03-06 21:42:00,2025-03-08 20:32:00,,2025-03-22 20:32:00
c0fc2c94-5,819548a5,delivered,2025-10-27 13:32:00,2025-10-27 16:23:00,2025-10-29 13:32:00,2025-11-14 13:32:00,2025-11-10 13:32:00
7744f296-5,990c458b,canceled,2025-12-14 04:03:00,,,,2025-12-27 04:03:00
af5f2722-8,6f988726,delivered,2025-11-24 06:50:00,2025-11-24 07:12:00,2025-11-26 06:50:00,2025-12-12 06:50:00,2025-12-07 06:50:00
f334c43e-b,b7bc3943,delivered,2025-11-12 09:26:00,2025-11-12 10:55:00,2025-11-13 09:26:00,2025-11-25 09:26:00,2025-11-23 09:26:00
5c4716a9-8,3b6659cb,canceled,2025-06-19 23:24:00,,,,2025-07-02 23:24:00
ef0da0e9-1,033e1561,shipped,2025-02-28 04:18:00,2025-02-28 06:15:00,2025-03-01 04:18:00,,2025-03-20 04:18:00
5406ceb1-c,8f1a0f09,delivered,2025-05-15 23:11:00,2025-05-16 00:42:00,2025-05-18 23:11:00,2025-05-25 23:11:00,2025-05-28 23:11:00
17783d06-2,489abdc7,canceled,2025-02-26 10:59:00,,,,2025-03-11 10:59:00
c5d244b8-7,a18d137b,shipped,2025-11-16 13:56:00,2025-11-16 14:17:00,2025-11-17 13:56:00,,2025-11-28 13:56:00
2c3311ab-3,9ac46a72,delivered,2025-01-24 19:37:00,2025-01-24 20:30:00,2025-01-27 19:37:00,2025-02-14 19:37:00,2025-02-07 19:37:00
bfe37ac8-b,229defb5,delivered,2025-04-18 23:05:00,2025-04-19 01:10:00,2025-04-21 23:05:00,2025-05-03 23:05:00,2025-05-07 23:05:00
b340a396-1,76b9a4fd,delivered,2025-09-23 14:11:00,2025-09-23 15:38:00,2025-09-26 14:11:00,2025-10-11 14:11:00,2025-10-08 14:11:00
5b1a7984-f,65dcb60e,delivered,2025-04-17 07:57:00,2025-04-17 08:53:00,2025-04-19 07:57:00,2025-05-01 07:57:00,2025-04-30 07:57:00
925a160f-f,550e606f,shipped,2025-02-13 04:48:00,2025-02-13 05:14:00,2025-02-15 04:48:00,,2025-03-02 04:48:00
b58002d0-6,90971306,delivered,2025-08-19 14:27:00,2025-08-19 16:16:00,2025-08-21 14:27:00,2025-09-05 14:27:00,2025-09-05 14:27:00
a9301cfa-4,03cb68e2,delivered,2025-09-14 16:34:00,2025-09-14 19:23:00,2025-09-15 16:34:00,2025-09-26 16:34:00,2025-09-28 16:34:00
a40c6f6f-b,1cedae8f,canceled,2025-06-18 08:19:00,,,,2025-07-08 08:19:00
d5722a00-b,136f6fe1,delivered,2025-06-27 12:25:00,2025-06-27 14:58:00,2025-06-30 12:25:00,2025-07-09 12:25:00,2025-07-07 12:25:00
f48bdbf5-a,9d5ce81c,shipped,2025-10-28 17:48:00,2025-10-28 19:52:00,2025-10-31 17:48:00,,2025-11-14 17:48:00
818821b8-b,bdfb9865,delivered,2025-08-19 17:01:00,2025-08-19 18:41:00,2025-08-20 17:01:00,2025-09-15 17:01:00,2025-09-07 17:01:00
60da92c9-2,7747b46c,delivered,2025-08-03 13:43:00,2025-08-03 15:31:00,2025-08-06 13:43:00,2025-08-20 13:43:00,2025-08-21 13:43:00
2995fc8c-8,0bde4e8c,shipped,2025-11-19 19:58:00,2025-11-19 22:38:00,2025-11-22 19:58:00,,2025-12-05 19:58:00
531e6285-f,cef22069,delivered,2025-12-19 19:31:00,2025-12-19 19:42:00,2025-12-20 19:31:00,2025-12-28 19:31:00,2026-01-01 19:31:00
020263f3-6,9765d9e4,delivered,2025-02-26 04:34:00,2025-02-26 06:26:00,2025-02-28 04:34:00,2025-03-10 04:34:00,2025-03-09 04:34:00
e7f10e7c-4,21fff347,shipped,2025-12-17 14:17:00,2025-12-17 15:13:00,2025-12-18 14:17:00,,2025-12-29 14:17:00
8b6d2757-9,63aefef2,delivered,2025-08-24 14:36:00,2025-08-24 14:51:00,2025-08-27 14:36:00,2025-09-03 14:36:00,2025-09-04 14:36:00
4b408e28-7,9765d9e4,shipped,2025-03-31 13:15:00,2025-03-31 14:05:00,2025-04-03 13:15:00,,2025-04-16 13:15:00
ca734716-9,b5c51d9e,delivered,2025-11-18 17:18:00,2025-11-18 20:13:00,2025-11-19 17:18:00,2025-12-03 17:18:00,2025-12-01 17:18:00
5513312e-e,15162c0f,delivered,2025-08-19 05:16:00,2025-08-19 06:14:00,2025-08-22 05:16:00,2025-08-31 05:16:00,2025-08-29 05:16:00
53408802-c,e4a265a6,delivered,2025-05-09 03:45:00,2025-05-09 04:24:00,2025-05-11 03:45:00,2025-06-04 03:45:00,2025-05-29 03:45:00
41fba72f-4,c5613c06,delivered,2025-05-23 05:10:00,2025-05-23 05:19:00,2025-05-26 05:10:00,2025-05-31 05:10:00,2025-06-03 05:10:00
23cf3a86-c,6dd7cde5,delivered,2025-07-03 05:13:00,2025-07-03 05:26:00,2025-07-06 05:13:00,2025-07-19 05:13:00,2025-07-21 05:13:00
dd649f66-4,4b2f0796,delivered,2025-08-16 01:38:00,2025-08-16 01:44:00,2025-08-17 01:38:00,2025-09-08 01:38:00,2025-09-01 01:38:00
e01be951-8,e6a3a531,delivered,2025-01-08 10:52:00,2025-01-08 11:46:00,2025-01-11 10:52:00,2025-01-24 10:52:00,2025-01-28 10:52:00
f09a0050-e,3abf6e20,delivered,2025-09-20 03:52:00,2025-09-20 05:20:00,2025-09-22 03:52:00,2025-10-13 03:52:00,2025-10-08 03:52:00
e205d568-7,5161a228,delivered,2025-04-20 03:22:00,2025-04-20 04:49:00,2025-04-21 03:22:00,2025-05-01 03:22:00,2025-04-30 03:22:00
53364c74-5,47320469,shipped,2025-07-08 01:04:00,2025-07-08 02:04:00,2025-07-10 01:04:00,,2025-07-22 01:04:00
5d2acf69-e,fd10b577,delivered,2025-02-18 19:20:00,2025-02-18 22:06:00,2025-02-21 19:20:00,2025-03-11 19:20:00,2025-03-06 19:20:00
60a8f247-1,36f78a31,delivered,2025-09-19 20:47:00,2025-09-19 21:51:00,2025-09-22 20:47:00,2025-10-14 20:47:00,2025-10-08 20:47:00
ab8f2f27-f,8510f3e4,canceled,2025-01-20 07:59:00,,,,2025-02-08 07:59:00
b4603195-a,f8b63692,delivered,2025-05-05 06:34:00,2025-05-05 06:52:00,2025-05-08 06:34:00,2025-05-25 06:34:00,2025-05-18 06:34:00
6c43180c-4,b54d5fcd,delivered,2025-11-19 00:04:00,2025-11-19 02:14:00,2025-11-20 00:04:00,2025-11-27 00:04:00,2025-12-02 00:04:00
b5f94621-b,2a87c429,invoiced,2025-04-15 07:32:00,2025-04-15 07:57:00,,,2025-05-01 07:32:00
30082a54-d,40542a0b,shipped,2025-05-08 09:18:00,2025-05-08 11:50:00,2025-05-10 09:18:00,,2025-05-28 09:18:00
b87efd94-f,a3638fed,delivered,2025-08-30 14:27:00,2025-08-30 16:41:00,2025-09-02 14:27:00,2025-09-22 14:27:00,2025-09-15 14:27:00
66791da8-4,4eb5cb0e,shipped,2025-03-20 17:46:00,2025-03-20 18:35:00,2025-03-22 17:46:00,,2025-04-05 17:46:00
7dae4029-a,d0291993,delivered,2025-03-11 22:30:00,2025-03-11 23:25:00,2025-03-12 22:30:00,2025-03-19 22:30:00,2025-03-24 22:30:00
b39222d1-c,3b3bdec4,delivered,2025-07-11 12:31:00,2025-07-11 13:54:00,2025-07-14 12:31:00,2025-07-26 12:31:00,2025-07-30 12:31:00
9ba4aeef-7,f67dc5fe,delivered,2025-08-12 08:49:00,2025-08-12 10:23:00,2025-08-15 08:49:00,2025-09-03 08:49:00,2025-08-29 08:49:00
17dc4acc-f,13c08d7a,delivered,2025-07-05 20:45:00,2025-07-05 23:43:00,2025-07-06 20:45:00,2025-07-30 20:45:00,2025-07-25 20:45:00
cf2aa1ab-9,431d2d03,canceled,2025-03-24 00:07:00,,,,2025-04-04 00:07:00
7c7de4b2-a,b26b7602,shipped,2025-04-07 13:10:00,2025-04-07 15:04:00,2025-04-09 13:10:00,,2025-04-21 13:10:00
3e88f0cc-e,56de3dce,invoiced,2025-02-15 03:40:00,2025-02-15 06:11:00,,,2025-03-02 03:40:00
c340df09-4,89c426c8,delivered,2025-02-05 22:26:00,2025-02-06 00:45:00,2025-02-07 22:26:00,2025-02-24 22:26:00,2025-02-25 22:26:00
9117266b-3,622f12c1,delivered,2025-09-15 03:28:00,2025-09-15 05:58:00,2025-09-16 03:28:00,2025-09-25 03:28:00,2025-09-27 03:28:00
1b918edc-8,2b29aebe,canceled,2025-11-16 03:55:00,,,,2025-12-06 03:55:00
bbcc56b6-4,dc585ecf,delivered,2025-01-16 18:15:00,2025-01-16 20:22:00,2025-01-18 18:15:00,2025-02-12 18:15:00,2025-02-05 18:15:00
9fba49bf-a,50015916,delivered,2025-04-19 16:50:00,2025-04-19 16:56:00,2025-04-21 16:50:00,2025-05-11 16:50:00,2025-05-08 16:50:00
07a0db6f-3,0bde4e8c,invoiced,2025-02-21 00:29:00,2025-02-21 02:16:00,,,2025-03-05 00:29:00
f24e9dfe-7,b302206e,shipped,2025-12-18 21:55:00,2025-12-19 00:01:00,2025-12-21 21:55:00,,2026-01-03 21:55:00
f5068e5c-1,23b6f2c7,canceled,2025-07-04 01:51:00,,,,2025-07-19 01:51:00
09dadcb9-a,fb2902df,invoiced,2025-02-11 11:27:00,2025-02-11 13:33:00,,,2025-03-03 11:27:00
87e95f21-8,5b9fd1ff,shipped,2025-01-17 04:31:00,2025-01-17 04:58:00,2025-01-19 04:31:00,,2025-02-06 04:31:00
2cc0c77d-f,bec67b9b,delivered,2025-05-24 07:46:00,2025-05-24 08:56:00,2025-05-27 07:46:00,2025-06-15 07:46:00,2025-06-10 07:46:00
e7e7a82c-e,1126f90f,invoiced,2025-12-21 10:55:00,2025-12-21 11:57:00,,,2026-01-09 10:55:00
5a6d262f-7,ad7970fc,delivered,2025-05-13 03:18:00,2025-05-13 03:45:00,2025-05-14 03:18:00,2025-05-24 03:18:00,2025-05-24 03:18:00
c14e325f-7,36e965f3,invoiced,2025-06-10 12:36:00,2025-06-10 12:41:00,,,2025-06-24 12:36:00
4c93922d-3,3ae79cc8,invoiced,2025-07-06 21:59:00,2025-07-06 22:36:00,,,2025-07-24 21:59:00
0d2dfdbd-5,a0774f97,delivered,2025-06-01 07:31:00,2025-06-01 10:30:00,2025-06-03 07:31:00,2025-06-17 07:31:00,2025-06-13 07:31:00
c54c1de8-8,234ac0b8,shipped,2025-09-02 20:53:00,2025-09-02 21:53:00,2025-09-04 20:53:00,,2025-09-16 20:53:00
49e59dc3-2,c5168d59,canceled,2025-01-27 05:54:00,,,,2025-02-13 05:54:00
0fd19898-7,85686a97,delivered,2025-10-08 12:21:00,2025-10-08 14:14:00,2025-10-11 12:21:00,2025-10-25 12:21:00,2025-10-25 12:21:00
732217d5-c,36e7753c,delivered,2025-03-09 10:48:00,2025-03-09 13:21:00,2025-03-10 10:48:00,2025-03-25 10:48:00,2025-03-23 10:48:00
19ff634a-c,3c06fe94,delivered,2025-04-22 23:12:00,2025-04-23 02:03:00,2025-04-23 23:12:00,2025-05-13 23:12:00,2025-05-07 23:12:00
3ebe5559-0,cc2c0f15,delivered,2025-08-31 05:03:00,2025-08-31 05:38:00,2025-09-03 05:03:00,2025-09-20 05:03:00,2025-09-20 05:03:00
fdd2830b-a,14bd9191,delivered,2025-09-08 09:44:00,2025-09-08 12:21:00,2025-09-09 09:44:00,2025-10-04 09:44:00,2025-09-28 09:44:00
9d3327fd-a,9b2020b4,canceled,2025-12-01 14:23:00,,,,2025-12-11 14:23:00
c406f150-1,8879168d,delivered,2025-01-12 18:36:00,2025-01-12 21:07:00,2025-01-14 18:36:00,2025-02-01 18:36:00,2025-01-26 18:36:00
30f97afe-d,193bd1a3,shipped,2025-03-06 03:20:00,2025-03-06 03:41:00,2025-03-09 03:20:00,,2025-03-24 03:20:00
5db2c0a2-d,a35aeec9,delivered,2025-09-23 18:34:00,2025-09-23 21:25:00,2025-09-24 18:34:00,2025-10-11 18:34:00,2025-10-06 18:34:00
b8ecad6f-e,8265fc3b,shipped,2025-04-16 20:10:00,2025-04-16 20:37:00,2025-04-19 20:10:00,,2025-04-30 20:10:00
9901a0c6-6,18d76b60,delivered,2025-05-08 09:02:00,2025-05-08 11:19:00,2025-05-10 09:02:00,2025-05-31 09:02:00,2025-05-28 09:02:00
699bc4b4-1,4a099bc2,shipped,2025-09-19 06:44:00,2025-09-19 07:14:00,2025-09-22 06:44:00,,2025-09-29 06:44:00
1c1f78aa-c,f8de208e,shipped,2025-04-21 18:22:00,2025-04-21 19:38:00,2025-04-22 18:22:00,,2025-05-10 18:22:00
77f33fd1-8,1c46afa6,delivered,2025-05-11 21:27:00,2025-05-11 22:08:00,2025-05-14 21:27:00,2025-05-20 21:27:00,2025-05-24 21:27:00
ae14b0fd-9,cb785692,canceled,2025-11-28 16:38:00,,,,2025-12-10 16:38:00
e3e41de1-e,489abdc7,delivered,2025-11-06 07:04:00,2025-11-06 08:18:00,2025-11-07 07:04:00,2025-11-20 07:04:00,2025-11-24 07:04:00
dc0e780d-9,8021340a,invoiced,2025-05-20 04:55:00,2025-05-20 05:57:00,,,2025-06-03 04:55:00
dd5fdd87-6,c4f20f74,shipped,2025-06-06 18:52:00,2025-06-06 21:02:00,2025-06-07 18:52:00,,2025-06-24 18:52:00
4070b861-d,7cd6b918,delivered,2025-03-29 10:48:00,2025-03-29 12:32:00,2025-03-30 10:48:00,2025-04-20 10:48:00,2025-04-13 10:48:00
f97c339c-f,09a40794,shipped,2025-03-07 08:00:00,2025-03-07 11:00:00,2025-03-10 08:00:00,,2025-03-19 08:00:00
33e2654e-5,70136d9e,invoiced,2025-05-08 21:38:00,2025-05-08 23:30:00,,,2025-05-25 21:38:00
e5c0931a-6,81076e0b,shipped,2025-04-28 09:40:00,2025-04-28 10:07:00,2025-04-30 09:40:00,,2025-05-14 09:40:00
6c6a3e8c-d,bc1136b9,shipped,2025-09-10 00:27:00,2025-09-10 03:25:00,2025-09-13 00:27:00,,2025-09-22 00:27:00
85824482-3,0e719cf4,delivered,2025-07-27 00:39:00,2025-07-27 01:32:00,2025-07-30 00:39:00,2025-08-12 00:39:00,2025-08-06 00:39:00
502bb09b-c,2c7503e1,shipped,2025-01-22 19:28:00,2025-01-22 20:16:00,2025-01-25 19:28:00,,2025-02-09 19:28:00
019ccfb0-9,b50ad9ff,delivered,2025-10-04 03:18:00,2025-10-04 04:39:00,2025-10-06 03:18:00,2025-10-17 03:18:00,2025-10-18 03:18:00
fae14254-c,88e6fdca,delivered,2025-11-13 15:03:00,2025-11-13 16:39:00,2025-11-14 15:03:00,2025-12-04 15:03:00,2025-12-02 15:03:00
cf19ac57-5,a26caffa,delivered,2025-02-21 13:31:00,2025-02-21 14:26:00,2025-02-22 13:31:00,2025-03-14 13:31:00,2025-03-11 13:31:00
4f989de5-1,5a56558b,delivered,2025-06-03 11:27:00,2025-06-03 12:18:00,2025-06-06 11:27:00,2025-06-13 11:27:00,2025-06-17 11:27:00
51a99792-1,7f31a6c1,delivered,2025-09-03 21:17:00,2025-09-03 21:52:00,2025-09-05 21:17:00,2025-09-23 21:17:00,2025-09-20 21:17:00
b39906b9-1,5bfe3efa,canceled,2025-07-19 04:07:00,,,,2025-07-30 04:07:00
5a1c5eba-f,6e553693,shipped,2025-01-05 13:30:00,2025-01-05 14:49:00,2025-01-07 13:30:00,,2025-01-22 13:30:00
a049f14c-c,27c2dd2c,delivered,2025-05-24 03:55:00,2025-05-24 05:07:00,2025-05-27 03:55:00,2025-06-11 03:55:00,2025-06-06 03:55:00
96ecd54c-3,fbf2d460,canceled,2025-11-21 04:14:00,,,,2025-12-02 04:14:00
28a217b9-6,33856af1,delivered,2025-01-10 19:12:00,2025-01-10 19:40:00,2025-01-11 19:12:00,2025-01-27 19:12:00,2025-01-26 19:12:00
c9dfba12-c,65fb7bdd,canceled,2025-01-27 09:07:00,,,,2025-02-10 09:07:00
f3e3c322-4,191f09d3,delivered,2025-01-21 00:03:00,2025-01-21 02:57:00,2025-01-24 00:03:00,2025-02-03 00:03:00,2025-02-05 00:03:00
84b16423-4,db2c2358,delivered,2025-06-21 09:07:00,2025-06-21 09:36:00,2025-06-24 09:07:00,2025-07-06 09:07:00,2025-07-01 09:07:00
b3f49ebd-4,35c5d5ba,shipped,2025-11-06 11:15:00,2025-11-06 14:06:00,2025-11-08 11:15:00,,2025-11-19 11:15:00
d38760a3-d,b24fa311,delivered,2025-10-28 20:52:00,2025-10-28 21:45:00,2025-10-29 20:52:00,2025-11-10 20:52:00,2025-11-14 20:52:00
8ebf640a-1,db0b4ccb,shipped,2025-03-20 01:08:00,2025-03-20 02:02:00,2025-03-22 01:08:00,,2025-04-07 01:08:00
edf43801-8,34d3cc94,canceled,2025-03-02 13:04:00,,,,2025-03-19 13:04:00
43bf97c3-4,271648ce,canceled,2025-03-08 09:02:00,,,,2025-03-27 09:02:00
51079ea9-1,d9b34e08,shipped,2025-09-20 02:10:00,2025-09-20 04:07:00,2025-09-23 02:10:00,,2025-10-06 02:10:00
8ab2cbd8-b,71179102,shipped,2025-04-22 18:44:00,2025-04-22 18:51:00,2025-04-25 18:44:00,,2025-05-09 18:44:00
3f3a53a4-0,422022dd,delivered,2025-10-10 03:10:00,2025-10-10 04:12:00,2025-10-11 03:10:00,2025-10-26 03:10:00,2025-10-28 03:10:00
0b8d2b76-a,61ca2f79,canceled,2025-05-08 06:34:00,,,,2025-05-19 06:34:00
cd5be561-5,bcd6e3a2,delivered,2025-12-28 17:16:00,2025-12-28 17:55:00,2025-12-30 17:16:00,2026-01-15 17:16:00,2026-01-16 17:16:00
6b3416fa-d,7866c45d,canceled,2025-05-24 05:16:00,,,,2025-06-03 05:16:00
82b62f1d-1,ce6185be,canceled,2025-05-12 20:40:00,,,,2025-05-31 20:40:00
8ca7830b-3,46ac43b1,canceled,2025-07-22 04:28:00,,,,2025-08-04 04:28:00
275a8fa2-9,5967841b,delivered,2025-04-03 14:11:00,2025-04-03 15:01:00,2025-04-04 14:11:00,2025-04-24 14:11:00,2025-04-22 14:11:00
fd8f75fa-4,29f5f794,delivered,2025-02-21 23:33:00,2025-02-22 00:13:00,2025-02-24 23:33:00,2025-03-07 23:33:00,2025-03-03 23:33:00
2cc8b200-3,5fb642d4,invoiced,2025-02-12 08:09:00,2025-02-12 10:54:00,,,2025-03-03 08:09:00
dd9705b8-3,70136d9e,delivered,2025-04-14 04:30:00,2025-04-14 06:59:00,2025-04-16 04:30:00,2025-04-25 04:30:00,2025-04-26 04:30:00
643e2fa2-4,4dd2186b,shipped,2025-03-05 00:52:00,2025-03-05 01:08:00,2025-03-06 00:52:00,,2025-03-23 00:52:00
6f15a828-8,96f5d311,delivered,2025-08-07 12:09:00,2025-08-07 13:44:00,2025-08-10 12:09:00,2025-08-19 12:09:00,2025-08-21 12:09:00
95002558-3,e1735c49,shipped,2025-06-20 03:23:00,2025-06-20 03:49:00,2025-06-21 03:23:00,,2025-07-09 03:23:00
5b40ba21-4,380c0fb2,canceled,2025-12-18 09:39:00,,,,2026-01-01 09:39:00
b24eb873-4,3699ffd1,delivered,2025-12-31 02:50:00,2025-12-31 02:55:00,2026-01-01 02:50:00,2026-01-17 02:50:00,2026-01-20 02:50:00
776962c6-3,2ffe7b43,delivered,2025-10-23 13:46:00,2025-10-23 15:02:00,2025-10-24 13:46:00,2025-11-03 13:46:00,2025-11-03 13:46:00
2c2f556f-4,d7055037,shipped,2025-09-12 17:34:00,2025-09-12 19:45:00,2025-09-15 17:34:00,,2025-09-30 17:34:00
d7bcf18c-8,f12cdf05,delivered,2025-01-02 06:54:00,2025-01-02 07:03:00,2025-01-04 06:54:00,2025-01-22 06:54:00,2025-01-20 06:54:00
e1916cb7-d,50e105ab,delivered,2025-03-12 03:44:00,2025-03-12 04:25:00,2025-03-14 03:44:00,2025-03-28 03:44:00,2025-03-22 03:44:00
cfa61b58-c,93f73236,delivered,2025-10-19 13:09:00,2025-10-19 14:00:00,2025-10-21 13:09:00,2025-11-06 13:09:00,2025-10-31 13:09:00
b227b9d2-f,cb906066,canceled,2025-01-07 09:07:00,,,,2025-01-19 09:07:00
9d88c504-a,e66b272c,delivered,2025-07-22 13:43:00,2025-07-22 15:44:00,2025-07-25 13:43:00,2025-08-09 13:43:00,2025-08-05 13:43:00
e54b971b-6,a3638fed,delivered,2025-04-19 12:39:00,2025-04-19 12:58:00,2025-04-20 12:39:00,2025-05-02 12:39:00,2025-05-05 12:39:00
c3ca728b-9,4e52ed64,delivered,2025-01-28 11:41:00,2025-01-28 13:34:00,2025-01-29 11:41:00,2025-02-07 11:41:00,2025-02-11 11:41:00
ec91d7f3-e,4363085a,delivered,2025-10-05 03:04:00,2025-10-05 04:03:00,2025-10-08 03:04:00,2025-10-22 03:04:00,2025-10-15 03:04:00
fa5ba713-5,7924c6f1,delivered,2025-06-11 02:19:00,2025-06-11 02:26:00,2025-06-13 02:19:00,2025-06-26 02:19:00,2025-06-25 02:19:00
ed50f8ce-4,f8b63692,delivered,2025-09-15 03:32:00,2025-09-15 04:15:00,2025-09-16 03:32:00,2025-10-11 03:32:00,2025-10-04 03:32:00
43521a50-6,b0e6c331,canceled,2025-02-17 22:14:00,,,,2025-03-02 22:14:00
26469a1a-b,2c3941dd,shipped,2025-06-24 14:50:00,2025-06-24 15:28:00,2025-06-26 14:50:00,,2025-07-08 14:50:00
83834669-7,c18b33c7,delivered,2025-11-09 19:04:00,2025-11-09 19:48:00,2025-11-12 19:04:00,2025-12-01 19:04:00,2025-11-29 19:04:00
e939968d-2,82e633b8,delivered,2025-02-18 14:20:00,2025-02-18 15:08:00,2025-02-20 14:20:00,2025-02-26 14:20:00,2025-03-02 14:20:00
92acd26d-a,af121c81,delivered,2025-05-12 14:41:00,2025-05-12 15:21:00,2025-05-13 14:41:00,2025-06-02 14:41:00,2025-05-31 14:41:00
43c22d9d-9,e00baaf1,shipped,2025-11-16 10:23:00,2025-11-16 10:49:00,2025-11-19 10:23:00,,2025-12-02 10:23:00
c8a6df4f-6,e9a8a25d,delivered,2025-05-06 22:52:00,2025-05-07 01:20:00,2025-05-07 22:52:00,2025-05-26 22:52:00,2025-05-18 22:52:00
8c19b7a0-4,e498406f,invoiced,2025-08-25 21:05:00,2025-08-25 22:39:00,,,2025-09-11 21:05:00
4e9b1b7b-1,911dac13,delivered,2025-07-23 13:12:00,2025-07-23 14:59:00,2025-07-25 13:12:00,2025-08-03 13:12:00,2025-08-03 13:12:00
22d1b5d4-3,46fe6eac,delivered,2025-10-07 04:30:00,2025-10-07 05:12:00,2025-10-10 04:30:00,2025-10-20 04:30:00,2025-10-20 04:30:00
6fa094df-8,f1f4eb96,delivered,2025-01-28 06:55:00,2025-01-28 07:05:00,2025-01-31 06:55:00,2025-02-12 06:55:00,2025-02-13 06:55:00
b857d36d-9,7d7b42b4,delivered,2025-12-31 14:55:00,2025-12-31 16:47:00,2026-01-03 14:55:00,2026-01-18 14:55:00,2026-01-13 14:55:00
1b1c7f29-b,09b28725,delivered,2025-09-04 15:34:00,2025-09-04 16:20:00,2025-09-07 15:34:00,2025-09-20 15:34:00,2025-09-20 15:34:00
b0826361-1,ccab290b,delivered,2025-08-23 04:31:00,2025-08-23 05:57:00,2025-08-24 04:31:00,2025-09-13 04:31:00,2025-09-12 04:31:00
dada01f6-4,9c7eaa10,shipped,2025-02-19 01:13:00,2025-02-19 02:06:00,2025-02-21 01:13:00,,2025-03-09 01:13:00
2c89f63d-5,2e093507,delivered,2025-06-04 09:32:00,2025-06-04 10:08:00,2025-06-07 09:32:00,2025-06-26 09:32:00,2025-06-21 09:32:00
e7d48cb1-3,231b5e20,delivered,2025-05-26 21:44:00,2025-05-27 00:43:00,2025-05-28 21:44:00,2025-06-14 21:44:00,2025-06-15 21:44:00
9edc542a-d,65dcb60e,delivered,2025-11-12 13:06:00,2025-11-12 15:18:00,2025-11-15 13:06:00,2025-12-04 13:06:00,2025-12-01 13:06:00
5f6d41e6-b,b5d42195,delivered,2025-04-25 14:35:00,2025-04-25 16:17:00,2025-04-26 14:35:00,2025-05-16 14:35:00,2025-05-08 14:35:00
cc862410-7,26c1c700,invoiced,2025-11-27 22:50:00,2025-11-28 00:36:00,,,2025-12-07 22:50:00
79575fe3-6,181085e5,delivered,2025-01-14 04:50:00,2025-01-14 06:30:00,2025-01-17 04:50:00,2025-02-02 04:50:00,2025-02-02 04:50:00
7778444f-1,4b13c319,shipped,2025-11-26 12:53:00,2025-11-26 13:11:00,2025-11-29 12:53:00,,2025-12-12 12:53:00
9885d720-c,a4d30736,delivered,2025-08-12 07:06:00,2025-08-12 07:43:00,2025-08-15 07:06:00,2025-08-28 07:06:00,2025-08-23 07:06:00
80144fd1-e,ddfb280b,delivered,2025-06-15 06:05:00,2025-06-15 06:33:00,2025-06-16 06:05:00,2025-06-26 06:05:00,2025-07-01 06:05:00
e2869935-1,887c5e42,delivered,2025-03-08 14:40:00,2025-03-08 17:26:00,2025-03-10 14:40:00,2025-03-18 14:40:00,2025-03-20 14:40:00
ca12d015-7,752ffcee,canceled,2025-01-27 08:05:00,,,,2025-02-08 08:05:00
639e23d4-b,4b94943b,delivered,2025-02-24 04:18:00,2025-02-24 05:30:00,2025-02-25 04:18:00,2025-03-03 04:18:00,2025-03-07 04:18:00
19038382-4,b70ddfde,delivered,2025-02-07 15:40:00,2025-02-07 16:04:00,2025-02-08 15:40:00,2025-02-28 15:40:00,2025-02-27 15:40:00
b83a87fe-6,193bd1a3,delivered,2025-04-02 21:36:00,2025-04-03 00:22:00,2025-04-05 21:36:00,2025-04-08 21:36:00,2025-04-12 21:36:00
024c422d-6,8854cefd,delivered,2025-04-22 00:20:00,2025-04-22 01:00:00,2025-04-23 00:20:00,2025-05-09 00:20:00,2025-05-03 00:20:00
1e746b40-8,422022dd,shipped,2025-11-30 09:29:00,2025-11-30 11:40:00,2025-12-02 09:29:00,,2025-12-18 09:29:00
7634c3f6-3,c6056cec,delivered,2025-08-05 19:47:00,2025-08-05 21:01:00,2025-08-07 19:47:00,2025-08-20 19:47:00,2025-08-24 19:47:00
70ddfb3e-3,8ebe246d,delivered,2025-09-19 08:37:00,2025-09-19 10:26:00,2025-09-21 08:37:00,2025-10-16 08:37:00,2025-10-08 08:37:00
b0d943b1-d,a3147a4f,delivered,2025-04-21 21:23:00,2025-04-21 23:03:00,2025-04-22 21:23:00,2025-05-02 21:23:00,2025-05-06 21:23:00
ee921353-8,2011a007,delivered,2025-10-15 02:24:00,2025-10-15 03:41:00,2025-10-18 02:24:00,2025-10-31 02:24:00,2025-10-28 02:24:00
9167f710-0,ed329509,delivered,2025-12-16 13:20:00,2025-12-16 14:46:00,2025-12-17 13:20:00,2025-12-24 13:20:00,2025-12-29 13:20:00
e3bd120e-7,fbf2d460,delivered,2025-05-02 18:01:00,2025-05-02 19:18:00,2025-05-03 18:01:00,2025-05-29 18:01:00,2025-05-22 18:01:00
e00a5166-2,f3362ca7,delivered,2025-11-27 00:04:00,2025-11-27 02:09:00,2025-11-28 00:04:00,2025-12-19 00:04:00,2025-12-13 00:04:00
50e93c22-1,ed06d20d,delivered,2025-11-10 01:25:00,2025-11-10 02:46:00,2025-11-13 01:25:00,2025-11-29 01:25:00,2025-11-27 01:25:00
4543032f-5,f08fbc20,delivered,2025-12-19 23:27:00,2025-12-20 00:29:00,2025-12-20 23:27:00,2025-12-28 23:27:00,2025-12-30 23:27:00
8eb51d2f-7,17761198,invoiced,2025-01-23 03:03:00,2025-01-23 04:25:00,,,2025-02-03 03:03:00
77a09772-7,ff5abafa,delivered,2025-03-06 10:55:00,2025-03-06 11:37:00,2025-03-09 10:55:00,2025-03-27 10:55:00,2025-03-22 10:55:00
9c986f9b-c,f4c98c78,delivered,2025-05-24 10:49:00,2025-05-24 12:57:00,2025-05-25 10:49:00,2025-06-03 10:49:00,2025-06-04 10:49:00
a14f4298-6,adf780cd,delivered,2025-01-31 06:00:00,2025-01-31 08:56:00,2025-02-01 06:00:00,2025-02-25 06:00:00,2025-02-17 06:00:00
662027d3-2,52bb6a4d,shipped,2025-06-10 09:45:00,2025-06-10 11:46:00,2025-06-13 09:45:00,,2025-06-22 09:45:00
29875240-6,3affcdfa,delivered,2025-07-24 06:04:00,2025-07-24 07:20:00,2025-07-26 06:04:00,2025-08-10 06:04:00,2025-08-05 06:04:00
3fac80d3-4,079590a8,delivered,2025-08-24 05:17:00,2025-08-24 05:29:00,2025-08-26 05:17:00,2025-09-16 05:17:00,2025-09-13 05:17:00
3c30c800-1,194dc6c4,delivered,2025-03-19 12:32:00,2025-03-19 14:27:00,2025-03-22 12:32:00,2025-03-29 12:32:00,2025-04-03 12:32:00
91e3cf5e-1,915f8bf7,delivered,2025-04-07 12:11:00,2025-04-07 14:48:00,2025-04-09 12:11:00,2025-04-29 12:11:00,2025-04-25 12:11:00
4e598aed-c,7866c45d,delivered,2025-01-28 01:36:00,2025-01-28 02:49:00,2025-01-29 01:36:00,2025-02-11 01:36:00,2025-02-08 01:36:00
ab20c683-d,7bb28f78,delivered,2025-02-21 07:46:00,2025-02-21 08:59:00,2025-02-23 07:46:00,2025-03-03 07:46:00,2025-03-06 07:46:00
6c294e5b-f,aeb71e86,shipped,2025-09-02 23:19:00,2025-09-03 00:25:00,2025-09-03 23:19:00,,2025-09-17 23:19:00
1b0c36d9-7,7f31a6c1,delivered,2025-08-08 10:01:00,2025-08-08 10:51:00,2025-08-10 10:01:00,2025-08-16 10:01:00,2025-08-19 10:01:00
835336d5-0,e0965c13,delivered,2025-05-07 15:07:00,2025-05-07 15:23:00,2025-05-08 15:07:00,2025-05-31 15:07:00,2025-05-26 15:07:00
97c8deef-8,b8e71cd3,delivered,2025-06-30 09:45:00,2025-06-30 11:15:00,2025-07-03 09:45:00,2025-07-28 09:45:00,2025-07-20 09:45:00
668d39ca-4,e4ee1be5,delivered,2025-01-16 07:36:00,2025-01-16 09:31:00,2025-01-18 07:36:00,2025-02-04 07:36:00,2025-01-29 07:36:00
3d8d3d30-3,79579b55,shipped,2025-03-31 08:58:00,2025-03-31 11:56:00,2025-04-02 08:58:00,,2025-04-15 08:58:00
420e0e8c-9,0de50958,shipped,2025-12-26 10:53:00,2025-12-26 13:34:00,2025-12-27 10:53:00,,2026-01-11 10:53:00
744bd0e5-1,e20a714d,delivered,2025-09-25 09:39:00,2025-09-25 12:06:00,2025-09-28 09:39:00,2025-10-06 09:39:00,2025-10-07 09:39:00
2dfae349-c,3d701260,invoiced,2025-10-31 03:03:00,2025-10-31 05:13:00,,,2025-11-14 03:03:00
0224a3d6-b,5bc15d50,delivered,2025-05-26 16:42:00,2025-05-26 19:10:00,2025-05-27 16:42:00,2025-06-12 16:42:00,2025-06-06 16:42:00
c3fb36d4-9,3bdc5f45,delivered,2025-08-31 11:15:00,2025-08-31 14:13:00,2025-09-03 11:15:00,2025-09-17 11:15:00,2025-09-16 11:15:00
ee4d5491-5,a5b047d2,delivered,2025-10-16 13:43:00,2025-10-16 15:10:00,2025-10-19 13:43:00,2025-11-02 13:43:00,2025-10-28 13:43:00
743a92c3-a,11aa41fb,delivered,2025-07-12 13:06:00,2025-07-12 13:46:00,2025-07-15 13:06:00,2025-08-04 13:06:00,2025-07-29 13:06:00
70181d5b-7,f96436f3,delivered,2025-01-15 17:01:00,2025-01-15 18:53:00,2025-01-16 17:01:00,2025-01-31 17:01:00,2025-01-27 17:01:00
7afdcd5c-1,cc22928f,delivered,2025-08-25 16:29:00,2025-08-25 16:47:00,2025-08-26 16:29:00,2025-09-03 16:29:00,2025-09-04 16:29:00
af1f0f26-1,06ef2d0e,canceled,2025-09-19 23:45:00,,,,2025-09-29 23:45:00
542e2348-4,0d7fa440,delivered,2025-04-25 21:40:00,2025-04-25 22:24:00,2025-04-27 21:40:00,2025-05-14 21:40:00,2025-05-15 21:40:00
8a2c64be-2,2ffe7b43,delivered,2025-03-20 19:56:00,2025-03-20 20:31:00,2025-03-23 19:56:00,2025-03-29 19:56:00,2025-03-31 19:56:00
eea0b2cc-b,437602f6,delivered,2025-06-03 12:30:00,2025-06-03 13:22:00,2025-06-04 12:30:00,2025-06-20 12:30:00,2025-06-21 12:30:00
98d633ee-b,7dbb44eb,shipped,2025-12-25 17:12:00,2025-12-25 19:18:00,2025-12-27 17:12:00,,2026-01-08 17:12:00
59e76913-6,00ff3308,delivered,2025-12-24 03:29:00,2025-12-24 05:20:00,2025-12-26 03:29:00,2025-12-31 03:29:00,2026-01-05 03:29:00
d1da3830-a,41299692,canceled,2025-11-30 21:39:00,,,,2025-12-17 21:39:00
47b33b14-a,a09fb0c9,delivered,2025-05-22 00:10:00,2025-05-22 01:46:00,2025-05-25 00:10:00,2025-06-07 00:10:00,2025-06-09 00:10:00
15e290bc-2,88a0c5cf,canceled,2025-10-16 10:29:00,,,,2025-10-28 10:29:00
7b97f682-0,29f5f794,delivered,2025-07-12 15:38:00,2025-07-12 18:31:00,2025-07-13 15:38:00,2025-08-06 15:38:00,2025-07-31 15:38:00
b73b0bc0-4,ca75fdc2,canceled,2025-02-24 15:59:00,,,,2025-03-16 15:59:00
7b9c6b6b-b,2315a0cc,delivered,2025-03-31 23:57:00,2025-04-01 01:40:00,2025-04-02 23:57:00,2025-04-06 23:57:00,2025-04-11 23:57:00
1d79ff88-9,76b9a4fd,shipped,2025-11-20 00:59:00,2025-11-20 01:48:00,2025-11-22 00:59:00,,2025-12-01 00:59:00
d0fe850f-d,a6b6c875,delivered,2025-05-10 15:28:00,2025-05-10 18:26:00,2025-05-12 15:28:00,2025-05-21 15:28:00,2025-05-23 15:28:00
de19386c-8,b70b6684,delivered,2025-11-19 21:06:00,2025-11-19 22:03:00,2025-11-20 21:06:00,2025-11-26 21:06:00,2025-12-01 21:06:00
5e222eaa-a,53a2612c,canceled,2025-11-25 16:31:00,,,,2025-12-08 16:31:00
d317acba-f,5bc15d50,invoiced,2025-02-04 14:27:00,2025-02-04 17:12:00,,,2025-02-20 14:27:00
e734d913-3,531f974c,delivered,2025-01-12 07:52:00,2025-01-12 09:11:00,2025-01-14 07:52:00,2025-02-03 07:52:00,2025-01-28 07:52:00
6712c429-0,439d72d9,invoiced,2025-09-23 19:32:00,2025-09-23 20:56:00,,,2025-10-09 19:32:00
5b83849c-9,f1db5cef,canceled,2025-01-16 01:21:00,,,,2025-02-01 01:21:00
0ca7e1c1-c,8510f3e4,shipped,2025-06-18 21:58:00,2025-06-18 22:18:00,2025-06-19 21:58:00,,2025-07-05 21:58:00
e78ed648-c,bdd4ff59,delivered,2025-11-03 23:39:00,2025-11-04 00:04:00,2025-11-06 23:39:00,2025-11-17 23:39:00,2025-11-20 23:39:00
5b2a8526-6,194dc6c4,delivered,2025-06-05 07:01:00,2025-06-05 07:20:00,2025-06-06 07:01:00,2025-06-21 07:01:00,2025-06-18 07:01:00
e9fbadb1-6,72b1393d,delivered,2025-07-18 12:44:00,2025-07-18 13:21:00,2025-07-20 12:44:00,2025-08-06 12:44:00,2025-08-03 12:44:00
1231ed8e-7,f437ade8,delivered,2025-06-25 13:58:00,2025-06-25 14:17:00,2025-06-26 13:58:00,2025-07-04 13:58:00,2025-07-08 13:58:00
417297c8-e,6d5ca514,delivered,2025-01-08 23:15:00,2025-01-08 23:34:00,2025-01-09 23:15:00,2025-01-15 23:15:00,2025-01-18 23:15:00
8d75a8bd-c,137c035b,shipped,2025-07-23 15:42:00,2025-07-23 16:18:00,2025-07-26 15:42:00,,2025-08-03 15:42:00
2a02827c-5,1444c49c,delivered,2026-01-01 09:23:00,2026-01-01 11:49:00,2026-01-03 09:23:00,2026-01-19 09:23:00,2026-01-21 09:23:00
5a87461c-0,70f3fcf8,delivered,2025-12-28 19:31:00,2025-12-28 20:47:00,2025-12-29 19:31:00,2026-01-07 19:31:00,2026-01-10 19:31:00
7d42415a-1,f12cdf05,canceled,2025-08-14 20:48:00,,,,2025-08-31 20:48:00
c1667490-0,4b9f157e,delivered,2025-01-10 12:24:00,2025-01-10 14:22:00,2025-01-11 12:24:00,2025-01-21 12:24:00,2025-01-23 12:24:00
de4e4dde-3,8825b68e,delivered,2025-11-08 10:59:00,2025-11-08 12:11:00,2025-11-11 10:59:00,2025-11-28 10:59:00,2025-11-21 10:59:00
829cd70e-b,792fe453,delivered,2025-12-14 09:54:00,2025-12-14 12:15:00,2025-12-16 09:54:00,2026-01-03 09:54:00,2025-12-30 09:54:00
5b9bbd65-d,e44e3813,delivered,2025-01-08 08:51:00,2025-01-08 11:50:00,2025-01-10 08:51:00,2025-01-17 08:51:00,2025-01-19 08:51:00
b9afb302-8,0ed1d17a,delivered,2025-06-07 18:42:00,2025-06-07 20:09:00,2025-06-09 18:42:00,2025-06-21 18:42:00,2025-06-19 18:42:00
154bc692-f,603645d2,canceled,2025-10-12 06:26:00,,,,2025-10-22 06:26:00
cc60f43a-5,4cabde62,delivered,2025-08-14 05:16:00,2025-08-14 06:31:00,2025-08-16 05:16:00,2025-08-28 05:16:00,2025-08-31 05:16:00
61f64eb2-7,eef90944,canceled,2025-01-20 05:43:00,,,,2025-02-07 05:43:00
753fac75-5,e6031c0e,delivered,2025-01-09 21:54:00,2025-01-09 23:29:00,2025-01-12 21:54:00,2025-01-23 21:54:00,2025-01-19 21:54:00
60210b37-5,5244dbf1,delivered,2025-04-15 10:36:00,2025-04-15 12:16:00,2025-04-18 10:36:00,2025-04-27 10:36:00,2025-05-01 10:36:00
022edf45-5,83e3d7fb,delivered,2025-11-30 11:30:00,2025-11-30 12:50:00,2025-12-03 11:30:00,2025-12-07 11:30:00,2025-12-10 11:30:00
c5c8388a-3,11cbefd7,delivered,2025-06-10 16:45:00,2025-06-10 19:00:00,2025-06-13 16:45:00,2025-06-23 16:45:00,2025-06-25 16:45:00
10e583f2-3,6b2684bd,delivered,2025-02-09 07:36:00,2025-02-09 09:49:00,2025-02-12 07:36:00,2025-03-04 07:36:00,2025-03-01 07:36:00
eff9b7ea-c,61ca2f79,shipped,2025-08-30 21:33:00,2025-08-30 23:51:00,2025-09-01 21:33:00,,2025-09-14 21:33:00
7e758c76-1,95037f51,delivered,2025-06-11 23:07:00,2025-06-12 00:13:00,2025-06-13 23:07:00,2025-06-27 23:07:00,2025-06-27 23:07:00
d75ac2fc-a,26e3cda9,delivered,2025-08-18 13:14:00,2025-08-18 15:44:00,2025-08-19 13:14:00,2025-09-03 13:14:00,2025-09-05 13:14:00
296c5451-4,2c2cd27c,delivered,2025-09-16 04:36:00,2025-09-16 06:47:00,2025-09-19 04:36:00,2025-09-26 04:36:00,2025-09-29 04:36:00
7c26a8a7-e,41299692,invoiced,2025-08-09 00:44:00,2025-08-09 01:31:00,,,2025-08-20 00:44:00
b288a3bd-0,819548a5,delivered,2025-12-23 17:15:00,2025-12-23 18:35:00,2025-12-24 17:15:00,2026-01-15 17:15:00,2026-01-07 17:15:00
df6f843b-6,231b5e20,delivered,2025-09-02 22:08:00,2025-09-02 22:59:00,2025-09-05 22:08:00,2025-09-29 22:08:00,2025-09-21 22:08:00
5b60cc70-9,8262113b,invoiced,2025-02-19 07:19:00,2025-02-19 09:30:00,,,2025-03-06 07:19:00
a03b6654-4,29dea18c,delivered,2025-07-16 10:48:00,2025-07-16 11:38:00,2025-07-17 10:48:00,2025-08-03 10:48:00,2025-07-26 10:48:00
f75fd00f-9,305257ed,delivered,2025-11-07 03:59:00,2025-11-07 05:03:00,2025-11-10 03:59:00,2025-11-18 03:59:00,2025-11-21 03:59:00
394269b4-b,48011d87,shipped,2025-10-03 06:00:00,2025-10-03 08:10:00,2025-10-04 06:00:00,,2025-10-18 06:00:00
10140d19-8,e2cc81f8,delivered,2025-12-28 03:28:00,2025-12-28 05:23:00,2025-12-30 03:28:00,2026-01-07 03:28:00,2026-01-11 03:28:00
e8e78ef5-2,8e211ed1,delivered,2025-09-17 10:17:00,2025-09-17 12:18:00,2025-09-20 10:17:00,2025-10-10 10:17:00,2025-10-05 10:17:00
1956a63b-a,ad48725c,invoiced,2025-10-13 21:53:00,2025-10-14 00:38:00,,,2025-10-23 21:53:00
f6d56502-f,2328f8e4,delivered,2025-04-12 20:56:00,2025-04-12 21:23:00,2025-04-15 20:56:00,2025-04-20 20:56:00,2025-04-25 20:56:00
5f32d858-1,e9f39f55,canceled,2025-05-15 19:24:00,,,,2025-06-04 19:24:00
7f6be615-5,b7451573,delivered,2025-04-29 09:42:00,2025-04-29 11:51:00,2025-05-01 09:42:00,2025-05-20 09:42:00,2025-05-19 09:42:00
2ff52d1a-8,2cc440b6,delivered,2025-06-16 07:42:00,2025-06-16 09:35:00,2025-06-17 07:42:00,2025-06-30 07:42:00,2025-06-28 07:42:00
2b71794d-e,45123128,shipped,2025-04-21 13:03:00,2025-04-21 15:31:00,2025-04-23 13:03:00,,2025-05-05 13:03:00
af7073d8-b,752ffcee,delivered,2025-05-18 15:46:00,2025-05-18 16:47:00,2025-05-20 15:46:00,2025-06-15 15:46:00,2025-06-07 15:46:00
2d70d121-6,bafd02f5,invoiced,2025-11-17 03:39:00,2025-11-17 06:20:00,,,2025-12-02 03:39:00
5d8b43d0-3,e1b92e4d,invoiced,2025-12-27 10:58:00,2025-12-27 12:33:00,,,2026-01-14 10:58:00
8bf5665e-b,4355b7c2,delivered,2025-04-28 09:51:00,2025-04-28 10:37:00,2025-04-30 09:51:00,2025-05-14 09:51:00,2025-05-13 09:51:00
ca2ce335-5,fe5bb0bf,shipped,2025-07-23 15:02:00,2025-07-23 15:47:00,2025-07-25 15:02:00,,2025-08-06 15:02:00
862f2300-d,bdf833a6,delivered,2025-03-09 23:56:00,2025-03-10 01:10:00,2025-03-10 23:56:00,2025-03-16 23:56:00,2025-03-20 23:56:00
4ecf3d75-2,24ce1cf8,delivered,2025-02-18 23:37:00,2025-02-19 01:22:00,2025-02-19 23:37:00,2025-03-17 23:37:00,2025-03-09 23:37:00
efdf9c06-2,271648ce,delivered,2025-04-14 03:16:00,2025-04-14 06:08:00,2025-04-17 03:16:00,2025-05-02 03:16:00,2025-05-01 03:16:00
a85aff62-1,783f4ccb,delivered,2025-12-26 17:32:00,2025-12-26 18:39:00,2025-12-28 17:32:00,2026-01-07 17:32:00,2026-01-05 17:32:00
b4ef86df-e,9af8f8ac,shipped,2025-01-13 12:49:00,2025-01-13 13:53:00,2025-01-15 12:49:00,,2025-01-28 12:49:00
43d7124a-3,1e5c5aab,delivered,2025-04-17 15:37:00,2025-04-17 16:45:00,2025-04-18 15:37:00,2025-04-30 15:37:00,2025-04-29 15:37:00
53687474-d,d842cd04,delivered,2025-07-30 09:47:00,2025-07-30 11:18:00,2025-07-31 09:47:00,2025-08-09 09:47:00,2025-08-09 09:47:00
7529a108-d,a35aeec9,shipped,2025-09-13 10:41:00,2025-09-13 11:46:00,2025-09-15 10:41:00,,2025-09-30 10:41:00
50ae4833-0,77a7ae1f,canceled,2025-02-09 12:08:00,,,,2025-02-19 12:08:00
880c957d-b,138b8bdd,delivered,2025-08-06 15:10:00,2025-08-06 17:55:00,2025-08-09 15:10:00,2025-08-20 15:10:00,2025-08-23 15:10:00
e04dedde-7,23674bc7,canceled,2025-12-13 08:33:00,,,,2025-12-28 08:33:00
cae1ff01-8,20a4033b,shipped,2025-12-17 06:51:00,2025-12-17 09:33:00,2025-12-20 06:51:00,,2026-01-01 06:51:00
a20fff1a-6,72e9c627,invoiced,2025-03-11 05:33:00,2025-03-11 07:39:00,,,2025-03-21 05:33:00
0c2e16a7-d,7494e4c0,delivered,2025-04-13 22:06:00,2025-04-14 00:28:00,2025-04-15 22:06:00,2025-04-24 22:06:00,2025-04-28 22:06:00
9272b876-3,e80532ff,delivered,2025-11-18 00:59:00,2025-11-18 01:53:00,2025-11-20 00:59:00,2025-12-10 00:59:00,2025-12-02 00:59:00
ef6fe114-8,70bb53c6,delivered,2025-10-16 03:08:00,2025-10-16 05:26:00,2025-10-19 03:08:00,2025-11-12 03:08:00,2025-11-05 03:08:00
49a14968-8,2254313b,canceled,2025-08-31 06:10:00,,,,2025-09-10 06:10:00
87b2567a-0,00e528b5,delivered,2025-02-09 01:08:00,2025-02-09 03:23:00,2025-02-11 01:08:00,2025-03-02 01:08:00,2025-02-25 01:08:00
a56cc34c-3,3d24e460,delivered,2025-07-17 22:30:00,2025-07-18 00:05:00,2025-07-19 22:30:00,2025-08-04 22:30:00,2025-08-04 22:30:00
5bf60b1e-2,8fcf0956,delivered,2025-08-12 17:28:00,2025-08-12 19:38:00,2025-08-15 17:28:00,2025-08-31 17:28:00,2025-08-26 17:28:00
93fb892e-f,92c63399,invoiced,2025-12-10 11:46:00,2025-12-10 13:39:00,,,2025-12-23 11:46:00
299bf236-0,c7f87701,delivered,2025-09-27 06:00:00,2025-09-27 08:35:00,2025-09-29 06:00:00,2025-10-08 06:00:00,2025-10-12 06:00:00
250555ac-8,271648ce,canceled,2025-01-30 18:52:00,,,,2025-02-09 18:52:00
a47d55fa-2,d48975be,invoiced,2025-10-07 03:02:00,2025-10-07 04:41:00,,,2025-10-17 03:02:00
cfd69365-7,2cc440b6,invoiced,2025-03-03 01:28:00,2025-03-03 04:16:00,,,2025-03-13 01:28:00
079015c0-d,23b6f2c7,delivered,2025-12-11 10:57:00,2025-12-11 11:45:00,2025-12-14 10:57:00,2025-12-29 10:57:00,2025-12-26 10:57:00
efdb2d09-e,160a0e4e,invoiced,2025-09-14 04:46:00,2025-09-14 05:59:00,,,2025-09-25 04:46:00
5731a0fc-f,4cb0673f,delivered,2025-11-22 23:53:00,2025-11-22 23:58:00,2025-11-24 23:53:00,2025-12-09 23:53:00,2025-12-06 23:53:00
30ee1e45-a,e84b57a8,delivered,2025-03-01 02:11:00,2025-03-01 02:38:00,2025-03-02 02:11:00,2025-03-20 02:11:00,2025-03-16 02:11:00
049e9cb4-3,631eb0b1,delivered,2025-05-07 09:53:00,2025-05-07 12:52:00,2025-05-10 09:53:00,2025-05-26 09:53:00,2025-05-20 09:53:00
84f08622-2,390dd4c3,delivered,2025-04-07 08:56:00,2025-04-07 09:52:00,2025-04-08 08:56:00,2025-04-20 08:56:00,2025-04-21 08:56:00
b8e6af0d-4,2f677f1e,invoiced,2025-11-25 16:28:00,2025-11-25 19:14:00,,,2025-12-15 16:28:00
e7c919bb-2,06b4cdf5,canceled,2025-12-16 09:13:00,,,,2025-12-31 09:13:00
932b5d40-5,4aada425,delivered,2025-09-20 06:16:00,2025-09-20 07:16:00,2025-09-22 06:16:00,2025-09-29 06:16:00,2025-10-04 06:16:00
3ce54dd9-1,7494e4c0,delivered,2025-11-19 11:55:00,2025-11-19 12:02:00,2025-11-20 11:55:00,2025-12-07 11:55:00,2025-12-05 11:55:00
61b22278-a,7b865967,delivered,2025-01-12 14:51:00,2025-01-12 17:33:00,2025-01-14 14:51:00,2025-02-04 14:51:00,2025-01-31 14:51:00
87d1d11d-b,33099f7b,delivered,2025-09-05 21:25:00,2025-09-05 22:46:00,2025-09-06 21:25:00,2025-09-25 21:25:00,2025-09-18 21:25:00
c441d555-5,ec257b19,canceled,2025-09-26 06:36:00,,,,2025-10-08 06:36:00
1fbfdd93-b,1126f90f,delivered,2025-03-14 11:29:00,2025-03-14 13:15:00,2025-03-15 11:29:00,2025-03-26 11:29:00,2025-03-31 11:29:00
366f5295-e,5679ffef,invoiced,2025-04-15 13:05:00,2025-04-15 14:12:00,,,2025-04-27 13:05:00
79433d71-e,acd55327,canceled,2025-07-21 22:13:00,,,,2025-08-07 22:13:00
205afa89-6,cc2c0f15,delivered,2025-03-07 10:48:00,2025-03-07 11:27:00,2025-03-09 10:48:00,2025-03-21 10:48:00,2025-03-22 10:48:00
26984db6-d,8ad3b61b,delivered,2025-11-08 05:49:00,2025-11-08 06:54:00,2025-11-10 05:49:00,2025-11-23 05:49:00,2025-11-23 05:49:00
8a40c032-6,5bc15d50,delivered,2025-04-07 01:13:00,2025-04-07 02:35:00,2025-04-09 01:13:00,2025-04-18 01:13:00,2025-04-18 01:13:00
8d5e2b21-7,411b69aa,invoiced,2025-09-04 01:16:00,2025-09-04 03:08:00,,,2025-09-16 01:16:00
6c774f08-c,d9ee7fe3,canceled,2025-02-21 20:55:00,,,,2025-03-09 20:55:00
6732b7d0-5,93bd64e7,canceled,2025-12-10 12:27:00,,,,2025-12-20 12:27:00
b1a09f9c-6,a356ac45,shipped,2025-07-10 15:45:00,2025-07-10 17:15:00,2025-07-13 15:45:00,,2025-07-25 15:45:00
4aae3eeb-d,43173f01,delivered,2025-03-18 00:21:00,2025-03-18 02:57:00,2025-03-20 00:21:00,2025-04-03 00:21:00,2025-03-31 00:21:00
5e8be99a-4,dbe54014,shipped,2025-12-18 11:16:00,2025-12-18 13:09:00,2025-12-20 11:16:00,,2026-01-07 11:16:00
98190045-6,8072f92c,delivered,2025-08-17 10:19:00,2025-08-17 13:06:00,2025-08-18 10:19:00,2025-09-01 10:19:00,2025-09-05 10:19:00
b05609cd-3,9cf64566,delivered,2025-03-06 23:09:00,2025-03-07 01:56:00,2025-03-08 23:09:00,2025-03-21 23:09:00,2025-03-22 23:09:00
6b6e4e39-e,63aefef2,delivered,2025-01-21 02:20:00,2025-01-21 04:00:00,2025-01-22 02:20:00,2025-02-06 02:20:00,2025-02-02 02:20:00
91921e10-4,b8316a60,invoiced,2025-04-09 18:16:00,2025-04-09 19:38:00,,,2025-04-28 18:16:00
4b7ea172-7,bfcf156f,delivered,2025-08-12 08:47:00,2025-08-12 09:39:00,2025-08-14 08:47:00,2025-09-04 08:47:00,2025-08-30 08:47:00
e681fe5f-1,3bb67932,delivered,2025-04-17 00:50:00,2025-04-17 02:41:00,2025-04-20 00:50:00,2025-04-28 00:50:00,2025-04-29 00:50:00
e748c2ae-4,28009acc,delivered,2025-11-10 09:46:00,2025-11-10 12:26:00,2025-11-12 09:46:00,2025-11-30 09:46:00,2025-11-29 09:46:00
ae6d2eea-8,0ed1d17a,delivered,2025-06-24 10:22:00,2025-06-24 12:20:00,2025-06-25 10:22:00,2025-07-19 10:22:00,2025-07-11 10:22:00
27eeb142-8,3872ece8,delivered,2025-01-17 21:54:00,2025-01-18 00:25:00,2025-01-18 21:54:00,2025-02-08 21:54:00,2025-02-06 21:54:00
ffbd6fc7-8,c720bb39,delivered,2025-05-30 10:28:00,2025-05-30 13:25:00,2025-06-01 10:28:00,2025-06-06 10:28:00,2025-06-09 10:28:00
20fee447-0,dacee848,invoiced,2025-05-26 17:47:00,2025-05-26 19:57:00,,,2025-06-08 17:47:00
efa96440-c,4712fc20,delivered,2025-04-19 03:36:00,2025-04-19 04:55:00,2025-04-20 03:36:00,2025-05-08 03:36:00,2025-05-01 03:36:00
8b466d44-9,2fa4093c,canceled,2025-02-24 21:56:00,,,,2025-03-16 21:56:00
ef741350-8,29cde9c1,invoiced,2025-04-01 12:18:00,2025-04-01 12:23:00,,,2025-04-19 12:18:00
451c0b3a-9,f96436f3,delivered,2025-11-22 00:39:00,2025-11-22 01:41:00,2025-11-23 00:39:00,2025-12-15 00:39:00,2025-12-11 00:39:00
0f9b9ee7-d,1aff82ca,delivered,2025-03-27 18:40:00,2025-03-27 20:45:00,2025-03-30 18:40:00,2025-04-07 18:40:00,2025-04-07 18:40:00
fefe41d5-7,3699ffd1,canceled,2025-05-03 05:30:00,,,,2025-05-16 05:30:00
056b7138-1,c85366d9,delivered,2025-08-24 07:43:00,2025-08-24 10:22:00,2025-08-26 07:43:00,2025-09-13 07:43:00,2025-09-06 07:43:00
f6c0a1af-3,f8b63692,invoiced,2025-03-23 07:29:00,2025-03-23 07:51:00,,,2025-04-02 07:29:00
d1a808a0-d,bdd4ff59,invoiced,2025-08-02 08:56:00,2025-08-02 11:18:00,,,2025-08-13 08:56:00
093393d8-3,80337d04,invoiced,2025-01-21 11:25:00,2025-01-21 13:40:00,,,2025-02-10 11:25:00
0e9334af-a,5ae1b778,invoiced,2025-02-27 23:10:00,2025-02-28 00:48:00,,,2025-03-15 23:10:00
aee42735-c,959290b6,delivered,2025-11-25 22:04:00,2025-11-26 00:06:00,2025-11-28 22:04:00,2025-12-19 22:04:00,2025-12-12 22:04:00
1dcb6ab1-5,a356ac45,canceled,2025-05-13 18:17:00,,,,2025-06-01 18:17:00
c1ebe017-b,28009acc,delivered,2025-10-16 11:45:00,2025-10-16 13:04:00,2025-10-18 11:45:00,2025-11-01 11:45:00,2025-10-28 11:45:00
8c030d2b-0,d97b58d9,shipped,2025-05-30 12:16:00,2025-05-30 15:04:00,2025-05-31 12:16:00,,2025-06-09 12:16:00
ddcab147-5,17fa7ea7,delivered,2025-11-13 05:22:00,2025-11-13 08:11:00,2025-11-14 05:22:00,2025-12-10 05:22:00,2025-12-02 05:22:00
c223b7bf-3,d64cd06f,delivered,2025-09-26 15:11:00,2025-09-26 17:19:00,2025-09-28 15:11:00,2025-10-11 15:11:00,2025-10-06 15:11:00
eccebef1-5,cdf55148,canceled,2025-01-07 23:54:00,,,,2025-01-25 23:54:00
ce0fffa6-5,a460402e,shipped,2025-10-01 23:34:00,2025-10-01 23:59:00,2025-10-02 23:34:00,,2025-10-18 23:34:00
5a0b1c47-c,630bd170,canceled,2025-08-22 05:02:00,,,,2025-09-10 05:02:00
82b97d1a-4,60108b01,delivered,2025-09-25 09:03:00,2025-09-25 10:01:00,2025-09-26 09:03:00,2025-10-12 09:03:00,2025-10-08 09:03:00
d76119f2-f,b8316a60,delivered,2025-02-12 15:12:00,2025-02-12 15:42:00,2025-02-15 15:12:00,2025-03-01 15:12:00,2025-03-03 15:12:00
7a78b6a9-a,059bc403,delivered,2025-10-29 20:39:00,2025-10-29 22:40:00,2025-10-30 20:39:00,2025-11-19 20:39:00,2025-11-12 20:39:00
36b68e33-6,783f4ccb,shipped,2025-05-26 20:19:00,2025-05-26 21:31:00,2025-05-29 20:19:00,,2025-06-08 20:19:00
57702707-c,5357ab9c,delivered,2025-06-13 16:30:00,2025-06-13 18:41:00,2025-06-14 16:30:00,2025-06-21 16:30:00,2025-06-25 16:30:00
5038294f-7,67e80b46,invoiced,2025-04-29 06:19:00,2025-04-29 08:32:00,,,2025-05-13 06:19:00
e5645751-2,0002b17b,shipped,2025-12-11 04:20:00,2025-12-11 05:05:00,2025-12-12 04:20:00,,2025-12-27 04:20:00
aeaaf47e-0,99627d04,delivered,2025-04-28 08:30:00,2025-04-28 09:52:00,2025-04-30 08:30:00,2025-05-09 08:30:00,2025-05-10 08:30:00
3f7072dc-6,77a7ae1f,shipped,2025-07-21 13:00:00,2025-07-21 14:48:00,2025-07-22 13:00:00,,2025-08-06 13:00:00
d4a9f197-0,ad18a686,canceled,2025-05-12 09:53:00,,,,2025-05-27 09:53:00
be1853fc-b,147ffeed,canceled,2025-04-13 06:39:00,,,,2025-05-01 06:39:00
f44e9669-1,15b7a55a,canceled,2025-09-03 23:37:00,,,,2025-09-20 23:37:00
1c67316d-d,c566e51f,delivered,2025-10-03 11:28:00,2025-10-03 12:45:00,2025-10-04 11:28:00,2025-10-17 11:28:00,2025-10-20 11:28:00
fe2b9370-3,576efc14,shipped,2025-04-13 17:05:00,2025-04-13 19:02:00,2025-04-14 17:05:00,,2025-04-28 17:05:00
a2246f04-3,7a6a135c,invoiced,2025-12-25 22:47:00,2025-12-26 00:12:00,,,2026-01-09 22:47:00
6ccd7671-6,5b4d302d,shipped,2025-01-12 04:07:00,2025-01-12 06:56:00,2025-01-14 04:07:00,,2025-01-28 04:07:00
6e6e752b-7,13c7f279,delivered,2025-10-17 13:02:00,2025-10-17 15:16:00,2025-10-19 13:02:00,2025-11-06 13:02:00,2025-11-04 13:02:00
38d11b97-e,8977be52,shipped,2025-02-27 17:10:00,2025-02-27 19:26:00,2025-02-28 17:10:00,,2025-03-18 17:10:00
b31e7bb4-d,7747b46c,delivered,2025-09-28 22:47:00,2025-09-29 00:42:00,2025-09-29 22:47:00,2025-10-18 22:47:00,2025-10-14 22:47:00
1938f308-c,90f8a981,delivered,2025-04-25 18:43:00,2025-04-25 20:11:00,2025-04-28 18:43:00,2025-05-17 18:43:00,2025-05-12 18:43:00
af5f049d-7,a13ba73e,delivered,2025-03-17 06:19:00,2025-03-17 07:10:00,2025-03-18 06:19:00,2025-03-30 06:19:00,2025-03-27 06:19:00
df2d603c-f,4213f6be,delivered,2025-12-03 06:12:00,2025-12-03 07:34:00,2025-12-04 06:12:00,2025-12-18 06:12:00,2025-12-19 06:12:00
c17a2dfb-5,e23faf2c,invoiced,2025-07-12 00:28:00,2025-07-12 01:26:00,,,2025-07-28 00:28:00
1b9018f4-a,1ed0c4ff,invoiced,2025-03-05 02:11:00,2025-03-05 04:25:00,,,2025-03-24 02:11:00
0477c77d-5,24ce1cf8,delivered,2025-06-12 13:12:00,2025-06-12 14:10:00,2025-06-13 13:12:00,2025-06-30 13:12:00,2025-06-30 13:12:00
cc859e59-c,91486559,delivered,2025-02-21 11:23:00,2025-02-21 12:47:00,2025-02-22 11:23:00,2025-03-17 11:23:00,2025-03-09 11:23:00
977c1b4d-4,0016f51a,delivered,2025-05-21 23:41:00,2025-05-22 01:08:00,2025-05-22 23:41:00,2025-06-10 23:41:00,2025-06-02 23:41:00
f64ad015-5,f94b97f5,delivered,2025-11-02 06:55:00,2025-11-02 09:49:00,2025-11-04 06:55:00,2025-11-21 06:55:00,2025-11-17 06:55:00
fc9095c8-6,30f8b988,canceled,2025-12-09 05:23:00,,,,2025-12-20 05:23:00
4adf84ad-c,3f595a6b,delivered,2025-01-14 10:01:00,2025-01-14 12:06:00,2025-01-15 10:01:00,2025-01-27 10:01:00,2025-01-26 10:01:00
65948671-9,21c96885,delivered,2025-06-28 07:05:00,2025-06-28 08:57:00,2025-06-29 07:05:00,2025-07-11 07:05:00,2025-07-09 07:05:00
4cf502a8-9,21885b1c,delivered,2025-06-09 15:30:00,2025-06-09 16:40:00,2025-06-10 15:30:00,2025-06-29 15:30:00,2025-06-24 15:30:00
472aa24d-e,0881549d,delivered,2025-04-23 16:08:00,2025-04-23 16:49:00,2025-04-24 16:08:00,2025-05-09 16:08:00,2025-05-13 16:08:00
230e1506-a,c9389d9a,delivered,2025-12-04 09:21:00,2025-12-04 11:24:00,2025-12-07 09:21:00,2025-12-26 09:21:00,2025-12-23 09:21:00
f73c7f53-9,1bbfdc37,canceled,2025-03-16 18:47:00,,,,2025-03-26 18:47:00
469600a3-e,786e6800,delivered,2025-03-15 20:02:00,2025-03-15 21:07:00,2025-03-16 20:02:00,2025-03-31 20:02:00,2025-03-31 20:02:00
4d3f90b4-3,2594f35e,delivered,2025-04-20 14:39:00,2025-04-20 15:51:00,2025-04-23 14:39:00,2025-05-03 14:39:00,2025-05-07 14:39:00
8e6bdf3f-9,cc4e1589,invoiced,2025-09-07 17:29:00,2025-09-07 20:23:00,,,2025-09-18 17:29:00
f5c1f360-d,27489a40,canceled,2025-01-14 17:08:00,,,,2025-01-25 17:08:00
4ee6466e-a,7d4a7ef3,delivered,2025-03-06 11:19:00,2025-03-06 13:19:00,2025-03-08 11:19:00,2025-03-20 11:19:00,2025-03-24 11:19:00
b30edbd6-1,d1e95301,shipped,2025-03-19 18:55:00,2025-03-19 21:15:00,2025-03-22 18:55:00,,2025-03-29 18:55:00
6fb84dcb-4,e2f85767,invoiced,2025-03-19 17:39:00,2025-03-19 19:32:00,,,2025-04-01 17:39:00
5a1fcba0-5,411a5679,delivered,2025-06-14 04:46:00,2025-06-14 06:07:00,2025-06-15 04:46:00,2025-06-24 04:46:00,2025-06-25 04:46:00
468bfb31-d,6632321f,delivered,2025-07-30 04:09:00,2025-07-30 06:17:00,2025-07-31 04:09:00,2025-08-13 04:09:00,2025-08-12 04:09:00
1539177c-b,c5613c06,delivered,2025-03-05 23:47:00,2025-03-06 02:21:00,2025-03-08 23:47:00,2025-03-15 23:47:00,2025-03-17 23:47:00
bc7e0138-c,09f906dd,shipped,2025-02-22 20:38:00,2025-02-22 22:43:00,2025-02-23 20:38:00,,2025-03-14 20:38:00
4fd87a44-9,72e9c627,delivered,2025-05-20 01:24:00,2025-05-20 02:34:00,2025-05-21 01:24:00,2025-06-11 01:24:00,2025-06-09 01:24:00
678737a3-c,32812e08,delivered,2025-09-25 03:05:00,2025-09-25 05:44:00,2025-09-28 03:05:00,2025-10-08 03:05:00,2025-10-10 03:05:00
81425c0b-5,0961fc8d,canceled,2025-05-22 08:40:00,,,,2025-06-09 08:40:00
f567a1c9-f,97a5f6ce,canceled,2025-09-06 07:37:00,,,,2025-09-23 07:37:00
629700ea-0,4def9caa,delivered,2025-10-15 19:53:00,2025-10-15 22:22:00,2025-10-17 19:53:00,2025-11-06 19:53:00,2025-11-03 19:53:00
1cf7cd0a-6,50daba29,canceled,2025-12-30 19:26:00,,,,2026-01-15 19:26:00
6114e4b6-0,ff5abafa,shipped,2025-09-25 01:25:00,2025-09-25 04:10:00,2025-09-28 01:25:00,,2025-10-11 01:25:00
cacc2a1f-b,7cd6b918,delivered,2025-07-31 00:46:00,2025-07-31 02:47:00,2025-08-02 00:46:00,2025-08-23 00:46:00,2025-08-15 00:46:00
440847a9-6,191f09d3,delivered,2025-08-23 22:40:00,2025-08-23 23:52:00,2025-08-24 22:40:00,2025-09-08 22:40:00,2025-09-05 22:40:00
28911532-1,34e341f1,delivered,2025-06-30 19:34:00,2025-06-30 20:37:00,2025-07-02 19:34:00,2025-07-10 19:34:00,2025-07-14 19:34:00
d2f05320-7,d68c3f94,invoiced,2025-08-13 11:48:00,2025-08-13 12:33:00,,,2025-08-25 11:48:00
179844cf-c,aeb71e86,canceled,2025-10-14 09:48:00,,,,2025-11-01 09:48:00
eac3ad7e-3,5967841b,delivered,2025-12-31 19:58:00,2025-12-31 22:52:00,2026-01-02 19:58:00,2026-01-11 19:58:00,2026-01-14 19:58:00
f9618ade-8,6a760e17,invoiced,2025-05-31 19:36:00,2025-05-31 20:02:00,,,2025-06-15 19:36:00
8cec75b2-8,0ed1d17a,delivered,2025-05-05 00:54:00,2025-05-05 03:35:00,2025-05-07 00:54:00,2025-05-23 00:54:00,2025-05-22 00:54:00
3b088226-3,fef4392b,delivered,2025-11-18 18:56:00,2025-11-18 20:40:00,2025-11-21 18:56:00,2025-12-08 18:56:00,2025-12-02 18:56:00
1c81c8ec-b,a15f1c46,delivered,2025-02-09 22:08:00,2025-02-09 23:35:00,2025-02-12 22:08:00,2025-03-01 22:08:00,2025-02-22 22:08:00
d5aabfbb-d,422022dd,delivered,2025-10-02 10:06:00,2025-10-02 12:45:00,2025-10-03 10:06:00,2025-10-23 10:06:00,2025-10-17 10:06:00
52c69c6a-2,57b8a0e3,invoiced,2025-01-28 14:39:00,2025-01-28 16:36:00,,,2025-02-14 14:39:00
4cb8265a-f,b8bea469,shipped,2025-11-29 01:57:00,2025-11-29 03:30:00,2025-12-01 01:57:00,,2025-12-11 01:57:00
c1c95806-d,b2490dd0,canceled,2025-01-15 22:38:00,,,,2025-02-01 22:38:00
515a0600-8,b302206e,delivered,2025-10-03 22:43:00,2025-10-04 00:05:00,2025-10-05 22:43:00,2025-10-20 22:43:00,2025-10-16 22:43:00
33260900-2,3178b7c1,canceled,2025-07-03 18:07:00,,,,2025-07-14 18:07:00
fdeb3ae9-d,47a5974e,delivered,2025-11-04 05:53:00,2025-11-04 06:44:00,2025-11-05 05:53:00,2025-11-26 05:53:00,2025-11-24 05:53:00
495cb4c4-d,c3726a6e,canceled,2025-07-18 13:24:00,,,,2025-08-04 13:24:00
73ce8bb0-9,cef22069,canceled,2025-08-09 08:31:00,,,,2025-08-20 08:31:00
71c2ffc4-8,2dfdfa5b,canceled,2025-02-11 10:28:00,,,,2025-02-22 10:28:00
bf0fe1c0-0,379f4fed,delivered,2025-12-16 11:06:00,2025-12-16 11:54:00,2025-12-17 11:06:00,2025-12-29 11:06:00,2026-01-03 11:06:00
73b8ebef-e,83fb8e82,delivered,2025-02-05 05:12:00,2025-02-05 07:59:00,2025-02-08 05:12:00,2025-02-19 05:12:00,2025-02-22 05:12:00
504682cc-c,76b9a4fd,shipped,2025-04-01 14:45:00,2025-04-01 15:35:00,2025-04-04 14:45:00,,2025-04-13 14:45:00
8d8cb063-6,32812e08,delivered,2025-06-28 21:11:00,2025-06-28 23:47:00,2025-07-01 21:11:00,2025-07-06 21:11:00,2025-07-10 21:11:00
3d6dfd11-3,1d26216d,shipped,2025-07-19 14:07:00,2025-07-19 17:03:00,2025-07-22 14:07:00,,2025-07-30 14:07:00
e47ab3f1-f,9f456e7f,invoiced,2025-07-26 01:22:00,2025-07-26 01:42:00,,,2025-08-12 01:22:00
c0bbe303-0,fb653317,delivered,2025-10-07 20:12:00,2025-10-07 21:29:00,2025-10-09 20:12:00,2025-10-21 20:12:00,2025-10-19 20:12:00
e8f07852-2,6fb9cd07,delivered,2025-10-15 15:39:00,2025-10-15 17:23:00,2025-10-17 15:39:00,2025-11-08 15:39:00,2025-11-01 15:39:00
c901ba9d-c,83e84140,delivered,2025-11-25 10:47:00,2025-11-25 11:04:00,2025-11-28 10:47:00,2025-11-30 10:47:00,2025-12-05 10:47:00
995a574f-0,75ab69f6,canceled,2025-12-24 01:58:00,,,,2026-01-06 01:58:00
1ec552a9-0,10dea9dd,canceled,2025-04-15 15:13:00,,,,2025-05-04 15:13:00
2242d4b4-9,4e210f95,delivered,2025-05-29 00:57:00,2025-05-29 02:03:00,2025-06-01 00:57:00,2025-06-10 00:57:00,2025-06-13 00:57:00
fce12126-d,678818d2,canceled,2025-05-20 13:44:00,,,,2025-05-30 13:44:00
296325b7-3,d92c7bc0,invoiced,2025-09-07 08:38:00,2025-09-07 08:45:00,,,2025-09-27 08:38:00
e6d9b18a-5,caf4dfc6,delivered,2025-03-01 05:57:00,2025-03-01 08:07:00,2025-03-02 05:57:00,2025-03-16 05:57:00,2025-03-13 05:57:00
75ad5ef3-2,ebb4338a,shipped,2025-05-27 09:54:00,2025-05-27 12:24:00,2025-05-29 09:54:00,,2025-06-07 09:54:00
9586837d-b,8c621a78,delivered,2025-09-03 03:07:00,2025-09-03 04:10:00,2025-09-04 03:07:00,2025-09-16 03:07:00,2025-09-19 03:07:00
f863dd09-f,c7481219,delivered,2025-11-02 01:42:00,2025-11-02 03:55:00,2025-11-03 01:42:00,2025-11-21 01:42:00,2025-11-15 01:42:00
53f63616-2,c4f20f74,delivered,2025-08-25 06:57:00,2025-08-25 09:46:00,2025-08-26 06:57:00,2025-09-11 06:57:00,2025-09-10 06:57:00
d2f059ee-e,18d76b60,canceled,2025-08-13 00:55:00,,,,2025-08-30 00:55:00
20dd9c0e-a,b0aca43e,delivered,2025-10-08 10:03:00,2025-10-08 10:36:00,2025-10-11 10:03:00,2025-10-20 10:03:00,2025-10-19 10:03:00
8b59e5a8-d,07d2603d,delivered,2025-03-15 03:43:00,2025-03-15 04:47:00,2025-03-16 03:43:00,2025-03-26 03:43:00,2025-03-31 03:43:00
9f286f1a-e,cb785692,shipped,2025-02-07 00:41:00,2025-02-07 02:47:00,2025-02-10 00:41:00,,2025-02-27 00:41:00
13b22132-b,fb2902df,delivered,2025-06-26 20:29:00,2025-06-26 22:36:00,2025-06-27 20:29:00,2025-07-16 20:29:00,2025-07-13 20:29:00
6bd436c4-c,e66b272c,delivered,2025-01-11 13:51:00,2025-01-11 15:12:00,2025-01-12 13:51:00,2025-01-23 13:51:00,2025-01-21 13:51:00
0fadc147-3,0ec1e1f9,delivered,2025-08-04 13:29:00,2025-08-04 15:29:00,2025-08-06 13:29:00,2025-08-22 13:29:00,2025-08-20 13:29:00
c3b9e07b-b,f6835a07,delivered,2025-04-22 22:12:00,2025-04-23 00:42:00,2025-04-23 22:12:00,2025-05-19 22:12:00,2025-05-12 22:12:00
e708188f-3,1bbfdc37,canceled,2025-06-07 06:25:00,,,,2025-06-19 06:25:00
42014f65-e,b193a424,delivered,2025-01-27 06:13:00,2025-01-27 07:44:00,2025-01-30 06:13:00,2025-02-13 06:13:00,2025-02-08 06:13:00
65e00dfc-8,ef1f00d0,shipped,2025-12-08 05:17:00,2025-12-08 08:16:00,2025-12-11 05:17:00,,2025-12-20 05:17:00
0dc28f54-6,a78a96ba,delivered,2025-05-06 23:08:00,2025-05-07 01:17:00,2025-05-08 23:08:00,2025-06-01 23:08:00,2025-05-25 23:08:00
59abe6fd-8,e64883a2,invoiced,2025-01-28 10:54:00,2025-01-28 11:22:00,,,2025-02-12 10:54:00
55fc727e-a,ea769a28,canceled,2025-03-31 09:19:00,,,,2025-04-11 09:19:00
ec5ff591-6,187234d8,delivered,2025-10-15 17:40:00,2025-10-15 19:45:00,2025-10-18 17:40:00,2025-11-04 17:40:00,2025-10-29 17:40:00
bf66c55d-3,0ab63290,delivered,2025-07-14 15:10:00,2025-07-14 15:20:00,2025-07-17 15:10:00,2025-07-31 15:10:00,2025-07-29 15:10:00
9ddc2e88-7,7b754fb6,shipped,2025-06-26 10:05:00,2025-06-26 11:44:00,2025-06-27 10:05:00,,2025-07-08 10:05:00
017ee4e6-0,bda61991,delivered,2025-05-30 22:50:00,2025-05-30 23:16:00,2025-06-01 22:50:00,2025-06-25 22:50:00,2025-06-18 22:50:00
2356bbcd-0,39ec8305,shipped,2025-05-24 16:57:00,2025-05-24 17:08:00,2025-05-26 16:57:00,,2025-06-08 16:57:00
82db7a16-a,1be68eea,delivered,2025-06-20 17:02:00,2025-06-20 17:40:00,2025-06-23 17:02:00,2025-07-06 17:02:00,2025-06-30 17:02:00
4579e776-8,e498406f,delivered,2025-12-22 21:17:00,2025-12-22 22:58:00,2025-12-24 21:17:00,2026-01-13 21:17:00,2026-01-06 21:17:00
5c495cbb-b,15611ef2,delivered,2025-10-10 06:31:00,2025-10-10 07:48:00,2025-10-12 06:31:00,2025-10-23 06:31:00,2025-10-21 06:31:00
8d94f934-c,13c7f279,delivered,2025-03-20 18:51:00,2025-03-20 19:56:00,2025-03-21 18:51:00,2025-03-26 18:51:00,2025-03-31 18:51:00
26c496a8-2,619cd728,invoiced,2025-08-24 20:55:00,2025-08-24 22:24:00,,,2025-09-13 20:55:00
95031f75-4,20119073,canceled,2025-02-16 00:27:00,,,,2025-03-08 00:27:00
6e127d78-1,e1ddb0a4,shipped,2025-04-09 15:52:00,2025-04-09 16:47:00,2025-04-12 15:52:00,,2025-04-26 15:52:00
02c96245-e,f6ad384c,delivered,2025-04-05 16:00:00,2025-04-05 16:25:00,2025-04-06 16:00:00,2025-04-17 16:00:00,2025-04-18 16:00:00
423ee116-3,9f456e7f,delivered,2025-06-14 07:10:00,2025-06-14 08:56:00,2025-06-17 07:10:00,2025-07-02 07:10:00,2025-07-03 07:10:00
9f4e513a-5,7501218e,canceled,2025-05-04 16:00:00,,,,2025-05-24 16:00:00
ca831cbf-7,22cc2120,shipped,2025-08-09 02:43:00,2025-08-09 04:42:00,2025-08-10 02:43:00,,2025-08-29 02:43:00
471fb297-0,a7e033c4,canceled,2025-06-13 14:22:00,,,,2025-06-30 14:22:00
3399aa85-d,ad48725c,delivered,2025-10-28 05:02:00,2025-10-28 06:37:00,2025-10-30 05:02:00,2025-11-16 05:02:00,2025-11-14 05:02:00
8763f020-8,a13ba73e,delivered,2025-07-17 13:01:00,2025-07-17 13:41:00,2025-07-19 13:01:00,2025-08-10 13:01:00,2025-08-02 13:01:00
22cc2083-0,bb84554c,delivered,2025-04-22 03:01:00,2025-04-22 04:46:00,2025-04-24 03:01:00,2025-05-03 03:01:00,2025-05-04 03:01:00
f5dae7e7-3,fe030422,delivered,2025-04-08 15:38:00,2025-04-08 17:50:00,2025-04-10 15:38:00,2025-05-02 15:38:00,2025-04-24 15:38:00
099d5a7e-5,ec60c308,delivered,2025-11-08 09:09:00,2025-11-08 10:14:00,2025-11-11 09:09:00,2025-12-02 09:09:00,2025-11-25 09:09:00
f2d03f28-1,826c1f0c,delivered,2025-12-17 19:27:00,2025-12-17 22:08:00,2025-12-18 19:27:00,2026-01-02 19:27:00,2026-01-05 19:27:00
422ee96e-8,a7f22bc5,delivered,2025-02-02 00:28:00,2025-02-02 02:07:00,2025-02-04 00:28:00,2025-02-13 00:28:00,2025-02-15 00:28:00
095c7756-8,47e73e56,shipped,2025-04-28 22:37:00,2025-04-29 01:18:00,2025-04-29 22:37:00,,2025-05-11 22:37:00
ae58a2d3-a,3bbda289,shipped,2025-06-14 02:33:00,2025-06-14 04:43:00,2025-06-16 02:33:00,,2025-07-03 02:33:00
404828fd-4,663fa794,delivered,2025-11-21 00:20:00,2025-11-21 01:56:00,2025-11-24 00:20:00,2025-12-11 00:20:00,2025-12-08 00:20:00
4c974bc6-4,24ce1cf8,shipped,2025-04-13 20:12:00,2025-04-13 22:49:00,2025-04-16 20:12:00,,2025-04-24 20:12:00
9a4e7e14-f,2328f8e4,delivered,2025-07-12 13:44:00,2025-07-12 13:51:00,2025-07-14 13:44:00,2025-07-24 13:44:00,2025-07-26 13:44:00
da38b938-0,b0e6c331,delivered,2025-08-27 04:28:00,2025-08-27 07:13:00,2025-08-29 04:28:00,2025-09-11 04:28:00,2025-09-14 04:28:00
1930b715-5,2a59ced2,canceled,2025-11-07 14:18:00,,,,2025-11-19 14:18:00
0d368221-1,bec67b9b,shipped,2025-09-02 11:09:00,2025-09-02 12:34:00,2025-09-05 11:09:00,,2025-09-18 11:09:00
46ae9969-5,706ffe51,invoiced,2025-01-18 20:18:00,2025-01-18 21:45:00,,,2025-02-06 20:18:00
135a9cfc-b,fe5bb0bf,shipped,2025-03-25 22:15:00,2025-03-25 22:43:00,2025-03-27 22:15:00,,2025-04-09 22:15:00
5b19691d-3,5cf8b445,delivered,2025-09-26 13:41:00,2025-09-26 15:27:00,2025-09-29 13:41:00,2025-10-11 13:41:00,2025-10-08 13:41:00
8c5ce2e2-c,96f5d311,delivered,2025-11-26 22:14:00,2025-11-27 00:21:00,2025-11-27 22:14:00,2025-12-04 22:14:00,2025-12-06 22:14:00
fc187cc7-c,b5e408d4,shipped,2025-05-29 15:01:00,2025-05-29 17:57:00,2025-06-01 15:01:00,,2025-06-14 15:01:00
0ee8f645-c,db2c2358,delivered,2025-06-28 22:05:00,2025-06-29 00:38:00,2025-06-30 22:05:00,2025-07-24 22:05:00,2025-07-16 22:05:00
52655d46-a,c401460d,delivered,2025-10-12 11:32:00,2025-10-12 13:16:00,2025-10-13 11:32:00,2025-11-01 11:32:00,2025-10-25 11:32:00
7be4f19b-c,1b4266f1,canceled,2025-05-27 14:01:00,,,,2025-06-13 14:01:00
4400b75b-b,10a6c8a8,delivered,2025-07-18 03:47:00,2025-07-18 04:44:00,2025-07-19 03:47:00,2025-08-12 03:47:00,2025-08-06 03:47:00
31255242-1,543df39a,delivered,2025-11-28 20:14:00,2025-11-28 22:44:00,2025-11-30 20:14:00,2025-12-14 20:14:00,2025-12-11 20:14:00
4af723df-3,bafd02f5,delivered,2025-07-18 23:20:00,2025-07-19 01:22:00,2025-07-20 23:20:00,2025-08-13 23:20:00,2025-08-06 23:20:00
902fc434-2,27e4eb02,delivered,2025-01-01 00:39:00,2025-01-01 00:56:00,2025-01-02 00:39:00,2025-01-10 00:39:00,2025-01-15 00:39:00
660144b1-5,2ea88e49,delivered,2025-11-27 06:27:00,2025-11-27 08:07:00,2025-11-28 06:27:00,2025-12-12 06:27:00,2025-12-11 06:27:00
6684ac3b-b,a90a5984,delivered,2025-08-22 06:07:00,2025-08-22 08:54:00,2025-08-25 06:07:00,2025-09-18 06:07:00,2025-09-11 06:07:00
d49e5794-e,5ae1b778,canceled,2025-10-13 08:17:00,,,,2025-10-23 08:17:00
18fc9c98-4,06a23b3e,delivered,2025-07-23 21:24:00,2025-07-23 21:36:00,2025-07-24 21:24:00,2025-08-10 21:24:00,2025-08-09 21:24:00
f01046e9-e,ff785da8,delivered,2025-09-03 06:51:00,2025-09-03 08:04:00,2025-09-04 06:51:00,2025-09-22 06:51:00,2025-09-23 06:51:00
531b3580-7,cdb1c6fc,canceled,2025-01-25 09:23:00,,,,2025-02-05 09:23:00
867465f2-8,13c7f279,canceled,2025-07-10 23:35:00,,,,2025-07-28 23:35:00
542186b8-5,c352d362,delivered,2025-06-27 09:09:00,2025-06-27 12:06:00,2025-06-29 09:09:00,2025-07-20 09:09:00,2025-07-17 09:09:00
aa39b0c0-0,e868a118,canceled,2025-08-27 14:48:00,,,,2025-09-14 14:48:00
9b07ecc9-3,85686a97,invoiced,2025-10-21 04:52:00,2025-10-21 05:49:00,,,2025-11-06 04:52:00
5cd9d836-3,50015916,shipped,2025-02-23 18:00:00,2025-02-23 19:10:00,2025-02-26 18:00:00,,2025-03-15 18:00:00
68f6946a-c,3bdc5f45,shipped,2025-06-29 23:26:00,2025-06-29 23:58:00,2025-06-30 23:26:00,,2025-07-19 23:26:00
120042aa-c,04021d40,invoiced,2025-02-25 15:09:00,2025-02-25 15:32:00,,,2025-03-11 15:09:00
9b5cb6ba-9,b9fd09c5,delivered,2025-01-16 09:07:00,2025-01-16 10:05:00,2025-01-17 09:07:00,2025-02-01 09:07:00,2025-02-05 09:07:00
26807a4a-8,f4c98c78,delivered,2025-01-06 22:38:00,2025-01-06 23:59:00,2025-01-08 22:38:00,2025-01-22 22:38:00,2025-01-22 22:38:00
9941913c-8,6327ad58,delivered,2025-12-14 15:02:00,2025-12-14 17:14:00,2025-12-16 15:02:00,2025-12-24 15:02:00,2025-12-29 15:02:00
6967b2f1-c,2725a577,delivered,2025-12-19 18:39:00,2025-12-19 20:13:00,2025-12-22 18:39:00,2025-12-31 18:39:00,2026-01-05 18:39:00
e1c24d8c-0,8280d088,delivered,2025-02-12 07:46:00,2025-02-12 10:32:00,2025-02-13 07:46:00,2025-03-02 07:46:00,2025-03-01 07:46:00
50cc3084-f,62e82380,shipped,2025-12-27 14:13:00,2025-12-27 16:55:00,2025-12-29 14:13:00,,2026-01-07 14:13:00
a30f2005-e,58842283,delivered,2025-09-15 05:29:00,2025-09-15 06:44:00,2025-09-18 05:29:00,2025-10-05 05:29:00,2025-10-04 05:29:00
026d6b5b-3,c58330b1,invoiced,2025-03-25 01:18:00,2025-03-25 03:56:00,,,2025-04-09 01:18:00
955e3791-9,93bd64e7,delivered,2025-01-03 12:49:00,2025-01-03 15:41:00,2025-01-04 12:49:00,2025-01-14 12:49:00,2025-01-19 12:49:00
49f44967-0,f810f0b2,canceled,2025-08-16 22:58:00,,,,2025-08-27 22:58:00
4a3f6e0b-b,26e3cda9,shipped,2025-01-13 14:31:00,2025-01-13 16:09:00,2025-01-16 14:31:00,,2025-01-29 14:31:00
8e40772f-0,b0c9fb7d,delivered,2025-08-31 01:17:00,2025-08-31 03:13:00,2025-09-03 01:17:00,2025-09-12 01:17:00,2025-09-16 01:17:00
d8157b7c-b,e437a996,shipped,2025-05-05 04:07:00,2025-05-05 04:18:00,2025-05-06 04:07:00,,2025-05-16 04:07:00
c046d5ca-a,0bf088c1,delivered,2025-09-02 02:50:00,2025-09-02 05:43:00,2025-09-03 02:50:00,2025-09-22 02:50:00,2025-09-21 02:50:00
d099b621-5,fec2d4a4,delivered,2025-01-31 16:50:00,2025-01-31 16:58:00,2025-02-01 16:50:00,2025-02-23 16:50:00,2025-02-18 16:50:00
137fa2bd-9,57e9d958,invoiced,2025-09-03 06:12:00,2025-09-03 09:06:00,,,2025-09-20 06:12:00
58427d36-5,366a3c5a,delivered,2025-12-08 04:54:00,2025-12-08 07:09:00,2025-12-09 04:54:00,2025-12-21 04:54:00,2025-12-19 04:54:00
47aaa56a-b,e94f8ff8,delivered,2025-04-26 08:26:00,2025-04-26 08:46:00,2025-04-28 08:26:00,2025-05-14 08:26:00,2025-05-06 08:26:00
c176ceaa-2,9765d9e4,delivered,2025-11-07 07:47:00,2025-11-07 08:24:00,2025-11-09 07:47:00,2025-12-03 07:47:00,2025-11-26 07:47:00
1c406bdb-8,e4811065,shipped,2025-05-28 15:49:00,2025-05-28 16:13:00,2025-05-30 15:49:00,,2025-06-16 15:49:00
2a54a687-a,c720bb39,delivered,2025-07-21 08:29:00,2025-07-21 11:20:00,2025-07-23 08:29:00,2025-08-12 08:29:00,2025-08-04 08:29:00
b647df24-f,94cd6f54,delivered,2025-07-17 22:37:00,2025-07-18 01:05:00,2025-07-20 22:37:00,2025-08-09 22:37:00,2025-08-05 22:37:00
6fc4a59a-c,c566e51f,shipped,2025-09-22 19:40:00,2025-09-22 20:01:00,2025-09-24 19:40:00,,2025-10-12 19:40:00
b60de563-f,32d806fc,delivered,2025-10-17 06:22:00,2025-10-17 07:45:00,2025-10-18 06:22:00,2025-11-04 06:22:00,2025-11-01 06:22:00
64373fd7-0,3c6ebf2a,invoiced,2025-12-19 09:12:00,2025-12-19 12:12:00,,,2026-01-08 09:12:00
c170f028-b,46ac43b1,shipped,2025-03-30 03:46:00,2025-03-30 05:05:00,2025-04-02 03:46:00,,2025-04-12 03:46:00
fc1d83e2-a,1bbfdc37,delivered,2025-07-20 15:45:00,2025-07-20 16:59:00,2025-07-23 15:45:00,2025-08-09 15:45:00,2025-08-06 15:45:00
40430e36-5,3e413f93,delivered,2025-01-02 02:12:00,2025-01-02 03:22:00,2025-01-04 02:12:00,2025-01-22 02:12:00,2025-01-19 02:12:00
7345d24f-d,78719234,delivered,2025-11-18 15:38:00,2025-11-18 16:10:00,2025-11-20 15:38:00,2025-12-05 15:38:00,2025-12-04 15:38:00
0100d3de-e,a9add77a,delivered,2025-02-25 17:34:00,2025-02-25 18:47:00,2025-02-26 17:34:00,2025-03-14 17:34:00,2025-03-08 17:34:00
0e842e5c-1,950fe1ed,delivered,2025-11-16 23:17:00,2025-11-17 00:34:00,2025-11-18 23:17:00,2025-11-27 23:17:00,2025-11-29 23:17:00
914cbb3e-c,2315a0cc,delivered,2025-01-12 17:37:00,2025-01-12 19:03:00,2025-01-13 17:37:00,2025-01-31 17:37:00,2025-01-24 17:37:00
2e266a83-6,28009acc,delivered,2025-08-24 19:10:00,2025-08-24 19:59:00,2025-08-25 19:10:00,2025-09-03 19:10:00,2025-09-07 19:10:00
767ca429-8,efa46193,delivered,2025-04-29 03:54:00,2025-04-29 04:19:00,2025-05-01 03:54:00,2025-05-18 03:54:00,2025-05-16 03:54:00
c407d332-c,5f85b8be,delivered,2025-12-11 15:27:00,2025-12-11 17:46:00,2025-12-13 15:27:00,2025-12-21 15:27:00,2025-12-26 15:27:00
390b2329-f,873abb6a,canceled,2025-02-09 19:53:00,,,,2025-03-01 19:53:00
7ba476da-9,6bf90098,delivered,2025-05-08 22:18:00,2025-05-08 23:22:00,2025-05-10 22:18:00,2025-05-29 22:18:00,2025-05-27 22:18:00
e60fde5c-4,adfb991d,canceled,2025-08-17 13:05:00,,,,2025-09-02 13:05:00
94341e39-e,5f311807,delivered,2025-03-22 05:14:00,2025-03-22 07:48:00,2025-03-25 05:14:00,2025-04-13 05:14:00,2025-04-09 05:14:00
4b775a92-2,d411393f,invoiced,2025-04-28 02:45:00,2025-04-28 03:30:00,,,2025-05-09 02:45:00
66758cf9-0,ea9e73a0,delivered,2025-05-31 04:54:00,2025-05-31 06:50:00,2025-06-02 04:54:00,2025-06-10 04:54:00,2025-06-12 04:54:00
03db4a37-d,56b48067,shipped,2025-12-02 23:11:00,2025-12-03 00:29:00,2025-12-05 23:11:00,,2025-12-19 23:11:00
75797cea-8,88e0d0b9,invoiced,2025-08-25 17:48:00,2025-08-25 19:27:00,,,2025-09-06 17:48:00
5f8a5282-7,3affcdfa,invoiced,2025-01-11 16:32:00,2025-01-11 16:51:00,,,2025-01-27 16:32:00
3365b37a-b,b32ecbe4,shipped,2025-05-23 14:15:00,2025-05-23 16:16:00,2025-05-24 14:15:00,,2025-06-03 14:15:00
cf8b0566-b,25e1595d,delivered,2025-05-28 14:33:00,2025-05-28 16:43:00,2025-05-31 14:33:00,2025-06-16 14:33:00,2025-06-13 14:33:00
688823b7-7,313b13f5,invoiced,2025-11-07 18:45:00,2025-11-07 20:33:00,,,2025-11-21 18:45:00
f978c4c6-d,8ed80b33,delivered,2025-11-04 11:53:00,2025-11-04 13:14:00,2025-11-05 11:53:00,2025-11-24 11:53:00,2025-11-23 11:53:00
652ab340-0,06a23b3e,delivered,2025-11-23 04:28:00,2025-11-23 07:04:00,2025-11-26 04:28:00,2025-12-10 04:28:00,2025-12-05 04:28:00
6e892c98-f,a3e1789a,canceled,2025-08-27 11:56:00,,,,2025-09-09 11:56:00
55fadf56-2,1033f6f4,canceled,2025-02-21 09:23:00,,,,2025-03-03 09:23:00
8a5a3901-d,aa57d8fd,shipped,2025-05-31 11:52:00,2025-05-31 14:08:00,2025-06-03 11:52:00,,2025-06-17 11:52:00
9f096050-d,bb9f9a69,delivered,2025-01-06 03:09:00,2025-01-06 05:37:00,2025-01-08 03:09:00,2025-01-11 03:09:00,2025-01-16 03:09:00
ffaa8aa0-b,706ffe51,delivered,2025-06-27 19:20:00,2025-06-27 20:37:00,2025-06-29 19:20:00,2025-07-14 19:20:00,2025-07-07 19:20:00
e41004da-9,a4aa67c8,delivered,2025-12-08 17:46:00,2025-12-08 20:15:00,2025-12-11 17:46:00,2025-12-16 17:46:00,2025-12-19 17:46:00
4ba84b1b-d,1444c49c,delivered,2025-01-23 09:00:00,2025-01-23 09:39:00,2025-01-24 09:00:00,2025-02-12 09:00:00,2025-02-08 09:00:00
dcbcdefc-6,784bc38d,delivered,2025-01-20 08:46:00,2025-01-20 10:54:00,2025-01-21 08:46:00,2025-02-04 08:46:00,2025-02-02 08:46:00
6c9885e7-9,af121c81,shipped,2025-10-13 17:56:00,2025-10-13 19:25:00,2025-10-16 17:56:00,,2025-11-02 17:56:00
8341c5d2-9,a7a5f6d0,canceled,2025-05-23 19:49:00,,,,2025-06-05 19:49:00
3a19c479-3,c6f3cac7,delivered,2025-09-13 23:25:00,2025-09-13 23:43:00,2025-09-16 23:25:00,2025-10-04 23:25:00,2025-09-27 23:25:00
2f5dda1c-c,1e73d01f,shipped,2025-09-16 11:26:00,2025-09-16 13:13:00,2025-09-18 11:26:00,,2025-10-05 11:26:00
cf2cf2a2-d,747c759d,delivered,2025-07-27 13:09:00,2025-07-27 15:00:00,2025-07-29 13:09:00,2025-08-06 13:09:00,2025-08-06 13:09:00
81f237f8-b,78895a9a,shipped,2025-03-26 10:10:00,2025-03-26 12:48:00,2025-03-28 10:10:00,,2025-04-14 10:10:00
6de1f7eb-8,a15f1c46,delivered,2025-09-10 02:59:00,2025-09-10 05:49:00,2025-09-11 02:59:00,2025-09-15 02:59:00,2025-09-20 02:59:00
09a2cfe7-a,b50ad9ff,canceled,2025-12-25 11:42:00,,,,2026-01-13 11:42:00
c739f651-2,f94b97f5,shipped,2025-02-12 01:39:00,2025-02-12 01:44:00,2025-02-13 01:39:00,,2025-02-24 01:39:00
7dd6eebc-5,2f5f8846,shipped,2025-05-14 05:41:00,2025-05-14 07:57:00,2025-05-15 05:41:00,,2025-05-31 05:41:00
8f03ab02-f,9b1ea421,delivered,2025-09-18 09:18:00,2025-09-18 12:10:00,2025-09-21 09:18:00,2025-10-05 09:18:00,2025-10-04 09:18:00
f0951d36-4,5e55263b,delivered,2025-10-28 03:09:00,2025-10-28 03:41:00,2025-10-30 03:09:00,2025-11-06 03:09:00,2025-11-09 03:09:00
a9faec87-f,c18b33c7,canceled,2025-09-04 13:26:00,,,,2025-09-15 13:26:00
f4a13840-7,784bc38d,delivered,2025-01-17 08:24:00,2025-01-17 09:16:00,2025-01-19 08:24:00,2025-02-08 08:24:00,2025-02-03 08:24:00
aac73b10-3,3b3bdec4,delivered,2025-09-07 10:09:00,2025-09-07 10:24:00,2025-09-08 10:09:00,2025-09-23 10:09:00,2025-09-20 10:09:00
602fad88-6,110ef9e6,invoiced,2025-01-05 20:23:00,2025-01-05 21:55:00,,,2025-01-24 20:23:00
6266cb81-4,db0b4ccb,delivered,2025-03-17 10:43:00,2025-03-17 13:36:00,2025-03-20 10:43:00,2025-04-03 10:43:00,2025-04-04 10:43:00
a85d5166-9,1cedae8f,delivered,2025-01-21 14:46:00,2025-01-21 17:22:00,2025-01-24 14:46:00,2025-02-07 14:46:00,2025-02-04 14:46:00
0fcfea32-1,fbf2d460,delivered,2025-08-19 08:19:00,2025-08-19 11:10:00,2025-08-20 08:19:00,2025-09-06 08:19:00,2025-09-01 08:19:00
a5d43dbc-1,7eb3066f,shipped,2025-10-07 13:01:00,2025-10-07 15:14:00,2025-10-10 13:01:00,,2025-10-27 13:01:00
357a2f78-2,efc250d4,shipped,2025-06-18 05:34:00,2025-06-18 08:26:00,2025-06-19 05:34:00,,2025-06-28 05:34:00
89915725-6,822627fd,delivered,2025-03-08 23:46:00,2025-03-09 00:57:00,2025-03-09 23:46:00,2025-03-27 23:46:00,2025-03-28 23:46:00
8968928d-9,c2402b8f,invoiced,2025-05-28 09:34:00,2025-05-28 11:59:00,,,2025-06-17 09:34:00
3b2ccb8a-b,784bc38d,invoiced,2025-05-19 05:07:00,2025-05-19 07:07:00,,,2025-06-03 05:07:00
f53817d2-7,bbf33662,invoiced,2025-02-12 11:50:00,2025-02-12 12:18:00,,,2025-02-27 11:50:00
9581ac44-2,f2b3e39d,delivered,2025-03-25 04:21:00,2025-03-25 05:07:00,2025-03-28 04:21:00,2025-04-10 04:21:00,2025-04-12 04:21:00
54274605-3,6a760e17,invoiced,2025-09-20 12:13:00,2025-09-20 13:00:00,,,2025-10-03 12:13:00
116d14d8-5,d114e50c,invoiced,2025-09-11 17:49:00,2025-09-11 19:51:00,,,2025-09-27 17:49:00
f0af9967-8,9f456e7f,delivered,2025-10-20 11:01:00,2025-10-20 13:56:00,2025-10-22 11:01:00,2025-11-09 11:01:00,2025-11-09 11:01:00
d1ea3670-5,cc2c0f15,shipped,2025-09-24 17:49:00,2025-09-24 18:23:00,2025-09-27 17:49:00,,2025-10-06 17:49:00
9538deec-e,5d5a72b7,shipped,2025-01-17 20:20:00,2025-01-17 21:27:00,2025-01-19 20:20:00,,2025-02-04 20:20:00
fb641f8d-3,56bf0f6d,delivered,2025-05-24 10:54:00,2025-05-24 12:44:00,2025-05-25 10:54:00,2025-06-11 10:54:00,2025-06-11 10:54:00
412db09c-7,bdb55f80,delivered,2025-12-31 02:55:00,2025-12-31 03:35:00,2026-01-03 02:55:00,2026-01-23 02:55:00,2026-01-19 02:55:00
9c0d48b1-e,bd848711,shipped,2025-02-10 07:03:00,2025-02-10 08:18:00,2025-02-12 07:03:00,,2025-02-28 07:03:00
22bea745-b,18d76b60,delivered,2025-02-21 12:48:00,2025-02-21 13:03:00,2025-02-23 12:48:00,2025-03-05 12:48:00,2025-03-09 12:48:00
6539c42b-4,9ef92d08,delivered,2025-09-02 01:30:00,2025-09-02 03:07:00,2025-09-04 01:30:00,2025-09-16 01:30:00,2025-09-20 01:30:00
fe251e4e-c,8e0d40b7,delivered,2025-11-29 18:44:00,2025-11-29 19:15:00,2025-12-02 18:44:00,2025-12-11 18:44:00,2025-12-09 18:44:00
1d6d1743-6,1229a8a0,delivered,2025-01-03 21:33:00,2025-01-03 22:47:00,2025-01-06 21:33:00,2025-01-18 21:33:00,2025-01-16 21:33:00
1e3e61cb-e,4b13c319,invoiced,2025-09-28 09:22:00,2025-09-28 10:01:00,,,2025-10-14 09:22:00
620ada6d-d,f94c5e0f,delivered,2025-10-23 05:52:00,2025-10-23 08:41:00,2025-10-26 05:52:00,2025-11-08 05:52:00,2025-11-03 05:52:00
648d7196-a,2c7503e1,delivered,2025-03-10 06:17:00,2025-03-10 06:50:00,2025-03-13 06:17:00,2025-03-25 06:17:00,2025-03-20 06:17:00
d7131e93-f,bafd02f5,delivered,2025-03-15 04:46:00,2025-03-15 07:36:00,2025-03-16 04:46:00,2025-03-30 04:46:00,2025-03-30 04:46:00
4c83b783-0,c61bf159,delivered,2025-01-02 13:29:00,2025-01-02 14:14:00,2025-01-03 13:29:00,2025-01-18 13:29:00,2025-01-12 13:29:00
b0ad805a-a,e72039b9,delivered,2025-05-24 05:27:00,2025-05-24 05:35:00,2025-05-26 05:27:00,2025-06-07 05:27:00,2025-06-11 05:27:00
212827cb-3,09a40794,delivered,2025-05-19 05:30:00,2025-05-19 06:31:00,2025-05-21 05:30:00,2025-05-26 05:30:00,2025-05-31 05:30:00
780d186c-1,048188ee,delivered,2025-09-25 08:44:00,2025-09-25 09:14:00,2025-09-27 08:44:00,2025-10-18 08:44:00,2025-10-15 08:44:00
31f4d666-3,b395c0d2,shipped,2025-09-29 05:40:00,2025-09-29 07:52:00,2025-10-02 05:40:00,,2025-10-09 05:40:00
db458958-a,2cc440b6,shipped,2025-06-24 00:30:00,2025-06-24 01:24:00,2025-06-25 00:30:00,,2025-07-05 00:30:00
9cac5122-8,ea8425bf,canceled,2025-07-25 21:53:00,,,,2025-08-13 21:53:00
006e483e-b,0881549d,delivered,2025-06-16 01:54:00,2025-06-16 03:25:00,2025-06-18 01:54:00,2025-07-10 01:54:00,2025-07-03 01:54:00
dabbe91c-2,a2c6c8c2,canceled,2025-02-09 03:36:00,,,,2025-02-21 03:36:00
1ede4efb-a,654a84ff,delivered,2025-12-15 17:28:00,2025-12-15 18:07:00,2025-12-16 17:28:00,2025-12-26 17:28:00,2025-12-28 17:28:00
81f96ff2-2,b24fa311,delivered,2025-11-26 18:56:00,2025-11-26 20:56:00,2025-11-27 18:56:00,2025-12-07 18:56:00,2025-12-07 18:56:00
043c75f9-d,8ebe246d,canceled,2025-12-23 23:00:00,,,,2026-01-09 23:00:00
4b2d7c8b-1,cab06615,delivered,2025-01-01 13:44:00,2025-01-01 15:18:00,2025-01-03 13:44:00,2025-01-21 13:44:00,2025-01-18 13:44:00
3a1a36c2-8,6e633b28,canceled,2025-05-21 06:11:00,,,,2025-06-02 06:11:00
c9720ef5-5,6446b465,delivered,2025-03-09 09:29:00,2025-03-09 09:49:00,2025-03-12 09:29:00,2025-03-24 09:29:00,2025-03-26 09:29:00
67e49cf0-e,ce026849,invoiced,2025-06-03 21:27:00,2025-06-03 22:11:00,,,2025-06-14 21:27:00
5c86fb9b-c,67e80b46,delivered,2025-03-22 06:04:00,2025-03-22 06:48:00,2025-03-24 06:04:00,2025-04-03 06:04:00,2025-04-02 06:04:00
dd7874da-6,e5ae5fe4,shipped,2025-10-30 18:21:00,2025-10-30 20:21:00,2025-10-31 18:21:00,,2025-11-18 18:21:00
d55366bb-c,1deecdcb,delivered,2025-06-11 08:38:00,2025-06-11 09:37:00,2025-06-14 08:38:00,2025-06-19 08:38:00,2025-06-21 08:38:00
3235dc68-8,0937291b,invoiced,2025-12-22 04:57:00,2025-12-22 05:15:00,,,2026-01-04 04:57:00
d2dcfcc5-e,4e1ea8a4,canceled,2025-10-25 22:47:00,,,,2025-11-06 22:47:00
61ce866d-2,420b8881,delivered,2025-01-26 16:54:00,2025-01-26 19:34:00,2025-01-29 16:54:00,2025-02-04 16:54:00,2025-02-06 16:54:00
196c6c2f-f,747e9d79,delivered,2025-10-09 04:52:00,2025-10-09 05:42:00,2025-10-10 04:52:00,2025-10-27 04:52:00,2025-10-25 04:52:00
bec8f3ea-0,363be82e,canceled,2025-10-07 02:47:00,,,,2025-10-22 02:47:00
02e701f5-e,e1cc2aea,invoiced,2025-01-06 00:49:00,2025-01-06 03:44:00,,,2025-01-16 00:49:00
11d28752-d,781732e8,delivered,2025-10-03 20:23:00,2025-10-03 20:42:00,2025-10-06 20:23:00,2025-10-17 20:23:00,2025-10-22 20:23:00
0e826ad1-4,d2f96d33,delivered,2025-05-30 08:10:00,2025-05-30 08:36:00,2025-06-02 08:10:00,2025-06-15 08:10:00,2025-06-11 08:10:00
5e3e2413-b,c4f20f74,invoiced,2025-05-28 16:39:00,2025-05-28 16:54:00,,,2025-06-12 16:39:00
c1e995f5-d,c61bf159,delivered,2025-12-05 08:56:00,2025-12-05 10:03:00,2025-12-07 08:56:00,2025-12-25 08:56:00,2025-12-20 08:56:00
0eed93df-b,a3638fed,shipped,2025-03-04 07:26:00,2025-03-04 08:09:00,2025-03-06 07:26:00,,2025-03-22 07:26:00
bd4c0978-6,73bc708d,invoiced,2025-10-23 12:46:00,2025-10-23 13:01:00,,,2025-11-10 12:46:00
d7c59b0b-8,f8de208e,invoiced,2025-11-11 17:29:00,2025-11-11 20:12:00,,,2025-11-26 17:29:00
edd54b60-3,464348d5,delivered,2025-07-20 08:53:00,2025-07-20 11:13:00,2025-07-21 08:53:00,2025-08-10 08:53:00,2025-08-07 08:53:00
0eac3550-0,fca6b031,delivered,2025-05-08 16:12:00,2025-05-08 17:53:00,2025-05-11 16:12:00,2025-05-24 16:12:00,2025-05-21 16:12:00
77e891d4-b,d9afeedd,delivered,2025-11-13 21:18:00,2025-11-13 22:06:00,2025-11-16 21:18:00,2025-12-07 21:18:00,2025-12-02 21:18:00
7cae676f-b,b8582e8d,delivered,2025-07-08 23:46:00,2025-07-09 02:06:00,2025-07-10 23:46:00,2025-07-17 23:46:00,2025-07-21 23:46:00
560fc05c-4,8e0ccaf9,canceled,2025-07-19 05:22:00,,,,2025-08-03 05:22:00
cfcd28fe-0,ee0d1fb9,delivered,2025-01-12 21:05:00,2025-01-12 23:10:00,2025-01-14 21:05:00,2025-01-27 21:05:00,2025-01-26 21:05:00
04dd3c63-7,ce264ea4,delivered,2025-10-12 22:32:00,2025-10-13 00:49:00,2025-10-13 22:32:00,2025-10-26 22:32:00,2025-10-26 22:32:00
374af81c-e,b8b9f31f,delivered,2025-12-18 20:03:00,2025-12-18 21:22:00,2025-12-19 20:03:00,2025-12-29 20:03:00,2025-12-31 20:03:00
df7da761-2,4213f6be,canceled,2025-03-04 12:46:00,,,,2025-03-17 12:46:00
3b18d302-9,3e639a45,shipped,2025-01-25 19:12:00,2025-01-25 20:18:00,2025-01-28 19:12:00,,2025-02-05 19:12:00
5ca4f38c-8,e80532ff,delivered,2025-07-28 01:46:00,2025-07-28 02:10:00,2025-07-29 01:46:00,2025-08-23 01:46:00,2025-08-16 01:46:00
2a666f86-3,63e28e7d,invoiced,2025-10-10 23:55:00,2025-10-11 02:14:00,,,2025-10-20 23:55:00
b3cfaac5-8,7883ffae,delivered,2025-08-01 03:35:00,2025-08-01 04:12:00,2025-08-04 03:35:00,2025-08-14 03:35:00,2025-08-19 03:35:00
8442f326-3,fc4781cc,canceled,2025-05-26 19:07:00,,,,2025-06-11 19:07:00
fbfe792a-d,a97dd45a,canceled,2025-10-22 09:06:00,,,,2025-11-09 09:06:00
3ec546b6-e,da96e5f5,shipped,2025-03-13 13:12:00,2025-03-13 14:00:00,2025-03-16 13:12:00,,2025-03-25 13:12:00
b1ce9c7b-a,608046a9,shipped,2025-10-02 13:47:00,2025-10-02 14:02:00,2025-10-04 13:47:00,,2025-10-22 13:47:00
c0df712d-d,7ced49b0,invoiced,2025-01-24 16:44:00,2025-01-24 17:13:00,,,2025-02-04 16:44:00
837ff04b-0,437602f6,shipped,2025-04-15 11:24:00,2025-04-15 13:10:00,2025-04-18 11:24:00,,2025-04-26 11:24:00
b5bc3e6c-0,d21aeb44,delivered,2025-06-24 11:03:00,2025-06-24 12:58:00,2025-06-27 11:03:00,2025-07-09 11:03:00,2025-07-12 11:03:00
4a29cec2-5,207f2b07,canceled,2025-03-15 19:13:00,,,,2025-04-02 19:13:00
59006e57-4,52bb6a4d,delivered,2025-04-10 10:19:00,2025-04-10 11:24:00,2025-04-12 10:19:00,2025-05-03 10:19:00,2025-04-30 10:19:00
3df66dee-c,7e949ebd,canceled,2025-03-05 01:06:00,,,,2025-03-25 01:06:00
fb9a7453-d,ce264ea4,shipped,2025-10-25 22:04:00,2025-10-25 23:23:00,2025-10-27 22:04:00,,2025-11-13 22:04:00
0fac55ea-2,8ad820e0,invoiced,2025-03-26 12:48:00,2025-03-26 15:26:00,,,2025-04-14 12:48:00
a722f654-1,d114e50c,delivered,2025-10-10 20:38:00,2025-10-10 23:16:00,2025-10-13 20:38:00,2025-11-04 20:38:00,2025-10-30 20:38:00
4b865df9-a,21885b1c,shipped,2025-05-08 04:21:00,2025-05-08 06:50:00,2025-05-09 04:21:00,,2025-05-22 04:21:00
0cb622e4-7,ad48725c,delivered,2025-04-05 07:18:00,2025-04-05 07:59:00,2025-04-07 07:18:00,2025-04-25 07:18:00,2025-04-21 07:18:00
755313a7-4,bfcf156f,delivered,2025-07-23 20:07:00,2025-07-23 22:09:00,2025-07-25 20:07:00,2025-08-07 20:07:00,2025-08-02 20:07:00
8a3b37a6-1,8cad9703,delivered,2025-06-16 21:42:00,2025-06-17 00:21:00,2025-06-18 21:42:00,2025-07-04 21:42:00,2025-07-06 21:42:00
5999cc44-6,e84fa3e8,canceled,2025-03-02 04:57:00,,,,2025-03-21 04:57:00
e4a5175a-5,a15098d5,delivered,2025-10-30 11:34:00,2025-10-30 14:32:00,2025-10-31 11:34:00,2025-11-20 11:34:00,2025-11-15 11:34:00
215687ad-1,c0ae012f,delivered,2025-04-21 00:35:00,2025-04-21 02:43:00,2025-04-23 00:35:00,2025-05-07 00:35:00,2025-05-02 00:35:00
c5fb7d54-a,39ec8305,invoiced,2025-05-17 12:34:00,2025-05-17 13:17:00,,,2025-05-30 12:34:00
b0f9eecd-d,b91d73e4,delivered,2025-04-25 00:00:00,2025-04-25 02:55:00,2025-04-28 00:00:00,2025-05-15 00:00:00,2025-05-11 00:00:00
a7ab9937-b,e224c476,delivered,2025-02-08 02:42:00,2025-02-08 03:36:00,2025-02-11 02:42:00,2025-03-03 02:42:00,2025-02-23 02:42:00
b4290732-a,e7511260,delivered,2025-07-28 05:55:00,2025-07-28 08:41:00,2025-07-31 05:55:00,2025-08-18 05:55:00,2025-08-10 05:55:00
ea0d1420-2,1444c49c,canceled,2025-05-24 08:01:00,,,,2025-06-10 08:01:00
c4f99701-2,36f78a31,delivered,2025-07-26 13:42:00,2025-07-26 14:20:00,2025-07-29 13:42:00,2025-08-07 13:42:00,2025-08-07 13:42:00
b37755fe-4,decd4cd6,delivered,2025-03-24 18:44:00,2025-03-24 21:23:00,2025-03-25 18:44:00,2025-04-02 18:44:00,2025-04-07 18:44:00
166256cf-7,21fff347,delivered,2025-04-29 02:59:00,2025-04-29 03:37:00,2025-05-01 02:59:00,2025-05-20 02:59:00,2025-05-14 02:59:00
b8268a28-7,86274aa3,shipped,2025-03-25 00:24:00,2025-03-25 00:57:00,2025-03-26 00:24:00,,2025-04-10 00:24:00
4b0a86e6-9,5ff729fc,shipped,2025-10-21 11:24:00,2025-10-21 12:00:00,2025-10-22 11:24:00,,2025-11-03 11:24:00
906b80de-a,dbe0a38a,delivered,2025-01-25 04:55:00,2025-01-25 06:41:00,2025-01-27 04:55:00,2025-02-07 04:55:00,2025-02-12 04:55:00
05661b30-2,5e604e08,canceled,2025-09-20 05:58:00,,,,2025-10-02 05:58:00
6387899a-8,35c5d5ba,shipped,2025-04-04 03:40:00,2025-04-04 04:34:00,2025-04-06 03:40:00,,2025-04-22 03:40:00
60736006-f,c39fabce,delivered,2025-09-21 05:34:00,2025-09-21 08:33:00,2025-09-23 05:34:00,2025-10-02 05:34:00,2025-10-07 05:34:00
7d91beaf-e,a1cd124e,shipped,2025-10-06 23:40:00,2025-10-07 01:34:00,2025-10-08 23:40:00,,2025-10-26 23:40:00
795878b9-f,803941d0,delivered,2025-10-04 04:05:00,2025-10-04 06:58:00,2025-10-05 04:05:00,2025-10-14 04:05:00,2025-10-16 04:05:00
657d3297-c,b50ad9ff,invoiced,2025-12-04 11:00:00,2025-12-04 12:30:00,,,2025-12-22 11:00:00
0052ca4f-5,f3362ca7,shipped,2025-10-30 17:49:00,2025-10-30 20:48:00,2025-11-01 17:49:00,,2025-11-12 17:49:00
910acaf0-c,3a651cae,delivered,2025-06-19 01:38:00,2025-06-19 02:41:00,2025-06-22 01:38:00,2025-07-08 01:38:00,2025-07-07 01:38:00
ced68cc4-3,c08f82d4,delivered,2025-01-19 22:41:00,2025-01-20 00:38:00,2025-01-20 22:41:00,2025-01-31 22:41:00,2025-02-03 22:41:00
8e5bcc65-4,089bfae1,delivered,2025-01-14 19:28:00,2025-01-14 20:43:00,2025-01-16 19:28:00,2025-01-29 19:28:00,2025-01-25 19:28:00
a30c16da-4,0ca58e05,delivered,2025-11-16 18:58:00,2025-11-16 20:54:00,2025-11-19 18:58:00,2025-12-09 18:58:00,2025-12-03 18:58:00
8f5e1b0c-f,0867d1dd,canceled,2025-09-26 00:25:00,,,,2025-10-16 00:25:00
46a924f1-a,033e1561,canceled,2025-07-04 12:24:00,,,,2025-07-23 12:24:00
b6d67d35-2,b0b17589,delivered,2025-05-24 17:11:00,2025-05-24 18:43:00,2025-05-26 17:11:00,2025-06-06 17:11:00,2025-06-07 17:11:00
77565413-1,df00f642,invoiced,2025-11-10 09:11:00,2025-11-10 11:59:00,,,2025-11-23 09:11:00
f6e99e82-1,00ff3308,invoiced,2025-04-24 06:34:00,2025-04-24 09:05:00,,,2025-05-05 06:34:00
9cdd4ba3-7,27c2dd2c,shipped,2025-06-22 23:59:00,2025-06-23 02:07:00,2025-06-23 23:59:00,,2025-07-07 23:59:00
ae408a7a-7,e3f22a7d,shipped,2025-11-08 21:23:00,2025-11-08 21:54:00,2025-11-09 21:23:00,,2025-11-26 21:23:00
bf1e8b53-1,9a8eaf56,delivered,2025-07-17 17:20:00,2025-07-17 17:29:00,2025-07-20 17:20:00,2025-08-08 17:20:00,2025-08-01 17:20:00
abc0999d-d,3cd38e87,shipped,2025-03-03 21:57:00,2025-03-04 00:13:00,2025-03-06 21:57:00,,2025-03-14 21:57:00
ce67c1c4-3,2e093507,delivered,2025-07-21 09:05:00,2025-07-21 10:33:00,2025-07-23 09:05:00,2025-08-03 09:05:00,2025-08-07 09:05:00
3c177312-6,44511fdc,delivered,2025-08-03 15:46:00,2025-08-03 18:05:00,2025-08-04 15:46:00,2025-08-23 15:46:00,2025-08-16 15:46:00
688397a1-e,f1c9546a,canceled,2025-11-26 03:18:00,,,,2025-12-07 03:18:00
1522e883-a,ac14cf61,delivered,2025-12-23 18:33:00,2025-12-23 20:39:00,2025-12-26 18:33:00,2026-01-06 18:33:00,2026-01-02 18:33:00
f1ab22ce-c,137c035b,delivered,2025-09-21 16:35:00,2025-09-21 18:09:00,2025-09-23 16:35:00,2025-09-30 16:35:00,2025-10-03 16:35:00
fe1b7bdc-4,532f422f,delivered,2025-05-24 09:55:00,2025-05-24 10:42:00,2025-05-25 09:55:00,2025-06-16 09:55:00,2025-06-10 09:55:00
883a44f4-9,1b67cb4d,canceled,2025-06-23 23:37:00,,,,2025-07-09 23:37:00
ba50268c-c,81076e0b,delivered,2025-01-14 04:59:00,2025-01-14 05:05:00,2025-01-15 04:59:00,2025-01-21 04:59:00,2025-01-24 04:59:00
6d4d3a48-9,0cda0f5d,delivered,2025-04-17 00:20:00,2025-04-17 01:52:00,2025-04-19 00:20:00,2025-04-30 00:20:00,2025-04-27 00:20:00
638d9751-7,279d1800,delivered,2025-09-24 16:39:00,2025-09-24 18:22:00,2025-09-26 16:39:00,2025-10-17 16:39:00,2025-10-13 16:39:00
863596de-5,ef13ded5,canceled,2025-12-27 05:58:00,,,,2026-01-11 05:58:00
b2c75acd-8,c24f5b76,canceled,2025-10-06 03:47:00,,,,2025-10-18 03:47:00
e9ee61ce-9,29f5f794,delivered,2025-11-17 09:39:00,2025-11-17 10:07:00,2025-11-18 09:39:00,2025-12-09 09:39:00,2025-12-03 09:39:00
75275ad9-4,71179102,delivered,2025-10-11 14:22:00,2025-10-11 14:33:00,2025-10-14 14:22:00,2025-10-30 14:22:00,2025-10-23 14:22:00
bc976be0-d,530e3548,delivered,2025-08-26 10:16:00,2025-08-26 11:53:00,2025-08-29 10:16:00,2025-09-14 10:16:00,2025-09-15 10:16:00
65a0b08f-e,13e9ec2e,shipped,2025-02-16 16:52:00,2025-02-16 19:48:00,2025-02-19 16:52:00,,2025-03-05 16:52:00
97ae3eba-d,f9577a55,canceled,2025-08-14 03:41:00,,,,2025-08-31 03:41:00
a38f2e55-c,b8582e8d,canceled,2025-04-22 18:41:00,,,,2025-05-11 18:41:00
09f92a5e-8,5a3bb68a,canceled,2025-08-07 10:42:00,,,,2025-08-26 10:42:00
5edbe6b1-a,2315a0cc,delivered,2025-06-16 20:23:00,2025-06-16 21:30:00,2025-06-19 20:23:00,2025-07-02 20:23:00,2025-07-04 20:23:00
f76d4900-a,ccc2b6ec,delivered,2025-03-24 12:18:00,2025-03-24 13:26:00,2025-03-25 12:18:00,2025-04-12 12:18:00,2025-04-12 12:18:00
efad9050-1,a3f439fa,canceled,2025-03-01 05:57:00,,,,2025-03-18 05:57:00
f510fa11-6,0d8abd39,delivered,2025-02-05 05:03:00,2025-02-05 06:32:00,2025-02-06 05:03:00,2025-03-01 05:03:00,2025-02-25 05:03:00
a94c43d5-9,d5332303,invoiced,2025-06-17 04:37:00,2025-06-17 07:04:00,,,2025-07-05 04:37:00
202d2e70-f,54abaecc,delivered,2025-01-28 17:12:00,2025-01-28 18:01:00,2025-01-29 17:12:00,2025-02-06 17:12:00,2025-02-07 17:12:00
7ca38f2f-a,dac074dd,delivered,2025-12-17 06:44:00,2025-12-17 08:24:00,2025-12-20 06:44:00,2026-01-04 06:44:00,2026-01-04 06:44:00
c915bdf3-8,87d8a4ea,delivered,2025-06-04 07:59:00,2025-06-04 09:43:00,2025-06-07 07:59:00,2025-06-23 07:59:00,2025-06-15 07:59:00
d4bacaaf-0,dbb46f5c,delivered,2025-10-20 02:01:00,2025-10-20 02:44:00,2025-10-23 02:01:00,2025-11-05 02:01:00,2025-11-08 02:01:00
2f7ab5ba-f,4b13c319,delivered,2025-11-10 06:58:00,2025-11-10 07:04:00,2025-11-13 06:58:00,2025-11-28 06:58:00,2025-11-26 06:58:00
952d6980-8,3535e4bf,canceled,2025-03-19 23:09:00,,,,2025-03-30 23:09:00
d85d24e8-a,631eb0b1,delivered,2025-08-27 21:08:00,2025-08-27 21:26:00,2025-08-28 21:08:00,2025-09-22 21:08:00,2025-09-15 21:08:00
7d5cd695-1,dc43fe81,delivered,2025-03-03 19:46:00,2025-03-03 19:59:00,2025-03-05 19:46:00,2025-03-21 19:46:00,2025-03-15 19:46:00
8dabe4a8-7,aa12fbb4,delivered,2025-01-19 09:36:00,2025-01-19 10:30:00,2025-01-21 09:36:00,2025-02-04 09:36:00,2025-02-04 09:36:00
876570ad-b,9ba2d340,delivered,2025-03-18 09:11:00,2025-03-18 09:41:00,2025-03-19 09:11:00,2025-03-27 09:11:00,2025-04-01 09:11:00
235a63f3-0,6c718531,delivered,2025-11-02 09:24:00,2025-11-02 10:01:00,2025-11-03 09:24:00,2025-11-19 09:24:00,2025-11-21 09:24:00
a9cd6704-9,784bc38d,invoiced,2025-12-02 00:51:00,2025-12-02 01:50:00,,,2025-12-22 00:51:00
182f0f90-f,23b6f2c7,invoiced,2025-02-19 07:29:00,2025-02-19 08:04:00,,,2025-03-03 07:29:00
b4398a9a-f,76e0c751,delivered,2025-06-07 04:13:00,2025-06-07 04:24:00,2025-06-09 04:13:00,2025-06-24 04:13:00,2025-06-18 04:13:00
ab548d0e-4,95037f51,shipped,2025-09-11 08:03:00,2025-09-11 08:50:00,2025-09-14 08:03:00,,2025-09-30 08:03:00
0666aa7f-9,630bd170,delivered,2025-03-06 09:33:00,2025-03-06 12:24:00,2025-03-07 09:33:00,2025-03-21 09:33:00,2025-03-21 09:33:00
3673fc69-0,7494e4c0,canceled,2025-05-27 01:15:00,,,,2025-06-06 01:15:00
27c36bb1-d,779064a6,shipped,2025-11-24 14:23:00,2025-11-24 16:16:00,2025-11-26 14:23:00,,2025-12-13 14:23:00
2d062bdb-9,23ca5d4e,delivered,2025-08-06 05:15:00,2025-08-06 06:24:00,2025-08-08 05:15:00,2025-08-14 05:15:00,2025-08-17 05:15:00
af2690a0-e,b75e9d5c,delivered,2025-04-17 00:51:00,2025-04-17 02:41:00,2025-04-20 00:51:00,2025-04-26 00:51:00,2025-04-30 00:51:00
e39e1e10-1,a7000b73,delivered,2025-10-06 00:33:00,2025-10-06 01:02:00,2025-10-09 00:33:00,2025-10-26 00:33:00,2025-10-26 00:33:00
4aed204a-5,873310bf,delivered,2025-08-26 02:12:00,2025-08-26 04:27:00,2025-08-27 02:12:00,2025-09-13 02:12:00,2025-09-11 02:12:00
9ef0d024-1,69d9db29,delivered,2025-09-29 08:31:00,2025-09-29 09:52:00,2025-09-30 08:31:00,2025-10-12 08:31:00,2025-10-15 08:31:00
6d52f668-7,f910e842,invoiced,2025-09-28 21:22:00,2025-09-28 23:21:00,,,2025-10-14 21:22:00
3d5936df-7,fbb1ac7f,delivered,2025-04-12 21:51:00,2025-04-12 22:47:00,2025-04-15 21:51:00,2025-04-25 21:51:00,2025-04-28 21:51:00
f27c0744-9,603e4d67,delivered,2025-09-26 07:53:00,2025-09-26 08:33:00,2025-09-29 07:53:00,2025-10-08 07:53:00,2025-10-13 07:53:00
421fb2d4-7,0bde4e8c,canceled,2025-10-29 00:48:00,,,,2025-11-09 00:48:00
020a0a2c-f,609a1831,canceled,2025-12-02 08:37:00,,,,2025-12-15 08:37:00
ee6b0cb8-4,98f36087,invoiced,2025-12-29 20:44:00,2025-12-29 21:58:00,,,2026-01-17 20:44:00
3876a5d8-9,ea185435,delivered,2025-05-11 19:38:00,2025-05-11 21:51:00,2025-05-12 19:38:00,2025-05-29 19:38:00,2025-05-30 19:38:00
dea379eb-9,ac14cf61,delivered,2025-11-24 07:41:00,2025-11-24 08:02:00,2025-11-25 07:41:00,2025-12-15 07:41:00,2025-12-11 07:41:00
ea835d7d-a,4b139e9a,delivered,2025-07-30 12:06:00,2025-07-30 12:49:00,2025-07-31 12:06:00,2025-08-15 12:06:00,2025-08-16 12:06:00
9d93c86d-1,e2df27ff,shipped,2025-11-01 09:37:00,2025-11-01 12:07:00,2025-11-02 09:37:00,,2025-11-20 09:37:00
369231d0-2,b6c75d91,delivered,2025-12-05 04:01:00,2025-12-05 05:00:00,2025-12-07 04:01:00,2025-12-18 04:01:00,2025-12-15 04:01:00
52d916b6-7,44b91a2f,invoiced,2025-03-23 21:42:00,2025-03-24 00:35:00,,,2025-04-02 21:42:00
700a0d7f-5,d1aad680,delivered,2025-07-09 21:44:00,2025-07-10 00:26:00,2025-07-12 21:44:00,2025-07-31 21:44:00,2025-07-27 21:44:00
9fca1db3-b,58842283,delivered,2025-10-03 16:40:00,2025-10-03 19:15:00,2025-10-05 16:40:00,2025-10-26 16:40:00,2025-10-23 16:40:00
3b1131df-5,f98df56c,shipped,2025-03-12 05:48:00,2025-03-12 06:23:00,2025-03-14 05:48:00,,2025-03-27 05:48:00
b6d584ea-7,287c447d,delivered,2025-01-06 17:11:00,2025-01-06 17:31:00,2025-01-07 17:11:00,2025-01-23 17:11:00,2025-01-20 17:11:00
c3d4f83e-e,9cf168ee,shipped,2025-02-13 09:38:00,2025-02-13 11:26:00,2025-02-14 09:38:00,,2025-03-05 09:38:00
80e784a7-f,2b26291c,invoiced,2025-03-26 19:42:00,2025-03-26 21:35:00,,,2025-04-13 19:42:00
95821b3d-9,a26caffa,delivered,2026-01-01 03:16:00,2026-01-01 03:43:00,2026-01-04 03:16:00,2026-01-13 03:16:00,2026-01-17 03:16:00
50426ffd-3,5357ab9c,delivered,2025-12-12 22:35:00,2025-12-13 01:02:00,2025-12-13 22:35:00,2026-01-02 22:35:00,2025-12-27 22:35:00
6fe677da-3,f9577a55,delivered,2025-11-24 01:56:00,2025-11-24 04:35:00,2025-11-26 01:56:00,2025-12-13 01:56:00,2025-12-14 01:56:00
09d1dc4a-5,ea9e73a0,shipped,2025-06-09 04:04:00,2025-06-09 06:02:00,2025-06-10 04:04:00,,2025-06-21 04:04:00
7778ccb3-a,5ae1b778,invoiced,2025-05-05 20:26:00,2025-05-05 21:41:00,,,2025-05-23 20:26:00
66621b8c-f,f8698135,delivered,2025-09-30 22:32:00,2025-09-30 23:35:00,2025-10-03 22:32:00,2025-10-11 22:32:00,2025-10-10 22:32:00
b2c586f0-e,1deecdcb,shipped,2025-10-22 02:27:00,2025-10-22 02:37:00,2025-10-25 02:27:00,,2025-11-02 02:27:00
55f89ea0-c,7bb7fef0,delivered,2025-07-03 21:48:00,2025-07-04 00:26:00,2025-07-06 21:48:00,2025-07-23 21:48:00,2025-07-15 21:48:00
217605dc-8,550e606f,delivered,2025-10-12 16:06:00,2025-10-12 17:53:00,2025-10-14 16:06:00,2025-10-19 16:06:00,2025-10-22 16:06:00
9d995423-1,b0b17589,shipped,2025-02-19 13:20:00,2025-02-19 16:11:00,2025-02-20 13:20:00,,2025-03-04 13:20:00
c1f8eb5e-e,57d790cd,delivered,2025-09-05 23:04:00,2025-09-06 01:21:00,2025-09-06 23:04:00,2025-09-23 23:04:00,2025-09-19 23:04:00
2022ec62-3,4539cf14,invoiced,2025-10-10 04:06:00,2025-10-10 05:20:00,,,2025-10-21 04:06:00
66a291b2-a,b15c78d5,delivered,2025-07-21 20:24:00,2025-07-21 21:36:00,2025-07-24 20:24:00,2025-08-10 20:24:00,2025-08-06 20:24:00
f5a8ccbf-c,3b00e7a0,delivered,2025-06-09 16:24:00,2025-06-09 18:54:00,2025-06-11 16:24:00,2025-06-20 16:24:00,2025-06-20 16:24:00
fae5613b-9,88e0d0b9,shipped,2025-03-11 23:38:00,2025-03-12 02:36:00,2025-03-12 23:38:00,,2025-03-21 23:38:00
10f284e3-3,1e8d9c08,delivered,2025-08-05 21:46:00,2025-08-05 22:06:00,2025-08-06 21:46:00,2025-08-27 21:46:00,2025-08-24 21:46:00
774ce51a-9,4c17a52e,shipped,2025-05-14 10:23:00,2025-05-14 13:01:00,2025-05-15 10:23:00,,2025-05-30 10:23:00
7378fabb-4,a0031bf0,invoiced,2025-03-11 09:33:00,2025-03-11 12:06:00,,,2025-03-25 09:33:00
55e9f49f-4,379f4fed,shipped,2025-08-11 13:31:00,2025-08-11 15:21:00,2025-08-12 13:31:00,,2025-08-26 13:31:00
25de8676-5,45892159,delivered,2025-10-03 00:36:00,2025-10-03 02:36:00,2025-10-05 00:36:00,2025-10-16 00:36:00,2025-10-18 00:36:00
f9977fa9-e,c720bb39,delivered,2025-07-27 12:50:00,2025-07-27 13:28:00,2025-07-30 12:50:00,2025-08-15 12:50:00,2025-08-08 12:50:00
6d29669a-9,cd03adaf,shipped,2025-06-27 07:59:00,2025-06-27 08:17:00,2025-06-28 07:59:00,,2025-07-17 07:59:00
42a854a4-2,81076e0b,delivered,2025-12-22 21:30:00,2025-12-22 22:54:00,2025-12-24 21:30:00,2026-01-10 21:30:00,2026-01-03 21:30:00
37834c4f-2,ace33911,delivered,2025-02-17 11:58:00,2025-02-17 14:11:00,2025-02-19 11:58:00,2025-03-14 11:58:00,2025-03-07 11:58:00
385afc0f-6,d4d13e12,delivered,2025-08-31 18:33:00,2025-08-31 20:19:00,2025-09-02 18:33:00,2025-09-20 18:33:00,2025-09-17 18:33:00
f1fea7e0-d,b0c3a63c,invoiced,2025-01-07 08:28:00,2025-01-07 09:07:00,,,2025-01-23 08:28:00
8e523b8b-7,b1ce534a,delivered,2025-04-28 23:48:00,2025-04-29 01:55:00,2025-04-30 23:48:00,2025-05-12 23:48:00,2025-05-11 23:48:00
1cbd64e6-0,8289815f,delivered,2025-11-22 05:23:00,2025-11-22 06:35:00,2025-11-25 05:23:00,2025-12-03 05:23:00,2025-12-04 05:23:00
451cc4b1-b,06ed2fed,delivered,2025-05-18 01:02:00,2025-05-18 04:00:00,2025-05-20 01:02:00,2025-05-31 01:02:00,2025-06-01 01:02:00
d25165b8-c,93f73236,delivered,2025-03-13 06:09:00,2025-03-13 08:08:00,2025-03-15 06:09:00,2025-04-04 06:09:00,2025-03-31 06:09:00
2d2cb88d-7,bafd02f5,delivered,2025-12-07 09:41:00,2025-12-07 12:30:00,2025-12-10 09:41:00,2025-12-21 09:41:00,2025-12-19 09:41:00
40d48911-b,70c45a75,delivered,2025-02-07 15:22:00,2025-02-07 15:30:00,2025-02-10 15:22:00,2025-02-20 15:22:00,2025-02-25 15:22:00
62767b81-e,aaa7b951,shipped,2025-04-28 10:46:00,2025-04-28 13:10:00,2025-05-01 10:46:00,,2025-05-10 10:46:00
66060314-b,d3ac96a2,delivered,2025-12-25 20:47:00,2025-12-25 21:18:00,2025-12-28 20:47:00,2026-01-11 20:47:00,2026-01-05 20:47:00
e77ebb38-1,ad9e4f01,delivered,2025-12-10 11:16:00,2025-12-10 12:28:00,2025-12-12 11:16:00,2025-12-28 11:16:00,2025-12-20 11:16:00
81163cae-3,4d4ffa96,shipped,2025-04-22 14:45:00,2025-04-22 17:11:00,2025-04-23 14:45:00,,2025-05-02 14:45:00
ed3c8e7c-2,1c46afa6,shipped,2025-09-20 21:16:00,2025-09-20 23:38:00,2025-09-23 21:16:00,,2025-10-06 21:16:00
af180276-f,0cc348a1,delivered,2025-06-11 15:37:00,2025-06-11 16:16:00,2025-06-13 15:37:00,2025-06-21 15:37:00,2025-06-22 15:37:00
bf4fd66f-7,0ab63290,canceled,2025-05-10 05:17:00,,,,2025-05-22 05:17:00
d3ed2e79-6,ed329509,canceled,2025-10-09 15:01:00,,,,2025-10-25 15:01:00
b03f71c4-5,bd848711,delivered,2025-03-16 03:02:00,2025-03-16 03:36:00,2025-03-17 03:02:00,2025-03-26 03:02:00,2025-03-28 03:02:00
23ab3914-1,171301fc,delivered,2025-07-14 03:02:00,2025-07-14 03:14:00,2025-07-17 03:02:00,2025-08-07 03:02:00,2025-08-03 03:02:00
d0cf9a53-1,6b8b8237,delivered,2025-10-08 02:52:00,2025-10-08 04:12:00,2025-10-09 02:52:00,2025-10-24 02:52:00,2025-10-23 02:52:00
d9bb2b7a-2,64839ce1,shipped,2025-01-25 15:17:00,2025-01-25 17:09:00,2025-01-28 15:17:00,,2025-02-14 15:17:00
8faf67a2-7,a0774f97,invoiced,2025-12-13 03:02:00,2025-12-13 03:07:00,,,2025-12-26 03:02:00
08881753-e,02163a76,invoiced,2025-05-23 10:47:00,2025-05-23 13:22:00,,,2025-06-08 10:47:00
6504a300-8,eaef3966,canceled,2025-07-19 13:17:00,,,,2025-07-30 13:17:00
3b717e46-5,57e66981,canceled,2025-02-16 22:53:00,,,,2025-03-01 22:53:00
06b206ef-6,0bd156c4,invoiced,2025-04-10 13:26:00,2025-04-10 15:51:00,,,2025-04-23 13:26:00
be59c999-d,f7400d1f,delivered,2025-03-23 12:38:00,2025-03-23 14:40:00,2025-03-24 12:38:00,2025-04-08 12:38:00,2025-04-10 12:38:00
f03d75d3-f,d1eb230f,delivered,2025-09-28 21:42:00,2025-09-29 00:31:00,2025-09-30 21:42:00,2025-10-13 21:42:00,2025-10-17 21:42:00
45e74e5d-7,85664205,invoiced,2025-02-09 18:29:00,2025-02-09 20:10:00,,,2025-02-19 18:29:00
1f13b203-c,7494e4c0,invoiced,2025-07-03 14:54:00,2025-07-03 17:40:00,,,2025-07-21 14:54:00
1ca5793b-2,fbb1ac7f,invoiced,2025-10-20 11:59:00,2025-10-20 12:39:00,,,2025-10-31 11:59:00
dc298116-5,8f36b34d,delivered,2025-07-17 19:11:00,2025-07-17 19:35:00,2025-07-18 19:11:00,2025-08-09 19:11:00,2025-08-04 19:11:00
0a4a6f87-1,e72039b9,shipped,2025-09-02 10:32:00,2025-09-02 13:07:00,2025-09-03 10:32:00,,2025-09-19 10:32:00
4e122499-4,792fe453,delivered,2025-12-15 09:23:00,2025-12-15 11:32:00,2025-12-16 09:23:00,2025-12-31 09:23:00,2025-12-30 09:23:00
e5a62521-7,913f81b3,canceled,2025-01-26 02:40:00,,,,2025-02-11 02:40:00
f221839e-e,d62f71e3,delivered,2025-04-19 04:17:00,2025-04-19 06:22:00,2025-04-20 04:17:00,2025-05-04 04:17:00,2025-05-07 04:17:00
db830a3b-7,1ded7fa7,delivered,2025-12-19 08:45:00,2025-12-19 10:45:00,2025-12-20 08:45:00,2025-12-27 08:45:00,2025-12-30 08:45:00
8adc01e7-1,d1ba71fb,invoiced,2025-08-26 03:52:00,2025-08-26 06:45:00,,,2025-09-06 03:52:00
2dd3ba90-f,98ac2436,invoiced,2025-08-14 01:52:00,2025-08-14 04:22:00,,,2025-08-26 01:52:00
9e3eb370-1,a0f81048,canceled,2025-01-08 00:30:00,,,,2025-01-22 00:30:00
7e2e8830-e,942c563b,shipped,2025-08-28 13:37:00,2025-08-28 16:04:00,2025-08-31 13:37:00,,2025-09-10 13:37:00
a1be3ff7-9,0d4e131b,shipped,2025-09-21 04:30:00,2025-09-21 05:26:00,2025-09-23 04:30:00,,2025-10-09 04:30:00
3c7a23c2-a,207f2b07,canceled,2025-11-09 12:14:00,,,,2025-11-29 12:14:00
593307bc-c,61693318,delivered,2025-08-13 08:33:00,2025-08-13 09:39:00,2025-08-15 08:33:00,2025-08-26 08:33:00,2025-08-25 08:33:00
fb5aa338-c,f94b97f5,canceled,2025-08-08 14:12:00,,,,2025-08-27 14:12:00
a4e541ac-a,d106be95,delivered,2025-10-08 09:11:00,2025-10-08 10:37:00,2025-10-09 09:11:00,2025-10-31 09:11:00,2025-10-24 09:11:00
cb7e3cd7-1,e5484fe0,delivered,2025-11-14 10:22:00,2025-11-14 10:47:00,2025-11-16 10:22:00,2025-11-27 10:22:00,2025-11-30 10:22:00
8fa7c406-b,89ecd971,invoiced,2025-06-16 03:02:00,2025-06-16 05:13:00,,,2025-07-06 03:02:00
207f30b5-9,494ae306,delivered,2025-08-25 16:24:00,2025-08-25 16:53:00,2025-08-28 16:24:00,2025-09-09 16:24:00,2025-09-14 16:24:00
86376cb1-7,45105c89,canceled,2025-12-26 05:10:00,,,,2026-01-15 05:10:00
4a133691-5,45123128,canceled,2025-02-12 21:11:00,,,,2025-02-22 21:11:00
374a7f35-9,ead8ba46,delivered,2025-08-02 22:58:00,2025-08-02 23:15:00,2025-08-03 22:58:00,2025-08-13 22:58:00,2025-08-17 22:58:00
7a362315-3,17761198,delivered,2025-11-21 19:21:00,2025-11-21 19:34:00,2025-11-23 19:21:00,2025-11-30 19:21:00,2025-12-05 19:21:00
aff0ab98-a,146d7882,delivered,2025-11-26 00:58:00,2025-11-26 02:02:00,2025-11-29 00:58:00,2025-12-02 00:58:00,2025-12-07 00:58:00
7699fffa-d,048188ee,delivered,2025-04-15 22:57:00,2025-04-16 01:30:00,2025-04-16 22:57:00,2025-04-24 22:57:00,2025-04-25 22:57:00
d3617051-1,11cf54b6,canceled,2025-05-26 02:04:00,,,,2025-06-13 02:04:00
1470e23d-f,01b2d692,shipped,2025-11-12 05:34:00,2025-11-12 07:10:00,2025-11-14 05:34:00,,2025-11-25 05:34:00
e0d92206-0,455dc9e9,delivered,2025-10-08 01:04:00,2025-10-08 03:28:00,2025-10-10 01:04:00,2025-10-27 01:04:00,2025-10-25 01:04:00
76f0a917-8,f0b8de71,delivered,2025-10-19 09:19:00,2025-10-19 11:52:00,2025-10-22 09:19:00,2025-11-11 09:19:00,2025-11-03 09:19:00
8af263f5-2,bdb55f80,delivered,2025-04-22 05:40:00,2025-04-22 07:14:00,2025-04-23 05:40:00,2025-05-05 05:40:00,2025-05-03 05:40:00
f27a7be6-f,bf04e246,delivered,2025-02-24 14:34:00,2025-02-24 15:44:00,2025-02-25 14:34:00,2025-03-10 14:34:00,2025-03-15 14:34:00
39c36553-e,67332eb5,invoiced,2025-02-18 02:00:00,2025-02-18 02:13:00,,,2025-03-09 02:00:00
838a2775-6,21885b1c,invoiced,2025-10-04 17:58:00,2025-10-04 19:48:00,,,2025-10-22 17:58:00
875791f0-0,7a3007e1,delivered,2025-04-23 04:39:00,2025-04-23 04:45:00,2025-04-25 04:39:00,2025-05-13 04:39:00,2025-05-13 04:39:00
da9b1de6-6,a18d137b,shipped,2025-10-31 13:19:00,2025-10-31 14:06:00,2025-11-02 13:19:00,,2025-11-10 13:19:00
492c2214-8,9a5fd8ac,delivered,2025-08-23 11:22:00,2025-08-23 13:40:00,2025-08-24 11:22:00,2025-09-02 11:22:00,2025-09-03 11:22:00
a55d23fe-1,1deecdcb,delivered,2025-02-16 11:53:00,2025-02-16 12:39:00,2025-02-17 11:53:00,2025-03-01 11:53:00,2025-03-06 11:53:00
dc92d10f-f,0beeafa2,canceled,2025-03-29 02:22:00,,,,2025-04-16 02:22:00
d8443fcf-6,4059db31,delivered,2025-02-27 16:27:00,2025-02-27 17:26:00,2025-03-02 16:27:00,2025-03-14 16:27:00,2025-03-14 16:27:00
250495e8-6,543df39a,canceled,2025-08-29 05:45:00,,,,2025-09-09 05:45:00
f78f83e4-3,7747b46c,delivered,2025-09-03 17:48:00,2025-09-03 20:27:00,2025-09-04 17:48:00,2025-09-17 17:48:00,2025-09-14 17:48:00
ff1baef0-e,f67dc5fe,delivered,2025-01-28 05:35:00,2025-01-28 06:34:00,2025-01-31 05:35:00,2025-02-14 05:35:00,2025-02-11 05:35:00
4fabe000-7,eb76c00d,delivered,2025-05-23 15:17:00,2025-05-23 18:09:00,2025-05-24 15:17:00,2025-06-10 15:17:00,2025-06-04 15:17:00
b6a59570-f,ce026849,canceled,2025-01-07 04:02:00,,,,2025-01-27 04:02:00
1f78d8b2-2,d5020200,delivered,2025-03-09 04:45:00,2025-03-09 06:42:00,2025-03-11 04:45:00,2025-04-01 04:45:00,2025-03-24 04:45:00
777c5d4c-0,6dff10df,delivered,2025-04-11 00:43:00,2025-04-11 01:02:00,2025-04-13 00:43:00,2025-04-28 00:43:00,2025-04-30 00:43:00
c00cbc96-3,ebf42e94,delivered,2025-12-16 21:47:00,2025-12-16 22:10:00,2025-12-18 21:47:00,2025-12-31 21:47:00,2025-12-30 21:47:00
bd1c7c54-8,f7b06289,invoiced,2025-10-05 08:04:00,2025-10-05 10:47:00,,,2025-10-21 08:04:00
9ea55dac-d,2cc440b6,delivered,2025-01-08 16:03:00,2025-01-08 17:41:00,2025-01-10 16:03:00,2025-01-26 16:03:00,2025-01-26 16:03:00
4a783359-c,3aa4018a,shipped,2025-07-21 11:23:00,2025-07-21 11:43:00,2025-07-23 11:23:00,,2025-08-09 11:23:00
c6fa110f-d,00ff3308,delivered,2025-12-17 09:38:00,2025-12-17 10:31:00,2025-12-20 09:38:00,2026-01-03 09:38:00,2025-12-30 09:38:00
e8ac2193-7,d92c7bc0,delivered,2025-03-28 12:08:00,2025-03-28 14:04:00,2025-03-29 12:08:00,2025-04-07 12:08:00,2025-04-08 12:08:00
9f02bed4-e,b50ad9ff,shipped,2025-09-20 20:56:00,2025-09-20 21:11:00,2025-09-23 20:56:00,,2025-10-07 20:56:00
a11c52fa-1,0aae07b6,delivered,2025-04-13 17:21:00,2025-04-13 18:27:00,2025-04-14 17:21:00,2025-04-29 17:21:00,2025-04-27 17:21:00
33073953-f,014dd382,shipped,2025-09-13 12:01:00,2025-09-13 13:41:00,2025-09-16 12:01:00,,2025-09-27 12:01:00
71de0cca-d,411b69aa,delivered,2025-09-13 10:50:00,2025-09-13 12:51:00,2025-09-15 10:50:00,2025-10-08 10:50:00,2025-10-02 10:50:00
6bf14b36-3,75ab69f6,shipped,2025-08-30 08:25:00,2025-08-30 10:08:00,2025-09-02 08:25:00,,2025-09-18 08:25:00
1ccad96e-f,29dea18c,delivered,2025-01-12 17:44:00,2025-01-12 17:51:00,2025-01-15 17:44:00,2025-02-04 17:44:00,2025-01-27 17:44:00
090877ed-f,2b8c89ce,delivered,2025-08-17 05:07:00,2025-08-17 06:13:00,2025-08-18 05:07:00,2025-09-11 05:07:00,2025-09-03 05:07:00
5a196a0c-0,502b9fc7,invoiced,2025-03-01 09:49:00,2025-03-01 11:15:00,,,2025-03-15 09:49:00
eb18cc92-1,e80532ff,delivered,2025-12-15 00:01:00,2025-12-15 02:22:00,2025-12-18 00:01:00,2026-01-10 00:01:00,2026-01-04 00:01:00
109ad6cb-a,5e55263b,delivered,2025-10-09 14:05:00,2025-10-09 16:32:00,2025-10-11 14:05:00,2025-10-21 14:05:00,2025-10-24 14:05:00
c56d0922-e,ff5abafa,delivered,2025-05-17 21:41:00,2025-05-18 00:39:00,2025-05-19 21:41:00,2025-05-23 21:41:00,2025-05-27 21:41:00
2df20046-f,be98e619,invoiced,2025-06-24 23:52:00,2025-06-25 00:34:00,,,2025-07-07 23:52:00
650c6a85-c,cebc5bdb,canceled,2025-07-02 04:52:00,,,,2025-07-19 04:52:00
54699a5f-7,4c2aa869,invoiced,2025-12-16 05:46:00,2025-12-16 06:23:00,,,2025-12-27 05:46:00
324e61ac-d,77a7ae1f,delivered,2025-11-06 09:14:00,2025-11-06 11:45:00,2025-11-09 09:14:00,2025-11-24 09:14:00,2025-11-17 09:14:00
bf4ff572-8,c3686211,delivered,2025-12-30 04:33:00,2025-12-30 06:18:00,2025-12-31 04:33:00,2026-01-13 04:33:00,2026-01-09 04:33:00
ed8f704e-6,819548a5,canceled,2025-07-11 19:22:00,,,,2025-07-31 19:22:00
06b8fb2c-9,ccd6af49,invoiced,2025-08-15 07:44:00,2025-08-15 10:26:00,,,2025-08-28 07:44:00
0b150f5f-1,faa106fe,delivered,2025-04-27 13:27:00,2025-04-27 13:54:00,2025-04-30 13:27:00,2025-05-07 13:27:00,2025-05-12 13:27:00
79373f9c-b,7924c6f1,shipped,2025-04-06 12:38:00,2025-04-06 14:50:00,2025-04-07 12:38:00,,2025-04-24 12:38:00
45a2ff1e-6,cb906066,invoiced,2025-10-11 07:57:00,2025-10-11 10:24:00,,,2025-10-31 07:57:00
8b99f1c6-0,7f31a6c1,invoiced,2025-11-19 13:59:00,2025-11-19 15:11:00,,,2025-12-07 13:59:00
a17bcd99-a,a90a5984,delivered,2025-12-31 16:01:00,2025-12-31 18:48:00,2026-01-01 16:01:00,2026-01-18 16:01:00,2026-01-19 16:01:00
464087d8-7,a805bcce,canceled,2025-12-07 21:40:00,,,,2025-12-19 21:40:00
18cc609a-e,b272d76e,delivered,2025-04-19 11:41:00,2025-04-19 11:58:00,2025-04-21 11:41:00,2025-05-10 11:41:00,2025-05-02 11:41:00
8385b786-4,ce7d5b66,delivered,2025-05-01 00:31:00,2025-05-01 03:27:00,2025-05-03 00:31:00,2025-05-22 00:31:00,2025-05-14 00:31:00
abe64fea-7,3678164c,delivered,2025-12-04 02:14:00,2025-12-04 03:57:00,2025-12-05 02:14:00,2025-12-25 02:14:00,2025-12-20 02:14:00
5c0f9c3e-b,d114e50c,delivered,2025-07-17 02:20:00,2025-07-17 03:35:00,2025-07-19 02:20:00,2025-07-27 02:20:00,2025-07-27 02:20:00
2db0d7b9-2,57e66981,delivered,2025-05-18 02:04:00,2025-05-18 04:33:00,2025-05-21 02:04:00,2025-06-02 02:04:00,2025-06-02 02:04:00
2ace23cf-9,363be82e,delivered,2025-10-31 06:37:00,2025-10-31 08:04:00,2025-11-02 06:37:00,2025-11-20 06:37:00,2025-11-18 06:37:00
fe527234-b,6dff10df,delivered,2025-08-11 05:42:00,2025-08-11 05:50:00,2025-08-12 05:42:00,2025-09-07 05:42:00,2025-08-30 05:42:00
1526ff7d-6,29f8a9dc,delivered,2025-10-20 07:48:00,2025-10-20 09:43:00,2025-10-23 07:48:00,2025-11-07 07:48:00,2025-11-05 07:48:00
8b09cb06-9,1e8d9c08,delivered,2025-02-07 05:27:00,2025-02-07 07:37:00,2025-02-09 05:27:00,2025-02-16 05:27:00,2025-02-20 05:27:00
461ba12c-f,b9011251,shipped,2025-11-15 15:41:00,2025-11-15 18:05:00,2025-11-17 15:41:00,,2025-11-30 15:41:00
62037d1d-5,21fff347,delivered,2025-11-05 02:40:00,2025-11-05 04:22:00,2025-11-07 02:40:00,2025-11-17 02:40:00,2025-11-19 02:40:00
e6a1fccb-8,f9577a55,delivered,2025-03-05 04:02:00,2025-03-05 04:47:00,2025-03-06 04:02:00,2025-03-20 04:02:00,2025-03-24 04:02:00
0f0a3598-5,1a27565e,delivered,2025-10-16 20:29:00,2025-10-16 21:46:00,2025-10-18 20:29:00,2025-11-01 20:29:00,2025-10-26 20:29:00
b41bc5fa-9,eeb7d2e3,delivered,2025-10-06 21:48:00,2025-10-06 23:44:00,2025-10-08 21:48:00,2025-10-21 21:48:00,2025-10-22 21:48:00
0ee67857-6,cae04052,delivered,2025-06-27 13:44:00,2025-06-27 13:57:00,2025-06-29 13:44:00,2025-07-07 13:44:00,2025-07-12 13:44:00
3921e8f4-a,f4df87be,delivered,2025-10-29 23:24:00,2025-10-30 00:38:00,2025-11-01 23:24:00,2025-11-18 23:24:00,2025-11-14 23:24:00
aad76354-1,47320469,delivered,2025-03-12 18:44:00,2025-03-12 20:26:00,2025-03-13 18:44:00,2025-03-25 18:44:00,2025-03-27 18:44:00
33d2417f-d,530e3548,delivered,2025-03-24 16:10:00,2025-03-24 18:13:00,2025-03-26 16:10:00,2025-04-11 16:10:00,2025-04-13 16:10:00
0887cb02-8,3a5a43a2,shipped,2025-11-14 17:53:00,2025-11-14 20:23:00,2025-11-16 17:53:00,,2025-12-03 17:53:00
99713261-1,0bde4e8c,invoiced,2025-05-15 09:47:00,2025-05-15 10:48:00,,,2025-05-29 09:47:00
db01ec83-c,cdf55148,shipped,2025-10-29 07:48:00,2025-10-29 10:28:00,2025-10-30 07:48:00,,2025-11-12 07:48:00
62644260-6,187234d8,delivered,2025-01-09 16:48:00,2025-01-09 19:46:00,2025-01-12 16:48:00,2025-01-24 16:48:00,2025-01-27 16:48:00
41c90b94-0,a09fb0c9,delivered,2025-04-22 18:42:00,2025-04-22 21:03:00,2025-04-25 18:42:00,2025-05-14 18:42:00,2025-05-10 18:42:00
f8dc03fc-e,d71093c2,delivered,2025-12-20 05:07:00,2025-12-20 07:14:00,2025-12-21 05:07:00,2026-01-06 05:07:00,2026-01-06 05:07:00
a2369918-0,07d2603d,delivered,2025-08-30 18:08:00,2025-08-30 18:45:00,2025-08-31 18:08:00,2025-09-07 18:08:00,2025-09-12 18:08:00
ba2ee471-2,dc585ecf,delivered,2025-11-09 07:36:00,2025-11-09 07:54:00,2025-11-10 07:36:00,2025-11-27 07:36:00,2025-11-21 07:36:00
fa34e2ce-f,b1ce534a,canceled,2025-11-01 12:12:00,,,,2025-11-16 12:12:00
cd6cb81e-8,b149737e,invoiced,2025-02-10 18:39:00,2025-02-10 19:39:00,,,2025-02-21 18:39:00
011b1c63-4,f7f5a105,delivered,2025-04-24 02:04:00,2025-04-24 03:06:00,2025-04-27 02:04:00,2025-05-12 02:04:00,2025-05-12 02:04:00
9f5ed532-e,de2429a2,canceled,2025-03-11 01:54:00,,,,2025-03-24 01:54:00
3c092e82-5,11f7f893,canceled,2025-02-25 00:19:00,,,,2025-03-10 00:19:00
d2c4ed3f-c,43173f01,invoiced,2025-12-03 12:50:00,2025-12-03 15:13:00,,,2025-12-13 12:50:00
7a5f426b-5,63cce72c,delivered,2025-10-26 01:09:00,2025-10-26 04:01:00,2025-10-27 01:09:00,2025-11-20 01:09:00,2025-11-15 01:09:00
8d4c9aa0-1,464348d5,delivered,2025-03-24 17:39:00,2025-03-24 18:55:00,2025-03-26 17:39:00,2025-04-09 17:39:00,2025-04-09 17:39:00
d600a0c8-b,597a944f,delivered,2025-09-24 04:39:00,2025-09-24 05:43:00,2025-09-25 04:39:00,2025-10-01 04:39:00,2025-10-06 04:39:00
99480ff1-e,087c113f,delivered,2025-04-23 06:16:00,2025-04-23 08:05:00,2025-04-25 06:16:00,2025-05-06 06:16:00,2025-05-10 06:16:00
4a95d311-e,8854cefd,invoiced,2025-01-06 14:54:00,2025-01-06 16:48:00,,,2025-01-18 14:54:00
46065325-c,86274aa3,delivered,2025-04-29 23:37:00,2025-04-30 02:04:00,2025-05-01 23:37:00,2025-05-13 23:37:00,2025-05-16 23:37:00
e0cc7048-7,36e965f3,shipped,2025-06-01 14:04:00,2025-06-01 16:37:00,2025-06-04 14:04:00,,2025-06-11 14:04:00
730efbe1-e,56b48067,delivered,2025-01-30 14:52:00,2025-01-30 16:42:00,2025-02-01 14:52:00,2025-02-22 14:52:00,2025-02-19 14:52:00
c0782f27-e,3f595a6b,invoiced,2025-05-14 13:06:00,2025-05-14 15:50:00,,,2025-06-02 13:06:00
fabb7ace-0,294c864d,invoiced,2025-02-02 05:09:00,2025-02-02 06:35:00,,,2025-02-21 05:09:00
7b4d0bfe-7,68bbd16f,delivered,2025-12-31 08:58:00,2025-12-31 11:12:00,2026-01-03 08:58:00,2026-01-10 08:58:00,2026-01-12 08:58:00
c23e2abd-6,bcb22d0d,delivered,2025-02-13 02:03:00,2025-02-13 02:38:00,2025-02-16 02:03:00,2025-03-05 02:03:00,2025-03-02 02:03:00
417a4ff0-8,dbe54014,canceled,2025-02-07 14:54:00,,,,2025-02-17 14:54:00
59432eb4-5,feab8959,shipped,2025-11-13 08:44:00,2025-11-13 10:19:00,2025-11-14 08:44:00,,2025-12-02 08:44:00
237e7188-2,66a8746d,canceled,2025-05-11 07:14:00,,,,2025-05-29 07:14:00
4774fc1c-6,f1c9546a,delivered,2025-02-27 12:11:00,2025-02-27 13:52:00,2025-03-02 12:11:00,2025-03-19 12:11:00,2025-03-14 12:11:00
5619963e-6,6f988726,delivered,2025-05-29 09:19:00,2025-05-29 11:17:00,2025-05-30 09:19:00,2025-06-15 09:19:00,2025-06-12 09:19:00
4afdb40d-8,76b9a4fd,shipped,2025-12-16 12:49:00,2025-12-16 15:03:00,2025-12-19 12:49:00,,2025-12-31 12:49:00
58410992-c,fa50d2b3,shipped,2025-12-26 05:25:00,2025-12-26 07:19:00,2025-12-29 05:25:00,,2026-01-15 05:25:00
78c2fece-f,5801e377,delivered,2025-06-13 05:10:00,2025-06-13 06:46:00,2025-06-16 05:10:00,2025-06-20 05:10:00,2025-06-25 05:10:00
95bee7d7-9,3247c0c8,delivered,2025-12-01 11:36:00,2025-12-01 12:21:00,2025-12-02 11:36:00,2025-12-19 11:36:00,2025-12-20 11:36:00
bb3a2400-f,d21aeb44,delivered,2025-03-19 18:20:00,2025-03-19 19:45:00,2025-03-22 18:20:00,2025-04-08 18:20:00,2025-04-07 18:20:00
4f882612-e,ea185435,invoiced,2025-11-15 23:18:00,2025-11-16 02:13:00,,,2025-11-27 23:18:00
4bd322ec-b,7ac8734e,delivered,2025-11-27 21:35:00,2025-11-27 23:06:00,2025-11-28 21:35:00,2025-12-08 21:35:00,2025-12-10 21:35:00
6cfbe564-f,02e06f94,shipped,2025-10-01 07:45:00,2025-10-01 08:30:00,2025-10-02 07:45:00,,2025-10-21 07:45:00
7370c066-e,2f9b3593,shipped,2025-12-06 03:45:00,2025-12-06 05:25:00,2025-12-09 03:45:00,,2025-12-18 03:45:00
3209713b-5,fc2536ed,shipped,2025-06-17 08:35:00,2025-06-17 10:57:00,2025-06-18 08:35:00,,2025-07-03 08:35:00
0d0c4816-7,e498406f,delivered,2025-10-19 16:58:00,2025-10-19 19:10:00,2025-10-21 16:58:00,2025-11-11 16:58:00,2025-11-08 16:58:00
494ed4b9-9,640aeb88,delivered,2025-05-25 12:47:00,2025-05-25 14:11:00,2025-05-28 12:47:00,2025-06-09 12:47:00,2025-06-05 12:47:00
53d44080-5,e72039b9,canceled,2025-08-12 04:11:00,,,,2025-08-23 04:11:00
aba31451-8,59d46dda,delivered,2025-11-10 08:34:00,2025-11-10 09:34:00,2025-11-11 08:34:00,2025-11-30 08:34:00,2025-11-24 08:34:00
3f6cbe3a-1,f7b48ee6,invoiced,2025-11-11 14:09:00,2025-11-11 15:58:00,,,2025-11-30 14:09:00
1ae4e0db-a,5351bd05,delivered,2025-02-26 23:35:00,2025-02-26 23:45:00,2025-02-27 23:35:00,2025-03-12 23:35:00,2025-03-11 23:35:00
7325299f-4,fbb1ac7f,delivered,2025-04-11 23:10:00,2025-04-12 01:33:00,2025-04-13 23:10:00,2025-04-27 23:10:00,2025-04-24 23:10:00
89a3554c-1,4a8db9a7,delivered,2025-05-06 16:57:00,2025-05-06 18:02:00,2025-05-09 16:57:00,2025-05-16 16:57:00,2025-05-16 16:57:00
02c405bb-c,a18d137b,canceled,2025-10-17 19:03:00,,,,2025-10-27 19:03:00
113034db-3,99a877d6,invoiced,2025-08-12 07:54:00,2025-08-12 08:57:00,,,2025-08-24 07:54:00
08bd7a9a-5,4c2aa869,delivered,2025-02-12 16:21:00,2025-02-12 19:08:00,2025-02-13 16:21:00,2025-03-07 16:21:00,2025-03-04 16:21:00
a0b30c0a-b,29cde9c1,delivered,2025-04-26 22:38:00,2025-04-26 23:22:00,2025-04-27 22:38:00,2025-05-19 22:38:00,2025-05-16 22:38:00
1566bd53-8,72b1393d,delivered,2025-07-17 03:41:00,2025-07-17 03:57:00,2025-07-19 03:41:00,2025-08-12 03:41:00,2025-08-06 03:41:00
ae4a030b-4,2e2fb92b,delivered,2025-12-01 08:15:00,2025-12-01 08:39:00,2025-12-04 08:15:00,2025-12-15 08:15:00,2025-12-13 08:15:00
3a4f7792-3,6327ad58,delivered,2025-10-24 17:41:00,2025-10-24 18:49:00,2025-10-27 17:41:00,2025-11-07 17:41:00,2025-11-07 17:41:00
a5930d28-f,77f2d320,delivered,2025-12-23 12:34:00,2025-12-23 14:17:00,2025-12-24 12:34:00,2026-01-19 12:34:00,2026-01-11 12:34:00
badb2b81-0,3c8e805f,shipped,2025-10-31 18:57:00,2025-10-31 19:43:00,2025-11-02 18:57:00,,2025-11-15 18:57:00
80511ea2-6,766d2be1,delivered,2025-10-24 19:01:00,2025-10-24 20:59:00,2025-10-26 19:01:00,2025-11-15 19:01:00,2025-11-13 19:01:00
5cf2c70b-7,efca9221,invoiced,2025-08-13 18:39:00,2025-08-13 20:25:00,,,2025-08-30 18:39:00
f30e586c-e,ed37d3dd,canceled,2025-09-12 08:35:00,,,,2025-09-27 08:35:00
9b009c94-7,c6f3cac7,delivered,2025-11-08 16:54:00,2025-11-08 18:16:00,2025-11-09 16:54:00,2025-11-26 16:54:00,2025-11-24 16:54:00
ecea8c42-1,6e9f8af2,shipped,2025-10-01 03:24:00,2025-10-01 04:43:00,2025-10-04 03:24:00,,2025-10-19 03:24:00
808f30b7-0,8062d9d9,delivered,2025-06-17 05:07:00,2025-06-17 05:20:00,2025-06-18 05:07:00,2025-06-30 05:07:00,2025-07-03 05:07:00
9f49f270-6,6fb9cd07,invoiced,2025-04-24 00:35:00,2025-04-24 02:58:00,,,2025-05-13 00:35:00
29705550-e,249e8f95,delivered,2025-11-13 19:47:00,2025-11-13 21:53:00,2025-11-15 19:47:00,2025-11-27 19:47:00,2025-11-24 19:47:00
c66c8b81-8,07d2603d,delivered,2025-01-25 00:13:00,2025-01-25 00:29:00,2025-01-28 00:13:00,2025-02-15 00:13:00,2025-02-09 00:13:00
c736c355-c,fbd81aed,canceled,2025-04-15 00:58:00,,,,2025-04-30 00:58:00
81fc328c-f,893438a6,invoiced,2025-08-13 17:42:00,2025-08-13 19:02:00,,,2025-08-29 17:42:00
ac116382-0,bacbcb82,delivered,2025-03-24 13:56:00,2025-03-24 16:45:00,2025-03-25 13:56:00,2025-03-30 13:56:00,2025-04-03 13:56:00
596587c4-d,95037f51,delivered,2025-06-01 09:16:00,2025-06-01 09:54:00,2025-06-04 09:16:00,2025-06-15 09:16:00,2025-06-20 09:16:00
010deb6e-0,b7ffe70c,invoiced,2025-07-11 05:19:00,2025-07-11 05:33:00,,,2025-07-27 05:19:00
506c7271-d,cf6da668,delivered,2025-09-02 04:20:00,2025-09-02 06:13:00,2025-09-03 04:20:00,2025-09-22 04:20:00,2025-09-14 04:20:00
47318d81-e,578e24c9,invoiced,2025-01-16 08:31:00,2025-01-16 09:54:00,,,2025-02-02 08:31:00
d1a7bd84-c,faa106fe,delivered,2025-01-04 15:53:00,2025-01-04 16:18:00,2025-01-05 15:53:00,2025-01-18 15:53:00,2025-01-18 15:53:00
8f7efa7e-7,6a59b1c7,delivered,2025-05-08 12:08:00,2025-05-08 15:01:00,2025-05-09 12:08:00,2025-05-27 12:08:00,2025-05-19 12:08:00
4994788d-8,f2f33e2c,delivered,2025-08-06 08:34:00,2025-08-06 11:23:00,2025-08-09 08:34:00,2025-08-23 08:34:00,2025-08-19 08:34:00
393e1d23-1,a18d137b,delivered,2025-10-27 21:19:00,2025-10-27 22:07:00,2025-10-30 21:19:00,2025-11-08 21:19:00,2025-11-11 21:19:00
5aeb4efa-f,bdb55f80,delivered,2025-07-08 19:05:00,2025-07-08 21:04:00,2025-07-09 19:05:00,2025-07-18 19:05:00,2025-07-18 19:05:00
8743fef1-c,a7191243,delivered,2025-07-02 04:19:00,2025-07-02 06:16:00,2025-07-05 04:19:00,2025-07-12 04:19:00,2025-07-16 04:19:00
0b81af36-3,d558cc45,delivered,2025-06-20 07:31:00,2025-06-20 09:46:00,2025-06-23 07:31:00,2025-06-28 07:31:00,2025-06-30 07:31:00
9e04a501-9,a6b2d115,invoiced,2025-11-26 16:58:00,2025-11-26 19:36:00,,,2025-12-08 16:58:00
2a2c7900-8,7a6a135c,delivered,2025-03-31 15:34:00,2025-03-31 17:40:00,2025-04-01 15:34:00,2025-04-09 15:34:00,2025-04-10 15:34:00
055299d5-e,2c2cd27c,delivered,2025-12-05 06:59:00,2025-12-05 08:27:00,2025-12-08 06:59:00,2025-12-20 06:59:00,2025-12-18 06:59:00
17a52c82-e,3f2ce00e,invoiced,2025-07-15 15:05:00,2025-07-15 17:12:00,,,2025-08-01 15:05:00
e92e367d-d,50e105ab,delivered,2025-07-22 04:37:00,2025-07-22 07:16:00,2025-07-25 04:37:00,2025-08-06 04:37:00,2025-08-05 04:37:00
c5bb27e1-d,feab8959,shipped,2025-10-27 00:44:00,2025-10-27 00:58:00,2025-10-28 00:44:00,,2025-11-06 00:44:00
bc731724-4,9397f9ba,invoiced,2025-12-17 22:21:00,2025-12-17 23:07:00,,,2025-12-28 22:21:00
ed21ad22-a,d6d033a3,delivered,2025-11-30 09:24:00,2025-11-30 10:39:00,2025-12-03 09:24:00,2025-12-25 09:24:00,2025-12-18 09:24:00
11a9efd0-4,75ab69f6,invoiced,2025-09-09 10:40:00,2025-09-09 13:11:00,,,2025-09-24 10:40:00
f7bf4b44-c,6c62e3de,canceled,2025-10-03 19:42:00,,,,2025-10-23 19:42:00
078f2f0b-c,b302206e,delivered,2025-08-25 00:59:00,2025-08-25 02:28:00,2025-08-28 00:59:00,2025-09-11 00:59:00,2025-09-12 00:59:00
73bf130c-4,94f79bd0,delivered,2025-02-12 05:46:00,2025-02-12 06:46:00,2025-02-15 05:46:00,2025-02-20 05:46:00,2025-02-22 05:46:00
6332d0b3-6,26a298bb,delivered,2025-11-09 15:53:00,2025-11-09 18:15:00,2025-11-10 15:53:00,2025-11-23 15:53:00,2025-11-23 15:53:00
7cd4473e-9,c0ae012f,invoiced,2025-03-27 03:28:00,2025-03-27 05:32:00,,,2025-04-15 03:28:00
49e1cd49-5,603e4d67,delivered,2025-04-24 11:05:00,2025-04-24 13:50:00,2025-04-27 11:05:00,2025-05-15 11:05:00,2025-05-09 11:05:00
f95801e3-9,e2dd6cda,delivered,2025-12-11 12:01:00,2025-12-11 12:37:00,2025-12-12 12:01:00,2025-12-28 12:01:00,2025-12-30 12:01:00
1d473e14-9,1e222da9,delivered,2025-11-27 10:22:00,2025-11-27 10:58:00,2025-11-28 10:22:00,2025-12-08 10:22:00,2025-12-13 10:22:00
1a592e25-b,b8582e8d,delivered,2025-01-22 09:20:00,2025-01-22 09:40:00,2025-01-23 09:20:00,2025-02-03 09:20:00,2025-02-05 09:20:00
aafd0edd-8,779064a6,delivered,2025-07-14 12:08:00,2025-07-14 14:05:00,2025-07-15 12:08:00,2025-08-02 12:08:00,2025-07-27 12:08:00
3b73863d-2,22cc2120,canceled,2025-01-04 20:21:00,,,,2025-01-22 20:21:00
6e88eba8-e,8e0ccaf9,delivered,2025-12-07 07:05:00,2025-12-07 09:56:00,2025-12-09 07:05:00,2025-12-31 07:05:00,2025-12-23 07:05:00
af5c58b6-1,0937291b,delivered,2025-07-14 09:15:00,2025-07-14 11:00:00,2025-07-17 09:15:00,2025-07-28 09:15:00,2025-08-02 09:15:00
93f282ea-9,8d15410c,invoiced,2025-03-23 17:38:00,2025-03-23 19:30:00,,,2025-04-12 17:38:00
7a2dfed7-3,03cb68e2,delivered,2025-05-11 08:04:00,2025-05-11 11:03:00,2025-05-13 08:04:00,2025-05-17 08:04:00,2025-05-22 08:04:00
b961ad58-c,4cb0673f,invoiced,2025-05-16 01:23:00,2025-05-16 01:59:00,,,2025-05-26 01:23:00
39f1f359-3,fc4781cc,delivered,2025-09-07 13:13:00,2025-09-07 15:06:00,2025-09-08 13:13:00,2025-10-03 13:13:00,2025-09-25 13:13:00
c97cf1d3-b,dbe0a38a,delivered,2025-10-31 10:50:00,2025-10-31 11:49:00,2025-11-01 10:50:00,2025-11-20 10:50:00,2025-11-19 10:50:00
02d98714-a,20f85e09,canceled,2025-01-02 18:11:00,,,,2025-01-14 18:11:00
63d8989b-1,01ae29d6,invoiced,2025-06-13 11:07:00,2025-06-13 12:12:00,,,2025-06-28 11:07:00
9555e03c-4,69ae1c93,delivered,2025-01-11 20:27:00,2025-01-11 22:53:00,2025-01-14 20:27:00,2025-01-29 20:27:00,2025-01-22 20:27:00
8f19235e-5,3b2c1099,delivered,2025-10-30 16:48:00,2025-10-30 19:06:00,2025-10-31 16:48:00,2025-11-19 16:48:00,2025-11-17 16:48:00
b72067c0-9,c278732f,canceled,2025-04-30 06:25:00,,,,2025-05-14 06:25:00
e5bc8572-4,f8a94554,delivered,2025-06-28 06:32:00,2025-06-28 09:20:00,2025-06-30 06:32:00,2025-07-05 06:32:00,2025-07-08 06:32:00
d3433aec-a,b9ea0ab7,delivered,2025-12-02 05:55:00,2025-12-02 06:59:00,2025-12-03 05:55:00,2025-12-16 05:55:00,2025-12-21 05:55:00
de495977-d,8262113b,delivered,2025-01-11 01:45:00,2025-01-11 03:56:00,2025-01-14 01:45:00,2025-02-07 01:45:00,2025-01-30 01:45:00
05f30ffb-4,037c75b1,invoiced,2025-10-10 20:04:00,2025-10-10 20:24:00,,,2025-10-29 20:04:00
61a36458-d,01f097b4,shipped,2025-08-27 00:37:00,2025-08-27 03:04:00,2025-08-29 00:37:00,,2025-09-08 00:37:00
5cd34989-2,cef22069,delivered,2025-02-10 15:53:00,2025-02-10 17:14:00,2025-02-11 15:53:00,2025-02-21 15:53:00,2025-02-22 15:53:00
f1156461-b,f7400d1f,delivered,2025-01-19 06:19:00,2025-01-19 08:01:00,2025-01-22 06:19:00,2025-01-31 06:19:00,2025-02-04 06:19:00
416642d8-e,c9cfa5c6,delivered,2025-12-22 20:10:00,2025-12-22 20:29:00,2025-12-23 20:10:00,2025-12-27 20:10:00,2026-01-01 20:10:00
b909847e-c,455dc9e9,delivered,2025-04-11 13:34:00,2025-04-11 16:08:00,2025-04-12 13:34:00,2025-04-21 13:34:00,2025-04-21 13:34:00
60c2480c-7,8021340a,invoiced,2025-10-16 00:01:00,2025-10-16 02:04:00,,,2025-10-29 00:01:00
bef81147-2,fd10b577,delivered,2025-02-17 03:13:00,2025-02-17 05:36:00,2025-02-19 03:13:00,2025-03-03 03:13:00,2025-03-08 03:13:00
5f2ba37f-a,13e9ec2e,delivered,2025-03-03 00:51:00,2025-03-03 02:00:00,2025-03-05 00:51:00,2025-03-23 00:51:00,2025-03-17 00:51:00
74abbd79-e,5f9f2274,delivered,2025-01-04 14:16:00,2025-01-04 15:39:00,2025-01-05 14:16:00,2025-01-15 14:16:00,2025-01-20 14:16:00
2021b298-e,01ae29d6,invoiced,2025-02-12 04:46:00,2025-02-12 07:41:00,,,2025-02-22 04:46:00
0e5bac62-d,eabc43c0,delivered,2025-11-12 00:13:00,2025-11-12 03:10:00,2025-11-13 00:13:00,2025-12-03 00:13:00,2025-11-28 00:13:00
0fcb57c3-6,b4dbe023,delivered,2025-11-30 14:38:00,2025-11-30 15:59:00,2025-12-03 14:38:00,2025-12-13 14:38:00,2025-12-18 14:38:00
a518a557-2,6e9f8af2,invoiced,2025-02-16 05:51:00,2025-02-16 07:46:00,,,2025-03-06 05:51:00
904f0b77-d,43173f01,delivered,2025-03-06 06:29:00,2025-03-06 08:11:00,2025-03-07 06:29:00,2025-03-19 06:29:00,2025-03-16 06:29:00
754ecab7-3,98d521a6,shipped,2025-02-15 18:07:00,2025-02-15 20:38:00,2025-02-16 18:07:00,,2025-03-04 18:07:00
101c8843-4,f023f4af,shipped,2025-09-28 06:25:00,2025-09-28 09:05:00,2025-10-01 06:25:00,,2025-10-18 06:25:00
d8b0fa7b-e,a15f1c46,delivered,2025-09-19 13:17:00,2025-09-19 15:16:00,2025-09-20 13:17:00,2025-10-04 13:17:00,2025-10-07 13:17:00
f62fe526-2,d787a80b,delivered,2025-03-17 22:54:00,2025-03-17 23:01:00,2025-03-18 22:54:00,2025-03-25 22:54:00,2025-03-28 22:54:00
6821a326-a,f4e1bc8a,delivered,2025-04-17 06:00:00,2025-04-17 06:20:00,2025-04-18 06:00:00,2025-04-30 06:00:00,2025-04-27 06:00:00
fb4ceb5d-a,85664205,delivered,2025-10-31 03:39:00,2025-10-31 03:45:00,2025-11-01 03:39:00,2025-11-21 03:39:00,2025-11-18 03:39:00
983e8cbe-6,f6f369ee,delivered,2025-10-24 02:24:00,2025-10-24 04:54:00,2025-10-27 02:24:00,2025-11-10 02:24:00,2025-11-13 02:24:00
fee0b22c-4,c85366d9,canceled,2025-08-24 23:45:00,,,,2025-09-12 23:45:00
eb80063f-5,6d2d3c4b,shipped,2025-02-12 17:27:00,2025-02-12 19:34:00,2025-02-14 17:27:00,,2025-02-28 17:27:00
af9d9569-d,4c17a52e,delivered,2025-12-17 07:15:00,2025-12-17 09:11:00,2025-12-18 07:15:00,2026-01-03 07:15:00,2025-12-28 07:15:00
e1bd9b0c-f,d2f96d33,delivered,2025-12-22 08:21:00,2025-12-22 10:34:00,2025-12-23 08:21:00,2026-01-17 08:21:00,2026-01-10 08:21:00
ea28630e-8,2fa4093c,delivered,2025-06-15 07:17:00,2025-06-15 09:07:00,2025-06-17 07:17:00,2025-06-27 07:17:00,2025-06-25 07:17:00
b25ac0a7-f,d86b9043,delivered,2025-07-27 13:28:00,2025-07-27 14:10:00,2025-07-30 13:28:00,2025-08-02 13:28:00,2025-08-06 13:28:00
e92ee227-8,234ac0b8,invoiced,2025-10-04 02:44:00,2025-10-04 04:58:00,,,2025-10-16 02:44:00
98abaa2a-e,a9add77a,delivered,2025-05-15 22:20:00,2025-05-15 22:59:00,2025-05-17 22:20:00,2025-06-04 22:20:00,2025-05-28 22:20:00
8408a146-5,3c6ebf2a,shipped,2025-12-26 10:06:00,2025-12-26 12:31:00,2025-12-27 10:06:00,,2026-01-15 10:06:00
b2eec829-a,c3686211,shipped,2025-01-10 09:42:00,2025-01-10 11:28:00,2025-01-11 09:42:00,,2025-01-20 09:42:00
3ae7d203-0,b9fd09c5,delivered,2025-02-13 04:35:00,2025-02-13 05:42:00,2025-02-16 04:35:00,2025-02-27 04:35:00,2025-02-25 04:35:00
6b120f05-7,36e965f3,shipped,2025-11-18 13:04:00,2025-11-18 14:38:00,2025-11-19 13:04:00,,2025-11-30 13:04:00
31a76cad-d,6e553693,delivered,2025-06-16 07:52:00,2025-06-16 09:03:00,2025-06-18 07:52:00,2025-07-08 07:52:00,2025-07-02 07:52:00
918f0c4e-e,4191ba08,delivered,2025-11-21 09:24:00,2025-11-21 09:35:00,2025-11-22 09:24:00,2025-12-06 09:24:00,2025-12-10 09:24:00
c4852aaf-a,417881d5,invoiced,2025-03-18 08:15:00,2025-03-18 09:49:00,,,2025-04-05 08:15:00
a48a89bc-4,ba630108,delivered,2025-07-21 14:00:00,2025-07-21 16:15:00,2025-07-23 14:00:00,2025-08-12 14:00:00,2025-08-06 14:00:00
0da129c3-1,c7f87701,delivered,2025-10-07 14:32:00,2025-10-07 15:46:00,2025-10-10 14:32:00,2025-10-23 14:32:00,2025-10-21 14:32:00
4d644783-d,d4d13e12,delivered,2025-07-31 03:51:00,2025-07-31 06:06:00,2025-08-02 03:51:00,2025-08-22 03:51:00,2025-08-18 03:51:00
ea1b8af9-9,5f85b8be,invoiced,2025-04-18 09:03:00,2025-04-18 10:26:00,,,2025-05-04 09:03:00
6b891587-8,b1a468b1,shipped,2025-07-02 05:22:00,2025-07-02 06:32:00,2025-07-05 05:22:00,,2025-07-14 05:22:00
04965360-5,059bc403,invoiced,2025-02-15 03:06:00,2025-02-15 06:02:00,,,2025-03-06 03:06:00
cec1d09d-0,f2441d19,delivered,2025-12-09 13:14:00,2025-12-09 14:37:00,2025-12-10 13:14:00,2025-12-29 13:14:00,2025-12-24 13:14:00
34032568-c,25e41cdf,shipped,2025-05-22 18:51:00,2025-05-22 20:43:00,2025-05-25 18:51:00,,2025-06-01 18:51:00
780b59cd-9,03cb68e2,invoiced,2025-04-06 07:55:00,2025-04-06 08:07:00,,,2025-04-17 07:55:00
7006faa1-2,be4c31c0,delivered,2025-05-03 15:09:00,2025-05-03 15:39:00,2025-05-06 15:09:00,2025-05-31 15:09:00,2025-05-23 15:09:00
510c5e58-e,f08fbc20,shipped,2025-08-17 17:52:00,2025-08-17 20:28:00,2025-08-20 17:52:00,,2025-09-05 17:52:00
21148b74-c,7cd6b918,shipped,2025-08-27 20:35:00,2025-08-27 22:26:00,2025-08-28 20:35:00,,2025-09-07 20:35:00
f2196f53-e,a070838e,delivered,2025-10-25 20:18:00,2025-10-25 23:05:00,2025-10-27 20:18:00,2025-11-12 20:18:00,2025-11-12 20:18:00
f877a86b-5,706a8e9b,delivered,2025-03-27 17:33:00,2025-03-27 20:31:00,2025-03-29 17:33:00,2025-04-20 17:33:00,2025-04-14 17:33:00
08345dc6-1,e5c5578e,delivered,2025-08-01 03:27:00,2025-08-01 03:39:00,2025-08-04 03:27:00,2025-08-15 03:27:00,2025-08-19 03:27:00
6a2fc38d-2,2013ca27,delivered,2025-05-09 15:31:00,2025-05-09 16:06:00,2025-05-12 15:31:00,2025-05-24 15:31:00,2025-05-22 15:31:00
e7da85dc-9,b0c9fb7d,delivered,2025-04-04 09:35:00,2025-04-04 09:43:00,2025-04-07 09:35:00,2025-04-22 09:35:00,2025-04-22 09:35:00
18e335b7-9,915f8bf7,invoiced,2025-03-11 06:56:00,2025-03-11 08:42:00,,,2025-03-23 06:56:00
3884980a-6,f8de208e,canceled,2025-07-15 17:22:00,,,,2025-08-01 17:22:00
5e2609a1-8,b7d80599,canceled,2025-07-02 02:27:00,,,,2025-07-21 02:27:00
269b9c1d-6,54abaecc,canceled,2025-03-14 02:20:00,,,,2025-03-24 02:20:00
ad817092-2,e498406f,delivered,2025-01-03 15:59:00,2025-01-03 16:06:00,2025-01-04 15:59:00,2025-01-16 15:59:00,2025-01-16 15:59:00
3ccb084d-4,1de0562d,canceled,2025-12-22 03:39:00,,,,2026-01-09 03:39:00
e86e96b7-a,6ebf69a1,delivered,2025-02-24 23:27:00,2025-02-25 02:05:00,2025-02-25 23:27:00,2025-03-06 23:27:00,2025-03-06 23:27:00
55cbc36b-6,66a8746d,canceled,2025-05-29 12:45:00,,,,2025-06-11 12:45:00
a794e5df-f,5967841b,delivered,2025-06-16 00:52:00,2025-06-16 01:27:00,2025-06-18 00:52:00,2025-07-04 00:52:00,2025-07-03 00:52:00
8ccaa1ae-a,27308a9a,invoiced,2025-03-04 10:30:00,2025-03-04 11:38:00,,,2025-03-22 10:30:00
2ebbf30a-a,ccc2b6ec,delivered,2025-02-20 04:14:00,2025-02-20 06:50:00,2025-02-22 04:14:00,2025-03-13 04:14:00,2025-03-11 04:14:00
110e6494-3,4539cf14,delivered,2025-04-27 23:24:00,2025-04-27 23:33:00,2025-04-28 23:24:00,2025-05-18 23:24:00,2025-05-11 23:24:00
21bdacf8-6,eed4a58f,delivered,2025-01-19 11:04:00,2025-01-19 13:02:00,2025-01-20 11:04:00,2025-01-31 11:04:00,2025-01-29 11:04:00
dd961f1b-0,4f389b6b,delivered,2025-09-30 20:48:00,2025-09-30 21:51:00,2025-10-02 20:48:00,2025-10-26 20:48:00,2025-10-20 20:48:00
1d9beddb-7,053ea82c,invoiced,2025-04-06 14:18:00,2025-04-06 14:41:00,,,2025-04-20 14:18:00
cc86f621-5,dbe54014,delivered,2025-10-16 05:21:00,2025-10-16 06:32:00,2025-10-18 05:21:00,2025-11-08 05:21:00,2025-11-05 05:21:00
0b078526-8,6d2d3c4b,delivered,2025-08-18 13:27:00,2025-08-18 14:36:00,2025-08-19 13:27:00,2025-08-30 13:27:00,2025-08-28 13:27:00
221cd3fb-2,7163da87,delivered,2025-10-08 12:30:00,2025-10-08 14:21:00,2025-10-11 12:30:00,2025-10-20 12:30:00,2025-10-20 12:30:00
fbf0c8e6-1,6935f132,shipped,2025-01-27 13:57:00,2025-01-27 16:53:00,2025-01-30 13:57:00,,2025-02-06 13:57:00
25e1cd11-8,07d2603d,invoiced,2025-05-01 08:00:00,2025-05-01 09:33:00,,,2025-05-11 08:00:00
6dbde63e-0,4b94943b,invoiced,2025-08-19 13:16:00,2025-08-19 13:23:00,,,2025-09-03 13:16:00
e46ac6cb-0,8c42b6a3,shipped,2025-08-26 15:45:00,2025-08-26 17:16:00,2025-08-28 15:45:00,,2025-09-09 15:45:00
2ae7b473-3,17761198,delivered,2025-04-03 15:13:00,2025-04-03 17:01:00,2025-04-06 15:13:00,2025-04-17 15:13:00,2025-04-15 15:13:00
2c23b3ca-6,1a9773d6,delivered,2025-02-08 14:53:00,2025-02-08 16:32:00,2025-02-11 14:53:00,2025-02-26 14:53:00,2025-02-25 14:53:00
081853f7-4,de2429a2,shipped,2025-10-06 11:07:00,2025-10-06 12:25:00,2025-10-08 11:07:00,,2025-10-24 11:07:00
b0e044d2-5,431d2d03,delivered,2025-04-17 18:54:00,2025-04-17 19:44:00,2025-04-18 18:54:00,2025-04-24 18:54:00,2025-04-27 18:54:00
d1fac682-4,a7743fa5,canceled,2025-07-23 08:31:00,,,,2025-08-03 08:31:00
f6fe4fbd-2,e9fec649,invoiced,2025-01-10 06:51:00,2025-01-10 07:16:00,,,2025-01-26 06:51:00
2db30893-1,b8e71cd3,delivered,2025-05-10 08:24:00,2025-05-10 10:56:00,2025-05-11 08:24:00,2025-05-29 08:24:00,2025-05-21 08:24:00
341dd9b8-3,c278732f,shipped,2025-01-17 23:25:00,2025-01-18 00:53:00,2025-01-19 23:25:00,,2025-01-27 23:25:00
bb0c6931-5,a3cf2651,delivered,2025-12-24 19:14:00,2025-12-24 21:53:00,2025-12-25 19:14:00,2026-01-07 19:14:00,2026-01-05 19:14:00
f9016c82-c,b88f8425,invoiced,2025-07-18 07:22:00,2025-07-18 10:13:00,,,2025-07-28 07:22:00
63727415-d,94c4283d,delivered,2025-08-20 12:41:00,2025-08-20 14:10:00,2025-08-21 12:41:00,2025-09-14 12:41:00,2025-09-06 12:41:00
9dafd704-7,42861e95,shipped,2025-11-17 18:23:00,2025-11-17 18:33:00,2025-11-19 18:23:00,,2025-11-27 18:23:00
34062611-6,0d7fa440,delivered,2025-07-31 00:10:00,2025-07-31 00:26:00,2025-08-03 00:10:00,2025-08-15 00:10:00,2025-08-10 00:10:00
ec6b43de-e,6216346b,delivered,2025-04-06 02:57:00,2025-04-06 04:37:00,2025-04-08 02:57:00,2025-04-23 02:57:00,2025-04-19 02:57:00
d67dca37-9,faa106fe,delivered,2025-03-22 11:12:00,2025-03-22 12:20:00,2025-03-23 11:12:00,2025-03-29 11:12:00,2025-04-03 11:12:00
348be3c1-1,ff3d2df1,delivered,2025-06-22 09:21:00,2025-06-22 12:20:00,2025-06-23 09:21:00,2025-07-13 09:21:00,2025-07-05 09:21:00
531e3cf4-3,3d311c3d,invoiced,2025-04-17 19:12:00,2025-04-17 20:19:00,,,2025-04-30 19:12:00
219c4f2e-5,da96e5f5,delivered,2025-10-16 23:47:00,2025-10-17 02:09:00,2025-10-19 23:47:00,2025-10-25 23:47:00,2025-10-29 23:47:00
5653bacc-3,80a8d59b,delivered,2025-06-20 19:25:00,2025-06-20 20:50:00,2025-06-23 19:25:00,2025-07-13 19:25:00,2025-07-09 19:25:00
0c4b1994-c,4bb5d868,delivered,2025-02-08 15:29:00,2025-02-08 16:53:00,2025-02-11 15:29:00,2025-02-22 15:29:00,2025-02-23 15:29:00
84b009ea-2,9e4c7e0d,delivered,2025-10-17 06:57:00,2025-10-17 08:56:00,2025-10-19 06:57:00,2025-11-12 06:57:00,2025-11-05 06:57:00
c2da073c-c,b9e822fe,delivered,2025-04-29 23:25:00,2025-04-30 00:02:00,2025-05-01 23:25:00,2025-05-15 23:25:00,2025-05-13 23:25:00
5c60fce3-6,a4c2c305,delivered,2025-12-26 00:56:00,2025-12-26 03:39:00,2025-12-28 00:56:00,2026-01-08 00:56:00,2026-01-06 00:56:00
61953a75-9,4213f6be,invoiced,2025-03-12 08:03:00,2025-03-12 08:56:00,,,2025-03-24 08:03:00
2a7958c1-2,a26caffa,delivered,2025-06-12 03:17:00,2025-06-12 04:15:00,2025-06-15 03:17:00,2025-06-20 03:17:00,2025-06-24 03:17:00
aecb4c99-0,b668754c,delivered,2025-10-30 14:40:00,2025-10-30 15:20:00,2025-11-01 14:40:00,2025-11-20 14:40:00,2025-11-16 14:40:00
1f21bcd8-d,eabc43c0,canceled,2025-01-04 09:49:00,,,,2025-01-22 09:49:00
37c2800f-3,57b8a0e3,delivered,2025-04-17 07:48:00,2025-04-17 08:36:00,2025-04-20 07:48:00,2025-05-09 07:48:00,2025-05-06 07:48:00
e95b93ba-c,3709ab89,delivered,2025-10-05 21:18:00,2025-10-05 23:13:00,2025-10-07 21:18:00,2025-10-18 21:18:00,2025-10-15 21:18:00
c8a5acf0-6,b9011251,delivered,2025-10-05 05:49:00,2025-10-05 07:16:00,2025-10-08 05:49:00,2025-10-27 05:49:00,2025-10-21 05:49:00
cc2dfe84-9,8e0d40b7,delivered,2025-06-06 06:55:00,2025-06-06 09:43:00,2025-06-08 06:55:00,2025-06-17 06:55:00,2025-06-21 06:55:00
b3362f0f-4,b54d5fcd,delivered,2025-12-06 20:25:00,2025-12-06 21:13:00,2025-12-08 20:25:00,2025-12-20 20:25:00,2025-12-23 20:25:00
1bea12e4-f,1126f90f,invoiced,2025-03-28 05:15:00,2025-03-28 06:30:00,,,2025-04-08 05:15:00
a97b5145-6,0be207b2,canceled,2025-08-02 12:10:00,,,,2025-08-19 12:10:00
fc8a8f3b-3,c566e51f,invoiced,2025-01-27 18:23:00,2025-01-27 20:18:00,,,2025-02-09 18:23:00
ed524acf-1,7e949ebd,delivered,2025-01-26 23:48:00,2025-01-27 00:14:00,2025-01-29 23:48:00,2025-02-06 23:48:00,2025-02-08 23:48:00
47a6172b-8,543df39a,delivered,2025-02-14 18:14:00,2025-02-14 19:56:00,2025-02-15 18:14:00,2025-02-25 18:14:00,2025-02-24 18:14:00
dd361321-d,231b5e20,invoiced,2025-03-08 12:18:00,2025-03-08 13:18:00,,,2025-03-26 12:18:00
d6c52414-b,48e771df,delivered,2025-05-19 13:05:00,2025-05-19 15:03:00,2025-05-21 13:05:00,2025-06-05 13:05:00,2025-06-08 13:05:00
23dc7fca-9,e6031c0e,delivered,2025-12-31 02:27:00,2025-12-31 03:48:00,2026-01-01 02:27:00,2026-01-19 02:27:00,2026-01-13 02:27:00
60f0285d-1,4f7e2004,delivered,2025-08-26 15:42:00,2025-08-26 17:26:00,2025-08-29 15:42:00,2025-09-12 15:42:00,2025-09-10 15:42:00
de98019e-5,bdb55f80,invoiced,2025-06-24 03:32:00,2025-06-24 05:57:00,,,2025-07-11 03:32:00
a145ee63-7,7ce167d7,delivered,2025-03-30 09:44:00,2025-03-30 10:35:00,2025-03-31 09:44:00,2025-04-10 09:44:00,2025-04-11 09:44:00
901c81bb-0,8e0d40b7,delivered,2025-05-18 11:27:00,2025-05-18 12:57:00,2025-05-19 11:27:00,2025-06-13 11:27:00,2025-06-05 11:27:00
c3000f55-d,19c99d65,invoiced,2025-05-31 17:23:00,2025-05-31 18:25:00,,,2025-06-16 17:23:00
dfbf4bec-c,4059db31,canceled,2025-12-28 08:04:00,,,,2026-01-17 08:04:00
af387d9b-6,d68c3f94,canceled,2025-06-10 15:47:00,,,,2025-06-24 15:47:00
03d1e772-1,1ed0c4ff,shipped,2025-01-09 01:37:00,2025-01-09 02:38:00,2025-01-11 01:37:00,,2025-01-27 01:37:00
02b42458-7,2e187c84,delivered,2025-04-24 14:32:00,2025-04-24 16:50:00,2025-04-26 14:32:00,2025-05-06 14:32:00,2025-05-08 14:32:00
2bf62bf9-1,2c3941dd,invoiced,2025-06-29 13:16:00,2025-06-29 15:07:00,,,2025-07-16 13:16:00
ca4bed39-a,7840a5e7,delivered,2025-12-22 02:33:00,2025-12-22 04:13:00,2025-12-25 02:33:00,2026-01-14 02:33:00,2026-01-10 02:33:00
115f7bc0-f,92a72f84,delivered,2025-09-22 09:21:00,2025-09-22 09:36:00,2025-09-25 09:21:00,2025-10-14 09:21:00,2025-10-09 09:21:00
c36c1f0d-b,6516653f,delivered,2025-01-19 07:45:00,2025-01-19 08:53:00,2025-01-21 07:45:00,2025-02-03 07:45:00,2025-02-02 07:45:00
d75a7e9a-6,aa96a9f0,delivered,2025-01-12 12:30:00,2025-01-12 13:05:00,2025-01-15 12:30:00,2025-01-21 12:30:00,2025-01-24 12:30:00
0a98af6e-4,7c12ffc0,delivered,2025-02-11 19:01:00,2025-02-11 21:17:00,2025-02-13 19:01:00,2025-03-06 19:01:00,2025-03-01 19:01:00
43cf9674-c,6216346b,delivered,2025-08-30 06:36:00,2025-08-30 08:27:00,2025-08-31 06:36:00,2025-09-18 06:36:00,2025-09-13 06:36:00
88aef5ee-3,caf4dfc6,delivered,2025-01-12 21:40:00,2025-01-12 23:02:00,2025-01-15 21:40:00,2025-01-21 21:40:00,2025-01-24 21:40:00
75b94e48-e,4bb5d868,canceled,2025-08-15 00:26:00,,,,2025-08-31 00:26:00
b52d4803-2,dbb46f5c,shipped,2025-12-13 00:30:00,2025-12-13 01:24:00,2025-12-16 00:30:00,,2026-01-01 00:30:00
76d6d979-a,87e3398b,delivered,2025-09-09 03:35:00,2025-09-09 04:19:00,2025-09-11 03:35:00,2025-10-01 03:35:00,2025-09-24 03:35:00
70f5bc63-3,920e9a00,invoiced,2025-06-07 19:16:00,2025-06-07 20:04:00,,,2025-06-23 19:16:00
078ade76-0,7168bb4b,canceled,2025-12-07 07:56:00,,,,2025-12-18 07:56:00
648383e7-5,14d9734c,shipped,2025-12-21 00:07:00,2025-12-21 01:24:00,2025-12-23 00:07:00,,2026-01-09 00:07:00
47d2b4e1-5,4a8db9a7,delivered,2025-11-12 10:52:00,2025-11-12 13:14:00,2025-11-14 10:52:00,2025-11-20 10:52:00,2025-11-25 10:52:00
a73181c6-1,61c24314,canceled,2025-05-23 21:50:00,,,,2025-06-05 21:50:00
9724c2e3-5,014cb2d6,delivered,2025-09-15 00:24:00,2025-09-15 03:11:00,2025-09-17 00:24:00,2025-10-04 00:24:00,2025-10-05 00:24:00
f5410b6d-7,56b48067,delivered,2025-07-14 20:54:00,2025-07-14 22:03:00,2025-07-17 20:54:00,2025-07-31 20:54:00,2025-08-03 20:54:00
71f96b89-9,826c1f0c,delivered,2025-01-22 14:56:00,2025-01-22 15:13:00,2025-01-23 14:56:00,2025-02-04 14:56:00,2025-02-01 14:56:00
0387f280-2,85686a97,delivered,2025-03-18 16:10:00,2025-03-18 18:48:00,2025-03-20 16:10:00,2025-04-02 16:10:00,2025-04-05 16:10:00
274f6083-8,033e1561,canceled,2025-01-10 14:09:00,,,,2025-01-28 14:09:00
f05a8664-b,bf04e246,canceled,2025-11-28 14:40:00,,,,2025-12-12 14:40:00
e137d281-a,7c6b6b63,canceled,2025-02-27 23:38:00,,,,2025-03-15 23:38:00
07bd8b72-d,1f831bb4,invoiced,2025-01-09 07:39:00,2025-01-09 08:14:00,,,2025-01-26 07:39:00
43eff47e-c,63cce72c,delivered,2025-04-22 10:51:00,2025-04-22 13:28:00,2025-04-24 10:51:00,2025-05-17 10:51:00,2025-05-12 10:51:00
6dd3b053-b,8f11d974,delivered,2025-04-02 00:47:00,2025-04-02 02:07:00,2025-04-05 00:47:00,2025-04-19 00:47:00,2025-04-22 00:47:00
19932a75-d,e1b92e4d,delivered,2025-04-25 14:23:00,2025-04-25 15:31:00,2025-04-26 14:23:00,2025-05-10 14:23:00,2025-05-07 14:23:00
178da535-9,fe3d5a61,delivered,2025-06-12 04:54:00,2025-06-12 06:17:00,2025-06-13 04:54:00,2025-06-27 04:54:00,2025-06-27 04:54:00
cc809980-2,578e24c9,invoiced,2025-07-08 08:43:00,2025-07-08 08:52:00,,,2025-07-21 08:43:00
95b66ff4-d,b302206e,delivered,2025-05-08 16:23:00,2025-05-08 17:38:00,2025-05-11 16:23:00,2025-05-25 16:23:00,2025-05-24 16:23:00
7bf193d9-4,07835884,invoiced,2025-08-26 19:49:00,2025-08-26 22:33:00,,,2025-09-13 19:49:00
edbfbf8d-3,2bb7de34,invoiced,2025-09-06 21:57:00,2025-09-06 22:46:00,,,2025-09-18 21:57:00
ea656b20-7,be98e619,shipped,2025-11-14 04:00:00,2025-11-14 05:43:00,2025-11-16 04:00:00,,2025-11-30 04:00:00
860e82e1-0,ad4c59c5,delivered,2025-06-26 12:39:00,2025-06-26 15:15:00,2025-06-29 12:39:00,2025-07-24 12:39:00,2025-07-16 12:39:00
be4e31a0-0,fceb24cf,invoiced,2025-07-24 17:32:00,2025-07-24 19:35:00,,,2025-08-10 17:32:00
81a0cb3f-d,18864b02,delivered,2025-05-11 16:11:00,2025-05-11 16:28:00,2025-05-14 16:11:00,2025-05-29 16:11:00,2025-05-25 16:11:00
8a74cbf8-4,3661b2fd,delivered,2025-01-16 00:57:00,2025-01-16 01:19:00,2025-01-18 00:57:00,2025-01-25 00:57:00,2025-01-30 00:57:00
3a40ff22-1,063b6264,canceled,2025-02-04 09:47:00,,,,2025-02-24 09:47:00
6c6f88f9-7,97d63c95,delivered,2025-04-22 09:07:00,2025-04-22 09:16:00,2025-04-23 09:07:00,2025-05-17 09:07:00,2025-05-10 09:07:00
67306a0c-2,b1a1c687,delivered,2025-01-17 18:39:00,2025-01-17 21:02:00,2025-01-19 18:39:00,2025-02-06 18:39:00,2025-02-06 18:39:00
b122c574-6,ace33911,canceled,2025-03-19 01:33:00,,,,2025-03-31 01:33:00
53e3afec-3,27489a40,delivered,2025-11-08 03:39:00,2025-11-08 04:50:00,2025-11-11 03:39:00,2025-11-28 03:39:00,2025-11-27 03:39:00
e5330d35-0,41299692,canceled,2025-07-09 12:34:00,,,,2025-07-21 12:34:00
d9e66a2f-0,21c96885,shipped,2025-08-09 18:21:00,2025-08-09 20:28:00,2025-08-10 18:21:00,,2025-08-29 18:21:00
b7bcce56-d,089bfae1,delivered,2025-09-04 21:39:00,2025-09-04 23:04:00,2025-09-06 21:39:00,2025-09-10 21:39:00,2025-09-15 21:39:00
d55fc4ba-d,530e3548,delivered,2025-04-26 13:05:00,2025-04-26 15:37:00,2025-04-29 13:05:00,2025-05-03 13:05:00,2025-05-08 13:05:00
cd0939d2-a,cf6da668,canceled,2025-02-06 18:12:00,,,,2025-02-24 18:12:00
44f02860-6,911dac13,delivered,2025-05-31 09:17:00,2025-05-31 11:16:00,2025-06-02 09:17:00,2025-06-22 09:17:00,2025-06-18 09:17:00
41b6de59-f,3b3bdec4,invoiced,2025-03-07 07:20:00,2025-03-07 07:41:00,,,2025-03-17 07:20:00
11ac7128-2,d6b1b58c,invoiced,2025-08-30 20:02:00,2025-08-30 22:29:00,,,2025-09-14 20:02:00
e0993e1a-f,bb84554c,delivered,2025-02-10 08:22:00,2025-02-10 10:05:00,2025-02-11 08:22:00,2025-02-19 08:22:00,2025-02-24 08:22:00
72dd6ca9-1,70f3fcf8,shipped,2025-02-10 23:47:00,2025-02-11 00:16:00,2025-02-12 23:47:00,,2025-02-27 23:47:00
bb56bfd9-8,464348d5,canceled,2025-09-09 15:00:00,,,,2025-09-19 15:00:00
c0e69835-6,b8582e8d,delivered,2025-06-13 09:07:00,2025-06-13 11:30:00,2025-06-15 09:07:00,2025-06-30 09:07:00,2025-06-23 09:07:00
d08a838f-0,96f5d311,canceled,2025-04-18 18:24:00,,,,2025-05-04 18:24:00
89aa0ce8-2,fa7350b0,canceled,2025-12-22 23:01:00,,,,2026-01-11 23:01:00
b0d88e3b-4,de2429a2,shipped,2025-12-24 10:05:00,2025-12-24 11:47:00,2025-12-26 10:05:00,,2026-01-09 10:05:00
d4a18c58-b,363be82e,delivered,2025-03-09 06:03:00,2025-03-09 06:56:00,2025-03-12 06:03:00,2025-03-25 06:03:00,2025-03-26 06:03:00
47c31ba0-4,5357ab9c,delivered,2025-09-16 23:38:00,2025-09-17 02:05:00,2025-09-18 23:38:00,2025-09-30 23:38:00,2025-09-26 23:38:00
de4b9480-2,a09fb0c9,invoiced,2025-12-21 20:56:00,2025-12-21 22:13:00,,,2026-01-03 20:56:00
8aec7532-2,9b965a4a,delivered,2025-02-19 10:34:00,2025-02-19 11:49:00,2025-02-22 10:34:00,2025-03-09 10:34:00,2025-03-06 10:34:00
f950b5b9-a,7a6d4c2e,canceled,2025-07-26 01:18:00,,,,2025-08-12 01:18:00
434d853e-5,02e06f94,delivered,2025-12-31 08:18:00,2025-12-31 10:25:00,2026-01-03 08:18:00,2026-01-18 08:18:00,2026-01-10 08:18:00
b34f702a-2,60108b01,delivered,2025-07-19 23:04:00,2025-07-20 01:47:00,2025-07-22 23:04:00,2025-08-09 23:04:00,2025-08-03 23:04:00
867844cb-0,238d5861,delivered,2025-07-28 05:15:00,2025-07-28 06:43:00,2025-07-31 05:15:00,2025-08-17 05:15:00,2025-08-16 05:15:00
93867eeb-7,b8bea469,delivered,2025-04-21 12:33:00,2025-04-21 14:20:00,2025-04-22 12:33:00,2025-05-14 12:33:00,2025-05-06 12:33:00
4f52d062-3,e64883a2,delivered,2025-01-23 04:46:00,2025-01-23 07:06:00,2025-01-26 04:46:00,2025-02-08 04:46:00,2025-02-03 04:46:00
c3351928-f,5161a228,delivered,2025-04-21 18:02:00,2025-04-21 20:38:00,2025-04-22 18:02:00,2025-04-28 18:02:00,2025-05-03 18:02:00
6a523f7b-9,631eb0b1,invoiced,2025-07-09 18:29:00,2025-07-09 21:06:00,,,2025-07-24 18:29:00
3abd60c9-9,50015916,delivered,2025-11-16 22:34:00,2025-11-17 00:29:00,2025-11-17 22:34:00,2025-12-06 22:34:00,2025-11-28 22:34:00
605d7c8e-a,1c51e41c,delivered,2025-10-13 19:18:00,2025-10-13 20:36:00,2025-10-15 19:18:00,2025-10-29 19:18:00,2025-10-26 19:18:00
f8552521-6,971199e2,delivered,2025-06-28 20:22:00,2025-06-28 22:42:00,2025-06-29 20:22:00,2025-07-20 20:22:00,2025-07-12 20:22:00
f519091c-6,d842cd04,shipped,2025-09-11 01:20:00,2025-09-11 03:09:00,2025-09-13 01:20:00,,2025-09-21 01:20:00
1f5b21e3-a,0ca58e05,delivered,2025-01-16 14:00:00,2025-01-16 15:20:00,2025-01-18 14:00:00,2025-02-02 14:00:00,2025-02-05 14:00:00
ff6e0646-e,f4df87be,canceled,2025-01-03 02:28:00,,,,2025-01-16 02:28:00
82b5156e-0,a0774f97,delivered,2025-01-28 11:33:00,2025-01-28 13:30:00,2025-01-31 11:33:00,2025-02-07 11:33:00,2025-02-07 11:33:00
01782c6f-2,bec67b9b,delivered,2025-08-15 18:16:00,2025-08-15 18:35:00,2025-08-18 18:16:00,2025-08-30 18:16:00,2025-08-31 18:16:00
922d2034-a,5cc35ac6,delivered,2025-10-26 01:20:00,2025-10-26 03:22:00,2025-10-27 01:20:00,2025-11-20 01:20:00,2025-11-14 01:20:00
678a5d83-1,01602d5c,invoiced,2025-07-27 18:13:00,2025-07-27 20:07:00,,,2025-08-11 18:13:00
25dea848-2,52b81de2,shipped,2025-09-11 08:40:00,2025-09-11 11:36:00,2025-09-14 08:40:00,,2025-09-28 08:40:00
676349ce-b,9a5fd8ac,delivered,2025-08-31 23:05:00,2025-09-01 01:28:00,2025-09-02 23:05:00,2025-09-21 23:05:00,2025-09-13 23:05:00
460f44b1-5,e5484fe0,delivered,2025-09-08 07:13:00,2025-09-08 08:06:00,2025-09-09 07:13:00,2025-10-03 07:13:00,2025-09-27 07:13:00
a68b832c-f,73aa702e,delivered,2025-01-21 05:55:00,2025-01-21 08:23:00,2025-01-22 05:55:00,2025-02-03 05:55:00,2025-02-05 05:55:00
2e94da16-e,b6c75d91,delivered,2025-08-31 07:39:00,2025-08-31 08:24:00,2025-09-01 07:39:00,2025-09-26 07:39:00,2025-09-18 07:39:00
5234b0a6-0,cab06615,delivered,2025-05-09 22:00:00,2025-05-09 22:21:00,2025-05-11 22:00:00,2025-05-26 22:00:00,2025-05-28 22:00:00
a6e47118-4,f2f33e2c,canceled,2025-02-06 19:37:00,,,,2025-02-24 19:37:00
1d60b8b1-a,3f595a6b,invoiced,2025-02-13 10:53:00,2025-02-13 12:06:00,,,2025-02-28 10:53:00
878c686a-f,adfb991d,shipped,2025-12-20 19:39:00,2025-12-20 20:01:00,2025-12-21 19:39:00,,2026-01-07 19:39:00
814e533d-9,e1ddb0a4,canceled,2025-03-19 04:31:00,,,,2025-04-05 04:31:00
668c63ef-2,d39787f0,shipped,2025-12-25 01:25:00,2025-12-25 03:12:00,2025-12-27 01:25:00,,2026-01-11 01:25:00
06da2851-8,9b965a4a,invoiced,2025-01-18 10:39:00,2025-01-18 12:04:00,,,2025-01-30 10:39:00
7d85ece4-5,422022dd,delivered,2025-01-28 04:57:00,2025-01-28 07:08:00,2025-01-30 04:57:00,2025-02-12 04:57:00,2025-02-07 04:57:00
82616816-7,8ebe246d,delivered,2025-08-21 13:08:00,2025-08-21 14:48:00,2025-08-24 13:08:00,2025-09-08 13:08:00,2025-08-31 13:08:00
5b6d42b0-c,a7e033c4,delivered,2025-02-06 09:36:00,2025-02-06 11:35:00,2025-02-08 09:36:00,2025-02-25 09:36:00,2025-02-21 09:36:00
0f4be7a0-a,4ffcb4b8,invoiced,2025-10-20 21:31:00,2025-10-21 00:03:00,,,2025-11-07 21:31:00
d66b0d0a-8,ebbd9e03,delivered,2025-10-29 23:39:00,2025-10-30 01:04:00,2025-10-31 23:39:00,2025-11-16 23:39:00,2025-11-08 23:39:00
98755590-1,a9e939cf,delivered,2025-03-07 04:47:00,2025-03-07 05:48:00,2025-03-10 04:47:00,2025-03-22 04:47:00,2025-03-21 04:47:00
df394008-3,cc7bbe2a,delivered,2025-12-05 03:21:00,2025-12-05 06:03:00,2025-12-07 03:21:00,2025-12-23 03:21:00,2025-12-23 03:21:00
75de2093-4,3cc328ca,canceled,2025-12-24 05:08:00,,,,2026-01-06 05:08:00
d21615bc-6,21885b1c,delivered,2025-06-24 12:45:00,2025-06-24 14:48:00,2025-06-27 12:45:00,2025-07-18 12:45:00,2025-07-12 12:45:00
6f9779ed-3,a356ac45,shipped,2025-11-26 17:41:00,2025-11-26 19:49:00,2025-11-27 17:41:00,,2025-12-11 17:41:00
c4474026-8,1e73d01f,delivered,2025-04-13 22:46:00,2025-04-13 23:56:00,2025-04-16 22:46:00,2025-05-03 22:46:00,2025-05-03 22:46:00
594546f7-5,a460402e,delivered,2025-01-13 21:20:00,2025-01-13 23:36:00,2025-01-15 21:20:00,2025-02-04 21:20:00,2025-02-02 21:20:00
21fa6372-f,439d72d9,delivered,2025-11-14 14:09:00,2025-11-14 15:05:00,2025-11-16 14:09:00,2025-11-20 14:09:00,2025-11-25 14:09:00
c0cfe549-6,dd8db3f3,delivered,2025-06-13 23:28:00,2025-06-14 02:28:00,2025-06-16 23:28:00,2025-06-28 23:28:00,2025-06-29 23:28:00
2d5d16ac-1,d842cd04,delivered,2025-02-21 05:16:00,2025-02-21 07:21:00,2025-02-23 05:16:00,2025-03-02 05:16:00,2025-03-07 05:16:00
ac235e6c-c,bacbcb82,invoiced,2025-03-09 09:43:00,2025-03-09 10:02:00,,,2025-03-24 09:43:00
23545cd4-1,9471e485,invoiced,2025-06-04 08:04:00,2025-06-04 10:20:00,,,2025-06-23 08:04:00
8bdae908-9,ac14cf61,delivered,2025-10-01 13:01:00,2025-10-01 15:17:00,2025-10-02 13:01:00,2025-10-24 13:01:00,2025-10-16 13:01:00
6435cde3-5,915f8bf7,delivered,2025-11-15 09:51:00,2025-11-15 11:04:00,2025-11-16 09:51:00,2025-12-01 09:51:00,2025-11-28 09:51:00
45ed83fe-2,3a22d0af,delivered,2025-10-04 19:47:00,2025-10-04 22:08:00,2025-10-05 19:47:00,2025-10-18 19:47:00,2025-10-14 19:47:00
f04a412d-e,08f886f1,shipped,2025-09-06 18:56:00,2025-09-06 21:05:00,2025-09-07 18:56:00,,2025-09-20 18:56:00
894f064d-5,78c8c07e,shipped,2025-05-19 16:00:00,2025-05-19 17:21:00,2025-05-21 16:00:00,,2025-05-29 16:00:00
b338dc2f-a,576efc14,shipped,2025-01-08 18:20:00,2025-01-08 20:32:00,2025-01-11 18:20:00,,2025-01-28 18:20:00
a4ddee42-e,e0965c13,delivered,2025-11-12 08:17:00,2025-11-12 08:59:00,2025-11-15 08:17:00,2025-11-29 08:17:00,2025-11-22 08:17:00
d9798b53-c,9ba2d340,delivered,2025-11-09 00:29:00,2025-11-09 01:22:00,2025-11-11 00:29:00,2025-11-16 00:29:00,2025-11-21 00:29:00
c66d5ecc-1,bc1136b9,shipped,2025-08-12 14:23:00,2025-08-12 17:04:00,2025-08-14 14:23:00,,2025-08-23 14:23:00
88711a27-4,6d40d9d0,shipped,2025-03-23 06:00:00,2025-03-23 08:13:00,2025-03-26 06:00:00,,2025-04-04 06:00:00
e758c3b8-b,b0c9fb7d,shipped,2025-08-04 05:15:00,2025-08-04 08:05:00,2025-08-05 05:15:00,,2025-08-16 05:15:00
e13ec575-4,4b13c319,canceled,2025-01-02 12:25:00,,,,2025-01-14 12:25:00
c2b54adb-2,5229665d,invoiced,2025-02-16 14:34:00,2025-02-16 16:47:00,,,2025-02-28 14:34:00
9e3a146d-1,83fb8e82,delivered,2025-08-01 19:35:00,2025-08-01 22:11:00,2025-08-02 19:35:00,2025-08-14 19:35:00,2025-08-17 19:35:00
c8fee959-5,0a8cfce0,delivered,2025-11-16 16:37:00,2025-11-16 16:48:00,2025-11-17 16:37:00,2025-11-26 16:37:00,2025-11-28 16:37:00
b19f86de-5,a0774f97,invoiced,2025-05-20 22:34:00,2025-05-21 01:19:00,,,2025-06-09 22:34:00
4da2d2e2-2,fef4392b,delivered,2025-12-27 08:04:00,2025-12-27 10:49:00,2025-12-29 08:04:00,2026-01-14 08:04:00,2026-01-12 08:04:00
c6e3da66-d,531f974c,shipped,2025-12-17 01:53:00,2025-12-17 03:53:00,2025-12-20 01:53:00,,2025-12-30 01:53:00
4823e262-6,f8de208e,delivered,2025-10-13 18:19:00,2025-10-13 19:58:00,2025-10-16 18:19:00,2025-11-08 18:19:00,2025-11-01 18:19:00
fdaf283a-1,0aae07b6,shipped,2025-09-20 14:26:00,2025-09-20 15:23:00,2025-09-23 14:26:00,,2025-09-30 14:26:00
72156ce4-e,eef90944,canceled,2025-12-08 19:01:00,,,,2025-12-28 19:01:00
ba4d5570-1,09497254,shipped,2025-11-26 12:54:00,2025-11-26 15:46:00,2025-11-27 12:54:00,,2025-12-14 12:54:00
3a26ebbd-e,e2c0fc8a,invoiced,2025-03-02 01:29:00,2025-03-02 04:04:00,,,2025-03-14 01:29:00
2868d28c-8,8cad9703,delivered,2025-04-25 08:57:00,2025-04-25 11:12:00,2025-04-28 08:57:00,2025-05-16 08:57:00,2025-05-11 08:57:00
b0ec9b8e-1,3abf6e20,delivered,2025-09-09 10:29:00,2025-09-09 12:44:00,2025-09-12 10:29:00,2025-10-03 10:29:00,2025-09-25 10:29:00
c6e4cd96-c,ae833e01,delivered,2025-01-07 15:28:00,2025-01-07 16:33:00,2025-01-10 15:28:00,2025-01-25 15:28:00,2025-01-18 15:28:00
600e7f75-8,09fcfd58,canceled,2025-01-17 11:08:00,,,,2025-02-06 11:08:00
d7503d21-f,c278732f,shipped,2025-05-21 22:52:00,2025-05-22 00:08:00,2025-05-23 22:52:00,,2025-05-31 22:52:00
a95c8967-4,60108b01,delivered,2025-09-05 01:41:00,2025-09-05 02:12:00,2025-09-06 01:41:00,2025-09-23 01:41:00,2025-09-18 01:41:00
7b4681dd-d,68bbd16f,shipped,2025-02-08 23:02:00,2025-02-09 01:36:00,2025-02-11 23:02:00,,2025-02-25 23:02:00
6d4ab456-5,e4ee1be5,delivered,2025-09-20 09:16:00,2025-09-20 11:06:00,2025-09-22 09:16:00,2025-10-16 09:16:00,2025-10-09 09:16:00
1039c37f-b,766d2be1,invoiced,2025-01-12 02:27:00,2025-01-12 03:27:00,,,2025-01-24 02:27:00
efdfd76b-b,b58e18ab,shipped,2025-09-13 11:28:00,2025-09-13 12:14:00,2025-09-16 11:28:00,,2025-10-03 11:28:00
c7ecb618-9,0ec1e1f9,canceled,2025-01-20 04:36:00,,,,2025-01-31 04:36:00
644f04b3-e,7c12ffc0,delivered,2025-04-27 07:11:00,2025-04-27 08:32:00,2025-04-28 07:11:00,2025-05-21 07:11:00,2025-05-13 07:11:00
e202d4b1-3,ace33911,delivered,2025-07-19 05:46:00,2025-07-19 06:22:00,2025-07-21 05:46:00,2025-08-12 05:46:00,2025-08-08 05:46:00
9c9f0386-3,45123128,canceled,2025-11-09 03:27:00,,,,2025-11-20 03:27:00
a9b95dfe-b,23692e04,delivered,2025-09-20 21:06:00,2025-09-20 22:54:00,2025-09-23 21:06:00,2025-10-04 21:06:00,2025-10-08 21:06:00
98151db4-9,7eb3066f,canceled,2025-09-03 12:44:00,,,,2025-09-13 12:44:00
c96ae2bd-d,7851951b,invoiced,2025-08-19 09:01:00,2025-08-19 09:38:00,,,2025-09-07 09:01:00
61e3b1c9-8,27308a9a,invoiced,2025-11-21 11:59:00,2025-11-21 12:11:00,,,2025-12-10 11:59:00
fd0566c3-f,bac9e4e3,delivered,2025-07-13 14:29:00,2025-07-13 15:05:00,2025-07-16 14:29:00,2025-07-30 14:29:00,2025-07-29 14:29:00
8ff06ecd-c,079590a8,delivered,2025-03-31 01:08:00,2025-03-31 01:45:00,2025-04-01 01:08:00,2025-04-26 01:08:00,2025-04-20 01:08:00
5c3e828e-e,1e8d9c08,invoiced,2025-08-20 19:04:00,2025-08-20 20:32:00,,,2025-09-01 19:04:00
6a693778-b,8ad3b61b,shipped,2025-03-26 06:15:00,2025-03-26 07:49:00,2025-03-27 06:15:00,,2025-04-12 06:15:00
2fc7c10f-f,6c81acdf,invoiced,2025-07-12 01:07:00,2025-07-12 03:32:00,,,2025-07-28 01:07:00
7f8e7abd-a,cff08e62,canceled,2025-11-26 12:57:00,,,,2025-12-15 12:57:00
41b66884-1,1ded7fa7,delivered,2025-12-17 14:24:00,2025-12-17 15:36:00,2025-12-18 14:24:00,2026-01-04 14:24:00,2025-12-31 14:24:00
a477ebb3-a,b6afeb9e,delivered,2025-04-02 23:51:00,2025-04-03 01:21:00,2025-04-04 23:51:00,2025-04-19 23:51:00,2025-04-13 23:51:00
4dd4aefc-7,305257ed,canceled,2025-05-11 17:25:00,,,,2025-05-28 17:25:00
0e3e7149-2,c22c6f88,delivered,2025-08-29 07:14:00,2025-08-29 07:35:00,2025-08-31 07:14:00,2025-09-12 07:14:00,2025-09-13 07:14:00
69daa2bb-5,2a59ced2,delivered,2025-07-03 02:07:00,2025-07-03 03:18:00,2025-07-06 02:07:00,2025-07-24 02:07:00,2025-07-22 02:07:00
f6d898d0-4,36604118,delivered,2025-05-29 00:37:00,2025-05-29 02:04:00,2025-05-31 00:37:00,2025-06-13 00:37:00,2025-06-11 00:37:00
ff0fb0b9-d,287c447d,shipped,2025-01-27 01:06:00,2025-01-27 03:28:00,2025-01-29 01:06:00,,2025-02-09 01:06:00
26362347-1,f810f0b2,delivered,2025-09-04 17:26:00,2025-09-04 18:14:00,2025-09-07 17:26:00,2025-09-22 17:26:00,2025-09-15 17:26:00
f48cdc67-8,7b754fb6,delivered,2025-11-20 16:20:00,2025-11-20 18:13:00,2025-11-22 16:20:00,2025-12-02 16:20:00,2025-12-02 16:20:00
c8efbf9a-3,089bfae1,delivered,2025-05-06 23:04:00,2025-05-07 00:44:00,2025-05-08 23:04:00,2025-05-24 23:04:00,2025-05-18 23:04:00
d704bc23-6,e682d5a9,shipped,2025-08-10 10:41:00,2025-08-10 12:11:00,2025-08-13 10:41:00,,2025-08-20 10:41:00
2617311f-e,6dd7cde5,delivered,2025-07-26 13:30:00,2025-07-26 13:44:00,2025-07-27 13:30:00,2025-08-06 13:30:00,2025-08-10 13:30:00
f83546e6-f,27308a9a,delivered,2025-04-16 23:33:00,2025-04-17 00:14:00,2025-04-17 23:33:00,2025-05-06 23:33:00,2025-04-28 23:33:00
befab37c-6,2f9366f3,delivered,2025-12-07 05:03:00,2025-12-07 06:43:00,2025-12-09 05:03:00,2025-12-24 05:03:00,2025-12-19 05:03:00
a232d85f-a,f8698135,delivered,2025-04-18 07:36:00,2025-04-18 08:06:00,2025-04-19 07:36:00,2025-05-06 07:36:00,2025-05-01 07:36:00
328fd663-d,8aed46e5,delivered,2025-11-03 08:21:00,2025-11-03 10:11:00,2025-11-06 08:21:00,2025-11-17 08:21:00,2025-11-17 08:21:00
af1a4520-5,1aff82ca,delivered,2025-08-08 00:11:00,2025-08-08 01:23:00,2025-08-11 00:11:00,2025-08-27 00:11:00,2025-08-26 00:11:00
bcf34ff8-4,cff08e62,delivered,2025-08-12 14:40:00,2025-08-12 17:36:00,2025-08-14 14:40:00,2025-09-09 14:40:00,2025-09-01 14:40:00
3efde020-6,2c9e7b1f,invoiced,2025-02-17 10:44:00,2025-02-17 11:34:00,,,2025-03-05 10:44:00
87039282-f,89cc50ee,delivered,2025-06-03 03:17:00,2025-06-03 05:23:00,2025-06-05 03:17:00,2025-06-14 03:17:00,2025-06-16 03:17:00
25d4135c-5,26a7ebbc,invoiced,2025-07-21 13:46:00,2025-07-21 15:12:00,,,2025-08-10 13:46:00
3ac82438-e,36e965f3,invoiced,2025-11-21 18:35:00,2025-11-21 20:06:00,,,2025-12-04 18:35:00
40400adf-6,a8e70dbe,shipped,2025-03-19 09:06:00,2025-03-19 10:37:00,2025-03-21 09:06:00,,2025-03-30 09:06:00
f0f9a782-4,1cedae8f,canceled,2025-11-17 17:59:00,,,,2025-11-30 17:59:00
85280354-4,fa460a62,delivered,2025-09-14 23:27:00,2025-09-15 00:35:00,2025-09-17 23:27:00,2025-09-28 23:27:00,2025-10-03 23:27:00
62c02774-d,332e32f1,delivered,2025-10-30 20:15:00,2025-10-30 22:57:00,2025-11-02 20:15:00,2025-11-24 20:15:00,2025-11-17 20:15:00
83088fb4-0,494ae306,delivered,2025-07-21 16:41:00,2025-07-21 17:36:00,2025-07-24 16:41:00,2025-08-03 16:41:00,2025-08-07 16:41:00
516063f6-a,372a0fa7,delivered,2025-12-20 05:49:00,2025-12-20 05:55:00,2025-12-21 05:49:00,2026-01-06 05:49:00,2026-01-03 05:49:00
33ed4b16-0,6c81acdf,delivered,2025-05-21 18:13:00,2025-05-21 18:48:00,2025-05-22 18:13:00,2025-05-31 18:13:00,2025-06-01 18:13:00
85f8b1b7-1,f7f5a105,delivered,2025-06-15 20:17:00,2025-06-15 20:58:00,2025-06-18 20:17:00,2025-07-12 20:17:00,2025-07-04 20:17:00
9323d381-c,e77d3d5b,invoiced,2025-04-08 19:06:00,2025-04-08 21:08:00,,,2025-04-20 19:06:00
37ac226c-1,7d51ddf0,delivered,2025-07-22 18:16:00,2025-07-22 20:30:00,2025-07-25 18:16:00,2025-08-07 18:16:00,2025-08-02 18:16:00
e5d99457-9,2bb7de34,delivered,2025-02-15 19:26:00,2025-02-15 21:26:00,2025-02-18 19:26:00,2025-02-26 19:26:00,2025-02-25 19:26:00
df641c26-6,77742b93,delivered,2025-02-23 12:06:00,2025-02-23 12:54:00,2025-02-25 12:06:00,2025-03-09 12:06:00,2025-03-14 12:06:00
9577c73c-a,41299692,invoiced,2025-02-11 06:14:00,2025-02-11 07:18:00,,,2025-02-25 06:14:00
71d56712-1,eb76c00d,canceled,2025-02-01 02:55:00,,,,2025-02-17 02:55:00
61c01685-5,72134180,delivered,2025-02-23 12:00:00,2025-02-23 13:17:00,2025-02-26 12:00:00,2025-03-21 12:00:00,2025-03-15 12:00:00
246baa43-2,88a0c5cf,delivered,2025-01-20 04:33:00,2025-01-20 07:01:00,2025-01-22 04:33:00,2025-02-01 04:33:00,2025-02-05 04:33:00
8417a681-a,f8de208e,delivered,2025-05-07 09:09:00,2025-05-07 09:45:00,2025-05-08 09:09:00,2025-05-24 09:09:00,2025-05-21 09:09:00
c4a2b302-7,77a7ae1f,delivered,2025-12-23 15:36:00,2025-12-23 18:32:00,2025-12-24 15:36:00,2026-01-17 15:36:00,2026-01-09 15:36:00
6540dd9c-6,5a24ac91,delivered,2025-03-11 22:06:00,2025-03-12 00:40:00,2025-03-14 22:06:00,2025-04-02 22:06:00,2025-03-25 22:06:00
dd5e30b1-2,f0eee812,delivered,2025-05-29 02:07:00,2025-05-29 02:45:00,2025-06-01 02:07:00,2025-06-23 02:07:00,2025-06-15 02:07:00
c0849244-c,301dbeb0,delivered,2025-09-01 16:23:00,2025-09-01 18:33:00,2025-09-03 16:23:00,2025-09-23 16:23:00,2025-09-15 16:23:00
655b523b-8,21885b1c,delivered,2025-06-04 19:07:00,2025-06-04 22:00:00,2025-06-06 19:07:00,2025-06-22 19:07:00,2025-06-15 19:07:00
60994303-f,2458d228,delivered,2025-02-08 22:15:00,2025-02-08 22:41:00,2025-02-10 22:15:00,2025-02-21 22:15:00,2025-02-21 22:15:00
b9592e9a-e,ba2e7388,delivered,2025-06-26 10:10:00,2025-06-26 11:37:00,2025-06-27 10:10:00,2025-07-18 10:10:00,2025-07-16 10:10:00
385daff9-e,622f12c1,canceled,2025-02-03 22:29:00,,,,2025-02-22 22:29:00
8b2141b3-b,19c99d65,delivered,2025-07-19 19:18:00,2025-07-19 21:32:00,2025-07-22 19:18:00,2025-08-05 19:18:00,2025-08-07 19:18:00
e0d1ed78-b,640aeb88,canceled,2025-02-14 14:09:00,,,,2025-03-02 14:09:00
ec7ac0d5-f,887c5e42,invoiced,2025-01-05 15:01:00,2025-01-05 17:55:00,,,2025-01-15 15:01:00
28e4d3bb-1,c6f3cac7,canceled,2025-08-04 05:16:00,,,,2025-08-14 05:16:00
93abe04a-5,d7c7ffee,delivered,2025-10-05 19:03:00,2025-10-05 22:00:00,2025-10-07 19:03:00,2025-10-18 19:03:00,2025-10-16 19:03:00
f43fac4e-2,72e9c627,delivered,2025-03-04 11:55:00,2025-03-04 14:48:00,2025-03-05 11:55:00,2025-03-14 11:55:00,2025-03-16 11:55:00
4c26e93d-f,9a1c2e5a,shipped,2025-05-23 15:20:00,2025-05-23 16:04:00,2025-05-26 15:20:00,,2025-06-05 15:20:00
978f8816-1,45123128,delivered,2025-11-06 03:14:00,2025-11-06 04:54:00,2025-11-07 03:14:00,2025-11-15 03:14:00,2025-11-17 03:14:00
f27f11f5-e,915f8bf7,delivered,2025-08-15 04:10:00,2025-08-15 06:59:00,2025-08-18 04:10:00,2025-08-31 04:10:00,2025-09-03 04:10:00
a417d3fa-2,e9fec649,shipped,2025-05-04 00:08:00,2025-05-04 02:31:00,2025-05-05 00:08:00,,2025-05-15 00:08:00
c8e8a307-9,fe3d5a61,delivered,2025-02-09 19:21:00,2025-02-09 19:58:00,2025-02-12 19:21:00,2025-02-25 19:21:00,2025-02-20 19:21:00
af71d5f3-f,b062101b,delivered,2025-10-09 01:11:00,2025-10-09 01:37:00,2025-10-12 01:11:00,2025-11-01 01:11:00,2025-10-27 01:11:00
efd04db4-1,5801e377,shipped,2025-11-25 22:01:00,2025-11-26 00:58:00,2025-11-26 22:01:00,,2025-12-12 22:01:00
7db0f647-4,0beeafa2,canceled,2025-08-16 08:59:00,,,,2025-08-29 08:59:00
08290922-4,ccc2b6ec,invoiced,2025-07-10 18:36:00,2025-07-10 19:59:00,,,2025-07-20 18:36:00
6bde9cd1-5,4d4ffa96,delivered,2025-10-18 20:03:00,2025-10-18 21:24:00,2025-10-20 20:03:00,2025-11-02 20:03:00,2025-10-30 20:03:00
0ae42e29-9,730dfbe3,delivered,2025-08-24 07:14:00,2025-08-24 09:14:00,2025-08-26 07:14:00,2025-09-10 07:14:00,2025-09-08 07:14:00
388bf553-e,6bec2da1,delivered,2025-10-28 17:03:00,2025-10-28 17:43:00,2025-10-30 17:03:00,2025-11-15 17:03:00,2025-11-10 17:03:00
5120afd0-3,ac2ab069,delivered,2025-11-24 19:54:00,2025-11-24 21:40:00,2025-11-26 19:54:00,2025-12-07 19:54:00,2025-12-08 19:54:00
53002d99-e,4363085a,canceled,2025-04-05 07:47:00,,,,2025-04-17 07:47:00
0b922c46-c,2b670671,delivered,2025-07-23 19:06:00,2025-07-23 20:34:00,2025-07-26 19:06:00,2025-08-07 19:06:00,2025-08-07 19:06:00
c95c4282-6,83fb8e82,invoiced,2025-07-13 00:10:00,2025-07-13 01:26:00,,,2025-07-25 00:10:00
9de46269-d,a6f23722,invoiced,2025-06-23 21:38:00,2025-06-23 22:57:00,,,2025-07-08 21:38:00
88d456b8-a,3c6ebf2a,shipped,2025-07-18 07:02:00,2025-07-18 08:18:00,2025-07-19 07:02:00,,2025-07-30 07:02:00
c9dbf761-a,87ebb717,delivered,2025-08-15 05:06:00,2025-08-15 07:15:00,2025-08-17 05:06:00,2025-08-31 05:06:00,2025-08-27 05:06:00
a55afaff-6,0ca58e05,invoiced,2025-04-01 03:22:00,2025-04-01 06:22:00,,,2025-04-14 03:22:00
40ef457c-2,2958c5b6,delivered,2025-07-01 01:13:00,2025-07-01 01:49:00,2025-07-02 01:13:00,2025-07-17 01:13:00,2025-07-20 01:13:00
106caab1-4,695d8586,delivered,2025-03-19 01:26:00,2025-03-19 01:55:00,2025-03-22 01:26:00,2025-04-02 01:26:00,2025-04-07 01:26:00
89474b54-e,e80532ff,delivered,2025-11-06 15:05:00,2025-11-06 17:44:00,2025-11-07 15:05:00,2025-11-11 15:05:00,2025-11-16 15:05:00
ca049be5-f,5bd4193c,delivered,2025-03-16 05:53:00,2025-03-16 07:25:00,2025-03-18 05:53:00,2025-04-04 05:53:00,2025-04-05 05:53:00
d393abba-5,72d630d4,delivered,2025-08-19 18:39:00,2025-08-19 19:20:00,2025-08-20 18:39:00,2025-08-28 18:39:00,2025-08-29 18:39:00
4b4bd0b3-a,cc7bbe2a,canceled,2025-08-28 14:58:00,,,,2025-09-15 14:58:00
635a2511-4,d1eb230f,shipped,2025-06-01 11:12:00,2025-06-01 14:10:00,2025-06-04 11:12:00,,2025-06-12 11:12:00
78bcd113-3,2ffe7b43,delivered,2025-01-14 18:10:00,2025-01-14 20:36:00,2025-01-15 18:10:00,2025-02-03 18:10:00,2025-02-03 18:10:00
32bc6972-9,45d28416,delivered,2025-03-09 07:04:00,2025-03-09 10:01:00,2025-03-10 07:04:00,2025-03-27 07:04:00,2025-03-25 07:04:00
3b6d6ae9-f,47e73e56,delivered,2025-04-15 10:15:00,2025-04-15 10:54:00,2025-04-16 10:15:00,2025-05-03 10:15:00,2025-04-28 10:15:00
28a9ad09-f,9ac46a72,shipped,2025-05-26 20:32:00,2025-05-26 22:11:00,2025-05-28 20:32:00,,2025-06-08 20:32:00
a2054ba2-d,2258cf9f,shipped,2025-12-23 04:55:00,2025-12-23 06:02:00,2025-12-26 04:55:00,,2026-01-03 04:55:00
ab5ac854-1,9cf168ee,delivered,2025-11-10 06:08:00,2025-11-10 08:15:00,2025-11-13 06:08:00,2025-11-20 06:08:00,2025-11-24 06:08:00
9a544bf0-e,c566e51f,shipped,2025-02-06 10:57:00,2025-02-06 11:55:00,2025-02-09 10:57:00,,2025-02-18 10:57:00
00805c17-9,2078ef07,delivered,2025-12-25 13:25:00,2025-12-25 14:44:00,2025-12-26 13:25:00,2026-01-12 13:25:00,2026-01-10 13:25:00
8c3a316d-e,e6aa9f45,delivered,2025-05-08 15:53:00,2025-05-08 17:31:00,2025-05-11 15:53:00,2025-05-24 15:53:00,2025-05-24 15:53:00
b07518d4-b,69d9db29,canceled,2025-07-08 03:01:00,,,,2025-07-22 03:01:00
2d54de1d-8,431d2d03,delivered,2025-10-18 13:20:00,2025-10-18 15:03:00,2025-10-21 13:20:00,2025-11-10 13:20:00,2025-11-02 13:20:00
bde77259-e,5d906d27,canceled,2025-09-10 05:38:00,,,,2025-09-23 05:38:00
81824a15-8,06a23b3e,delivered,2025-12-17 08:55:00,2025-12-17 09:35:00,2025-12-18 08:55:00,2026-01-02 08:55:00,2025-12-29 08:55:00
68430969-9,a15098d5,invoiced,2025-04-11 09:57:00,2025-04-11 12:08:00,,,2025-04-28 09:57:00
767ebf39-a,a09fb0c9,shipped,2025-08-26 04:23:00,2025-08-26 04:57:00,2025-08-29 04:23:00,,2025-09-09 04:23:00
c496e98e-e,5229665d,delivered,2025-02-17 09:28:00,2025-02-17 11:55:00,2025-02-20 09:28:00,2025-03-08 09:28:00,2025-03-01 09:28:00
733dfa63-e,5351bd05,canceled,2025-05-19 10:04:00,,,,2025-06-04 10:04:00
f87bc944-3,c0ae012f,delivered,2025-12-10 04:54:00,2025-12-10 07:12:00,2025-12-12 04:54:00,2025-12-18 04:54:00,2025-12-23 04:54:00
eebbbcbe-0,72e9c627,canceled,2025-09-23 09:32:00,,,,2025-10-07 09:32:00
093f7c11-8,d558cc45,delivered,2025-04-19 13:54:00,2025-04-19 15:54:00,2025-04-22 13:54:00,2025-05-09 13:54:00,2025-05-08 13:54:00
245096ad-b,26e3cda9,delivered,2025-09-13 23:47:00,2025-09-14 02:35:00,2025-09-14 23:47:00,2025-09-27 23:47:00,2025-09-26 23:47:00
8fa61d0e-1,e75f58a3,shipped,2025-03-10 00:35:00,2025-03-10 02:14:00,2025-03-12 00:35:00,,2025-03-24 00:35:00
3a4493c6-e,f7400d1f,delivered,2025-02-17 18:59:00,2025-02-17 19:59:00,2025-02-19 18:59:00,2025-03-07 18:59:00,2025-02-27 18:59:00
52fc3898-d,00ff3308,delivered,2025-09-01 11:50:00,2025-09-01 14:10:00,2025-09-04 11:50:00,2025-09-16 11:50:00,2025-09-21 11:50:00
c7563d21-5,86aaceb2,canceled,2025-01-19 09:16:00,,,,2025-02-08 09:16:00
da466231-b,c538a7cb,delivered,2025-07-17 16:21:00,2025-07-17 16:45:00,2025-07-20 16:21:00,2025-08-07 16:21:00,2025-07-30 16:21:00
9ac82f5a-1,d2f96d33,delivered,2025-09-02 09:29:00,2025-09-02 10:55:00,2025-09-04 09:29:00,2025-09-15 09:29:00,2025-09-20 09:29:00
923dba02-6,0251d63d,delivered,2025-08-18 03:31:00,2025-08-18 05:31:00,2025-08-21 03:31:00,2025-08-27 03:31:00,2025-09-01 03:31:00
8dd17b56-c,4a099bc2,shipped,2025-12-22 17:41:00,2025-12-22 18:38:00,2025-12-24 17:41:00,,2026-01-02 17:41:00
fbf4f8ec-b,a4d30736,delivered,2025-02-27 02:36:00,2025-02-27 05:07:00,2025-03-01 02:36:00,2025-03-17 02:36:00,2025-03-15 02:36:00
f62be292-8,5afc9d43,delivered,2025-01-22 23:20:00,2025-01-22 23:32:00,2025-01-24 23:20:00,2025-02-07 23:20:00,2025-02-09 23:20:00
6a57b2bf-0,8825b68e,delivered,2025-06-17 14:45:00,2025-06-17 15:28:00,2025-06-20 14:45:00,2025-06-30 14:45:00,2025-07-02 14:45:00
39de2328-7,c6f3cac7,delivered,2025-05-25 05:24:00,2025-05-25 07:11:00,2025-05-28 05:24:00,2025-06-02 05:24:00,2025-06-06 05:24:00
d05aacbe-d,90013d69,invoiced,2025-05-18 13:27:00,2025-05-18 15:52:00,,,2025-06-04 13:27:00
5d77486c-c,30f8b988,invoiced,2025-09-21 10:13:00,2025-09-21 10:58:00,,,2025-10-08 10:13:00
a2110733-e,a78a96ba,delivered,2025-11-23 11:51:00,2025-11-23 12:11:00,2025-11-24 11:51:00,2025-12-05 11:51:00,2025-12-08 11:51:00
8eba6f6f-1,7168bb4b,shipped,2025-08-30 04:56:00,2025-08-30 05:03:00,2025-09-02 04:56:00,,2025-09-16 04:56:00
e41f3052-f,23a68be1,canceled,2025-03-01 03:56:00,,,,2025-03-19 03:56:00
11e18b0c-4,f3cfb6c7,shipped,2025-07-19 06:00:00,2025-07-19 08:39:00,2025-07-20 06:00:00,,2025-07-29 06:00:00
e7c12d88-f,e72039b9,delivered,2025-06-01 21:18:00,2025-06-01 23:28:00,2025-06-02 21:18:00,2025-06-16 21:18:00,2025-06-21 21:18:00
e83c101d-b,89850bba,delivered,2025-11-13 22:57:00,2025-11-14 00:51:00,2025-11-14 22:57:00,2025-12-07 22:57:00,2025-12-03 22:57:00
10f3349a-5,0a7c45c9,delivered,2025-07-24 12:49:00,2025-07-24 14:50:00,2025-07-26 12:49:00,2025-08-02 12:49:00,2025-08-07 12:49:00
f6ef7eba-c,69ae1c93,delivered,2025-01-09 19:45:00,2025-01-09 21:23:00,2025-01-10 19:45:00,2025-01-29 19:45:00,2025-01-21 19:45:00
e95dc64d-c,36e965f3,invoiced,2025-02-15 18:04:00,2025-02-15 19:15:00,,,2025-02-28 18:04:00
4bc66472-f,1d00a8bf,delivered,2025-07-23 22:53:00,2025-07-23 23:36:00,2025-07-25 22:53:00,2025-07-28 22:53:00,2025-08-02 22:53:00
dfcd6ee3-c,eed4a58f,delivered,2025-11-03 14:55:00,2025-11-03 17:22:00,2025-11-04 14:55:00,2025-11-16 14:55:00,2025-11-16 14:55:00
8c4187f9-b,27c2dd2c,delivered,2025-05-26 18:25:00,2025-05-26 20:30:00,2025-05-29 18:25:00,2025-06-14 18:25:00,2025-06-06 18:25:00
6466622d-e,2013ca27,delivered,2025-05-26 21:53:00,2025-05-26 22:59:00,2025-05-27 21:53:00,2025-06-03 21:53:00,2025-06-05 21:53:00
717c6eed-b,920e9a00,delivered,2025-03-16 16:09:00,2025-03-16 17:33:00,2025-03-18 16:09:00,2025-04-03 16:09:00,2025-04-03 16:09:00
079e9909-7,f6f369ee,delivered,2025-01-18 22:56:00,2025-01-19 01:53:00,2025-01-21 22:56:00,2025-01-25 22:56:00,2025-01-30 22:56:00
2e6de76e-d,87d8a4ea,delivered,2025-02-14 18:01:00,2025-02-14 20:29:00,2025-02-16 18:01:00,2025-02-26 18:01:00,2025-02-28 18:01:00
288a4082-3,fd31f6db,delivered,2025-12-02 06:24:00,2025-12-02 09:02:00,2025-12-05 06:24:00,2025-12-22 06:24:00,2025-12-15 06:24:00
65191623-2,4eb5cb0e,shipped,2025-05-01 02:35:00,2025-05-01 04:33:00,2025-05-04 02:35:00,,2025-05-12 02:35:00
6e3efe03-2,7032ec3c,canceled,2025-04-29 10:44:00,,,,2025-05-13 10:44:00
9a15d523-b,b7451573,shipped,2025-12-16 01:39:00,2025-12-16 02:42:00,2025-12-17 01:39:00,,2025-12-30 01:39:00
78e4c894-4,36e7753c,delivered,2025-10-01 20:01:00,2025-10-01 22:17:00,2025-10-02 20:01:00,2025-10-10 20:01:00,2025-10-13 20:01:00
d31bc456-d,76f3bcab,invoiced,2025-08-23 22:16:00,2025-08-24 00:18:00,,,2025-09-02 22:16:00
358f6e8f-e,bd848711,canceled,2025-05-06 00:55:00,,,,2025-05-25 00:55:00
650c3419-2,20a4033b,delivered,2025-02-18 17:37:00,2025-02-18 18:13:00,2025-02-21 17:37:00,2025-03-01 17:37:00,2025-03-04 17:37:00
412bf493-a,d48975be,delivered,2025-02-23 12:51:00,2025-02-23 15:00:00,2025-02-25 12:51:00,2025-03-18 12:51:00,2025-03-12 12:51:00
42a74f4f-d,5679ffef,delivered,2025-10-06 16:57:00,2025-10-06 19:52:00,2025-10-09 16:57:00,2025-10-16 16:57:00,2025-10-21 16:57:00
0f1fb252-b,4bb5d868,delivered,2025-10-31 05:11:00,2025-10-31 07:04:00,2025-11-02 05:11:00,2025-11-18 05:11:00,2025-11-16 05:11:00
4e170b92-0,e9a8a25d,delivered,2025-02-13 12:52:00,2025-02-13 14:20:00,2025-02-14 12:52:00,2025-02-28 12:52:00,2025-02-25 12:52:00
22ed0706-1,47982000,shipped,2025-09-02 15:29:00,2025-09-02 16:12:00,2025-09-04 15:29:00,,2025-09-17 15:29:00
e3c4bb76-b,b0b17589,invoiced,2025-08-14 03:57:00,2025-08-14 05:41:00,,,2025-08-29 03:57:00
c48ca4cf-9,7a775316,invoiced,2025-07-22 11:51:00,2025-07-22 12:19:00,,,2025-08-09 11:51:00
322e63cc-1,d1e95301,delivered,2025-01-21 01:55:00,2025-01-21 04:46:00,2025-01-23 01:55:00,2025-01-26 01:55:00,2025-01-31 01:55:00
3a55a504-9,4fbd1d64,shipped,2025-09-09 11:40:00,2025-09-09 13:43:00,2025-09-10 11:40:00,,2025-09-29 11:40:00
a7c8a40d-6,d7836bde,canceled,2025-03-18 10:40:00,,,,2025-03-28 10:40:00
e01af8de-9,d842cd04,delivered,2025-03-29 18:48:00,2025-03-29 18:58:00,2025-03-31 18:48:00,2025-04-23 18:48:00,2025-04-18 18:48:00
1076546d-5,24ce1cf8,delivered,2025-03-02 20:35:00,2025-03-02 20:44:00,2025-03-04 20:35:00,2025-03-09 20:35:00,2025-03-14 20:35:00
e57f8366-a,709a6519,delivered,2025-11-30 22:27:00,2025-11-30 23:07:00,2025-12-02 22:27:00,2025-12-21 22:27:00,2025-12-19 22:27:00
7741ac02-b,0543041b,canceled,2025-06-17 15:56:00,,,,2025-06-28 15:56:00
aa8be7a5-a,5ff729fc,delivered,2025-01-26 23:24:00,2025-01-27 01:47:00,2025-01-28 23:24:00,2025-02-08 23:24:00,2025-02-08 23:24:00
9a9c53cf-f,063b6264,delivered,2025-05-24 12:41:00,2025-05-24 14:35:00,2025-05-27 12:41:00,2025-06-16 12:41:00,2025-06-11 12:41:00
f2fe0f21-2,f810f0b2,canceled,2025-06-30 20:35:00,,,,2025-07-16 20:35:00
1492579c-8,7bb28f78,invoiced,2025-06-03 16:20:00,2025-06-03 17:26:00,,,2025-06-15 16:20:00
2e704ee9-8,11cbefd7,delivered,2025-05-05 05:49:00,2025-05-05 08:40:00,2025-05-07 05:49:00,2025-05-27 05:49:00,2025-05-24 05:49:00
06740a7c-e,ec257b19,canceled,2025-06-22 17:02:00,,,,2025-07-07 17:02:00
823f99da-4,363be82e,delivered,2025-11-02 05:34:00,2025-11-02 06:47:00,2025-11-04 05:34:00,2025-11-16 05:34:00,2025-11-19 05:34:00
eb56a645-0,0881549d,shipped,2025-01-24 22:29:00,2025-01-25 00:28:00,2025-01-25 22:29:00,,2025-02-10 22:29:00
54da2493-4,5bc15d50,delivered,2025-10-14 11:07:00,2025-10-14 12:42:00,2025-10-15 11:07:00,2025-10-31 11:07:00,2025-11-03 11:07:00
e4a77416-c,2e187c84,delivered,2025-04-18 10:14:00,2025-04-18 10:35:00,2025-04-19 10:14:00,2025-05-09 10:14:00,2025-05-05 10:14:00
28749717-a,67332eb5,delivered,2025-02-10 23:46:00,2025-02-11 00:16:00,2025-02-11 23:46:00,2025-02-20 23:46:00,2025-02-22 23:46:00
1001e3ae-a,c398ce24,delivered,2025-08-24 08:09:00,2025-08-24 10:35:00,2025-08-26 08:09:00,2025-09-14 08:09:00,2025-09-13 08:09:00
8b96b8cd-8,2b670671,delivered,2025-05-13 20:48:00,2025-05-13 22:43:00,2025-05-14 20:48:00,2025-06-09 20:48:00,2025-06-01 20:48:00
7c10553a-1,5351bd05,delivered,2025-08-02 04:30:00,2025-08-02 05:22:00,2025-08-05 04:30:00,2025-08-14 04:30:00,2025-08-13 04:30:00
c9b0442d-1,3763a39f,delivered,2025-09-01 11:27:00,2025-09-01 12:14:00,2025-09-03 11:27:00,2025-09-11 11:27:00,2025-09-15 11:27:00
1c692843-a,f0eee812,delivered,2025-07-20 05:00:00,2025-07-20 07:35:00,2025-07-23 05:00:00,2025-07-31 05:00:00,2025-07-30 05:00:00
1a23d976-2,4e63532d,shipped,2025-06-22 02:27:00,2025-06-22 04:38:00,2025-06-23 02:27:00,,2025-07-06 02:27:00
155e617f-d,c7481219,invoiced,2025-03-06 21:45:00,2025-03-06 23:37:00,,,2025-03-23 21:45:00
ad6420a5-9,28786b3a,invoiced,2025-09-29 17:33:00,2025-09-29 17:47:00,,,2025-10-13 17:33:00
4f6790fa-d,c720bb39,shipped,2025-05-05 12:19:00,2025-05-05 13:57:00,2025-05-06 12:19:00,,2025-05-25 12:19:00
11f00bcf-e,6ae99b9a,delivered,2025-07-05 11:28:00,2025-07-05 13:09:00,2025-07-07 11:28:00,2025-07-21 11:28:00,2025-07-17 11:28:00
65ee03a9-e,b062101b,delivered,2025-04-10 02:33:00,2025-04-10 03:29:00,2025-04-13 02:33:00,2025-04-22 02:33:00,2025-04-24 02:33:00
328aaa19-b,9fa6c982,shipped,2025-09-05 15:07:00,2025-09-05 18:05:00,2025-09-08 15:07:00,,2025-09-16 15:07:00
0dcf94d6-5,24ce1cf8,delivered,2025-07-19 10:51:00,2025-07-19 11:12:00,2025-07-21 10:51:00,2025-08-09 10:51:00,2025-08-01 10:51:00
8e522909-8,494ae306,canceled,2025-01-28 23:32:00,,,,2025-02-14 23:32:00
d4ddd8a3-9,5e423085,delivered,2025-10-18 02:50:00,2025-10-18 04:17:00,2025-10-20 02:50:00,2025-11-05 02:50:00,2025-10-31 02:50:00
5f0bc556-a,a4aa67c8,canceled,2025-08-20 15:00:00,,,,2025-09-06 15:00:00
c9360a91-1,32fe619c,delivered,2025-07-11 06:03:00,2025-07-11 07:13:00,2025-07-13 06:03:00,2025-07-21 06:03:00,2025-07-26 06:03:00
8cb063c5-1,9ba2d340,delivered,2025-10-14 15:35:00,2025-10-14 18:16:00,2025-10-15 15:35:00,2025-11-02 15:35:00,2025-10-27 15:35:00
7255a299-c,e64883a2,shipped,2025-04-16 08:26:00,2025-04-16 11:26:00,2025-04-19 08:26:00,,2025-05-03 08:26:00
bfb2b68f-b,be4c31c0,shipped,2025-09-16 03:02:00,2025-09-16 03:26:00,2025-09-17 03:02:00,,2025-10-04 03:02:00
fd44efa5-1,21c96885,delivered,2025-05-06 08:24:00,2025-05-06 08:44:00,2025-05-07 08:24:00,2025-05-23 08:24:00,2025-05-24 08:24:00
47294dd3-b,049469e9,delivered,2025-05-01 05:02:00,2025-05-01 07:27:00,2025-05-04 05:02:00,2025-05-19 05:02:00,2025-05-14 05:02:00
3d33cb32-5,c278732f,delivered,2025-01-05 07:34:00,2025-01-05 10:03:00,2025-01-08 07:34:00,2025-01-30 07:34:00,2025-01-25 07:34:00
32c8a105-8,0ed1d17a,delivered,2025-09-19 18:45:00,2025-09-19 20:08:00,2025-09-22 18:45:00,2025-10-07 18:45:00,2025-10-06 18:45:00
7d607aa3-7,4ffcb4b8,canceled,2025-02-21 01:30:00,,,,2025-03-03 01:30:00
43c474f4-3,3598c986,invoiced,2025-12-01 21:34:00,2025-12-02 00:14:00,,,2025-12-16 21:34:00
57317895-d,229defb5,invoiced,2025-02-11 19:16:00,2025-02-11 22:05:00,,,2025-02-25 19:16:00
88e2de3d-9,5a56558b,delivered,2025-06-23 12:52:00,2025-06-23 13:26:00,2025-06-26 12:52:00,2025-07-07 12:52:00,2025-07-05 12:52:00
7d8813a1-c,8c42b6a3,delivered,2025-03-14 13:15:00,2025-03-14 15:49:00,2025-03-16 13:15:00,2025-03-26 13:15:00,2025-03-30 13:15:00
7b300fb5-b,8280d088,delivered,2025-01-13 11:23:00,2025-01-13 13:34:00,2025-01-14 11:23:00,2025-01-26 11:23:00,2025-01-30 11:23:00
6017dd86-e,ff3d2df1,delivered,2025-04-22 21:41:00,2025-04-22 22:59:00,2025-04-25 21:41:00,2025-05-04 21:41:00,2025-05-08 21:41:00
5fe2224a-c,678818d2,canceled,2025-04-22 00:18:00,,,,2025-05-12 00:18:00
ca52a53c-0,766d2be1,delivered,2025-11-17 21:06:00,2025-11-17 22:46:00,2025-11-18 21:06:00,2025-12-04 21:06:00,2025-12-01 21:06:00
7cd92c0e-3,b9ea0ab7,delivered,2025-01-14 08:24:00,2025-01-14 09:49:00,2025-01-16 08:24:00,2025-02-05 08:24:00,2025-02-01 08:24:00
c2dae94e-6,249e8f95,shipped,2025-04-29 00:01:00,2025-04-29 01:17:00,2025-05-02 00:01:00,,2025-05-12 00:01:00
a08e4c9c-2,ff7413b8,delivered,2025-03-16 22:38:00,2025-03-16 23:12:00,2025-03-19 22:38:00,2025-04-02 22:38:00,2025-04-05 22:38:00
b41e736e-4,dc585ecf,delivered,2025-05-16 01:24:00,2025-05-16 04:24:00,2025-05-17 01:24:00,2025-05-31 01:24:00,2025-06-04 01:24:00
3654ea71-0,05386550,delivered,2025-09-23 06:01:00,2025-09-23 06:28:00,2025-09-26 06:01:00,2025-10-06 06:01:00,2025-10-04 06:01:00
e70b7d76-9,8e324d8d,canceled,2025-08-18 16:39:00,,,,2025-09-05 16:39:00
8bf0f2b4-7,7e949ebd,delivered,2025-11-16 19:03:00,2025-11-16 20:28:00,2025-11-17 19:03:00,2025-11-24 19:03:00,2025-11-28 19:03:00
c16483e1-5,5d906d27,delivered,2025-09-22 23:06:00,2025-09-23 01:32:00,2025-09-25 23:06:00,2025-10-15 23:06:00,2025-10-10 23:06:00
7d826aa6-a,6bbe5122,invoiced,2025-05-05 03:26:00,2025-05-05 04:22:00,,,2025-05-16 03:26:00
e8976cb9-8,b8bea469,invoiced,2025-04-02 23:55:00,2025-04-03 01:46:00,,,2025-04-13 23:55:00
f7f12fae-d,5554ee5d,delivered,2025-02-15 18:53:00,2025-02-15 19:52:00,2025-02-18 18:53:00,2025-03-11 18:53:00,2025-03-06 18:53:00
d3c5e9a3-0,15fa7912,invoiced,2025-04-17 20:52:00,2025-04-17 21:00:00,,,2025-05-04 20:52:00
bd244699-c,efc250d4,delivered,2025-12-20 06:26:00,2025-12-20 07:01:00,2025-12-21 06:26:00,2026-01-02 06:26:00,2025-12-31 06:26:00
c0f3c3fa-3,4e210f95,shipped,2025-01-29 07:30:00,2025-01-29 10:27:00,2025-01-30 07:30:00,,2025-02-17 07:30:00
ebf5262d-d,c5168d59,delivered,2025-12-22 13:57:00,2025-12-22 15:02:00,2025-12-25 13:57:00,2026-01-14 13:57:00,2026-01-10 13:57:00
bf3675fa-5,121dc651,delivered,2025-03-16 10:49:00,2025-03-16 12:21:00,2025-03-17 10:49:00,2025-04-09 10:49:00,2025-04-02 10:49:00
4c07756c-7,d842cd04,invoiced,2025-08-04 05:57:00,2025-08-04 06:29:00,,,2025-08-16 05:57:00
fe55b652-9,5a56558b,delivered,2025-10-20 19:16:00,2025-10-20 20:52:00,2025-10-22 19:16:00,2025-11-08 19:16:00,2025-10-31 19:16:00
49f186fd-d,78c8c07e,delivered,2025-01-27 19:15:00,2025-01-27 19:22:00,2025-01-29 19:15:00,2025-02-16 19:15:00,2025-02-15 19:15:00
05cf9e65-0,82cc1127,canceled,2025-12-05 09:23:00,,,,2025-12-24 09:23:00
6e6adb37-3,4c505778,shipped,2025-11-09 19:55:00,2025-11-09 20:45:00,2025-11-12 19:55:00,,2025-11-20 19:55:00
befd2aa9-a,b7ffe70c,shipped,2025-02-02 02:56:00,2025-02-02 03:53:00,2025-02-03 02:56:00,,2025-02-21 02:56:00
f8aa7c52-b,d9272cca,canceled,2025-04-26 22:18:00,,,,2025-05-06 22:18:00
b25c9525-e,ed329509,delivered,2025-05-19 03:44:00,2025-05-19 06:26:00,2025-05-22 03:44:00,2025-06-08 03:44:00,2025-06-01 03:44:00
1de5903c-8,72134180,delivered,2025-11-29 09:18:00,2025-11-29 10:31:00,2025-11-30 09:18:00,2025-12-20 09:18:00,2025-12-13 09:18:00
883505cc-7,ba630108,canceled,2025-09-21 13:42:00,,,,2025-10-02 13:42:00
c42e12ca-5,fd31f6db,delivered,2025-11-22 04:19:00,2025-11-22 05:47:00,2025-11-23 04:19:00,2025-12-17 04:19:00,2025-12-12 04:19:00
1bdaf05a-b,8ad3b61b,canceled,2025-04-13 10:24:00,,,,2025-04-28 10:24:00
c8a3f424-1,c4f20f74,delivered,2025-11-21 05:15:00,2025-11-21 07:22:00,2025-11-23 05:15:00,2025-12-08 05:15:00,2025-12-07 05:15:00
f8cf6e5d-3,06b4cdf5,delivered,2025-04-29 17:24:00,2025-04-29 17:52:00,2025-05-02 17:24:00,2025-05-09 17:24:00,2025-05-13 17:24:00
d1106db0-2,3a651cae,delivered,2025-12-01 20:54:00,2025-12-01 21:37:00,2025-12-03 20:54:00,2025-12-12 20:54:00,2025-12-11 20:54:00
3a1dae4b-d,7e5b5ef4,delivered,2025-06-03 21:33:00,2025-06-03 23:55:00,2025-06-06 21:33:00,2025-06-14 21:33:00,2025-06-16 21:33:00
182ad419-5,0ab63290,delivered,2025-11-10 08:46:00,2025-11-10 09:00:00,2025-11-13 08:46:00,2025-12-03 08:46:00,2025-11-26 08:46:00
d2234221-b,99e88bc4,delivered,2025-01-11 14:17:00,2025-01-11 15:14:00,2025-01-13 14:17:00,2025-01-25 14:17:00,2025-01-21 14:17:00
caa5c8f3-3,1a27565e,delivered,2025-11-20 00:15:00,2025-11-20 02:45:00,2025-11-22 00:15:00,2025-12-17 00:15:00,2025-12-09 00:15:00
1345e8df-d,94f79bd0,delivered,2025-01-03 01:48:00,2025-01-03 04:24:00,2025-01-06 01:48:00,2025-01-17 01:48:00,2025-01-18 01:48:00
c7f781a3-4,ebb4338a,canceled,2025-11-09 20:25:00,,,,2025-11-29 20:25:00
98b26b72-c,a3f439fa,shipped,2025-05-13 14:01:00,2025-05-13 15:50:00,2025-05-16 14:01:00,,2025-05-24 14:01:00
4df2850d-f,229defb5,delivered,2025-02-13 08:39:00,2025-02-13 10:36:00,2025-02-14 08:39:00,2025-02-19 08:39:00,2025-02-24 08:39:00
6716fa35-f,e1735c49,shipped,2025-09-16 13:01:00,2025-09-16 16:01:00,2025-09-17 13:01:00,,2025-10-02 13:01:00
75aa8f18-c,2458d228,canceled,2025-04-17 11:39:00,,,,2025-05-07 11:39:00
49baa304-2,9cac810b,delivered,2025-01-24 04:52:00,2025-01-24 06:04:00,2025-01-25 04:52:00,2025-02-12 04:52:00,2025-02-11 04:52:00
a82a35a1-d,88e0d0b9,delivered,2025-01-18 04:21:00,2025-01-18 04:40:00,2025-01-21 04:21:00,2025-02-03 04:21:00,2025-01-31 04:21:00
801154c8-c,a0031bf0,shipped,2025-02-06 20:26:00,2025-02-06 21:34:00,2025-02-09 20:26:00,,2025-02-26 20:26:00
561d1063-d,56b48067,canceled,2025-07-17 06:20:00,,,,2025-08-04 06:20:00
52b525ac-3,5e55263b,invoiced,2025-03-14 14:35:00,2025-03-14 17:07:00,,,2025-03-30 14:35:00
029a32b9-9,23674bc7,canceled,2025-09-15 11:09:00,,,,2025-10-02 11:09:00
68ffb676-c,ce3fd79c,delivered,2025-06-17 13:09:00,2025-06-17 13:27:00,2025-06-18 13:09:00,2025-07-01 13:09:00,2025-07-03 13:09:00
3697486b-a,db3515bc,invoiced,2025-11-03 12:47:00,2025-11-03 13:54:00,,,2025-11-16 12:47:00
fafe3308-4,578e24c9,canceled,2025-08-04 02:30:00,,,,2025-08-14 02:30:00
781b2d68-1,ce1aa80b,delivered,2025-07-02 14:29:00,2025-07-02 16:23:00,2025-07-03 14:29:00,2025-07-23 14:29:00,2025-07-22 14:29:00
6a8fb0c1-e,fe08c84f,shipped,2025-09-08 15:16:00,2025-09-08 17:27:00,2025-09-10 15:16:00,,2025-09-27 15:16:00
e1f9b837-2,7d4a7ef3,delivered,2025-03-12 18:22:00,2025-03-12 19:15:00,2025-03-14 18:22:00,2025-04-05 18:22:00,2025-03-29 18:22:00
62db967a-e,78c8c07e,delivered,2025-08-03 17:30:00,2025-08-03 18:47:00,2025-08-04 17:30:00,2025-08-25 17:30:00,2025-08-17 17:30:00
8274d58a-5,ec257b19,delivered,2025-06-29 06:19:00,2025-06-29 06:46:00,2025-06-30 06:19:00,2025-07-21 06:19:00,2025-07-14 06:19:00
0714ec88-b,4e1d1bcc,delivered,2025-01-17 20:45:00,2025-01-17 21:01:00,2025-01-20 20:45:00,2025-02-06 20:45:00,2025-01-31 20:45:00
8a8fcac6-2,380c0fb2,delivered,2025-05-29 23:16:00,2025-05-30 00:48:00,2025-05-30 23:16:00,2025-06-23 23:16:00,2025-06-16 23:16:00
ac00e6f0-b,e5ae5fe4,delivered,2025-07-30 13:02:00,2025-07-30 15:48:00,2025-08-02 13:02:00,2025-08-26 13:02:00,2025-08-19 13:02:00
8ffe6bd9-7,b0e6c331,delivered,2025-01-31 23:15:00,2025-02-01 00:38:00,2025-02-03 23:15:00,2025-02-20 23:15:00,2025-02-20 23:15:00
86180693-c,b26b7602,delivered,2025-10-08 03:43:00,2025-10-08 05:09:00,2025-10-11 03:43:00,2025-10-27 03:43:00,2025-10-21 03:43:00
e739dca5-f,476ef5c3,delivered,2025-12-09 00:17:00,2025-12-09 02:20:00,2025-12-12 00:17:00,2025-12-29 00:17:00,2025-12-28 00:17:00
fed1a791-2,053ea82c,canceled,2025-07-10 22:08:00,,,,2025-07-25 22:08:00
3db95fec-7,ef7d6801,delivered,2025-03-26 22:14:00,2025-03-26 23:18:00,2025-03-27 22:14:00,2025-04-11 22:14:00,2025-04-07 22:14:00
8202c7b3-0,bbf33662,invoiced,2025-09-04 21:15:00,2025-09-04 23:59:00,,,2025-09-22 21:15:00
496c15bc-e,0d4e131b,shipped,2025-07-18 12:02:00,2025-07-18 13:25:00,2025-07-20 12:02:00,,2025-08-01 12:02:00
5e998f6e-1,0a348b84,canceled,2025-09-14 10:10:00,,,,2025-09-28 10:10:00
d216f8b4-4,37ad88d1,shipped,2025-05-15 09:06:00,2025-05-15 09:15:00,2025-05-18 09:06:00,,2025-06-04 09:06:00
8162caf0-1,03cb68e2,shipped,2025-12-16 22:48:00,2025-12-17 00:37:00,2025-12-18 22:48:00,,2025-12-30 22:48:00
eaf451a3-f,a4aa67c8,delivered,2025-04-11 08:57:00,2025-04-11 10:49:00,2025-04-13 08:57:00,2025-05-07 08:57:00,2025-04-29 08:57:00
b181c3da-0,54abaecc,canceled,2025-03-27 22:07:00,,,,2025-04-13 22:07:00
cbdd6427-a,a9472bbe,delivered,2025-10-23 16:19:00,2025-10-23 19:17:00,2025-10-24 16:19:00,2025-11-07 16:19:00,2025-11-04 16:19:00
6476925a-3,20119073,shipped,2025-01-22 23:03:00,2025-01-22 23:58:00,2025-01-25 23:03:00,,2025-02-02 23:03:00
139724e3-2,02163a76,shipped,2025-08-26 23:53:00,2025-08-27 00:59:00,2025-08-27 23:53:00,,2025-09-14 23:53:00
2dc858f6-b,160a0e4e,delivered,2025-02-16 02:18:00,2025-02-16 04:05:00,2025-02-17 02:18:00,2025-02-27 02:18:00,2025-03-01 02:18:00
dd745a62-2,3b581395,delivered,2025-04-08 01:51:00,2025-04-08 03:14:00,2025-04-10 01:51:00,2025-04-20 01:51:00,2025-04-18 01:51:00
fc367910-e,e84fa3e8,delivered,2025-11-11 17:19:00,2025-11-11 20:13:00,2025-11-13 17:19:00,2025-11-28 17:19:00,2025-11-26 17:19:00
78f469be-6,279d1800,delivered,2025-10-13 23:11:00,2025-10-14 01:48:00,2025-10-16 23:11:00,2025-10-21 23:11:00,2025-10-24 23:11:00
3d743ad1-6,2191f5dd,delivered,2025-11-13 23:51:00,2025-11-14 00:22:00,2025-11-14 23:51:00,2025-11-25 23:51:00,2025-11-29 23:51:00
d2df9038-6,3247c0c8,invoiced,2025-03-05 12:34:00,2025-03-05 13:15:00,,,2025-03-21 12:34:00
d0b579e4-7,4e63532d,shipped,2025-07-15 04:01:00,2025-07-15 06:21:00,2025-07-16 04:01:00,,2025-08-04 04:01:00
edd72890-f,e6aa9f45,shipped,2025-04-28 04:42:00,2025-04-28 07:29:00,2025-05-01 04:42:00,,2025-05-18 04:42:00
343518f7-b,c61bf159,canceled,2025-04-14 05:09:00,,,,2025-04-24 05:09:00
380ca201-b,7747b46c,shipped,2025-09-10 23:08:00,2025-09-11 00:18:00,2025-09-11 23:08:00,,2025-09-28 23:08:00
9d9a8fc4-7,8e324d8d,delivered,2025-01-23 10:43:00,2025-01-23 12:59:00,2025-01-26 10:43:00,2025-02-08 10:43:00,2025-02-02 10:43:00
edf90e5b-f,01602d5c,delivered,2025-05-15 14:51:00,2025-05-15 16:38:00,2025-05-18 14:51:00,2025-06-03 14:51:00,2025-06-03 14:51:00
34c64cee-d,32fe619c,shipped,2025-09-16 10:27:00,2025-09-16 12:12:00,2025-09-19 10:27:00,,2025-09-30 10:27:00
33fba91e-1,194dc6c4,invoiced,2025-03-10 07:32:00,2025-03-10 10:00:00,,,2025-03-27 07:32:00
7c1c79d0-1,77a7ae1f,canceled,2025-11-11 19:53:00,,,,2025-11-24 19:53:00
449d45e7-e,2dfdfa5b,delivered,2025-03-12 18:01:00,2025-03-12 18:28:00,2025-03-13 18:01:00,2025-03-28 18:01:00,2025-03-25 18:01:00
3ef7f4a9-3,81f3d0fc,invoiced,2025-10-23 19:00:00,2025-10-23 19:59:00,,,2025-11-10 19:00:00
fa026112-b,ca2a343f,shipped,2025-06-15 23:15:00,2025-06-16 01:43:00,2025-06-16 23:15:00,,2025-07-04 23:15:00
72869349-9,4f7e2004,invoiced,2025-10-16 23:03:00,2025-10-17 00:40:00,,,2025-10-29 23:03:00
f59e0b01-f,1e8d9c08,delivered,2025-11-24 01:52:00,2025-11-24 04:21:00,2025-11-26 01:52:00,2025-12-04 01:52:00,2025-12-07 01:52:00
124c6f88-a,b1818d07,invoiced,2025-09-22 12:52:00,2025-09-22 15:37:00,,,2025-10-10 12:52:00
bc1efc58-0,67a2cbc7,delivered,2025-12-06 21:34:00,2025-12-07 00:28:00,2025-12-07 21:34:00,2025-12-21 21:34:00,2025-12-18 21:34:00
0724f52d-0,7ac8734e,delivered,2025-08-07 17:46:00,2025-08-07 19:07:00,2025-08-10 17:46:00,2025-08-25 17:46:00,2025-08-23 17:46:00
d14a2cd4-6,57b8a0e3,delivered,2025-10-22 15:21:00,2025-10-22 16:03:00,2025-10-23 15:21:00,2025-11-04 15:21:00,2025-11-04 15:21:00
cf31d073-6,2c7503e1,invoiced,2025-12-30 10:38:00,2025-12-30 13:23:00,,,2026-01-11 10:38:00
e62c253a-d,1c6d3623,delivered,2025-03-03 23:41:00,2025-03-04 00:16:00,2025-03-06 23:41:00,2025-03-24 23:41:00,2025-03-22 23:41:00
9333f0b1-3,0867d1dd,delivered,2025-07-03 20:27:00,2025-07-03 21:51:00,2025-07-04 20:27:00,2025-07-23 20:27:00,2025-07-22 20:27:00
e885d3a4-4,8ed80b33,delivered,2025-09-16 05:03:00,2025-09-16 05:36:00,2025-09-18 05:03:00,2025-10-07 05:03:00,2025-09-29 05:03:00
b90fbfed-c,bdf6c75b,delivered,2025-03-06 16:17:00,2025-03-06 18:40:00,2025-03-09 16:17:00,2025-03-18 16:17:00,2025-03-19 16:17:00
b2cd512e-a,231b5e20,canceled,2025-12-22 01:05:00,,,,2026-01-11 01:05:00
db0d948c-5,d0291993,invoiced,2025-06-20 07:28:00,2025-06-20 08:34:00,,,2025-07-05 07:28:00
08d97c13-4,02e06f94,delivered,2025-01-09 11:15:00,2025-01-09 13:49:00,2025-01-10 11:15:00,2025-01-20 11:15:00,2025-01-25 11:15:00
0b617fda-a,109eaa04,canceled,2025-03-12 15:08:00,,,,2025-03-22 15:08:00
4e7bb45d-b,576efc14,shipped,2025-10-21 02:06:00,2025-10-21 04:44:00,2025-10-24 02:06:00,,2025-11-02 02:06:00
121cb81a-0,54abaecc,canceled,2025-01-22 05:05:00,,,,2025-02-06 05:05:00
3d6b9c7e-6,aaa7b951,delivered,2025-08-02 08:13:00,2025-08-02 10:53:00,2025-08-04 08:13:00,2025-08-20 08:13:00,2025-08-18 08:13:00
3045fdb7-d,207f2b07,shipped,2025-01-12 15:53:00,2025-01-12 17:25:00,2025-01-13 15:53:00,,2025-02-01 15:53:00
fd688e6e-a,5f9f2274,delivered,2025-10-21 21:44:00,2025-10-21 22:59:00,2025-10-23 21:44:00,2025-11-08 21:44:00,2025-11-01 21:44:00
986dc68f-2,ce7d5b66,shipped,2025-10-05 05:33:00,2025-10-05 08:30:00,2025-10-06 05:33:00,,2025-10-23 05:33:00
e800975e-d,b70b6684,delivered,2025-09-04 00:23:00,2025-09-04 01:51:00,2025-09-06 00:23:00,2025-09-22 00:23:00,2025-09-23 00:23:00
bde88539-a,970c3a1c,delivered,2025-12-03 15:06:00,2025-12-03 16:37:00,2025-12-05 15:06:00,2025-12-19 15:06:00,2025-12-22 15:06:00
29297362-2,6327ad58,delivered,2025-08-27 03:03:00,2025-08-27 05:57:00,2025-08-28 03:03:00,2025-09-03 03:03:00,2025-09-07 03:03:00
4bd09bfc-4,4c2aa869,delivered,2025-03-30 11:23:00,2025-03-30 13:27:00,2025-04-02 11:23:00,2025-04-15 11:23:00,2025-04-14 11:23:00
d407ccf1-2,2fbc64cd,delivered,2025-07-21 17:21:00,2025-07-21 20:12:00,2025-07-23 17:21:00,2025-08-05 17:21:00,2025-08-07 17:21:00
9817cac8-2,e00baaf1,delivered,2025-06-28 17:01:00,2025-06-28 19:58:00,2025-07-01 17:01:00,2025-07-24 17:01:00,2025-07-17 17:01:00
308cafc2-f,a7e033c4,canceled,2025-11-24 03:49:00,,,,2025-12-07 03:49:00
a3bd7778-b,640aeb88,delivered,2025-08-16 00:19:00,2025-08-16 00:28:00,2025-08-18 00:19:00,2025-08-26 00:19:00,2025-08-27 00:19:00
c733cfc3-f,e2df27ff,shipped,2025-09-08 23:51:00,2025-09-09 00:58:00,2025-09-10 23:51:00,,2025-09-19 23:51:00
8ec4b0f4-9,7d4a7ef3,delivered,2025-09-13 09:23:00,2025-09-13 11:11:00,2025-09-14 09:23:00,2025-09-26 09:23:00,2025-09-24 09:23:00
cb52e167-3,2254313b,canceled,2025-01-16 21:54:00,,,,2025-01-26 21:54:00
6265bd04-2,57b8a0e3,delivered,2025-09-08 17:27:00,2025-09-08 20:04:00,2025-09-09 17:27:00,2025-09-26 17:27:00,2025-09-26 17:27:00
980f6ca9-9,431d2d03,invoiced,2025-05-02 21:35:00,2025-05-03 00:09:00,,,2025-05-18 21:35:00
b432cddc-8,622f12c1,delivered,2025-07-08 21:50:00,2025-07-08 23:26:00,2025-07-11 21:50:00,2025-07-30 21:50:00,2025-07-26 21:50:00
1a062f60-d,f266c6ca,delivered,2025-05-19 02:13:00,2025-05-19 03:17:00,2025-05-21 02:13:00,2025-06-06 02:13:00,2025-05-30 02:13:00
7f60df28-9,e5c5578e,invoiced,2025-06-08 05:31:00,2025-06-08 08:18:00,,,2025-06-22 05:31:00
b0bd1950-a,d2adc334,invoiced,2025-12-08 00:42:00,2025-12-08 01:00:00,,,2025-12-25 00:42:00
6d4e6f62-c,8854cefd,shipped,2025-03-20 12:52:00,2025-03-20 13:03:00,2025-03-23 12:52:00,,2025-04-01 12:52:00
781c8398-d,a6d86955,delivered,2025-10-26 03:05:00,2025-10-26 03:42:00,2025-10-29 03:05:00,2025-11-05 03:05:00,2025-11-07 03:05:00
60774e60-6,f3698204,delivered,2025-10-27 15:50:00,2025-10-27 18:39:00,2025-10-30 15:50:00,2025-11-22 15:50:00,2025-11-15 15:50:00
a97933a6-f,1bbfdc37,canceled,2025-06-12 08:18:00,,,,2025-06-23 08:18:00
1323fb8e-a,aa96a9f0,invoiced,2025-12-23 10:05:00,2025-12-23 11:04:00,,,2026-01-08 10:05:00
b2741298-a,cf91cdc5,delivered,2025-09-20 09:49:00,2025-09-20 10:19:00,2025-09-23 09:49:00,2025-10-12 09:49:00,2025-10-04 09:49:00
5b5c3915-d,b00a0181,delivered,2025-12-05 16:15:00,2025-12-05 17:10:00,2025-12-06 16:15:00,2025-12-19 16:15:00,2025-12-20 16:15:00
44e17edf-8,b9fa2634,canceled,2025-10-21 00:26:00,,,,2025-11-10 00:26:00
f8a024b6-4,7d489586,delivered,2025-03-15 23:38:00,2025-03-16 01:18:00,2025-03-16 23:38:00,2025-04-02 23:38:00,2025-04-01 23:38:00
b6df9876-a,a15098d5,delivered,2025-05-25 17:33:00,2025-05-25 19:50:00,2025-05-27 17:33:00,2025-06-07 17:33:00,2025-06-12 17:33:00
f9583994-a,e2f85767,invoiced,2025-12-10 05:24:00,2025-12-10 06:45:00,,,2025-12-30 05:24:00
8e176ddb-e,c5483eac,shipped,2025-11-10 02:25:00,2025-11-10 02:39:00,2025-11-12 02:25:00,,2025-11-30 02:25:00
19b60623-9,29f5f794,delivered,2025-04-28 09:08:00,2025-04-28 10:39:00,2025-05-01 09:08:00,2025-05-15 09:08:00,2025-05-09 09:08:00
fa293d5a-f,13e9ec2e,shipped,2025-07-20 14:00:00,2025-07-20 16:03:00,2025-07-22 14:00:00,,2025-08-01 14:00:00
6cd8d45c-b,32fe619c,delivered,2025-06-24 05:25:00,2025-06-24 05:30:00,2025-06-25 05:25:00,2025-07-02 05:25:00,2025-07-06 05:25:00
d096354f-4,220d8c84,shipped,2025-01-06 04:55:00,2025-01-06 07:34:00,2025-01-07 04:55:00,,2025-01-19 04:55:00
b72d25c8-f,2c2cd27c,delivered,2025-08-18 07:56:00,2025-08-18 09:24:00,2025-08-19 07:56:00,2025-09-03 07:56:00,2025-09-04 07:56:00
a18e7d52-b,c019528b,delivered,2025-03-25 23:05:00,2025-03-26 00:27:00,2025-03-26 23:05:00,2025-04-02 23:05:00,2025-04-05 23:05:00
2caf9c29-2,4d4ffa96,delivered,2025-02-21 15:59:00,2025-02-21 18:10:00,2025-02-22 15:59:00,2025-03-16 15:59:00,2025-03-10 15:59:00
0f2fd12d-0,279d1800,delivered,2025-03-08 08:58:00,2025-03-08 10:40:00,2025-03-09 08:58:00,2025-03-19 08:58:00,2025-03-23 08:58:00
2bc6be49-0,85664205,invoiced,2025-07-26 14:29:00,2025-07-26 17:24:00,,,2025-08-11 14:29:00
860ba0c4-8,25b5c4b9,delivered,2025-12-13 20:42:00,2025-12-13 21:46:00,2025-12-14 20:42:00,2026-01-09 20:42:00,2026-01-02 20:42:00
6d863a9d-7,50daba29,invoiced,2025-08-04 23:53:00,2025-08-05 01:53:00,,,2025-08-19 23:53:00
cee0eb48-f,279d1800,canceled,2025-08-13 23:51:00,,,,2025-08-26 23:51:00
9fd07a4e-9,f67dc5fe,delivered,2025-01-27 14:38:00,2025-01-27 17:12:00,2025-01-29 14:38:00,2025-02-21 14:38:00,2025-02-15 14:38:00
d2067897-1,bfcf156f,delivered,2025-06-07 14:23:00,2025-06-07 15:42:00,2025-06-10 14:23:00,2025-06-23 14:23:00,2025-06-22 14:23:00
0172c7d1-5,a1998e45,canceled,2025-10-23 06:18:00,,,,2025-11-10 06:18:00
74d38109-0,bca5fbca,shipped,2025-05-13 21:24:00,2025-05-13 23:44:00,2025-05-15 21:24:00,,2025-05-29 21:24:00
8a8a90e6-8,f9577a55,invoiced,2025-11-29 22:55:00,2025-11-30 00:44:00,,,2025-12-10 22:55:00
473a19e2-9,41299692,shipped,2025-08-15 14:56:00,2025-08-15 16:57:00,2025-08-17 14:56:00,,2025-09-03 14:56:00
8bff3197-d,6bbe5122,delivered,2025-07-12 07:31:00,2025-07-12 09:35:00,2025-07-15 07:31:00,2025-07-30 07:31:00,2025-07-24 07:31:00
788072f2-3,e23faf2c,delivered,2025-10-11 19:26:00,2025-10-11 20:15:00,2025-10-12 19:26:00,2025-11-07 19:26:00,2025-10-31 19:26:00
6e26f322-6,db0b4ccb,delivered,2025-04-29 06:43:00,2025-04-29 07:49:00,2025-04-30 06:43:00,2025-05-09 06:43:00,2025-05-11 06:43:00
50b1aa0f-7,422022dd,delivered,2025-07-13 18:16:00,2025-07-13 19:19:00,2025-07-16 18:16:00,2025-07-24 18:16:00,2025-07-23 18:16:00
fac9c412-7,ebae7f71,invoiced,2025-03-13 19:19:00,2025-03-13 19:47:00,,,2025-03-25 19:19:00
b2fd3c39-d,42861e95,delivered,2025-09-29 17:21:00,2025-09-29 18:39:00,2025-10-02 17:21:00,2025-10-23 17:21:00,2025-10-16 17:21:00
834a13ce-8,7a28783b,delivered,2025-05-07 14:26:00,2025-05-07 15:48:00,2025-05-08 14:26:00,2025-05-22 14:26:00,2025-05-22 14:26:00
ec15aac5-2,72134180,delivered,2025-01-15 21:11:00,2025-01-15 21:26:00,2025-01-16 21:11:00,2025-01-31 21:11:00,2025-02-03 21:11:00
4baba7cc-4,2b673222,canceled,2025-06-16 17:25:00,,,,2025-07-02 17:25:00
51f2fc6e-1,21fff347,invoiced,2025-12-25 02:16:00,2025-12-25 03:01:00,,,2026-01-08 02:16:00
22035a7b-f,699f1d23,shipped,2025-07-20 09:19:00,2025-07-20 09:53:00,2025-07-22 09:19:00,,2025-07-30 09:19:00
802738f5-e,3d312550,delivered,2025-06-15 02:44:00,2025-06-15 02:59:00,2025-06-16 02:44:00,2025-07-05 02:44:00,2025-07-03 02:44:00
6ae4ade0-f,03cb68e2,canceled,2025-09-08 11:19:00,,,,2025-09-23 11:19:00
3fa670a1-8,502b9fc7,delivered,2025-08-27 10:41:00,2025-08-27 10:50:00,2025-08-28 10:41:00,2025-09-08 10:41:00,2025-09-11 10:41:00
894b4e82-8,048188ee,delivered,2025-01-29 15:34:00,2025-01-29 17:06:00,2025-01-31 15:34:00,2025-02-23 15:34:00,2025-02-16 15:34:00
9843e87e-9,a90a5984,delivered,2025-12-19 17:13:00,2025-12-19 18:59:00,2025-12-22 17:13:00,2026-01-03 17:13:00,2026-01-08 17:13:00
fe6c3c63-f,6dd7cde5,delivered,2025-03-10 12:31:00,2025-03-10 12:55:00,2025-03-12 12:31:00,2025-04-02 12:31:00,2025-03-30 12:31:00
5f655f83-c,3abf6e20,canceled,2025-02-24 18:27:00,,,,2025-03-13 18:27:00
1ef92139-4,d71093c2,delivered,2025-02-07 18:08:00,2025-02-07 18:24:00,2025-02-08 18:08:00,2025-02-22 18:08:00,2025-02-25 18:08:00
959d5507-1,6451bb59,invoiced,2025-01-02 08:36:00,2025-01-02 11:26:00,,,2025-01-15 08:36:00
88c9b00d-b,dd8db3f3,invoiced,2025-03-05 02:27:00,2025-03-05 03:26:00,,,2025-03-24 02:27:00
3b509b76-6,8f359e37,invoiced,2025-08-24 09:44:00,2025-08-24 10:17:00,,,2025-09-07 09:44:00
3f0a98ec-4,89acb427,canceled,2025-02-05 05:19:00,,,,2025-02-25 05:19:00
f39cb2a2-7,d2f96d33,delivered,2025-12-29 14:30:00,2025-12-29 15:18:00,2025-12-31 14:30:00,2026-01-10 14:30:00,2026-01-12 14:30:00
3b037000-f,f8a94554,delivered,2025-09-23 15:10:00,2025-09-23 17:49:00,2025-09-25 15:10:00,2025-10-10 15:10:00,2025-10-08 15:10:00
eef4598a-e,fcec4189,canceled,2025-01-23 05:39:00,,,,2025-02-11 05:39:00
55c6cec0-e,bd68b1f4,canceled,2025-06-01 04:18:00,,,,2025-06-18 04:18:00
13956013-2,363be82e,delivered,2025-10-18 09:00:00,2025-10-18 11:38:00,2025-10-19 09:00:00,2025-11-09 09:00:00,2025-11-03 09:00:00
bb10d418-c,ce6185be,canceled,2025-12-22 04:08:00,,,,2026-01-06 04:08:00
7b9a0612-7,64bb11fd,delivered,2025-01-28 19:48:00,2025-01-28 20:14:00,2025-01-31 19:48:00,2025-02-19 19:48:00,2025-02-11 19:48:00
4463696d-d,f21d911a,delivered,2025-12-30 03:48:00,2025-12-30 05:50:00,2025-12-31 03:48:00,2026-01-12 03:48:00,2026-01-11 03:48:00
211e881c-3,af786b3b,shipped,2025-01-07 00:40:00,2025-01-07 01:01:00,2025-01-10 00:40:00,,2025-01-21 00:40:00
21a57b21-5,02e06f94,delivered,2025-06-06 05:10:00,2025-06-06 07:42:00,2025-06-09 05:10:00,2025-06-24 05:10:00,2025-06-26 05:10:00
2b3f4d55-6,f2441d19,invoiced,2025-11-01 00:50:00,2025-11-01 01:38:00,,,2025-11-13 00:50:00
ba42ed7a-0,bcd6e3a2,delivered,2025-01-22 23:12:00,2025-01-22 23:53:00,2025-01-25 23:12:00,2025-02-05 23:12:00,2025-02-10 23:12:00
c7695a73-5,ef7d6801,invoiced,2025-11-27 09:19:00,2025-11-27 10:01:00,,,2025-12-14 09:19:00
d73d3388-9,5f311807,canceled,2025-01-27 22:58:00,,,,2025-02-10 22:58:00
79e02e2e-d,e4811065,delivered,2025-12-28 23:03:00,2025-12-29 00:58:00,2025-12-30 23:03:00,2026-01-19 23:03:00,2026-01-12 23:03:00
9b34bfb8-0,3ae79cc8,invoiced,2025-04-19 23:49:00,2025-04-20 02:45:00,,,2025-05-08 23:49:00
acba92f9-c,781732e8,delivered,2025-05-07 00:59:00,2025-05-07 03:07:00,2025-05-08 00:59:00,2025-05-21 00:59:00,2025-05-21 00:59:00
e3065c28-a,835aec20,delivered,2025-04-02 04:18:00,2025-04-02 06:24:00,2025-04-04 04:18:00,2025-04-17 04:18:00,2025-04-12 04:18:00
68993721-e,f21d911a,delivered,2025-06-27 01:20:00,2025-06-27 01:43:00,2025-06-29 01:20:00,2025-07-04 01:20:00,2025-07-07 01:20:00
8400d0bd-6,4def9caa,delivered,2025-07-07 11:20:00,2025-07-07 13:41:00,2025-07-09 11:20:00,2025-07-24 11:20:00,2025-07-17 11:20:00
9662c068-a,0247a691,delivered,2025-11-28 21:43:00,2025-11-28 23:04:00,2025-11-30 21:43:00,2025-12-13 21:43:00,2025-12-14 21:43:00
8de68c9f-4,b2a44275,delivered,2025-09-19 01:31:00,2025-09-19 03:48:00,2025-09-20 01:31:00,2025-10-04 01:31:00,2025-10-08 01:31:00
9ff95bbb-e,5f9f2274,shipped,2026-01-01 15:07:00,2026-01-01 16:37:00,2026-01-04 15:07:00,,2026-01-18 15:07:00
aed53534-d,cac8b898,canceled,2025-03-09 08:26:00,,,,2025-03-22 08:26:00
c96a96c9-5,b00a0181,canceled,2025-12-09 17:42:00,,,,2025-12-24 17:42:00
caab06e6-2,089fae0d,delivered,2025-05-29 04:03:00,2025-05-29 05:28:00,2025-06-01 04:03:00,2025-06-21 04:03:00,2025-06-16 04:03:00
3ba60049-e,ff5abafa,delivered,2025-06-06 06:43:00,2025-06-06 07:43:00,2025-06-09 06:43:00,2025-06-17 06:43:00,2025-06-22 06:43:00
98cc66fd-2,6cc0eeea,shipped,2025-03-18 15:53:00,2025-03-18 18:09:00,2025-03-21 15:53:00,,2025-04-05 15:53:00
10c0c97a-c,089bfae1,delivered,2025-07-17 07:35:00,2025-07-17 09:53:00,2025-07-18 07:35:00,2025-08-05 07:35:00,2025-08-02 07:35:00
a2d7a814-9,b5d42195,shipped,2025-01-24 11:40:00,2025-01-24 11:54:00,2025-01-27 11:40:00,,2025-02-12 11:40:00
f1057e14-a,d9272cca,delivered,2025-09-26 01:00:00,2025-09-26 03:07:00,2025-09-27 01:00:00,2025-10-10 01:00:00,2025-10-13 01:00:00
264c7d50-4,91e5049e,delivered,2025-08-04 09:01:00,2025-08-04 11:05:00,2025-08-07 09:01:00,2025-08-23 09:01:00,2025-08-17 09:01:00
4f747f66-1,cd03adaf,delivered,2025-09-24 19:37:00,2025-09-24 22:22:00,2025-09-27 19:37:00,2025-10-05 19:37:00,2025-10-09 19:37:00
9423edc0-e,4539cf14,delivered,2025-05-14 12:30:00,2025-05-14 13:42:00,2025-05-17 12:30:00,2025-05-25 12:30:00,2025-05-24 12:30:00
756ca02e-8,5e1e1e12,invoiced,2025-09-09 03:05:00,2025-09-09 04:58:00,,,2025-09-23 03:05:00
a4072b8d-7,4a6906f2,delivered,2025-06-05 07:59:00,2025-06-05 08:26:00,2025-06-08 07:59:00,2025-06-20 07:59:00,2025-06-15 07:59:00
f5e610c0-e,09b28725,shipped,2025-06-27 13:21:00,2025-06-27 14:20:00,2025-06-28 13:21:00,,2025-07-14 13:21:00
460db9c6-0,9b965a4a,delivered,2025-12-19 17:30:00,2025-12-19 18:02:00,2025-12-22 17:30:00,2026-01-08 17:30:00,2025-12-31 17:30:00
f6ecfe1c-9,1a9773d6,delivered,2025-05-15 21:03:00,2025-05-15 21:43:00,2025-05-17 21:03:00,2025-05-29 21:03:00,2025-05-29 21:03:00
4ed3cc2c-9,72e9c627,delivered,2025-12-07 18:37:00,2025-12-07 21:02:00,2025-12-08 18:37:00,2026-01-03 18:37:00,2025-12-26 18:37:00
caf5a871-e,a3638fed,delivered,2025-07-20 06:00:00,2025-07-20 06:56:00,2025-07-22 06:00:00,2025-08-05 06:00:00,2025-08-02 06:00:00
6bd24efb-4,3b581395,delivered,2025-03-22 19:19:00,2025-03-22 22:02:00,2025-03-23 19:19:00,2025-04-03 19:19:00,2025-04-01 19:19:00
697464f1-9,e9a8a25d,delivered,2025-06-10 08:26:00,2025-06-10 10:10:00,2025-06-11 08:26:00,2025-07-02 08:26:00,2025-06-28 08:26:00
629b3bea-a,29cde9c1,delivered,2025-06-22 04:28:00,2025-06-22 05:56:00,2025-06-25 04:28:00,2025-07-03 04:28:00,2025-07-08 04:28:00
939c49ac-b,f94b97f5,delivered,2025-07-15 23:29:00,2025-07-16 01:29:00,2025-07-16 23:29:00,2025-07-27 23:29:00,2025-07-27 23:29:00
9629943f-c,fe5bb0bf,shipped,2025-11-19 05:49:00,2025-11-19 08:03:00,2025-11-20 05:49:00,,2025-12-04 05:49:00
b7508016-f,d1058f59,shipped,2025-03-07 15:33:00,2025-03-07 17:59:00,2025-03-09 15:33:00,,2025-03-21 15:33:00
493c5acb-3,f3698204,delivered,2025-03-13 15:25:00,2025-03-13 18:06:00,2025-03-15 15:25:00,2025-04-07 15:25:00,2025-03-31 15:25:00
d2941455-a,d5020200,delivered,2025-10-02 17:53:00,2025-10-02 19:38:00,2025-10-03 17:53:00,2025-10-11 17:53:00,2025-10-13 17:53:00
738ab4a8-a,570ce141,canceled,2025-03-20 12:43:00,,,,2025-04-05 12:43:00
96e97572-8,158eb961,invoiced,2025-05-08 21:36:00,2025-05-08 23:25:00,,,2025-05-18 21:36:00
0be30433-7,942c563b,invoiced,2025-03-05 03:52:00,2025-03-05 06:25:00,,,2025-03-24 03:52:00
7b6887c6-a,c7481219,delivered,2025-09-06 13:35:00,2025-09-06 16:01:00,2025-09-09 13:35:00,2025-09-18 13:35:00,2025-09-19 13:35:00
7ad3c42c-3,b4e6d925,shipped,2025-02-23 03:54:00,2025-02-23 06:22:00,2025-02-26 03:54:00,,2025-03-06 03:54:00
430b46ff-d,671e25db,canceled,2025-03-01 14:55:00,,,,2025-03-20 14:55:00
9dfd6a6d-3,99ec188e,delivered,2025-01-01 18:47:00,2025-01-01 20:02:00,2025-01-02 18:47:00,2025-01-19 18:47:00,2025-01-17 18:47:00
9905ace3-8,86fbe88a,delivered,2025-07-01 12:17:00,2025-07-01 13:42:00,2025-07-03 12:17:00,2025-07-20 12:17:00,2025-07-13 12:17:00
0d2edf20-a,e7511260,delivered,2025-05-18 00:14:00,2025-05-18 01:13:00,2025-05-20 00:14:00,2025-05-31 00:14:00,2025-06-01 00:14:00
185341fc-c,e00ea70d,shipped,2025-04-28 07:38:00,2025-04-28 08:10:00,2025-05-01 07:38:00,,2025-05-11 07:38:00
9b5a5a08-0,01602d5c,delivered,2025-01-03 12:01:00,2025-01-03 13:03:00,2025-01-04 12:01:00,2025-01-26 12:01:00,2025-01-19 12:01:00
1ecd4c5d-9,439d72d9,delivered,2025-12-17 01:05:00,2025-12-17 01:16:00,2025-12-20 01:05:00,2026-01-06 01:05:00,2026-01-05 01:05:00
3d4365c6-2,e80532ff,delivered,2025-01-20 12:59:00,2025-01-20 14:17:00,2025-01-21 12:59:00,2025-01-29 12:59:00,2025-01-30 12:59:00
ad2f568d-c,9b965a4a,invoiced,2025-11-22 20:37:00,2025-11-22 22:54:00,,,2025-12-11 20:37:00
cc00d693-c,7883ffae,delivered,2025-01-28 14:51:00,2025-01-28 16:55:00,2025-01-29 14:51:00,2025-02-10 14:51:00,2025-02-08 14:51:00
bb2df8e1-f,971199e2,delivered,2025-04-14 01:28:00,2025-04-14 03:48:00,2025-04-15 01:28:00,2025-04-21 01:28:00,2025-04-25 01:28:00
f51cf427-f,bbf33662,shipped,2025-01-13 05:59:00,2025-01-13 06:27:00,2025-01-15 05:59:00,,2025-01-27 05:59:00
f92428ad-1,8262113b,delivered,2025-04-29 07:42:00,2025-04-29 10:36:00,2025-05-02 07:42:00,2025-05-18 07:42:00,2025-05-13 07:42:00
5d64f37c-6,a9147a11,delivered,2025-10-18 03:30:00,2025-10-18 06:29:00,2025-10-19 03:30:00,2025-11-06 03:30:00,2025-10-31 03:30:00
8b05ab42-e,bcf8a96a,canceled,2025-10-27 18:11:00,,,,2025-11-12 18:11:00
29099edd-5,950fe1ed,canceled,2025-11-11 15:41:00,,,,2025-11-28 15:41:00
8747dfef-6,279d1800,invoiced,2025-08-07 22:58:00,2025-08-07 23:42:00,,,2025-08-21 22:58:00
f81175e6-5,2f677f1e,invoiced,2025-09-27 12:54:00,2025-09-27 14:23:00,,,2025-10-17 12:54:00
e644795c-a,792fe453,delivered,2025-12-06 02:16:00,2025-12-06 02:41:00,2025-12-07 02:16:00,2025-12-24 02:16:00,2025-12-20 02:16:00
7b1901a9-0,a6d86955,delivered,2025-01-18 13:00:00,2025-01-18 14:38:00,2025-01-20 13:00:00,2025-02-10 13:00:00,2025-02-05 13:00:00
9a2523f8-0,b8582e8d,delivered,2025-07-18 04:21:00,2025-07-18 04:32:00,2025-07-20 04:21:00,2025-08-09 04:21:00,2025-08-06 04:21:00
1a21b072-3,ad18a686,invoiced,2025-10-31 17:44:00,2025-10-31 20:21:00,,,2025-11-17 17:44:00
2437902f-b,615835e0,delivered,2025-01-03 07:38:00,2025-01-03 08:43:00,2025-01-05 07:38:00,2025-01-20 07:38:00,2025-01-23 07:38:00
7b11611c-9,15f7aa69,delivered,2025-07-05 10:08:00,2025-07-05 12:47:00,2025-07-08 10:08:00,2025-07-15 10:08:00,2025-07-15 10:08:00
b812286e-6,77742b93,canceled,2025-01-29 02:52:00,,,,2025-02-13 02:52:00
55254fac-8,4b13c319,shipped,2025-05-13 08:49:00,2025-05-13 11:33:00,2025-05-16 08:49:00,,2025-05-31 08:49:00
09974bc9-2,551b00f1,delivered,2025-12-02 06:33:00,2025-12-02 07:55:00,2025-12-05 06:33:00,2025-12-26 06:33:00,2025-12-18 06:33:00
3a3949a0-b,6bf90098,delivered,2025-03-07 06:43:00,2025-03-07 07:43:00,2025-03-08 06:43:00,2025-03-16 06:43:00,2025-03-17 06:43:00
efa22641-3,3cd38e87,delivered,2025-11-18 13:54:00,2025-11-18 15:31:00,2025-11-20 13:54:00,2025-11-30 13:54:00,2025-12-04 13:54:00
bad6d1dd-7,306a2859,delivered,2025-03-13 00:26:00,2025-03-13 01:25:00,2025-03-14 00:26:00,2025-04-06 00:26:00,2025-03-31 00:26:00
eb63246e-0,e94f8ff8,shipped,2025-10-30 02:26:00,2025-10-30 04:29:00,2025-11-01 02:26:00,,2025-11-13 02:26:00
1df308ef-a,630bd170,canceled,2025-04-02 10:08:00,,,,2025-04-20 10:08:00
0306555d-d,f7848e09,delivered,2025-11-05 07:29:00,2025-11-05 10:03:00,2025-11-07 07:29:00,2025-12-02 07:29:00,2025-11-24 07:29:00
78cfc079-9,e682d5a9,shipped,2025-08-01 08:16:00,2025-08-01 09:38:00,2025-08-04 08:16:00,,2025-08-19 08:16:00
04996c94-a,d2adc334,canceled,2025-10-05 13:32:00,,,,2025-10-16 13:32:00
b537fb1e-0,96f5d311,shipped,2025-12-29 16:01:00,2025-12-29 17:28:00,2026-01-01 16:01:00,,2026-01-15 16:01:00
4594d0ae-3,5351bd05,delivered,2025-09-04 16:30:00,2025-09-04 19:11:00,2025-09-05 16:30:00,2025-09-16 16:30:00,2025-09-16 16:30:00
9cdbe31e-5,0e4f4587,delivered,2025-03-28 03:26:00,2025-03-28 04:16:00,2025-03-31 03:26:00,2025-04-14 03:26:00,2025-04-13 03:26:00
9da48898-c,654a84ff,shipped,2025-01-04 05:39:00,2025-01-04 07:05:00,2025-01-06 05:39:00,,2025-01-24 05:39:00
3e476869-9,455dc9e9,delivered,2025-11-05 11:31:00,2025-11-05 14:04:00,2025-11-07 11:31:00,2025-11-16 11:31:00,2025-11-20 11:31:00
86fe97c8-f,dc585ecf,delivered,2025-12-12 06:25:00,2025-12-12 08:26:00,2025-12-13 06:25:00,2025-12-31 06:25:00,2025-12-25 06:25:00
aca4e3ac-8,919efc57,delivered,2025-02-22 05:23:00,2025-02-22 07:50:00,2025-02-24 05:23:00,2025-03-04 05:23:00,2025-03-06 05:23:00
b8fd61d2-d,1c7c807d,canceled,2025-03-16 18:10:00,,,,2025-04-05 18:10:00
bd07bfa9-5,a18d137b,invoiced,2025-02-26 01:56:00,2025-02-26 04:01:00,,,2025-03-18 01:56:00
47a809a7-a,087c113f,canceled,2025-08-07 11:48:00,,,,2025-08-21 11:48:00
ffed7094-5,7a28783b,delivered,2025-11-12 14:54:00,2025-11-12 15:04:00,2025-11-15 14:54:00,2025-11-23 14:54:00,2025-11-26 14:54:00
39cc7212-6,706ffe51,canceled,2025-08-09 06:40:00,,,,2025-08-25 06:40:00
50f64608-8,2078ef07,delivered,2025-02-16 21:45:00,2025-02-16 21:54:00,2025-02-17 21:45:00,2025-02-27 21:45:00,2025-03-03 21:45:00
650c748b-7,228cbc18,delivered,2025-03-07 13:56:00,2025-03-07 14:45:00,2025-03-08 13:56:00,2025-03-12 13:56:00,2025-03-17 13:56:00
0707915e-7,110ef9e6,delivered,2025-12-01 16:14:00,2025-12-01 16:19:00,2025-12-04 16:14:00,2025-12-19 16:14:00,2025-12-14 16:14:00
ebc6e31c-b,67332eb5,invoiced,2025-04-15 18:07:00,2025-04-15 20:03:00,,,2025-05-04 18:07:00
92bb7015-b,ace33911,delivered,2025-04-24 03:27:00,2025-04-24 05:21:00,2025-04-27 03:27:00,2025-05-18 03:27:00,2025-05-10 03:27:00
4be80f74-3,287c447d,delivered,2025-05-10 02:01:00,2025-05-10 03:45:00,2025-05-11 02:01:00,2025-05-27 02:01:00,2025-05-26 02:01:00
61acde08-0,20a4033b,invoiced,2025-06-19 17:01:00,2025-06-19 17:31:00,,,2025-07-04 17:01:00
181638ba-e,26c1c700,invoiced,2025-12-21 05:33:00,2025-12-21 05:38:00,,,2026-01-09 05:33:00
b75ed0b3-0,238d5861,shipped,2025-10-21 22:26:00,2025-10-21 22:56:00,2025-10-24 22:26:00,,2025-11-03 22:26:00
b06e7f06-d,0a8ff198,canceled,2025-10-10 01:20:00,,,,2025-10-28 01:20:00
d69dbce3-e,80a8d59b,canceled,2026-01-01 09:31:00,,,,2026-01-17 09:31:00
dfe57476-3,4b94943b,delivered,2025-01-24 03:05:00,2025-01-24 03:39:00,2025-01-26 03:05:00,2025-02-13 03:05:00,2025-02-05 03:05:00
7186b51f-5,eb8d0ed9,canceled,2025-10-06 17:34:00,,,,2025-10-18 17:34:00
c0154abe-3,f910e842,shipped,2025-01-10 07:01:00,2025-01-10 08:11:00,2025-01-12 07:01:00,,2025-01-28 07:01:00
f301abd4-3,3ed16c36,delivered,2025-11-08 07:23:00,2025-11-08 08:52:00,2025-11-11 07:23:00,2025-11-27 07:23:00,2025-11-22 07:23:00
62b470e8-e,cb785692,delivered,2025-08-15 10:28:00,2025-08-15 12:39:00,2025-08-18 10:28:00,2025-09-11 10:28:00,2025-09-03 10:28:00
4ffeb246-8,3b581395,delivered,2025-12-29 09:48:00,2025-12-29 11:17:00,2025-12-31 09:48:00,2026-01-11 09:48:00,2026-01-14 09:48:00
6a8b37b1-7,efc250d4,delivered,2025-10-09 18:57:00,2025-10-09 20:33:00,2025-10-12 18:57:00,2025-10-30 18:57:00,2025-10-28 18:57:00
a463dad0-e,ace33911,shipped,2025-11-01 12:03:00,2025-11-01 12:09:00,2025-11-04 12:03:00,,2025-11-14 12:03:00
7b244d20-8,b60d77cf,shipped,2025-09-22 18:39:00,2025-09-22 19:42:00,2025-09-23 18:39:00,,2025-10-12 18:39:00
6019b0f3-0,f08fbc20,canceled,2025-06-18 22:25:00,,,,2025-06-28 22:25:00
a24cc21a-4,1e5c5aab,invoiced,2025-11-11 16:25:00,2025-11-11 18:41:00,,,2025-12-01 16:25:00
04dc83ce-6,4712fc20,canceled,2025-05-05 01:45:00,,,,2025-05-24 01:45:00
1ce57df2-f,59d46dda,shipped,2025-10-26 19:54:00,2025-10-26 22:46:00,2025-10-28 19:54:00,,2025-11-09 19:54:00
e38642f2-8,b302206e,delivered,2025-10-25 05:47:00,2025-10-25 07:41:00,2025-10-26 05:47:00,2025-11-15 05:47:00,2025-11-10 05:47:00
7abef9dd-a,05df95e3,invoiced,2025-05-13 07:21:00,2025-05-13 09:54:00,,,2025-06-02 07:21:00
90d63f7a-0,a356ac45,shipped,2025-04-25 21:31:00,2025-04-25 23:00:00,2025-04-27 21:31:00,,2025-05-15 21:31:00
57bda72b-7,913a90ca,delivered,2025-02-18 21:40:00,2025-02-18 22:34:00,2025-02-20 21:40:00,2025-03-05 21:40:00,2025-03-10 21:40:00
4775996d-7,723b6a03,delivered,2025-03-18 06:12:00,2025-03-18 08:25:00,2025-03-20 06:12:00,2025-03-27 06:12:00,2025-04-01 06:12:00
28ac9eee-0,608046a9,shipped,2025-06-20 21:49:00,2025-06-20 22:05:00,2025-06-23 21:49:00,,2025-07-02 21:49:00
766b14bd-7,4213f6be,delivered,2025-03-23 14:15:00,2025-03-23 15:40:00,2025-03-26 14:15:00,2025-04-18 14:15:00,2025-04-12 14:15:00
774e778e-a,7a6d4c2e,canceled,2025-01-28 06:08:00,,,,2025-02-09 06:08:00
b32da681-4,fb2902df,delivered,2025-01-18 18:15:00,2025-01-18 19:51:00,2025-01-20 18:15:00,2025-02-02 18:15:00,2025-02-02 18:15:00
4d62c0fd-7,138b8bdd,delivered,2025-05-09 02:12:00,2025-05-09 04:04:00,2025-05-11 02:12:00,2025-05-30 02:12:00,2025-05-23 02:12:00
37b44bbb-7,89db3cd1,shipped,2025-10-16 07:59:00,2025-10-16 10:53:00,2025-10-19 07:59:00,,2025-10-27 07:59:00
71eea75a-3,f1c9546a,shipped,2025-11-29 07:41:00,2025-11-29 10:27:00,2025-11-30 07:41:00,,2025-12-14 07:41:00
ddfa98cd-b,9471e485,delivered,2025-07-09 10:51:00,2025-07-09 12:23:00,2025-07-12 10:51:00,2025-07-19 10:51:00,2025-07-24 10:51:00
13cf0823-d,d19fce9f,delivered,2025-10-03 19:51:00,2025-10-03 22:48:00,2025-10-05 19:51:00,2025-10-14 19:51:00,2025-10-16 19:51:00
705f3fce-4,9bddfc10,shipped,2025-02-01 08:43:00,2025-02-01 10:33:00,2025-02-02 08:43:00,,2025-02-11 08:43:00
8e4b7d66-9,fd3f969a,delivered,2025-04-05 21:11:00,2025-04-05 21:54:00,2025-04-06 21:11:00,2025-04-26 21:11:00,2025-04-24 21:11:00
bace8d4f-3,6018ca33,delivered,2025-08-10 20:58:00,2025-08-10 23:01:00,2025-08-11 20:58:00,2025-08-21 20:58:00,2025-08-21 20:58:00
caf63405-b,72d630d4,shipped,2025-01-17 14:27:00,2025-01-17 17:05:00,2025-01-19 14:27:00,,2025-01-29 14:27:00
1efe0575-4,de2429a2,shipped,2025-07-13 20:39:00,2025-07-13 21:21:00,2025-07-14 20:39:00,,2025-07-23 20:39:00
9e1c1075-2,0d9ce242,delivered,2025-09-19 07:41:00,2025-09-19 09:44:00,2025-09-21 07:41:00,2025-09-30 07:41:00,2025-10-03 07:41:00
cc29fa00-f,2a3f7e04,canceled,2025-10-05 17:56:00,,,,2025-10-22 17:56:00
eef16df9-c,f8e8b22a,invoiced,2025-12-22 23:47:00,2025-12-22 23:58:00,,,2026-01-02 23:47:00
de1b1a0d-1,9a1c2e5a,invoiced,2025-10-18 13:52:00,2025-10-18 14:01:00,,,2025-11-07 13:52:00
e4490c12-b,c566e51f,delivered,2025-07-05 14:13:00,2025-07-05 16:13:00,2025-07-08 14:13:00,2025-07-28 14:13:00,2025-07-22 14:13:00
6661c4f5-f,e00ea70d,invoiced,2025-12-23 22:38:00,2025-12-23 23:52:00,,,2026-01-08 22:38:00
304bfab5-6,f2b3e39d,delivered,2025-11-11 16:32:00,2025-11-11 19:12:00,2025-11-13 16:32:00,2025-11-26 16:32:00,2025-11-23 16:32:00
f0638394-a,d97b58d9,delivered,2025-12-18 23:04:00,2025-12-19 01:53:00,2025-12-20 23:04:00,2025-12-28 23:04:00,2026-01-01 23:04:00
5a5c372b-e,be4c31c0,delivered,2025-06-21 12:46:00,2025-06-21 14:32:00,2025-06-24 12:46:00,2025-07-04 12:46:00,2025-07-09 12:46:00
16d855d9-4,2ea88e49,canceled,2025-02-02 04:29:00,,,,2025-02-21 04:29:00
47bbf61b-a,a7e033c4,delivered,2025-10-13 21:23:00,2025-10-13 22:28:00,2025-10-15 21:23:00,2025-11-07 21:23:00,2025-11-02 21:23:00
1585e452-1,d8679b37,shipped,2025-10-12 21:16:00,2025-10-12 23:43:00,2025-10-13 21:16:00,,2025-10-30 21:16:00
22d58dfa-d,93bd64e7,invoiced,2025-02-22 11:10:00,2025-02-22 11:25:00,,,2025-03-11 11:10:00
7accea9c-0,4d4d9779,delivered,2025-04-26 07:27:00,2025-04-26 09:52:00,2025-04-29 07:27:00,2025-05-17 07:27:00,2025-05-11 07:27:00
40ee067b-f,6c2c47a9,delivered,2025-12-09 01:20:00,2025-12-09 01:42:00,2025-12-10 01:20:00,2025-12-27 01:20:00,2025-12-19 01:20:00
e16d2463-f,d1f5fe12,canceled,2025-07-05 00:46:00,,,,2025-07-17 00:46:00
a266ba14-0,a7f22bc5,delivered,2025-03-25 21:48:00,2025-03-26 00:33:00,2025-03-26 21:48:00,2025-04-18 21:48:00,2025-04-14 21:48:00
7cb00e2c-0,1be5f126,delivered,2025-11-16 19:30:00,2025-11-16 20:43:00,2025-11-19 19:30:00,2025-12-08 19:30:00,2025-12-03 19:30:00
0220a06e-1,2011a007,shipped,2025-08-20 23:19:00,2025-08-21 00:29:00,2025-08-21 23:19:00,,2025-09-04 23:19:00
b7615a23-3,494ae306,delivered,2025-05-26 03:22:00,2025-05-26 04:21:00,2025-05-28 03:22:00,2025-06-04 03:22:00,2025-06-09 03:22:00
da7621ae-9,ad641c20,invoiced,2025-12-18 19:28:00,2025-12-18 21:10:00,,,2026-01-05 19:28:00
aa85ff63-c,fd31f6db,delivered,2025-09-12 02:51:00,2025-09-12 04:53:00,2025-09-14 02:51:00,2025-10-06 02:51:00,2025-10-01 02:51:00
54577287-0,a7000b73,shipped,2025-02-10 08:17:00,2025-02-10 10:52:00,2025-02-13 08:17:00,,2025-02-20 08:17:00
04ebd15b-b,b7ffe70c,delivered,2025-05-26 23:02:00,2025-05-27 01:59:00,2025-05-28 23:02:00,2025-06-11 23:02:00,2025-06-12 23:02:00
696c5b48-c,6446b465,delivered,2025-05-13 11:48:00,2025-05-13 12:55:00,2025-05-15 11:48:00,2025-05-27 11:48:00,2025-05-25 11:48:00
d33421ba-6,23ca5d4e,invoiced,2025-12-21 02:34:00,2025-12-21 03:43:00,,,2026-01-06 02:34:00
4149cc6c-8,10b7bcce,delivered,2025-03-26 02:15:00,2025-03-26 03:51:00,2025-03-29 02:15:00,2025-04-07 02:15:00,2025-04-11 02:15:00
ec54a2cd-7,ccd6af49,invoiced,2025-09-30 00:56:00,2025-09-30 01:11:00,,,2025-10-12 00:56:00
99b2c799-3,791b20d9,delivered,2025-01-05 10:54:00,2025-01-05 12:23:00,2025-01-07 10:54:00,2025-01-31 10:54:00,2025-01-23 10:54:00
e2360539-c,ba2e7388,invoiced,2025-02-22 22:39:00,2025-02-22 23:20:00,,,2025-03-05 22:39:00
43395ea0-2,0d8abd39,shipped,2025-05-07 14:06:00,2025-05-07 16:14:00,2025-05-10 14:06:00,,2025-05-25 14:06:00
98191138-1,b2333f14,invoiced,2025-03-15 19:53:00,2025-03-15 20:44:00,,,2025-03-31 19:53:00
dea92875-0,61269610,shipped,2025-10-05 16:29:00,2025-10-05 18:34:00,2025-10-07 16:29:00,,2025-10-19 16:29:00
cba7c98e-8,6bec2da1,delivered,2025-05-23 00:07:00,2025-05-23 02:48:00,2025-05-24 00:07:00,2025-06-17 00:07:00,2025-06-11 00:07:00
b3b10644-1,4d4ffa96,delivered,2025-02-26 04:53:00,2025-02-26 06:09:00,2025-03-01 04:53:00,2025-03-19 04:53:00,2025-03-12 04:53:00
ed2d7f80-2,63e28e7d,delivered,2025-02-05 11:26:00,2025-02-05 13:52:00,2025-02-07 11:26:00,2025-02-23 11:26:00,2025-02-17 11:26:00
f8497131-5,8d15410c,canceled,2025-08-03 10:39:00,,,,2025-08-17 10:39:00
c048d655-d,ac5ec2a3,delivered,2025-12-28 04:28:00,2025-12-28 07:15:00,2025-12-30 04:28:00,2026-01-08 04:28:00,2026-01-10 04:28:00
9206c20b-5,ef7d6801,shipped,2025-07-31 20:41:00,2025-07-31 21:27:00,2025-08-02 20:41:00,,2025-08-14 20:41:00
3e63b860-4,e94f8ff8,delivered,2025-04-18 17:44:00,2025-04-18 17:52:00,2025-04-20 17:44:00,2025-05-14 17:44:00,2025-05-06 17:44:00
ddf33277-4,9b4cdd04,delivered,2025-06-13 22:56:00,2025-06-14 00:17:00,2025-06-15 22:56:00,2025-07-10 22:56:00,2025-07-02 22:56:00
9dbbdb36-e,15162c0f,canceled,2025-06-01 02:33:00,,,,2025-06-11 02:33:00
d4617925-8,3c6ebf2a,delivered,2025-03-29 21:33:00,2025-03-29 23:56:00,2025-03-31 21:33:00,2025-04-18 21:33:00,2025-04-14 21:33:00
e54886a7-c,35c5d5ba,canceled,2025-11-07 16:48:00,,,,2025-11-21 16:48:00
251bc8ed-b,63b378e0,delivered,2025-08-18 01:21:00,2025-08-18 02:05:00,2025-08-19 01:21:00,2025-08-27 01:21:00,2025-08-31 01:21:00
5fa93308-2,59affd1e,invoiced,2025-03-27 06:47:00,2025-03-27 07:32:00,,,2025-04-06 06:47:00
f8d81392-b,3a651cae,invoiced,2025-08-15 23:30:00,2025-08-16 01:54:00,,,2025-08-31 23:30:00
c6e2f6cb-5,0d48b722,shipped,2025-08-25 23:24:00,2025-08-25 23:36:00,2025-08-28 23:24:00,,2025-09-07 23:24:00
14e05e6f-f,e2f85767,invoiced,2025-05-18 14:05:00,2025-05-18 14:11:00,,,2025-06-03 14:05:00
3c1495dd-8,d0fee399,canceled,2025-07-08 15:15:00,,,,2025-07-23 15:15:00
bb87ca9e-6,cb55c8b7,delivered,2025-05-11 10:13:00,2025-05-11 11:44:00,2025-05-14 10:13:00,2025-06-01 10:13:00,2025-05-26 10:13:00
e39b77d0-0,1444c49c,canceled,2025-11-22 21:52:00,,,,2025-12-04 21:52:00
edc18f77-c,706a8e9b,delivered,2025-12-30 05:50:00,2025-12-30 07:00:00,2025-12-31 05:50:00,2026-01-11 05:50:00,2026-01-11 05:50:00
8c3b799c-d,6451bb59,delivered,2025-11-29 01:18:00,2025-11-29 01:49:00,2025-11-30 01:18:00,2025-12-17 01:18:00,2025-12-15 01:18:00
f38847c4-f,9cf168ee,shipped,2025-01-06 09:17:00,2025-01-06 11:33:00,2025-01-09 09:17:00,,2025-01-20 09:17:00
1ca8c7d8-1,b193a424,invoiced,2025-02-06 22:10:00,2025-02-06 23:27:00,,,2025-02-24 22:10:00
c14930c1-f,eaaf20c9,delivered,2025-12-04 13:57:00,2025-12-04 14:43:00,2025-12-05 13:57:00,2025-12-28 13:57:00,2025-12-24 13:57:00
be33581f-5,85686a97,delivered,2025-05-21 01:31:00,2025-05-21 03:21:00,2025-05-22 01:31:00,2025-06-13 01:31:00,2025-06-10 01:31:00
84ce0f70-2,311f4558,shipped,2025-09-19 00:44:00,2025-09-19 01:19:00,2025-09-20 00:44:00,,2025-10-07 00:44:00
1b49040f-4,be4c31c0,shipped,2025-11-16 01:20:00,2025-11-16 03:45:00,2025-11-17 01:20:00,,2025-11-26 01:20:00
b7c767bc-b,99a877d6,delivered,2025-04-12 10:25:00,2025-04-12 12:27:00,2025-04-13 10:25:00,2025-04-29 10:25:00,2025-04-24 10:25:00
682053b9-6,0ab63290,delivered,2025-11-08 13:42:00,2025-11-08 16:25:00,2025-11-10 13:42:00,2025-12-01 13:42:00,2025-11-25 13:42:00
519a1cc7-9,3247c0c8,shipped,2025-12-30 20:05:00,2025-12-30 22:03:00,2025-12-31 20:05:00,,2026-01-13 20:05:00
9a0e554b-d,7501218e,delivered,2025-12-20 10:08:00,2025-12-20 13:02:00,2025-12-22 10:08:00,2026-01-08 10:08:00,2026-01-01 10:08:00
63d0efc9-e,cebc5bdb,canceled,2025-04-05 02:19:00,,,,2025-04-20 02:19:00
0d1570f1-e,8510f3e4,delivered,2025-12-07 04:30:00,2025-12-07 07:16:00,2025-12-09 04:30:00,2025-12-25 04:30:00,2025-12-26 04:30:00
6ab5ff69-b,747c759d,delivered,2025-07-05 21:54:00,2025-07-05 23:00:00,2025-07-06 21:54:00,2025-07-23 21:54:00,2025-07-16 21:54:00
abeca493-2,93f7a6b8,invoiced,2025-08-12 07:18:00,2025-08-12 10:07:00,,,2025-08-22 07:18:00
76dfacfb-1,f94b97f5,delivered,2025-12-04 05:22:00,2025-12-04 07:29:00,2025-12-07 05:22:00,2025-12-23 05:22:00,2025-12-19 05:22:00
ba9e36d8-c,b1a468b1,delivered,2025-03-11 20:15:00,2025-03-11 20:59:00,2025-03-13 20:15:00,2025-03-26 20:15:00,2025-03-25 20:15:00
3776b418-2,e5436f79,canceled,2025-04-30 08:51:00,,,,2025-05-18 08:51:00
7455c794-9,ed37d3dd,shipped,2025-08-10 22:11:00,2025-08-11 00:14:00,2025-08-12 22:11:00,,2025-08-28 22:11:00
d7b7e1c7-3,b8316a60,delivered,2025-01-14 05:39:00,2025-01-14 06:06:00,2025-01-17 05:39:00,2025-01-30 05:39:00,2025-01-27 05:39:00
daf85d02-e,4c1b3911,delivered,2025-03-25 19:33:00,2025-03-25 22:12:00,2025-03-26 19:33:00,2025-04-15 19:33:00,2025-04-12 19:33:00
efffac33-d,615835e0,delivered,2025-04-07 03:52:00,2025-04-07 06:23:00,2025-04-08 03:52:00,2025-05-01 03:52:00,2025-04-27 03:52:00
be4b79a6-a,a9ea80ab,invoiced,2025-12-23 06:06:00,2025-12-23 08:04:00,,,2026-01-04 06:06:00
7f9c3300-0,45105c89,delivered,2025-12-31 22:04:00,2026-01-01 00:12:00,2026-01-01 22:04:00,2026-01-18 22:04:00,2026-01-10 22:04:00
11decc7d-3,80f1c658,delivered,2025-01-19 10:52:00,2025-01-19 11:04:00,2025-01-20 10:52:00,2025-02-07 10:52:00,2025-02-01 10:52:00
7fa425da-3,0aae07b6,shipped,2025-07-08 13:01:00,2025-07-08 15:12:00,2025-07-09 13:01:00,,2025-07-22 13:01:00
988ab767-1,70136d9e,invoiced,2025-12-01 14:09:00,2025-12-01 15:11:00,,,2025-12-12 14:09:00
cefefc4e-8,61693318,delivered,2025-02-17 20:54:00,2025-02-17 23:50:00,2025-02-20 20:54:00,2025-02-27 20:54:00,2025-02-27 20:54:00
b9a273c0-a,f6835a07,delivered,2025-08-06 12:55:00,2025-08-06 14:58:00,2025-08-07 12:55:00,2025-08-16 12:55:00,2025-08-16 12:55:00
85351965-0,2b8c89ce,canceled,2025-11-06 07:55:00,,,,2025-11-18 07:55:00
fbd9cb07-6,5afc9d43,delivered,2025-12-02 01:35:00,2025-12-02 03:27:00,2025-12-03 01:35:00,2025-12-12 01:35:00,2025-12-15 01:35:00
60cc60b1-e,5e1e1e12,shipped,2025-09-09 09:18:00,2025-09-09 11:41:00,2025-09-12 09:18:00,,2025-09-27 09:18:00
50c916eb-7,ccc2b6ec,delivered,2025-03-14 16:54:00,2025-03-14 18:22:00,2025-03-17 16:54:00,2025-03-31 16:54:00,2025-03-26 16:54:00
8a86737d-9,a6f23722,invoiced,2025-02-28 18:26:00,2025-02-28 18:37:00,,,2025-03-13 18:26:00
46cdeb86-7,fd3f969a,invoiced,2025-11-22 06:09:00,2025-11-22 07:15:00,,,2025-12-10 06:09:00
e8564196-a,2e093507,shipped,2025-06-09 13:26:00,2025-06-09 14:41:00,2025-06-12 13:26:00,,2025-06-25 13:26:00
b19a0737-0,f94b97f5,delivered,2025-04-27 03:29:00,2025-04-27 04:59:00,2025-04-29 03:29:00,2025-05-13 03:29:00,2025-05-09 03:29:00
549f073a-5,39f59055,delivered,2025-09-20 03:07:00,2025-09-20 04:20:00,2025-09-22 03:07:00,2025-10-01 03:07:00,2025-10-01 03:07:00
36f61c5b-d,5f9f2274,delivered,2025-08-01 17:24:00,2025-08-01 17:59:00,2025-08-02 17:24:00,2025-08-16 17:24:00,2025-08-15 17:24:00
c5071c04-9,489abdc7,delivered,2025-05-13 05:47:00,2025-05-13 07:33:00,2025-05-16 05:47:00,2025-05-27 05:47:00,2025-05-26 05:47:00
1e5083c1-8,b302206e,delivered,2025-05-17 00:12:00,2025-05-17 01:31:00,2025-05-20 00:12:00,2025-06-05 00:12:00,2025-05-31 00:12:00
8fa1733f-4,43173f01,delivered,2025-08-06 00:00:00,2025-08-06 01:04:00,2025-08-07 00:00:00,2025-08-13 00:00:00,2025-08-17 00:00:00
bb5f0d39-0,f1c9546a,delivered,2025-09-25 12:51:00,2025-09-25 15:26:00,2025-09-27 12:51:00,2025-10-14 12:51:00,2025-10-09 12:51:00
c3658bc4-c,11f7f893,delivered,2025-09-29 07:34:00,2025-09-29 09:13:00,2025-10-02 07:34:00,2025-10-13 07:34:00,2025-10-09 07:34:00
0f4b9c93-f,4aa727fc,invoiced,2025-11-06 18:05:00,2025-11-06 19:54:00,,,2025-11-26 18:05:00
f5a6c8eb-8,9b2020b4,invoiced,2025-09-28 20:16:00,2025-09-28 22:44:00,,,2025-10-12 20:16:00
0c27b989-d,709a6519,invoiced,2025-09-07 18:21:00,2025-09-07 21:15:00,,,2025-09-26 18:21:00
0adea3a5-7,5b4d302d,delivered,2025-11-10 23:24:00,2025-11-11 01:18:00,2025-11-13 23:24:00,2025-11-24 23:24:00,2025-11-25 23:24:00
71fbfd3c-9,87bb7f7b,canceled,2025-07-01 13:08:00,,,,2025-07-18 13:08:00
d6e52061-0,725e2973,canceled,2025-02-04 20:28:00,,,,2025-02-17 20:28:00
24efed99-2,d21dc5d3,invoiced,2025-06-13 18:11:00,2025-06-13 19:15:00,,,2025-06-28 18:11:00
8dc2f86b-0,fa7350b0,canceled,2025-09-21 19:31:00,,,,2025-10-02 19:31:00
912fbb2c-9,7d489586,shipped,2025-02-22 04:43:00,2025-02-22 07:27:00,2025-02-24 04:43:00,,2025-03-14 04:43:00
d6f71a6e-2,26a7ebbc,invoiced,2025-10-17 09:35:00,2025-10-17 10:52:00,,,2025-10-28 09:35:00
8af7c01e-d,52b81de2,delivered,2025-03-18 17:12:00,2025-03-18 20:00:00,2025-03-19 17:12:00,2025-04-01 17:12:00,2025-04-04 17:12:00
83c084d5-7,59775ab3,shipped,2025-03-05 21:13:00,2025-03-05 21:30:00,2025-03-06 21:13:00,,2025-03-21 21:13:00
fa25c4fc-5,4c1b3911,delivered,2025-02-03 16:55:00,2025-02-03 18:59:00,2025-02-04 16:55:00,2025-02-26 16:55:00,2025-02-23 16:55:00
02fec273-f,1b4266f1,delivered,2025-06-03 12:16:00,2025-06-03 13:26:00,2025-06-05 12:16:00,2025-06-19 12:16:00,2025-06-23 12:16:00
1b0379e4-c,c41c121e,canceled,2025-12-10 16:58:00,,,,2025-12-28 16:58:00
997d08f5-a,8a88c51e,shipped,2025-12-12 23:31:00,2025-12-13 01:33:00,2025-12-13 23:31:00,,2025-12-22 23:31:00
96a4a252-8,fe3d5a61,delivered,2025-06-21 03:10:00,2025-06-21 03:37:00,2025-06-24 03:10:00,2025-07-17 03:10:00,2025-07-09 03:10:00
121b0904-c,f1818348,delivered,2025-11-11 13:42:00,2025-11-11 15:30:00,2025-11-13 13:42:00,2025-11-18 13:42:00,2025-11-21 13:42:00
74febdd9-d,e86f64c2,invoiced,2025-10-20 20:23:00,2025-10-20 22:25:00,,,2025-10-31 20:23:00
b96ea661-f,b8582e8d,delivered,2025-01-08 06:43:00,2025-01-08 08:48:00,2025-01-09 06:43:00,2025-02-04 06:43:00,2025-01-27 06:43:00
d31450f8-9,cb55c8b7,delivered,2025-12-28 01:36:00,2025-12-28 03:52:00,2025-12-29 01:36:00,2026-01-14 01:36:00,2026-01-11 01:36:00
db956b34-a,cf91cdc5,delivered,2025-10-04 14:55:00,2025-10-04 16:44:00,2025-10-07 14:55:00,2025-10-20 14:55:00,2025-10-16 14:55:00
e59b6bfb-f,3709ab89,delivered,2025-06-12 14:08:00,2025-06-12 16:02:00,2025-06-14 14:08:00,2025-06-28 14:08:00,2025-06-28 14:08:00
d9cf40f2-0,a4c2c305,delivered,2025-10-28 08:31:00,2025-10-28 10:38:00,2025-10-31 08:31:00,2025-11-07 08:31:00,2025-11-12 08:31:00
9daa0974-b,4a8db9a7,delivered,2025-11-10 07:03:00,2025-11-10 08:03:00,2025-11-11 07:03:00,2025-12-01 07:03:00,2025-11-26 07:03:00
8e603086-4,af121c81,invoiced,2025-01-21 23:24:00,2025-01-22 00:27:00,,,2025-02-05 23:24:00
248dafc7-4,7d489586,delivered,2025-09-03 11:07:00,2025-09-03 11:44:00,2025-09-05 11:07:00,2025-09-19 11:07:00,2025-09-21 11:07:00
bc3be32c-9,bdfb9865,delivered,2025-07-28 19:59:00,2025-07-28 20:57:00,2025-07-29 19:59:00,2025-08-11 19:59:00,2025-08-09 19:59:00
dc6fd9ad-6,a26caffa,canceled,2025-07-24 05:49:00,,,,2025-08-11 05:49:00
798ab5a8-b,3bdc5f45,delivered,2025-12-12 05:11:00,2025-12-12 06:42:00,2025-12-15 05:11:00,2025-12-21 05:11:00,2025-12-25 05:11:00
2b658607-f,56ae0408,canceled,2025-10-27 09:09:00,,,,2025-11-16 09:09:00
e96e3206-7,b4cab618,delivered,2025-04-08 07:56:00,2025-04-08 08:51:00,2025-04-11 07:56:00,2025-04-24 07:56:00,2025-04-19 07:56:00
f5525b57-3,2540f4a9,invoiced,2025-02-12 04:23:00,2025-02-12 07:13:00,,,2025-03-01 04:23:00
e6a3415f-a,f994941b,canceled,2025-02-28 15:26:00,,,,2025-03-19 15:26:00
94fbf320-4,4dd2186b,delivered,2025-06-01 11:54:00,2025-06-01 13:30:00,2025-06-03 11:54:00,2025-06-21 11:54:00,2025-06-15 11:54:00
8591108e-e,73aa702e,delivered,2025-06-15 06:45:00,2025-06-15 07:27:00,2025-06-18 06:45:00,2025-06-30 06:45:00,2025-07-02 06:45:00
257c0bf5-7,d39787f0,delivered,2025-09-27 17:13:00,2025-09-27 20:00:00,2025-09-30 17:13:00,2025-10-05 17:13:00,2025-10-07 17:13:00
f33d8a91-7,d1058f59,canceled,2025-04-19 02:44:00,,,,2025-05-04 02:44:00
28785eb4-0,46ac43b1,invoiced,2025-12-12 13:22:00,2025-12-12 14:59:00,,,2025-12-23 13:22:00
09d8e60f-b,0a7c45c9,canceled,2025-11-29 16:25:00,,,,2025-12-19 16:25:00
218f147e-5,1f4998c2,delivered,2025-08-02 15:05:00,2025-08-02 16:26:00,2025-08-05 15:05:00,2025-08-26 15:05:00,2025-08-21 15:05:00
c2fd18dd-7,34e341f1,canceled,2025-01-01 07:33:00,,,,2025-01-16 07:33:00
045769df-0,a13ba73e,delivered,2025-06-16 11:36:00,2025-06-16 13:23:00,2025-06-17 11:36:00,2025-07-08 11:36:00,2025-07-06 11:36:00
d42b3790-7,cd03adaf,delivered,2025-11-11 10:58:00,2025-11-11 13:35:00,2025-11-13 10:58:00,2025-11-19 10:58:00,2025-11-21 10:58:00
9621f523-6,8e096eb4,delivered,2025-12-06 20:23:00,2025-12-06 21:18:00,2025-12-07 20:23:00,2025-12-18 20:23:00,2025-12-23 20:23:00
2294faf7-3,f0b8de71,delivered,2025-08-28 06:24:00,2025-08-28 09:20:00,2025-08-30 06:24:00,2025-09-15 06:24:00,2025-09-10 06:24:00
c7a3727f-3,678818d2,canceled,2025-12-27 05:10:00,,,,2026-01-09 05:10:00
547ac9d3-6,6fd1be31,delivered,2025-08-07 21:25:00,2025-08-07 21:31:00,2025-08-08 21:25:00,2025-08-22 21:25:00,2025-08-26 21:25:00
35486206-5,72e9c627,canceled,2025-01-12 23:28:00,,,,2025-01-25 23:28:00
f6584b85-7,c0ae012f,delivered,2025-02-16 15:27:00,2025-02-16 15:46:00,2025-02-19 15:27:00,2025-03-03 15:27:00,2025-03-08 15:27:00
f79489dc-8,a7191243,shipped,2025-02-25 00:18:00,2025-02-25 01:52:00,2025-02-27 00:18:00,,2025-03-10 00:18:00
0f4c19c3-c,5b4d302d,delivered,2025-04-20 22:14:00,2025-04-21 00:37:00,2025-04-22 22:14:00,2025-05-03 22:14:00,2025-05-08 22:14:00
58c3d777-a,efc250d4,delivered,2025-06-26 02:35:00,2025-06-26 03:28:00,2025-06-28 02:35:00,2025-07-21 02:35:00,2025-07-14 02:35:00
c851c37d-b,a3147a4f,invoiced,2025-05-16 11:02:00,2025-05-16 13:42:00,,,2025-06-01 11:02:00
e4388bab-f,c6d2cf7a,delivered,2025-05-03 01:32:00,2025-05-03 04:03:00,2025-05-06 01:32:00,2025-05-30 01:32:00,2025-05-22 01:32:00
b320a10b-9,c278732f,delivered,2025-04-29 11:16:00,2025-04-29 13:36:00,2025-05-01 11:16:00,2025-05-18 11:16:00,2025-05-18 11:16:00
45fc6c4d-3,efc250d4,delivered,2025-05-01 16:28:00,2025-05-01 16:49:00,2025-05-02 16:28:00,2025-05-22 16:28:00,2025-05-19 16:28:00
06fdffaa-5,0251d63d,delivered,2025-01-01 09:37:00,2025-01-01 09:57:00,2025-01-02 09:37:00,2025-01-19 09:37:00,2025-01-18 09:37:00
0d706cba-a,c019528b,canceled,2025-02-11 13:05:00,,,,2025-02-23 13:05:00
f1f5c3e0-2,b0ebd4dc,shipped,2025-12-15 12:44:00,2025-12-15 14:09:00,2025-12-17 12:44:00,,2026-01-02 12:44:00
91f0a861-6,b75e9d5c,delivered,2025-09-24 19:14:00,2025-09-24 20:14:00,2025-09-25 19:14:00,2025-10-06 19:14:00,2025-10-09 19:14:00
fbba0bc6-a,6f6c5bdc,canceled,2025-01-01 00:10:00,,,,2025-01-20 00:10:00
c49ce82f-9,659347a5,delivered,2025-02-05 05:54:00,2025-02-05 07:14:00,2025-02-07 05:54:00,2025-02-18 05:54:00,2025-02-22 05:54:00
cf578698-3,5a24ac91,delivered,2025-07-25 20:50:00,2025-07-25 22:30:00,2025-07-26 20:50:00,2025-08-09 20:50:00,2025-08-09 20:50:00
c3df4157-1,c278732f,invoiced,2025-10-23 13:34:00,2025-10-23 15:31:00,,,2025-11-03 13:34:00
e9e26f13-d,1d584a39,delivered,2025-11-02 06:45:00,2025-11-02 07:31:00,2025-11-05 06:45:00,2025-11-12 06:45:00,2025-11-17 06:45:00
e7f4573f-1,1af968f2,delivered,2025-03-13 02:48:00,2025-03-13 03:42:00,2025-03-15 02:48:00,2025-04-01 02:48:00,2025-04-01 02:48:00
6d76587e-7,2666541a,canceled,2025-01-27 06:30:00,,,,2025-02-16 06:30:00
e718ce99-e,2f677f1e,delivered,2025-03-21 22:28:00,2025-03-21 23:38:00,2025-03-24 22:28:00,2025-04-01 22:28:00,2025-03-31 22:28:00
df5548bc-3,3ed16c36,canceled,2025-01-17 20:14:00,,,,2025-01-27 20:14:00
47b14140-e,8a0177de,canceled,2025-03-09 21:45:00,,,,2025-03-29 21:45:00
98a4d5c4-8,0d7fa440,shipped,2025-03-11 01:27:00,2025-03-11 02:10:00,2025-03-12 01:27:00,,2025-03-22 01:27:00
aac8580b-c,8ad820e0,canceled,2025-07-18 20:06:00,,,,2025-08-06 20:06:00
70d4cdcd-1,e72039b9,invoiced,2025-01-26 06:50:00,2025-01-26 08:43:00,,,2025-02-05 06:50:00
feff4d1b-0,8ccbb1b4,delivered,2025-05-11 23:50:00,2025-05-12 01:39:00,2025-05-12 23:50:00,2025-06-04 23:50:00,2025-05-29 23:50:00
16b1b305-3,5679ffef,delivered,2025-08-06 18:20:00,2025-08-06 19:32:00,2025-08-08 18:20:00,2025-08-25 18:20:00,2025-08-25 18:20:00
6fb9e3b6-c,5bfe3efa,delivered,2025-07-31 04:44:00,2025-07-31 06:45:00,2025-08-02 04:44:00,2025-08-16 04:44:00,2025-08-15 04:44:00
f150bc07-9,c538a7cb,shipped,2025-12-01 01:31:00,2025-12-01 02:42:00,2025-12-02 01:31:00,,2025-12-20 01:31:00
636678e5-9,46fe6eac,delivered,2025-07-19 19:05:00,2025-07-19 21:43:00,2025-07-21 19:05:00,2025-07-27 19:05:00,2025-08-01 19:05:00
90d86b20-4,e23faf2c,delivered,2025-05-31 21:45:00,2025-05-31 23:26:00,2025-06-03 21:45:00,2025-06-19 21:45:00,2025-06-15 21:45:00
f4da6649-8,83b38697,invoiced,2025-10-04 12:27:00,2025-10-04 12:34:00,,,2025-10-17 12:27:00
c8119b27-1,fa460a62,shipped,2025-11-20 21:26:00,2025-11-20 23:34:00,2025-11-23 21:26:00,,2025-11-30 21:26:00
46f9ecda-9,2c7503e1,delivered,2025-01-23 05:04:00,2025-01-23 06:42:00,2025-01-25 05:04:00,2025-02-02 05:04:00,2025-02-04 05:04:00
1c50541f-f,30f8b988,delivered,2025-07-19 01:00:00,2025-07-19 03:18:00,2025-07-21 01:00:00,2025-08-14 01:00:00,2025-08-06 01:00:00
09a74c5d-a,6a59b1c7,delivered,2025-03-18 00:40:00,2025-03-18 02:17:00,2025-03-21 00:40:00,2025-03-31 00:40:00,2025-03-31 00:40:00
9b42ea5f-0,6df30318,delivered,2025-01-09 10:39:00,2025-01-09 13:23:00,2025-01-10 10:39:00,2025-01-28 10:39:00,2025-01-23 10:39:00
70b6dff4-0,24ce1cf8,delivered,2025-03-17 18:17:00,2025-03-17 19:28:00,2025-03-20 18:17:00,2025-04-05 18:17:00,2025-03-30 18:17:00
68413d23-f,05df95e3,invoiced,2025-10-03 15:32:00,2025-10-03 16:33:00,,,2025-10-17 15:32:00
2bf2bc56-4,e7a0acb3,invoiced,2025-10-06 04:44:00,2025-10-06 06:06:00,,,2025-10-16 04:44:00
6e4ee6dd-7,f8a94554,shipped,2025-12-15 23:33:00,2025-12-15 23:58:00,2025-12-18 23:33:00,,2025-12-26 23:33:00
0742177c-0,dbb46f5c,delivered,2025-06-26 14:33:00,2025-06-26 17:15:00,2025-06-28 14:33:00,2025-07-14 14:33:00,2025-07-09 14:33:00
d6b2bcb6-f,819548a5,delivered,2025-04-20 22:19:00,2025-04-21 00:32:00,2025-04-23 22:19:00,2025-05-05 22:19:00,2025-05-08 22:19:00
38220441-5,baf1bec9,canceled,2025-04-06 04:40:00,,,,2025-04-21 04:40:00
58fe3343-b,7032ec3c,canceled,2025-10-13 05:35:00,,,,2025-10-23 05:35:00
71adeb63-6,8289815f,canceled,2025-09-27 05:32:00,,,,2025-10-14 05:32:00
6e76fe2b-7,56bf0f6d,delivered,2025-12-29 01:34:00,2025-12-29 02:11:00,2026-01-01 01:34:00,2026-01-18 01:34:00,2026-01-16 01:34:00
b8a603a7-1,e94f8ff8,delivered,2025-06-10 06:04:00,2025-06-10 09:04:00,2025-06-11 06:04:00,2025-06-29 06:04:00,2025-06-26 06:04:00
2edd8c74-5,9aeddef8,delivered,2025-12-03 20:02:00,2025-12-03 22:10:00,2025-12-05 20:02:00,2025-12-13 20:02:00,2025-12-14 20:02:00
448528a8-1,7d10c734,delivered,2025-03-14 18:50:00,2025-03-14 21:27:00,2025-03-16 18:50:00,2025-03-28 18:50:00,2025-03-28 18:50:00
3a2c765b-2,fb2902df,invoiced,2025-09-03 03:51:00,2025-09-03 04:27:00,,,2025-09-23 03:51:00
b0218acf-b,0228d25b,invoiced,2025-11-12 14:01:00,2025-11-12 14:29:00,,,2025-11-22 14:01:00
3dbad6d3-3,99d557e6,shipped,2025-12-25 11:52:00,2025-12-25 14:18:00,2025-12-28 11:52:00,,2026-01-10 11:52:00
32344edb-e,551b00f1,delivered,2025-01-28 22:59:00,2025-01-28 23:37:00,2025-01-29 22:59:00,2025-02-16 22:59:00,2025-02-12 22:59:00
4c40d039-8,7866c45d,shipped,2025-03-07 15:57:00,2025-03-07 17:15:00,2025-03-10 15:57:00,,2025-03-17 15:57:00
0b51cfc0-3,fac5f41b,delivered,2025-08-19 06:43:00,2025-08-19 07:18:00,2025-08-21 06:43:00,2025-09-04 06:43:00,2025-09-06 06:43:00
2fdb0e2f-8,6f06d8a3,delivered,2025-06-30 12:00:00,2025-06-30 12:05:00,2025-07-03 12:00:00,2025-07-18 12:00:00,2025-07-17 12:00:00
86f4a927-0,502b9fc7,invoiced,2025-10-03 05:30:00,2025-10-03 07:57:00,,,2025-10-17 05:30:00
4a18ef01-9,5fe939f3,invoiced,2025-07-04 20:37:00,2025-07-04 22:32:00,,,2025-07-23 20:37:00
5a8064b7-9,181085e5,delivered,2025-10-06 11:14:00,2025-10-06 11:43:00,2025-10-07 11:14:00,2025-10-18 11:14:00,2025-10-19 11:14:00
90a7d555-8,431d2d03,shipped,2025-02-16 03:33:00,2025-02-16 06:26:00,2025-02-18 03:33:00,,2025-03-04 03:33:00
f417e2d3-3,f12cdf05,delivered,2025-10-13 21:05:00,2025-10-13 23:11:00,2025-10-16 21:05:00,2025-10-22 21:05:00,2025-10-23 21:05:00
4cd0fb8b-f,56bafb96,delivered,2025-12-19 13:46:00,2025-12-19 15:17:00,2025-12-22 13:46:00,2026-01-03 13:46:00,2026-01-03 13:46:00
7ba173d0-d,af121c81,delivered,2025-02-07 19:15:00,2025-02-07 21:27:00,2025-02-10 19:15:00,2025-02-16 19:15:00,2025-02-20 19:15:00
9dee564b-d,ff7413b8,delivered,2025-04-01 15:25:00,2025-04-01 17:28:00,2025-04-03 15:25:00,2025-04-21 15:25:00,2025-04-19 15:25:00
fcd8eeb2-9,8d576c2d,delivered,2025-04-17 09:05:00,2025-04-17 11:14:00,2025-04-19 09:05:00,2025-05-02 09:05:00,2025-05-06 09:05:00
d3a98469-8,f3cfb6c7,shipped,2025-06-02 05:27:00,2025-06-02 07:37:00,2025-06-03 05:27:00,,2025-06-15 05:27:00
8ad4d0e3-d,6e8b89a7,delivered,2025-01-15 01:06:00,2025-01-15 01:30:00,2025-01-16 01:06:00,2025-02-01 01:06:00,2025-01-28 01:06:00
16fd0481-5,b54d5fcd,canceled,2025-04-12 13:16:00,,,,2025-04-29 13:16:00
a9ed340d-e,9a1c2e5a,delivered,2025-01-02 23:33:00,2025-01-03 01:18:00,2025-01-03 23:33:00,2025-01-25 23:33:00,2025-01-18 23:33:00
232c5b71-c,3aa4018a,delivered,2025-06-25 15:14:00,2025-06-25 17:34:00,2025-06-28 15:14:00,2025-07-06 15:14:00,2025-07-05 15:14:00
ab4bc5a2-d,b302206e,delivered,2025-01-19 18:43:00,2025-01-19 20:28:00,2025-01-20 18:43:00,2025-02-05 18:43:00,2025-01-29 18:43:00
dddf1a41-d,80a8d59b,delivered,2025-09-18 12:36:00,2025-09-18 15:05:00,2025-09-20 12:36:00,2025-09-29 12:36:00,2025-09-30 12:36:00
d522074d-f,2387a004,delivered,2025-03-01 21:21:00,2025-03-01 22:44:00,2025-03-04 21:21:00,2025-03-16 21:21:00,2025-03-20 21:21:00
8cd9c2df-d,be4c31c0,shipped,2025-06-24 13:32:00,2025-06-24 15:58:00,2025-06-27 13:32:00,,2025-07-12 13:32:00
4dcbecb8-6,979a78e9,delivered,2025-09-03 18:18:00,2025-09-03 19:17:00,2025-09-06 18:18:00,2025-09-24 18:18:00,2025-09-16 18:18:00
d8082ee8-9,597a944f,delivered,2025-09-08 12:53:00,2025-09-08 15:04:00,2025-09-11 12:53:00,2025-10-01 12:53:00,2025-09-24 12:53:00
848841e4-3,6f06d8a3,shipped,2025-05-13 18:40:00,2025-05-13 19:52:00,2025-05-15 18:40:00,,2025-05-24 18:40:00
4f042c08-5,3ae79cc8,canceled,2025-01-19 22:40:00,,,,2025-01-31 22:40:00
79f83c52-d,d2e175d6,canceled,2025-01-03 17:46:00,,,,2025-01-17 17:46:00
659c05c7-e,df0e74a4,canceled,2025-11-16 08:21:00,,,,2025-11-26 08:21:00
980d097c-8,181085e5,invoiced,2025-09-04 16:00:00,2025-09-04 17:40:00,,,2025-09-17 16:00:00
03fcadbe-4,50daba29,delivered,2025-04-06 23:38:00,2025-04-07 00:13:00,2025-04-07 23:38:00,2025-04-26 23:38:00,2025-04-22 23:38:00
65058c98-3,2958c5b6,delivered,2025-04-18 01:51:00,2025-04-18 03:06:00,2025-04-19 01:51:00,2025-04-28 01:51:00,2025-05-03 01:51:00
b5a96229-3,4aa727fc,delivered,2025-02-22 01:51:00,2025-02-22 02:32:00,2025-02-24 01:51:00,2025-03-12 01:51:00,2025-03-09 01:51:00
9e377ab4-6,32812e08,delivered,2025-08-28 08:41:00,2025-08-28 10:35:00,2025-08-30 08:41:00,2025-09-21 08:41:00,2025-09-13 08:41:00
aa593808-f,1cedae8f,invoiced,2025-10-20 19:30:00,2025-10-20 20:42:00,,,2025-10-31 19:30:00
ea15ccc4-0,557f31de,invoiced,2025-02-05 01:56:00,2025-02-05 02:23:00,,,2025-02-15 01:56:00
74cedfdd-4,92a72f84,canceled,2025-11-02 10:07:00,,,,2025-11-18 10:07:00
66f31181-6,08f886f1,shipped,2025-11-21 15:12:00,2025-11-21 17:29:00,2025-11-22 15:12:00,,2025-12-04 15:12:00
395b5797-b,01ae29d6,canceled,2025-08-31 16:37:00,,,,2025-09-13 16:37:00
539d292d-e,c85ef291,delivered,2025-07-26 16:30:00,2025-07-26 18:00:00,2025-07-28 16:30:00,2025-08-07 16:30:00,2025-08-12 16:30:00
dda56182-5,786e6800,delivered,2025-07-24 03:55:00,2025-07-24 04:55:00,2025-07-27 03:55:00,2025-08-01 03:55:00,2025-08-04 03:55:00
7740986c-d,9ba2d340,delivered,2025-12-11 03:44:00,2025-12-11 04:42:00,2025-12-12 03:44:00,2025-12-29 03:44:00,2025-12-28 03:44:00
ec5f0d6e-e,0d33327a,delivered,2025-03-02 00:52:00,2025-03-02 02:46:00,2025-03-04 00:52:00,2025-03-14 00:52:00,2025-03-12 00:52:00
a7d09013-8,23c35ef0,shipped,2025-05-18 16:12:00,2025-05-18 16:19:00,2025-05-19 16:12:00,,2025-06-01 16:12:00
7b33b5c8-3,f8156937,delivered,2025-12-20 21:00:00,2025-12-20 22:19:00,2025-12-22 21:00:00,2026-01-05 21:00:00,2026-01-08 21:00:00
3b196ea7-1,8289815f,invoiced,2025-09-17 07:50:00,2025-09-17 10:44:00,,,2025-10-03 07:50:00
209f7a8d-c,848eb191,invoiced,2025-05-17 08:17:00,2025-05-17 08:32:00,,,2025-06-04 08:17:00
5a46f713-0,06a23b3e,delivered,2025-04-13 05:40:00,2025-04-13 05:53:00,2025-04-15 05:40:00,2025-05-03 05:40:00,2025-05-03 05:40:00
b3191ddc-8,f0b6a2c4,delivered,2025-04-16 20:02:00,2025-04-16 20:40:00,2025-04-19 20:02:00,2025-05-10 20:02:00,2025-05-05 20:02:00
6e5d1204-8,b6c75d91,delivered,2025-07-03 12:22:00,2025-07-03 13:34:00,2025-07-04 12:22:00,2025-07-11 12:22:00,2025-07-16 12:22:00
aefa288c-7,fa4485ad,delivered,2025-04-17 05:01:00,2025-04-17 05:36:00,2025-04-18 05:01:00,2025-05-11 05:01:00,2025-05-07 05:01:00
cd97fb6c-c,8a88c51e,delivered,2025-04-13 02:42:00,2025-04-13 05:03:00,2025-04-14 02:42:00,2025-04-30 02:42:00,2025-04-23 02:42:00
e0987144-f,69d9db29,canceled,2025-08-18 06:58:00,,,,2025-09-05 06:58:00
2b7a30f7-6,990c458b,invoiced,2025-09-27 23:09:00,2025-09-28 00:23:00,,,2025-10-12 23:09:00
cddd8301-d,20e6cbc9,shipped,2025-03-22 15:09:00,2025-03-22 18:07:00,2025-03-23 15:09:00,,2025-04-09 15:09:00
429e32cf-f,e682d5a9,invoiced,2025-07-05 11:41:00,2025-07-05 13:45:00,,,2025-07-25 11:41:00
5f3e2a76-4,ea769a28,shipped,2025-01-22 07:03:00,2025-01-22 09:19:00,2025-01-23 07:03:00,,2025-02-10 07:03:00
697f4a8f-2,85664205,delivered,2025-02-22 21:51:00,2025-02-22 23:22:00,2025-02-23 21:51:00,2025-03-11 21:51:00,2025-03-08 21:51:00
72ed7e4b-a,1f271df2,shipped,2025-10-20 04:41:00,2025-10-20 05:51:00,2025-10-22 04:41:00,,2025-11-05 04:41:00
d7c48331-b,26c1c700,shipped,2025-07-04 11:50:00,2025-07-04 13:25:00,2025-07-07 11:50:00,,2025-07-17 11:50:00
4a8ec6d8-6,99d557e6,delivered,2025-12-06 04:28:00,2025-12-06 06:25:00,2025-12-08 04:28:00,2025-12-22 04:28:00,2025-12-20 04:28:00
f3a00651-e,2458d228,canceled,2025-03-02 04:13:00,,,,2025-03-20 04:13:00
3ae4431a-3,5fb642d4,delivered,2025-11-02 15:39:00,2025-11-02 15:53:00,2025-11-03 15:39:00,2025-11-14 15:39:00,2025-11-19 15:39:00
cde057fa-1,a9e11740,invoiced,2025-06-08 18:44:00,2025-06-08 20:35:00,,,2025-06-25 18:44:00
41120a2b-8,2be20cab,delivered,2025-06-18 11:37:00,2025-06-18 12:38:00,2025-06-20 11:37:00,2025-06-25 11:37:00,2025-06-28 11:37:00
2465a10b-4,2a3f7e04,delivered,2025-12-14 15:25:00,2025-12-14 17:02:00,2025-12-15 15:25:00,2025-12-24 15:25:00,2025-12-25 15:25:00
9c20783a-b,dba99754,delivered,2025-07-06 10:35:00,2025-07-06 11:41:00,2025-07-08 10:35:00,2025-07-21 10:35:00,2025-07-21 10:35:00
e2637c76-9,3d513c6c,delivered,2025-08-06 17:42:00,2025-08-06 18:41:00,2025-08-07 17:42:00,2025-08-28 17:42:00,2025-08-21 17:42:00
0f9c7d62-4,597a944f,delivered,2025-08-31 02:23:00,2025-08-31 03:52:00,2025-09-03 02:23:00,2025-09-20 02:23:00,2025-09-17 02:23:00
ebe26a60-a,15f7aa69,delivered,2025-04-25 12:35:00,2025-04-25 14:18:00,2025-04-26 12:35:00,2025-05-19 12:35:00,2025-05-14 12:35:00
19367d68-9,6516653f,delivered,2025-07-10 17:12:00,2025-07-10 19:49:00,2025-07-11 17:12:00,2025-07-17 17:12:00,2025-07-21 17:12:00
1e706d30-e,3535e4bf,delivered,2025-11-09 22:12:00,2025-11-10 01:12:00,2025-11-12 22:12:00,2025-11-28 22:12:00,2025-11-22 22:12:00
f250c38f-a,803941d0,canceled,2025-12-09 07:34:00,,,,2025-12-27 07:34:00
cc13c8bc-a,efca9221,shipped,2025-09-30 19:13:00,2025-09-30 21:33:00,2025-10-02 19:13:00,,2025-10-14 19:13:00
290a5ea0-3,8280d088,delivered,2025-06-03 16:44:00,2025-06-03 17:12:00,2025-06-04 16:44:00,2025-06-14 16:44:00,2025-06-17 16:44:00
d5c1b554-b,7bed9060,delivered,2025-01-16 08:29:00,2025-01-16 11:19:00,2025-01-19 08:29:00,2025-02-05 08:29:00,2025-01-29 08:29:00
9c167c11-c,6bbe5122,delivered,2025-08-15 19:50:00,2025-08-15 22:41:00,2025-08-17 19:50:00,2025-08-29 19:50:00,2025-09-02 19:50:00
297dee02-f,02e06f94,shipped,2025-10-18 05:19:00,2025-10-18 07:03:00,2025-10-21 05:19:00,,2025-11-04 05:19:00
e72d89fa-9,42d19df1,invoiced,2025-10-19 19:45:00,2025-10-19 21:15:00,,,2025-11-01 19:45:00
596a036b-c,5fcd0011,delivered,2025-04-11 19:17:00,2025-04-11 19:24:00,2025-04-12 19:17:00,2025-05-02 19:17:00,2025-05-01 19:17:00
3a0e5690-9,e498406f,delivered,2025-08-03 21:51:00,2025-08-04 00:08:00,2025-08-04 21:51:00,2025-08-19 21:51:00,2025-08-14 21:51:00
74c44ef9-c,11f7f893,delivered,2025-09-06 22:35:00,2025-09-06 23:49:00,2025-09-07 22:35:00,2025-09-27 22:35:00,2025-09-22 22:35:00
dff2897b-d,c4dafad8,shipped,2025-06-17 15:32:00,2025-06-17 16:39:00,2025-06-18 15:32:00,,2025-07-01 15:32:00
e5eb1b44-4,2c3941dd,invoiced,2025-12-08 11:52:00,2025-12-08 13:54:00,,,2025-12-26 11:52:00
a309de04-e,4712fc20,canceled,2025-09-03 20:27:00,,,,2025-09-17 20:27:00
bce72a52-1,50e105ab,delivered,2025-08-28 01:23:00,2025-08-28 03:13:00,2025-08-29 01:23:00,2025-09-12 01:23:00,2025-09-11 01:23:00
dcc7ba87-5,bc8d37ed,delivered,2025-12-17 16:27:00,2025-12-17 18:25:00,2025-12-19 16:27:00,2026-01-09 16:27:00,2026-01-03 16:27:00
ea1d16d7-c,5586b175,shipped,2025-09-28 11:42:00,2025-09-28 14:35:00,2025-09-29 11:42:00,,2025-10-13 11:42:00
81dbd6b9-9,3ae79cc8,delivered,2025-10-06 02:40:00,2025-10-06 03:52:00,2025-10-07 02:40:00,2025-10-26 02:40:00,2025-10-18 02:40:00
5859b420-5,be98e619,canceled,2025-04-15 05:54:00,,,,2025-05-02 05:54:00
6fde9430-6,8510f3e4,shipped,2025-02-19 00:25:00,2025-02-19 00:40:00,2025-02-22 00:25:00,,2025-03-09 00:25:00
5b60e9f5-d,bc8d37ed,delivered,2025-11-05 02:33:00,2025-11-05 03:46:00,2025-11-07 02:33:00,2025-11-30 02:33:00,2025-11-22 02:33:00
a05fd885-d,b272d76e,shipped,2025-01-11 10:54:00,2025-01-11 11:32:00,2025-01-13 10:54:00,,2025-01-21 10:54:00
209fb0ae-7,06a23b3e,delivered,2025-09-15 06:02:00,2025-09-15 07:26:00,2025-09-16 06:02:00,2025-10-07 06:02:00,2025-10-05 06:02:00
368ff243-2,971199e2,invoiced,2025-03-20 04:06:00,2025-03-20 05:53:00,,,2025-04-07 04:06:00
3b9dead4-8,92a72f84,delivered,2025-08-17 07:53:00,2025-08-17 08:37:00,2025-08-18 07:53:00,2025-08-29 07:53:00,2025-08-31 07:53:00
78b49d4b-f,390dd4c3,delivered,2025-07-30 11:25:00,2025-07-30 11:41:00,2025-07-31 11:25:00,2025-08-10 11:25:00,2025-08-12 11:25:00
e1b88b87-6,1033f6f4,delivered,2025-08-21 10:21:00,2025-08-21 11:52:00,2025-08-22 10:21:00,2025-09-08 10:21:00,2025-09-06 10:21:00
840091a2-a,70c45a75,delivered,2025-10-09 15:02:00,2025-10-09 16:56:00,2025-10-12 15:02:00,2025-10-19 15:02:00,2025-10-19 15:02:00
024ee000-7,20119073,invoiced,2025-07-16 14:55:00,2025-07-16 17:33:00,,,2025-07-29 14:55:00
25df5a98-6,34d3cc94,invoiced,2025-07-09 08:33:00,2025-07-09 09:50:00,,,2025-07-28 08:33:00
c37552ac-7,aeec023a,delivered,2025-10-25 09:12:00,2025-10-25 09:54:00,2025-10-26 09:12:00,2025-11-10 09:12:00,2025-11-12 09:12:00
54c6b181-7,b1ce534a,invoiced,2025-06-21 20:59:00,2025-06-21 23:59:00,,,2025-07-06 20:59:00
1c4300d2-6,5f9f2274,invoiced,2025-12-01 02:20:00,2025-12-01 03:43:00,,,2025-12-19 02:20:00
2978ce91-3,00ff3308,invoiced,2025-07-06 23:15:00,2025-07-07 00:17:00,,,2025-07-22 23:15:00
97661331-1,98f36087,delivered,2025-04-10 14:44:00,2025-04-10 15:02:00,2025-04-11 14:44:00,2025-05-07 14:44:00,2025-04-29 14:44:00
4e1a29e2-c,ad7970fc,delivered,2025-08-18 01:40:00,2025-08-18 04:30:00,2025-08-19 01:40:00,2025-09-05 01:40:00,2025-08-29 01:40:00
1e80c3bc-d,d86b9043,canceled,2025-11-15 05:35:00,,,,2025-12-05 05:35:00
796348d0-b,2ac66224,invoiced,2025-10-04 11:24:00,2025-10-04 13:44:00,,,2025-10-15 11:24:00
3e68be13-7,2315a0cc,canceled,2025-10-16 07:01:00,,,,2025-10-27 07:01:00
9057d366-7,ffd41370,delivered,2025-11-26 15:01:00,2025-11-26 17:18:00,2025-11-29 15:01:00,2025-12-16 15:01:00,2025-12-10 15:01:00
91837253-9,a26caffa,invoiced,2025-03-18 23:21:00,2025-03-19 01:52:00,,,2025-03-31 23:21:00
c6bf5152-3,2258cf9f,canceled,2025-06-14 13:09:00,,,,2025-07-04 13:09:00
afb95d5a-1,671df39f,delivered,2025-10-15 13:32:00,2025-10-15 13:42:00,2025-10-18 13:32:00,2025-10-21 13:32:00,2025-10-26 13:32:00
231b9b9a-f,4b2f0796,delivered,2025-12-08 05:33:00,2025-12-08 05:44:00,2025-12-10 05:33:00,2026-01-02 05:33:00,2025-12-28 05:33:00
f97b3ac5-5,690b81a8,delivered,2025-05-23 21:37:00,2025-05-23 23:40:00,2025-05-24 21:37:00,2025-06-11 21:37:00,2025-06-08 21:37:00
4fa51d3e-0,e437a996,delivered,2025-08-11 00:31:00,2025-08-11 02:31:00,2025-08-12 00:31:00,2025-08-31 00:31:00,2025-08-31 00:31:00
f983809e-5,ce264ea4,delivered,2025-05-03 23:53:00,2025-05-04 02:23:00,2025-05-06 23:53:00,2025-05-25 23:53:00,2025-05-23 23:53:00
0c785c19-f,6f4dc9e7,canceled,2025-05-17 23:33:00,,,,2025-06-02 23:33:00
977d8671-7,2f9366f3,canceled,2025-02-27 15:46:00,,,,2025-03-16 15:46:00
266b2365-2,6675d1d4,shipped,2025-05-03 11:55:00,2025-05-03 14:37:00,2025-05-06 11:55:00,,2025-05-23 11:55:00
f9516fa0-5,f12cdf05,delivered,2025-07-17 19:37:00,2025-07-17 22:13:00,2025-07-19 19:37:00,2025-07-25 19:37:00,2025-07-28 19:37:00
f7dd6680-3,ad9e4f01,delivered,2025-11-24 18:07:00,2025-11-24 18:50:00,2025-11-26 18:07:00,2025-12-07 18:07:00,2025-12-11 18:07:00
189a0f6d-d,c720bb39,delivered,2025-12-14 01:13:00,2025-12-14 03:58:00,2025-12-15 01:13:00,2026-01-03 01:13:00,2025-12-27 01:13:00
7a32b646-e,b9011251,delivered,2025-09-21 23:46:00,2025-09-22 01:53:00,2025-09-23 23:46:00,2025-10-02 23:46:00,2025-10-04 23:46:00
c0ba9246-9,6fd1be31,canceled,2025-05-22 17:31:00,,,,2025-06-05 17:31:00
6812409d-0,07835884,shipped,2025-12-07 18:12:00,2025-12-07 19:31:00,2025-12-10 18:12:00,,2025-12-22 18:12:00
a72386ba-6,dbe0a38a,delivered,2025-02-12 14:41:00,2025-02-12 16:43:00,2025-02-15 14:41:00,2025-02-28 14:41:00,2025-02-28 14:41:00
661fbad1-0,15b7a55a,delivered,2025-12-21 21:31:00,2025-12-21 23:39:00,2025-12-24 21:31:00,2026-01-03 21:31:00,2026-01-01 21:31:00
58c16567-d,9e4c7e0d,delivered,2025-04-16 11:15:00,2025-04-16 13:28:00,2025-04-19 11:15:00,2025-04-23 11:15:00,2025-04-27 11:15:00
15649335-b,b5c51d9e,delivered,2025-11-13 08:32:00,2025-11-13 08:45:00,2025-11-16 08:32:00,2025-11-27 08:32:00,2025-11-26 08:32:00
ef386886-d,7b1df443,shipped,2025-05-12 06:12:00,2025-05-12 08:44:00,2025-05-13 06:12:00,,2025-05-28 06:12:00
92c74d40-6,4213f6be,delivered,2025-01-09 12:36:00,2025-01-09 13:50:00,2025-01-10 12:36:00,2025-02-02 12:36:00,2025-01-28 12:36:00
9286507c-2,b15c78d5,delivered,2025-06-28 08:53:00,2025-06-28 11:27:00,2025-06-29 08:53:00,2025-07-04 08:53:00,2025-07-09 08:53:00
835930ec-3,3b3bdec4,shipped,2025-11-15 20:07:00,2025-11-15 21:06:00,2025-11-16 20:07:00,,2025-12-05 20:07:00
bc720e33-0,7bed9060,invoiced,2025-09-15 20:04:00,2025-09-15 20:34:00,,,2025-09-26 20:04:00
00f0536a-b,c720bb39,delivered,2025-01-28 20:05:00,2025-01-28 21:55:00,2025-01-30 20:05:00,2025-02-14 20:05:00,2025-02-17 20:05:00
5a5e68bc-f,2458d228,delivered,2025-03-25 00:58:00,2025-03-25 01:48:00,2025-03-26 00:58:00,2025-04-07 00:58:00,2025-04-07 00:58:00
ecdade9c-2,cdf55148,delivered,2025-01-03 15:53:00,2025-01-03 16:19:00,2025-01-05 15:53:00,2025-01-21 15:53:00,2025-01-16 15:53:00
3c538a3d-2,9d6e20de,invoiced,2025-05-13 15:43:00,2025-05-13 16:00:00,,,2025-06-02 15:43:00
a4404421-2,d1e95301,invoiced,2025-02-09 01:28:00,2025-02-09 04:00:00,,,2025-02-24 01:28:00
a925082f-0,00e528b5,delivered,2025-03-26 09:40:00,2025-03-26 10:12:00,2025-03-28 09:40:00,2025-04-11 09:40:00,2025-04-10 09:40:00
97f13b95-c,06ed2fed,canceled,2025-02-13 16:46:00,,,,2025-02-28 16:46:00
b54df5a5-5,7bb28f78,delivered,2025-01-07 04:33:00,2025-01-07 06:05:00,2025-01-10 04:33:00,2025-01-18 04:33:00,2025-01-18 04:33:00
4c0dba78-0,cef22069,canceled,2025-06-05 18:11:00,,,,2025-06-17 18:11:00
6ed94634-2,a4c2c305,canceled,2025-05-25 05:36:00,,,,2025-06-13 05:36:00
2218cd91-e,f7f5a105,shipped,2025-10-25 06:37:00,2025-10-25 07:12:00,2025-10-27 06:37:00,,2025-11-06 06:37:00
949bf95b-3,0c693410,delivered,2025-06-04 01:09:00,2025-06-04 01:27:00,2025-06-07 01:09:00,2025-06-27 01:09:00,2025-06-22 01:09:00
e04cd3f7-8,9ba2d340,delivered,2025-07-26 11:39:00,2025-07-26 13:00:00,2025-07-29 11:39:00,2025-08-12 11:39:00,2025-08-06 11:39:00
3274f74a-5,029d0201,delivered,2025-08-23 21:20:00,2025-08-24 00:00:00,2025-08-24 21:20:00,2025-09-07 21:20:00,2025-09-08 21:20:00
68c7fbc3-3,28658509,delivered,2025-09-22 10:56:00,2025-09-22 11:36:00,2025-09-23 10:56:00,2025-10-03 10:56:00,2025-10-03 10:56:00
69725d6b-9,1ded7fa7,shipped,2025-05-09 22:00:00,2025-05-09 22:37:00,2025-05-10 22:00:00,,2025-05-23 22:00:00
48ff829f-1,6ebf69a1,delivered,2025-06-10 07:59:00,2025-06-10 09:08:00,2025-06-11 07:59:00,2025-06-26 07:59:00,2025-06-23 07:59:00
24a0bf03-4,6c718531,shipped,2025-04-12 20:40:00,2025-04-12 23:34:00,2025-04-15 20:40:00,,2025-05-01 20:40:00
f059da4b-2,56b48067,shipped,2025-12-25 15:31:00,2025-12-25 16:10:00,2025-12-26 15:31:00,,2026-01-04 15:31:00
1ef6d9c0-5,14bd9191,invoiced,2025-04-22 22:02:00,2025-04-22 23:41:00,,,2025-05-03 22:02:00
ff2ebcba-5,c7ce152a,delivered,2025-05-22 05:27:00,2025-05-22 07:00:00,2025-05-24 05:27:00,2025-06-03 05:27:00,2025-06-02 05:27:00
985ca5ae-2,0a7c45c9,invoiced,2025-12-30 22:14:00,2025-12-31 00:47:00,,,2026-01-17 22:14:00
68eac841-a,049469e9,invoiced,2025-09-19 18:12:00,2025-09-19 19:54:00,,,2025-10-09 18:12:00
10531bf5-a,4984e90a,delivered,2025-09-02 23:58:00,2025-09-03 00:13:00,2025-09-04 23:58:00,2025-09-19 23:58:00,2025-09-14 23:58:00
b1919234-8,dbe0a38a,delivered,2025-02-06 02:46:00,2025-02-06 04:40:00,2025-02-09 02:46:00,2025-03-01 02:46:00,2025-02-25 02:46:00
31a25585-9,70136d9e,delivered,2025-01-30 11:00:00,2025-01-30 13:05:00,2025-02-02 11:00:00,2025-02-11 11:00:00,2025-02-09 11:00:00
80021eca-f,b7bc3943,delivered,2025-12-04 18:39:00,2025-12-04 21:20:00,2025-12-06 18:39:00,2025-12-24 18:39:00,2025-12-17 18:39:00
5e30a5f2-7,a7f7e642,invoiced,2025-02-06 07:34:00,2025-02-06 07:41:00,,,2025-02-21 07:34:00
5c1fe68c-3,8ad820e0,delivered,2025-06-22 03:12:00,2025-06-22 04:05:00,2025-06-25 03:12:00,2025-07-08 03:12:00,2025-07-02 03:12:00
620c294b-f,0ec1e1f9,canceled,2025-12-19 11:07:00,,,,2025-12-30 11:07:00
7a1c776f-8,dafce6d0,delivered,2025-08-08 07:25:00,2025-08-08 09:01:00,2025-08-11 07:25:00,2025-08-22 07:25:00,2025-08-27 07:25:00
f1d97dda-0,3963e83b,delivered,2025-09-15 14:55:00,2025-09-15 15:10:00,2025-09-18 14:55:00,2025-10-06 14:55:00,2025-09-28 14:55:00
9c54043d-f,b26b7602,delivered,2025-02-02 16:52:00,2025-02-02 19:36:00,2025-02-05 16:52:00,2025-02-28 16:52:00,2025-02-21 16:52:00
6b236531-c,fa41f92a,invoiced,2025-03-03 02:57:00,2025-03-03 03:43:00,,,2025-03-20 02:57:00
a1cb2f7b-a,d1058f59,delivered,2025-02-14 09:38:00,2025-02-14 10:35:00,2025-02-15 09:38:00,2025-02-20 09:38:00,2025-02-25 09:38:00
c5177ec2-1,d3298d0b,shipped,2025-01-10 07:45:00,2025-01-10 09:36:00,2025-01-12 07:45:00,,2025-01-28 07:45:00
8b883461-2,7924c6f1,delivered,2025-09-23 08:27:00,2025-09-23 08:48:00,2025-09-25 08:27:00,2025-10-16 08:27:00,2025-10-13 08:27:00
66a59f00-8,c401460d,shipped,2025-11-07 18:30:00,2025-11-07 18:37:00,2025-11-08 18:30:00,,2025-11-27 18:30:00
d72c97c4-2,3872ece8,delivered,2025-04-15 09:19:00,2025-04-15 09:57:00,2025-04-16 09:19:00,2025-04-26 09:19:00,2025-04-25 09:19:00
7c32ae97-d,89c426c8,delivered,2025-01-07 20:18:00,2025-01-07 20:51:00,2025-01-08 20:18:00,2025-01-16 20:18:00,2025-01-18 20:18:00
992af41f-2,0a8ff198,delivered,2025-08-30 04:43:00,2025-08-30 07:42:00,2025-08-31 04:43:00,2025-09-17 04:43:00,2025-09-19 04:43:00
2ec8a1f7-1,2f9366f3,canceled,2025-02-13 15:24:00,,,,2025-02-24 15:24:00
2a53b884-3,2058d150,shipped,2025-08-21 15:27:00,2025-08-21 17:33:00,2025-08-24 15:27:00,,2025-09-07 15:27:00
d0a24e76-b,1c46afa6,canceled,2025-11-22 05:02:00,,,,2025-12-06 05:02:00
75f9df28-e,c13667cc,delivered,2025-06-13 10:47:00,2025-06-13 13:00:00,2025-06-15 10:47:00,2025-07-08 10:47:00,2025-07-01 10:47:00
fdc29b18-d,dbe0a38a,canceled,2025-07-26 09:46:00,,,,2025-08-15 09:46:00
7eedb2d3-4,1c51e41c,shipped,2025-06-19 19:12:00,2025-06-19 21:42:00,2025-06-20 19:12:00,,2025-07-07 19:12:00
6b7edc84-3,3f2ce00e,invoiced,2025-06-06 19:12:00,2025-06-06 20:17:00,,,2025-06-25 19:12:00
de6cf193-3,12051bfb,shipped,2025-06-10 13:57:00,2025-06-10 15:58:00,2025-06-11 13:57:00,,2025-06-22 13:57:00
3089af16-a,3bdc5f45,canceled,2025-06-13 08:18:00,,,,2025-06-23 08:18:00
45fe095d-2,23a68be1,delivered,2025-12-24 16:55:00,2025-12-24 19:14:00,2025-12-27 16:55:00,2026-01-09 16:55:00,2026-01-12 16:55:00
5dc971b6-4,b353f0ef,invoiced,2025-03-13 21:42:00,2025-03-13 21:49:00,,,2025-03-27 21:42:00
a58085c1-d,e2cc81f8,delivered,2025-02-24 22:28:00,2025-02-25 00:06:00,2025-02-27 22:28:00,2025-03-16 22:28:00,2025-03-13 22:28:00
365ebbae-0,2098a9b8,delivered,2025-07-29 15:05:00,2025-07-29 17:23:00,2025-07-31 15:05:00,2025-08-11 15:05:00,2025-08-12 15:05:00
0cd8c6b3-c,32badae5,canceled,2025-05-13 18:35:00,,,,2025-05-29 18:35:00
e84c1578-f,84bde093,delivered,2025-08-27 00:14:00,2025-08-27 01:21:00,2025-08-28 00:14:00,2025-09-13 00:14:00,2025-09-11 00:14:00
2cb68453-4,1be68eea,delivered,2025-09-29 18:39:00,2025-09-29 20:47:00,2025-10-02 18:39:00,2025-10-17 18:39:00,2025-10-13 18:39:00
4cd63134-b,97a5f6ce,invoiced,2025-08-26 14:39:00,2025-08-26 17:16:00,,,2025-09-13 14:39:00
325bd7d3-9,05c21836,shipped,2025-08-07 09:15:00,2025-08-07 09:54:00,2025-08-08 09:15:00,,2025-08-18 09:15:00
eba262e0-8,b32ecbe4,shipped,2025-02-11 15:03:00,2025-02-11 15:13:00,2025-02-12 15:03:00,,2025-02-25 15:03:00
2f5d56af-5,0ab63290,invoiced,2025-12-16 15:18:00,2025-12-16 15:30:00,,,2025-12-31 15:18:00
72bdd32a-2,e23faf2c,delivered,2025-06-22 08:06:00,2025-06-22 10:54:00,2025-06-23 08:06:00,2025-07-07 08:06:00,2025-07-03 08:06:00
bb423687-2,65dcb60e,shipped,2025-04-15 01:50:00,2025-04-15 02:03:00,2025-04-17 01:50:00,,2025-04-27 01:50:00
e1133c9d-1,38ff9b76,canceled,2025-05-06 23:48:00,,,,2025-05-21 23:48:00
5b395b7c-9,67e80b46,canceled,2025-06-10 21:48:00,,,,2025-06-29 21:48:00
4558f8c6-e,3963e83b,delivered,2025-10-01 08:54:00,2025-10-01 10:23:00,2025-10-03 08:54:00,2025-10-16 08:54:00,2025-10-14 08:54:00
b7678a66-f,45d28416,shipped,2025-02-24 08:54:00,2025-02-24 11:35:00,2025-02-27 08:54:00,,2025-03-16 08:54:00
43e1f118-4,a25f9ee3,delivered,2025-10-31 07:52:00,2025-10-31 09:26:00,2025-11-03 07:52:00,2025-11-16 07:52:00,2025-11-10 07:52:00
c1cebe81-f,033e1561,delivered,2025-01-15 15:20:00,2025-01-15 15:36:00,2025-01-17 15:20:00,2025-02-07 15:20:00,2025-02-04 15:20:00
fb100754-8,8d237443,delivered,2025-04-03 08:45:00,2025-04-03 10:51:00,2025-04-05 08:45:00,2025-04-22 08:45:00,2025-04-20 08:45:00
6a6ea926-f,a3147a4f,delivered,2025-06-06 13:18:00,2025-06-06 13:36:00,2025-06-07 13:18:00,2025-06-17 13:18:00,2025-06-22 13:18:00
c9c854b2-0,1f4998c2,shipped,2025-08-11 04:47:00,2025-08-11 07:43:00,2025-08-13 04:47:00,,2025-08-26 04:47:00
bc2959a5-7,5e4874a9,invoiced,2025-07-14 00:37:00,2025-07-14 01:07:00,,,2025-07-26 00:37:00
04e8c288-4,06ed2fed,invoiced,2025-07-01 23:12:00,2025-07-02 01:51:00,,,2025-07-17 23:12:00
762c8149-f,c278732f,delivered,2025-11-20 23:16:00,2025-11-21 01:20:00,2025-11-21 23:16:00,2025-12-11 23:16:00,2025-12-07 23:16:00
39b99691-3,a9e939cf,delivered,2025-03-05 21:25:00,2025-03-05 21:44:00,2025-03-06 21:25:00,2025-03-17 21:25:00,2025-03-17 21:25:00
215c4150-6,5c6548a9,delivered,2025-12-12 20:38:00,2025-12-12 22:53:00,2025-12-15 20:38:00,2025-12-25 20:38:00,2025-12-26 20:38:00
b1253cc9-0,d39787f0,delivered,2025-06-22 09:38:00,2025-06-22 11:13:00,2025-06-25 09:38:00,2025-07-11 09:38:00,2025-07-11 09:38:00
2e81741d-1,e20a714d,canceled,2025-12-04 04:28:00,,,,2025-12-15 04:28:00
ad0fe9f1-7,aea358ee,delivered,2025-03-24 06:38:00,2025-03-24 07:36:00,2025-03-26 06:38:00,2025-04-10 06:38:00,2025-04-13 06:38:00
13e4d0fd-b,f4fc1410,delivered,2025-12-08 08:02:00,2025-12-08 09:18:00,2025-12-11 08:02:00,2025-12-24 08:02:00,2025-12-24 08:02:00
9bdeddbe-1,5e55263b,delivered,2025-01-09 11:00:00,2025-01-09 11:39:00,2025-01-12 11:00:00,2025-01-24 11:00:00,2025-01-21 11:00:00
340e7570-f,b50ad9ff,canceled,2025-06-23 18:22:00,,,,2025-07-05 18:22:00
4f75d334-2,7d6c32a0,delivered,2025-05-20 05:13:00,2025-05-20 07:57:00,2025-05-21 05:13:00,2025-06-10 05:13:00,2025-06-04 05:13:00
7f2d4590-9,96acb3fb,canceled,2025-03-10 22:28:00,,,,2025-03-28 22:28:00
593201a8-6,13f12e22,delivered,2025-03-26 02:16:00,2025-03-26 03:10:00,2025-03-29 02:16:00,2025-04-14 02:16:00,2025-04-15 02:16:00
ede5950b-b,cff08e62,delivered,2025-05-08 03:01:00,2025-05-08 04:37:00,2025-05-09 03:01:00,2025-05-21 03:01:00,2025-05-18 03:01:00
e12d12e5-a,f0b6a2c4,delivered,2025-09-01 19:13:00,2025-09-01 20:17:00,2025-09-03 19:13:00,2025-09-26 19:13:00,2025-09-18 19:13:00
079e6ce0-1,d8679b37,canceled,2025-06-09 16:21:00,,,,2025-06-19 16:21:00
bb43ffef-d,d9afeedd,delivered,2025-09-27 04:26:00,2025-09-27 06:50:00,2025-09-30 04:26:00,2025-10-02 04:26:00,2025-10-07 04:26:00
2b3ba9b1-4,1be97173,invoiced,2025-03-22 03:33:00,2025-03-22 06:07:00,,,2025-04-05 03:33:00
390fca63-f,65ed919f,delivered,2025-01-20 04:15:00,2025-01-20 05:13:00,2025-01-21 04:15:00,2025-02-11 04:15:00,2025-02-04 04:15:00
e33ee678-4,615835e0,delivered,2025-11-14 00:12:00,2025-11-14 00:59:00,2025-11-15 00:12:00,2025-12-02 00:12:00,2025-11-24 00:12:00
5b7fd425-7,6b8b8237,delivered,2025-01-13 01:28:00,2025-01-13 03:44:00,2025-01-16 01:28:00,2025-02-01 01:28:00,2025-01-31 01:28:00
149e334e-e,9d6e20de,canceled,2025-10-05 10:00:00,,,,2025-10-24 10:00:00
73df958d-a,4e63532d,invoiced,2025-08-13 05:57:00,2025-08-13 07:05:00,,,2025-08-29 05:57:00
4d7d454d-9,6e553693,delivered,2025-02-23 17:58:00,2025-02-23 18:34:00,2025-02-25 17:58:00,2025-03-02 17:58:00,2025-03-07 17:58:00
5bca6e9e-1,b9fa2634,canceled,2025-12-19 08:58:00,,,,2026-01-04 08:58:00
40468ee4-3,96acb3fb,delivered,2025-11-06 06:54:00,2025-11-06 09:25:00,2025-11-08 06:54:00,2025-11-18 06:54:00,2025-11-17 06:54:00
06bb88c9-c,cb785692,shipped,2025-12-23 11:34:00,2025-12-23 12:59:00,2025-12-25 11:34:00,,2026-01-06 11:34:00
c82aef2f-e,333d3a9a,canceled,2025-03-19 13:18:00,,,,2025-03-30 13:18:00
038b5aa1-0,a3f439fa,delivered,2025-04-21 14:30:00,2025-04-21 14:48:00,2025-04-22 14:30:00,2025-05-02 14:30:00,2025-05-03 14:30:00
ffb45a9c-6,fb653317,delivered,2025-05-13 07:59:00,2025-05-13 09:56:00,2025-05-16 07:59:00,2025-05-22 07:59:00,2025-05-23 07:59:00
6a061ec4-f,7b51b4cf,delivered,2025-09-18 14:23:00,2025-09-18 16:08:00,2025-09-21 14:23:00,2025-10-01 14:23:00,2025-09-30 14:23:00
56d7c093-1,0ec1e1f9,delivered,2025-09-12 03:09:00,2025-09-12 04:47:00,2025-09-14 03:09:00,2025-09-26 03:09:00,2025-09-29 03:09:00
4baf20df-4,fba83013,delivered,2025-07-18 12:01:00,2025-07-18 12:07:00,2025-07-21 12:01:00,2025-08-12 12:01:00,2025-08-05 12:01:00
29759150-7,2258cf9f,delivered,2025-07-28 20:38:00,2025-07-28 20:54:00,2025-07-31 20:38:00,2025-08-05 20:38:00,2025-08-10 20:38:00
9b4c05d7-7,7163da87,canceled,2025-04-07 04:37:00,,,,2025-04-25 04:37:00
0337319d-7,f8de208e,invoiced,2025-08-16 23:51:00,2025-08-17 01:48:00,,,2025-08-26 23:51:00
a9185247-1,8c4b9cf7,delivered,2025-05-23 07:15:00,2025-05-23 09:13:00,2025-05-24 07:15:00,2025-06-09 07:15:00,2025-06-02 07:15:00
a9d8dbef-1,2458d228,delivered,2025-07-18 17:28:00,2025-07-18 17:54:00,2025-07-21 17:28:00,2025-08-15 17:28:00,2025-08-07 17:28:00
c5f58874-b,13c08d7a,canceled,2025-09-08 09:53:00,,,,2025-09-18 09:53:00
07949bf6-3,322667db,delivered,2025-03-04 16:09:00,2025-03-04 17:28:00,2025-03-07 16:09:00,2025-03-20 16:09:00,2025-03-21 16:09:00
2591827e-a,c9389d9a,delivered,2025-11-06 16:32:00,2025-11-06 18:37:00,2025-11-07 16:32:00,2025-11-20 16:32:00,2025-11-22 16:32:00
ecf33052-6,52b81de2,delivered,2025-10-23 18:53:00,2025-10-23 21:12:00,2025-10-24 18:53:00,2025-11-03 18:53:00,2025-11-03 18:53:00
e492e96b-a,a6b21703,canceled,2025-12-23 00:18:00,,,,2026-01-06 00:18:00
960244ef-7,804bd5da,canceled,2025-08-26 20:44:00,,,,2025-09-11 20:44:00
db10793e-1,95037f51,shipped,2025-02-13 03:25:00,2025-02-13 06:25:00,2025-02-16 03:25:00,,2025-02-27 03:25:00
356805d8-1,d9998e09,delivered,2025-08-31 23:27:00,2025-09-01 01:10:00,2025-09-02 23:27:00,2025-09-16 23:27:00,2025-09-14 23:27:00
85160aaa-1,def78bf7,delivered,2025-10-21 19:34:00,2025-10-21 21:51:00,2025-10-23 19:34:00,2025-11-05 19:34:00,2025-11-08 19:34:00
98f36441-0,576efc14,canceled,2025-05-22 04:10:00,,,,2025-06-01 04:10:00
d6b29f75-f,a4b3b449,delivered,2025-11-01 17:29:00,2025-11-01 20:27:00,2025-11-02 17:29:00,2025-11-24 17:29:00,2025-11-21 17:29:00
c0c0df0d-3,6c81acdf,delivered,2025-08-01 13:12:00,2025-08-01 15:46:00,2025-08-02 13:12:00,2025-08-11 13:12:00,2025-08-14 13:12:00
3923c3c8-2,c18b33c7,delivered,2025-01-11 02:06:00,2025-01-11 02:39:00,2025-01-14 02:06:00,2025-01-30 02:06:00,2025-01-25 02:06:00
00ff5db6-5,94f79bd0,delivered,2025-06-13 11:08:00,2025-06-13 12:27:00,2025-06-15 11:08:00,2025-06-29 11:08:00,2025-06-25 11:08:00
2c052bc1-4,99a877d6,delivered,2025-06-27 14:45:00,2025-06-27 17:03:00,2025-06-28 14:45:00,2025-07-08 14:45:00,2025-07-12 14:45:00
6a36d235-f,bcf8a96a,delivered,2025-05-07 21:13:00,2025-05-07 23:36:00,2025-05-10 21:13:00,2025-05-26 21:13:00,2025-05-26 21:13:00
08f4281c-c,5fcd0011,shipped,2025-03-14 10:43:00,2025-03-14 12:27:00,2025-03-15 10:43:00,,2025-03-25 10:43:00
31697d88-d,d71093c2,delivered,2025-08-06 19:19:00,2025-08-06 22:06:00,2025-08-08 19:19:00,2025-08-28 19:19:00,2025-08-22 19:19:00
f84737bd-2,333d3a9a,delivered,2025-08-11 15:36:00,2025-08-11 18:16:00,2025-08-12 15:36:00,2025-08-30 15:36:00,2025-08-22 15:36:00
f7c5dab6-2,089fae0d,invoiced,2025-12-13 04:53:00,2025-12-13 05:00:00,,,2025-12-26 04:53:00
4c31a492-8,21885b1c,delivered,2025-10-20 01:40:00,2025-10-20 02:55:00,2025-10-22 01:40:00,2025-11-02 01:40:00,2025-11-05 01:40:00
4b6e08d4-e,42d19df1,canceled,2025-05-01 19:13:00,,,,2025-05-21 19:13:00
cd3394e4-e,8d237443,delivered,2025-03-07 10:15:00,2025-03-07 13:12:00,2025-03-10 10:15:00,2025-03-17 10:15:00,2025-03-18 10:15:00
b3a3387f-3,f18dd002,invoiced,2025-05-26 02:43:00,2025-05-26 03:58:00,,,2025-06-07 02:43:00
d984450b-6,c61bf159,delivered,2025-05-24 11:00:00,2025-05-24 13:38:00,2025-05-25 11:00:00,2025-06-03 11:00:00,2025-06-06 11:00:00
a671a635-8,913a90ca,delivered,2025-03-13 08:17:00,2025-03-13 08:23:00,2025-03-15 08:17:00,2025-03-22 08:17:00,2025-03-26 08:17:00
5449a04b-9,8f1a0f09,delivered,2025-12-13 10:44:00,2025-12-13 11:50:00,2025-12-14 10:44:00,2026-01-01 10:44:00,2025-12-30 10:44:00
afee192b-b,2b29aebe,delivered,2025-02-03 14:08:00,2025-02-03 16:06:00,2025-02-05 14:08:00,2025-02-18 14:08:00,2025-02-20 14:08:00
c0485a52-f,c2402b8f,delivered,2025-07-19 13:27:00,2025-07-19 13:59:00,2025-07-21 13:27:00,2025-08-06 13:27:00,2025-08-08 13:27:00
f5100591-e,4a8db9a7,delivered,2025-12-29 01:53:00,2025-12-29 02:33:00,2025-12-30 01:53:00,2026-01-08 01:53:00,2026-01-13 01:53:00
04b22cc6-d,706ffe51,canceled,2025-06-19 16:11:00,,,,2025-07-03 16:11:00
183f89d7-6,cd03adaf,invoiced,2025-01-23 07:28:00,2025-01-23 08:01:00,,,2025-02-11 07:28:00
62e25d84-c,4213f6be,delivered,2025-12-08 02:18:00,2025-12-08 03:09:00,2025-12-09 02:18:00,2025-12-20 02:18:00,2025-12-19 02:18:00
f19350ff-e,cf08e4b6,delivered,2025-07-21 08:56:00,2025-07-21 09:56:00,2025-07-23 08:56:00,2025-08-03 08:56:00,2025-08-04 08:56:00
d9ef44e3-e,4e1d1bcc,delivered,2025-05-10 04:10:00,2025-05-10 04:16:00,2025-05-13 04:10:00,2025-05-22 04:10:00,2025-05-20 04:10:00
c6105be6-8,760338b1,shipped,2025-05-03 10:10:00,2025-05-03 12:13:00,2025-05-06 10:10:00,,2025-05-13 10:10:00
4b1e5b10-7,d21aeb44,delivered,2025-10-04 11:13:00,2025-10-04 11:28:00,2025-10-05 11:13:00,2025-10-18 11:13:00,2025-10-14 11:13:00
e6d99406-8,7ac8734e,canceled,2025-08-06 20:30:00,,,,2025-08-23 20:30:00
f2a2ae43-4,2fbc64cd,delivered,2025-12-01 00:15:00,2025-12-01 01:34:00,2025-12-03 00:15:00,2025-12-22 00:15:00,2025-12-17 00:15:00
3b76871a-0,dd83427d,invoiced,2025-12-10 13:54:00,2025-12-10 16:14:00,,,2025-12-24 13:54:00
48d83660-a,76e0c751,delivered,2025-09-13 12:36:00,2025-09-13 15:33:00,2025-09-15 12:36:00,2025-10-04 12:36:00,2025-09-28 12:36:00
3c131466-3,8f2434d0,canceled,2025-06-11 04:11:00,,,,2025-06-30 04:11:00
f4b242f4-d,819548a5,delivered,2025-02-17 23:16:00,2025-02-18 00:47:00,2025-02-19 23:16:00,2025-03-10 23:16:00,2025-03-06 23:16:00
c29cd095-9,f7f5a105,delivered,2025-01-24 08:04:00,2025-01-24 09:21:00,2025-01-25 08:04:00,2025-02-08 08:04:00,2025-02-09 08:04:00
f1bfe830-0,5244dbf1,delivered,2025-09-07 04:11:00,2025-09-07 06:47:00,2025-09-10 04:11:00,2025-09-15 04:11:00,2025-09-19 04:11:00
9d93d3db-8,bd7b5c5e,delivered,2025-11-07 04:10:00,2025-11-07 06:50:00,2025-11-10 04:10:00,2025-11-17 04:10:00,2025-11-22 04:10:00
fd683248-e,752ffcee,delivered,2025-08-24 13:43:00,2025-08-24 16:33:00,2025-08-27 13:43:00,2025-09-19 13:43:00,2025-09-12 13:43:00
12892dba-e,c17bcb7b,delivered,2025-08-23 21:39:00,2025-08-23 21:50:00,2025-08-24 21:39:00,2025-09-12 21:39:00,2025-09-09 21:39:00
184bb3cc-2,0d719f33,delivered,2025-12-19 17:14:00,2025-12-19 19:09:00,2025-12-22 17:14:00,2026-01-03 17:14:00,2025-12-29 17:14:00
b1666d22-5,109eaa04,delivered,2025-03-26 18:30:00,2025-03-26 19:22:00,2025-03-28 18:30:00,2025-04-15 18:30:00,2025-04-11 18:30:00
9349ce10-4,311f4558,canceled,2025-06-05 22:52:00,,,,2025-06-21 22:52:00
9948b3cf-e,b149737e,delivered,2025-07-23 03:02:00,2025-07-23 04:37:00,2025-07-24 03:02:00,2025-08-10 03:02:00,2025-08-06 03:02:00
84f8edc5-1,3affcdfa,delivered,2025-03-28 16:52:00,2025-03-28 19:17:00,2025-03-30 16:52:00,2025-04-21 16:52:00,2025-04-15 16:52:00
c9902f93-1,c9389d9a,shipped,2025-05-11 00:48:00,2025-05-11 01:55:00,2025-05-14 00:48:00,,2025-05-31 00:48:00
29b686ab-1,70136d9e,delivered,2025-08-02 02:14:00,2025-08-02 05:09:00,2025-08-04 02:14:00,2025-08-11 02:14:00,2025-08-16 02:14:00
eb3ab4ee-1,0de50958,canceled,2025-04-08 08:30:00,,,,2025-04-24 08:30:00
3c7c83f4-b,d558cc45,delivered,2025-09-10 19:50:00,2025-09-10 20:58:00,2025-09-13 19:50:00,2025-10-02 19:50:00,2025-09-29 19:50:00
cb89c409-e,e86f64c2,delivered,2025-09-14 11:11:00,2025-09-14 11:23:00,2025-09-15 11:11:00,2025-10-01 11:11:00,2025-10-04 11:11:00
d5f753c9-2,4e1ea8a4,canceled,2025-12-18 06:43:00,,,,2025-12-29 06:43:00
3057b8fd-f,c8ba52e1,delivered,2025-01-24 05:15:00,2025-01-24 05:51:00,2025-01-27 05:15:00,2025-02-13 05:15:00,2025-02-12 05:15:00
756dd384-d,158eb961,delivered,2025-05-06 03:42:00,2025-05-06 05:43:00,2025-05-08 03:42:00,2025-05-26 03:42:00,2025-05-26 03:42:00
ed6aa75f-b,88a0c5cf,shipped,2025-11-24 23:05:00,2025-11-25 01:08:00,2025-11-26 23:05:00,,2025-12-09 23:05:00
7c22875c-9,d21aeb44,invoiced,2025-09-19 15:07:00,2025-09-19 16:47:00,,,2025-09-30 15:07:00
665882c2-c,619cd728,delivered,2025-12-20 17:28:00,2025-12-20 17:35:00,2025-12-21 17:28:00,2026-01-03 17:28:00,2026-01-06 17:28:00
b1a507a9-3,aa5f24a6,delivered,2025-12-03 23:46:00,2025-12-04 02:04:00,2025-12-04 23:46:00,2025-12-27 23:46:00,2025-12-21 23:46:00
239812f4-4,c6db506e,delivered,2025-12-08 21:00:00,2025-12-08 21:11:00,2025-12-10 21:00:00,2026-01-04 21:00:00,2025-12-27 21:00:00
95d15f84-c,f737dc03,canceled,2025-06-29 05:45:00,,,,2025-07-16 05:45:00
30aa27ad-2,1bb132c6,delivered,2025-04-23 03:06:00,2025-04-23 05:02:00,2025-04-25 03:06:00,2025-05-12 03:06:00,2025-05-12 03:06:00
10c4b1e8-3,aaa7b951,delivered,2025-12-14 00:06:00,2025-12-14 00:32:00,2025-12-16 00:06:00,2026-01-03 00:06:00,2025-12-31 00:06:00
ce1608a9-7,56de3dce,canceled,2025-03-11 19:00:00,,,,2025-03-23 19:00:00
d88e301a-c,9471e485,invoiced,2025-03-28 13:28:00,2025-03-28 14:32:00,,,2025-04-07 13:28:00
0df727b4-b,ed37d3dd,invoiced,2025-06-23 06:41:00,2025-06-23 06:51:00,,,2025-07-07 06:41:00
d69e995d-e,f6f369ee,shipped,2025-05-13 16:20:00,2025-05-13 17:06:00,2025-05-16 16:20:00,,2025-05-27 16:20:00
470a08f5-7,b31f2fb3,delivered,2025-08-12 14:39:00,2025-08-12 16:49:00,2025-08-13 14:39:00,2025-08-25 14:39:00,2025-08-22 14:39:00
74b13bae-f,02e06f94,canceled,2025-05-31 01:21:00,,,,2025-06-18 01:21:00
4f46fd52-c,2e10fc5e,delivered,2025-08-15 05:29:00,2025-08-15 08:18:00,2025-08-18 05:29:00,2025-08-30 05:29:00,2025-09-01 05:29:00
893ec1fd-4,57d790cd,invoiced,2025-04-09 08:01:00,2025-04-09 09:55:00,,,2025-04-22 08:01:00
b432f495-6,671e25db,delivered,2025-02-03 21:30:00,2025-02-04 00:18:00,2025-02-06 21:30:00,2025-02-25 21:30:00,2025-02-17 21:30:00
284fb547-3,2594f35e,delivered,2025-11-19 21:05:00,2025-11-19 21:51:00,2025-11-21 21:05:00,2025-12-01 21:05:00,2025-11-29 21:05:00
ff0227ef-9,a035d7c8,canceled,2025-09-24 03:36:00,,,,2025-10-04 03:36:00
f84ada3e-6,e9fec649,delivered,2025-08-02 02:37:00,2025-08-02 04:08:00,2025-08-03 02:37:00,2025-08-20 02:37:00,2025-08-16 02:37:00
3e25b1b9-2,6451bb59,delivered,2025-06-06 10:04:00,2025-06-06 12:12:00,2025-06-08 10:04:00,2025-06-13 10:04:00,2025-06-16 10:04:00
623efb64-d,f67dc5fe,delivered,2025-08-24 21:08:00,2025-08-24 22:35:00,2025-08-25 21:08:00,2025-08-31 21:08:00,2025-09-05 21:08:00
b7f676cd-b,45123128,shipped,2025-10-16 17:30:00,2025-10-16 18:35:00,2025-10-18 17:30:00,,2025-11-03 17:30:00
17c2f640-5,b062101b,canceled,2025-06-23 22:30:00,,,,2025-07-13 22:30:00
17020995-7,fb2902df,delivered,2025-10-22 16:25:00,2025-10-22 19:20:00,2025-10-24 16:25:00,2025-11-10 16:25:00,2025-11-04 16:25:00
0b26384d-d,bc1136b9,delivered,2025-03-11 21:29:00,2025-03-11 22:37:00,2025-03-14 21:29:00,2025-03-27 21:29:00,2025-03-29 21:29:00
ef6836b8-9,5244dbf1,shipped,2025-10-11 13:42:00,2025-10-11 15:43:00,2025-10-13 13:42:00,,2025-10-23 13:42:00
007978e3-5,826c1f0c,delivered,2025-01-29 03:26:00,2025-01-29 05:19:00,2025-01-30 03:26:00,2025-02-10 03:26:00,2025-02-11 03:26:00
0baaa33b-a,4e210f95,delivered,2025-04-01 13:13:00,2025-04-01 15:00:00,2025-04-02 13:13:00,2025-04-22 13:13:00,2025-04-19 13:13:00
787cc65a-f,220d8c84,delivered,2025-07-06 11:51:00,2025-07-06 12:26:00,2025-07-09 11:51:00,2025-07-25 11:51:00,2025-07-26 11:51:00
15748167-a,7747b46c,delivered,2025-10-22 08:18:00,2025-10-22 10:48:00,2025-10-24 08:18:00,2025-11-13 08:18:00,2025-11-08 08:18:00
784e682e-0,4a8db9a7,invoiced,2025-11-17 09:24:00,2025-11-17 10:29:00,,,2025-12-05 09:24:00
0fcc7bba-3,90a42c95,invoiced,2025-09-09 20:39:00,2025-09-09 21:28:00,,,2025-09-23 20:39:00
c85b5c32-f,c7f87701,delivered,2025-05-10 14:46:00,2025-05-10 15:43:00,2025-05-12 14:46:00,2025-05-28 14:46:00,2025-05-23 14:46:00
2c613607-2,ce264ea4,canceled,2025-02-08 16:14:00,,,,2025-02-22 16:14:00
f1a2150d-e,8710069d,delivered,2025-06-23 14:52:00,2025-06-23 17:19:00,2025-06-24 14:52:00,2025-07-07 14:52:00,2025-07-07 14:52:00
f077e416-d,2c9e7b1f,delivered,2025-05-03 23:30:00,2025-05-04 01:51:00,2025-05-06 23:30:00,2025-05-31 23:30:00,2025-05-23 23:30:00
8dad2fe0-6,20f85e09,delivered,2025-05-05 23:28:00,2025-05-06 00:52:00,2025-05-08 23:28:00,2025-05-23 23:28:00,2025-05-16 23:28:00
04f4d1e7-2,7163da87,delivered,2025-08-06 02:54:00,2025-08-06 04:07:00,2025-08-08 02:54:00,2025-08-17 02:54:00,2025-08-17 02:54:00
32f31fb4-f,a9ea80ab,delivered,2025-02-11 13:02:00,2025-02-11 13:07:00,2025-02-13 13:02:00,2025-02-18 13:02:00,2025-02-21 13:02:00
87e9d450-7,22cc2120,shipped,2025-07-20 02:16:00,2025-07-20 04:58:00,2025-07-23 02:16:00,,2025-08-03 02:16:00
9232d00b-5,b272d76e,shipped,2025-11-22 14:32:00,2025-11-22 15:43:00,2025-11-23 14:32:00,,2025-12-02 14:32:00
be295fc0-c,920e9a00,delivered,2025-07-01 18:23:00,2025-07-01 19:11:00,2025-07-04 18:23:00,2025-07-22 18:23:00,2025-07-16 18:23:00
0735a136-8,1e73d01f,delivered,2025-04-20 15:44:00,2025-04-20 18:24:00,2025-04-23 15:44:00,2025-05-06 15:44:00,2025-05-02 15:44:00
62b64f5f-2,f8156937,invoiced,2025-11-04 20:34:00,2025-11-04 21:32:00,,,2025-11-20 20:34:00
06e3fe77-f,3699ffd1,shipped,2025-04-22 19:17:00,2025-04-22 22:14:00,2025-04-25 19:17:00,,2025-05-03 19:17:00
081422b4-5,cc4e1589,invoiced,2025-08-11 23:01:00,2025-08-11 23:40:00,,,2025-08-29 23:01:00
c0a989a8-a,77a7ae1f,canceled,2025-01-08 19:26:00,,,,2025-01-21 19:26:00
c6b10a69-4,93bd64e7,delivered,2025-02-11 05:05:00,2025-02-11 05:24:00,2025-02-12 05:05:00,2025-02-28 05:05:00,2025-03-01 05:05:00
686491c8-c,6a760e17,shipped,2025-01-12 04:54:00,2025-01-12 06:10:00,2025-01-14 04:54:00,,2025-01-31 04:54:00
ac6e31b9-a,2594f35e,delivered,2025-05-04 10:10:00,2025-05-04 11:25:00,2025-05-07 10:10:00,2025-05-19 10:10:00,2025-05-17 10:10:00
2dbf6b86-2,b8e71cd3,delivered,2025-09-06 08:35:00,2025-09-06 10:10:00,2025-09-09 08:35:00,2025-09-18 08:35:00,2025-09-18 08:35:00
2d46b28b-8,20a4033b,delivered,2025-08-23 18:54:00,2025-08-23 21:42:00,2025-08-24 18:54:00,2025-09-08 18:54:00,2025-09-03 18:54:00
049342d8-1,35c5d5ba,invoiced,2025-11-21 05:39:00,2025-11-21 06:54:00,,,2025-12-10 05:39:00
7db2ecaa-9,2b8c89ce,delivered,2025-05-11 21:55:00,2025-05-12 00:29:00,2025-05-14 21:55:00,2025-05-25 21:55:00,2025-05-30 21:55:00
b1c18b4e-d,c22c6f88,delivered,2025-10-14 08:48:00,2025-10-14 09:15:00,2025-10-16 08:48:00,2025-11-08 08:48:00,2025-11-02 08:48:00
2d0c3855-6,b1a1c687,delivered,2025-04-24 22:34:00,2025-04-25 00:06:00,2025-04-25 22:34:00,2025-05-12 22:34:00,2025-05-07 22:34:00
5a0f8998-e,a460402e,delivered,2025-09-19 11:09:00,2025-09-19 11:19:00,2025-09-21 11:09:00,2025-09-30 11:09:00,2025-10-02 11:09:00
bbd86ac1-0,d1e95301,delivered,2025-04-07 14:09:00,2025-04-07 16:27:00,2025-04-08 14:09:00,2025-04-28 14:09:00,2025-04-27 14:09:00
8b31b3a9-7,d411393f,delivered,2025-04-14 23:51:00,2025-04-15 02:49:00,2025-04-15 23:51:00,2025-04-27 23:51:00,2025-04-24 23:51:00
5f791fd1-3,e7511260,canceled,2025-04-03 21:01:00,,,,2025-04-23 21:01:00
3f79f458-4,792fe453,shipped,2025-01-25 23:10:00,2025-01-26 02:10:00,2025-01-26 23:10:00,,2025-02-04 23:10:00
ac254187-a,c17bcb7b,delivered,2025-08-26 14:15:00,2025-08-26 16:06:00,2025-08-28 14:15:00,2025-09-13 14:15:00,2025-09-12 14:15:00
4c3e834e-6,cc7a88d2,shipped,2025-02-26 19:21:00,2025-02-26 20:30:00,2025-02-27 19:21:00,,2025-03-13 19:21:00
894b5f2d-2,e77d3d5b,delivered,2025-01-26 17:39:00,2025-01-26 18:18:00,2025-01-27 17:39:00,2025-02-06 17:39:00,2025-02-08 17:39:00
d62681e7-1,f0eee812,shipped,2025-06-11 10:47:00,2025-06-11 10:59:00,2025-06-13 10:47:00,,2025-06-21 10:47:00
18aeffbb-2,ccab290b,delivered,2025-08-14 09:45:00,2025-08-14 10:17:00,2025-08-16 09:45:00,2025-08-30 09:45:00,2025-09-03 09:45:00
e43340e8-c,29cde9c1,delivered,2025-08-04 09:35:00,2025-08-04 10:42:00,2025-08-07 09:35:00,2025-08-23 09:35:00,2025-08-18 09:35:00
52b555a6-2,4363085a,delivered,2025-08-12 18:20:00,2025-08-12 20:27:00,2025-08-13 18:20:00,2025-08-24 18:20:00,2025-08-27 18:20:00
8b66754b-4,5554ee5d,shipped,2025-04-16 14:29:00,2025-04-16 15:02:00,2025-04-17 14:29:00,,2025-05-01 14:29:00
2b039ea9-8,4d4ffa96,delivered,2025-10-30 21:56:00,2025-10-31 00:31:00,2025-11-01 21:56:00,2025-11-18 21:56:00,2025-11-18 21:56:00
4b71a258-1,d114e50c,delivered,2025-06-02 13:16:00,2025-06-02 14:43:00,2025-06-03 13:16:00,2025-06-23 13:16:00,2025-06-15 13:16:00
11a90d90-8,0bff353b,invoiced,2025-09-27 12:31:00,2025-09-27 14:53:00,,,2025-10-12 12:31:00
897aa688-c,4e1d1bcc,delivered,2025-09-07 19:43:00,2025-09-07 21:16:00,2025-09-08 19:43:00,2025-09-23 19:43:00,2025-09-18 19:43:00
d46a8f2f-b,b50ad9ff,invoiced,2025-04-27 13:31:00,2025-04-27 14:12:00,,,2025-05-17 13:31:00
a4b4fb97-b,439d72d9,delivered,2025-12-25 13:02:00,2025-12-25 15:59:00,2025-12-26 13:02:00,2026-01-06 13:02:00,2026-01-05 13:02:00
bc378377-b,819548a5,invoiced,2025-12-17 23:05:00,2025-12-18 00:48:00,,,2025-12-31 23:05:00
b3847bda-6,d48975be,delivered,2025-09-15 22:58:00,2025-09-16 01:53:00,2025-09-16 22:58:00,2025-10-04 22:58:00,2025-09-27 22:58:00
06597459-2,e1b92e4d,delivered,2025-12-15 01:27:00,2025-12-15 03:12:00,2025-12-18 01:27:00,2025-12-29 01:27:00,2026-01-02 01:27:00
d410bf48-e,547b1a9b,delivered,2025-02-11 13:26:00,2025-02-11 15:54:00,2025-02-14 13:26:00,2025-02-20 13:26:00,2025-02-25 13:26:00
614e2902-1,e84fa3e8,canceled,2025-01-08 10:36:00,,,,2025-01-23 10:36:00
6547507b-2,3bdc5f45,delivered,2025-10-28 10:26:00,2025-10-28 11:19:00,2025-10-29 10:26:00,2025-11-08 10:26:00,2025-11-09 10:26:00
cee5194a-8,6675d1d4,invoiced,2025-06-09 17:53:00,2025-06-09 19:37:00,,,2025-06-28 17:53:00
cfac9645-b,4dd2186b,shipped,2025-07-29 23:12:00,2025-07-29 23:38:00,2025-08-01 23:12:00,,2025-08-14 23:12:00
299f990e-f,83fb8e82,canceled,2025-02-10 13:16:00,,,,2025-02-22 13:16:00
d0db1fd2-c,61cef4e7,canceled,2025-01-06 03:31:00,,,,2025-01-22 03:31:00
f770eb24-a,84bde093,invoiced,2025-08-06 07:29:00,2025-08-06 10:28:00,,,2025-08-26 07:29:00
097bfc90-d,3d312550,delivered,2025-03-18 05:12:00,2025-03-18 05:20:00,2025-03-20 05:12:00,2025-03-31 05:12:00,2025-03-31 05:12:00
04570089-9,287c447d,delivered,2025-11-14 23:18:00,2025-11-15 00:05:00,2025-11-17 23:18:00,2025-12-01 23:18:00,2025-12-02 23:18:00
4fa9ce5b-5,d558cc45,delivered,2025-04-22 04:19:00,2025-04-22 06:38:00,2025-04-23 04:19:00,2025-05-08 04:19:00,2025-05-09 04:19:00
bb25c0b7-3,6a678291,delivered,2025-03-01 17:32:00,2025-03-01 18:15:00,2025-03-02 17:32:00,2025-03-22 17:32:00,2025-03-14 17:32:00
9e0cdffa-4,2e187c84,canceled,2025-03-25 16:48:00,,,,2025-04-05 16:48:00
195afb2a-f,00ff3308,delivered,2025-07-17 12:14:00,2025-07-17 13:59:00,2025-07-20 12:14:00,2025-08-04 12:14:00,2025-08-05 12:14:00
e8ad70fe-5,bec67b9b,shipped,2025-09-21 08:21:00,2025-09-21 08:28:00,2025-09-22 08:21:00,,2025-10-04 08:21:00
e5937574-a,f4fc1410,delivered,2025-06-25 04:54:00,2025-06-25 06:53:00,2025-06-28 04:54:00,2025-07-11 04:54:00,2025-07-10 04:54:00
71c593d2-7,c720bb39,delivered,2025-09-14 14:35:00,2025-09-14 14:55:00,2025-09-16 14:35:00,2025-09-22 14:35:00,2025-09-25 14:35:00
e365e8b5-c,8a88c51e,invoiced,2025-10-05 19:04:00,2025-10-05 21:17:00,,,2025-10-20 19:04:00
fa4bd4bc-f,0974ce47,delivered,2025-06-17 03:17:00,2025-06-17 05:52:00,2025-06-19 03:17:00,2025-07-06 03:17:00,2025-07-04 03:17:00
5f5230b3-9,f437ade8,delivered,2025-07-31 11:08:00,2025-07-31 13:23:00,2025-08-01 11:08:00,2025-08-18 11:08:00,2025-08-12 11:08:00
06cee3c6-9,3b2c1099,shipped,2025-05-15 18:49:00,2025-05-15 20:09:00,2025-05-16 18:49:00,,2025-06-04 18:49:00
19d5e3c6-e,93f73236,canceled,2025-05-02 17:34:00,,,,2025-05-18 17:34:00
4c3915f7-5,41299692,canceled,2025-10-26 02:44:00,,,,2025-11-10 02:44:00
3ca90a7b-5,a90a5984,delivered,2025-10-16 22:41:00,2025-10-17 00:19:00,2025-10-19 22:41:00,2025-10-30 22:41:00,2025-10-29 22:41:00
381f8891-1,b0c9fb7d,shipped,2025-06-17 21:14:00,2025-06-17 23:03:00,2025-06-18 21:14:00,,2025-07-05 21:14:00
38b3932f-6,eaaf20c9,invoiced,2025-04-25 20:45:00,2025-04-25 21:44:00,,,2025-05-13 20:45:00
ac674537-a,ea8425bf,canceled,2025-08-16 07:18:00,,,,2025-08-30 07:18:00
9e76b598-a,631eb0b1,canceled,2025-02-21 18:40:00,,,,2025-03-03 18:40:00
5a9543e1-6,96acb3fb,shipped,2025-07-28 15:30:00,2025-07-28 15:43:00,2025-07-30 15:30:00,,2025-08-11 15:30:00
ce8272e4-c,cf08e4b6,canceled,2025-11-02 00:37:00,,,,2025-11-17 00:37:00
523d5ddd-f,0d7fa440,canceled,2025-05-04 22:42:00,,,,2025-05-14 22:42:00
cae7278a-e,bd848711,delivered,2025-03-11 18:51:00,2025-03-11 19:41:00,2025-03-13 18:51:00,2025-03-24 18:51:00,2025-03-27 18:51:00
63f8c91d-e,bdb55f80,shipped,2025-01-27 09:00:00,2025-01-27 09:28:00,2025-01-29 09:00:00,,2025-02-12 09:00:00
8c1330f0-f,2152c71b,delivered,2025-10-24 21:03:00,2025-10-24 21:16:00,2025-10-26 21:03:00,2025-11-09 21:03:00,2025-11-06 21:03:00
980bd1ae-3,61693318,delivered,2025-05-25 07:54:00,2025-05-25 09:41:00,2025-05-28 07:54:00,2025-06-15 07:54:00,2025-06-07 07:54:00
4bd89eda-6,57b8a0e3,shipped,2025-06-12 18:24:00,2025-06-12 20:36:00,2025-06-13 18:24:00,,2025-06-30 18:24:00
b7434729-8,0d9ce242,canceled,2025-10-05 20:16:00,,,,2025-10-25 20:16:00
283e2772-c,50015916,delivered,2025-06-30 19:19:00,2025-06-30 19:27:00,2025-07-03 19:19:00,2025-07-11 19:19:00,2025-07-14 19:19:00
434212dd-5,b8bea469,shipped,2025-11-16 23:52:00,2025-11-17 02:27:00,2025-11-17 23:52:00,,2025-12-06 23:52:00
9cb38f81-7,f02c1af7,delivered,2025-08-28 12:54:00,2025-08-28 14:49:00,2025-08-29 12:54:00,2025-09-18 12:54:00,2025-09-17 12:54:00
f58485d3-c,23b6f2c7,canceled,2025-04-19 18:39:00,,,,2025-05-06 18:39:00
b13a3c71-9,98f36087,canceled,2025-04-10 00:33:00,,,,2025-04-21 00:33:00
c3f3f511-e,87486833,canceled,2025-04-15 20:39:00,,,,2025-05-05 20:39:00
6f39d705-b,14b25a29,delivered,2025-06-28 09:35:00,2025-06-28 10:00:00,2025-07-01 09:35:00,2025-07-09 09:35:00,2025-07-13 09:35:00
808df759-3,6a59b1c7,delivered,2025-08-13 14:25:00,2025-08-13 16:25:00,2025-08-15 14:25:00,2025-08-28 14:25:00,2025-08-24 14:25:00
c10ec12a-e,372a0fa7,delivered,2025-09-29 14:20:00,2025-09-29 16:17:00,2025-10-01 14:20:00,2025-10-09 14:20:00,2025-10-09 14:20:00
f274c038-e,9a1c2e5a,delivered,2025-08-13 15:33:00,2025-08-13 17:41:00,2025-08-14 15:33:00,2025-09-09 15:33:00,2025-09-01 15:33:00
fbe14e3c-0,b6afeb9e,delivered,2025-08-27 02:12:00,2025-08-27 04:00:00,2025-08-29 02:12:00,2025-09-23 02:12:00,2025-09-15 02:12:00
a5419065-5,a0774f97,delivered,2025-08-20 11:48:00,2025-08-20 12:38:00,2025-08-22 11:48:00,2025-09-12 11:48:00,2025-09-06 11:48:00
23f32bd3-e,622c5151,delivered,2025-06-15 04:46:00,2025-06-15 06:38:00,2025-06-18 04:46:00,2025-07-08 04:46:00,2025-07-04 04:46:00
3edc9e15-a,56ae0408,invoiced,2025-06-26 02:20:00,2025-06-26 04:22:00,,,2025-07-12 02:20:00
2db5a25b-d,22cc2120,canceled,2025-07-31 17:00:00,,,,2025-08-19 17:00:00
aa1ef3cf-e,8ad820e0,delivered,2025-05-13 13:20:00,2025-05-13 13:40:00,2025-05-14 13:20:00,2025-05-30 13:20:00,2025-05-30 13:20:00
f2e1884b-3,b2333f14,delivered,2025-04-14 22:15:00,2025-04-14 23:12:00,2025-04-17 22:15:00,2025-04-30 22:15:00,2025-05-03 22:15:00
9c1881da-3,13195675,delivered,2025-02-09 10:55:00,2025-02-09 12:26:00,2025-02-12 10:55:00,2025-03-06 10:55:00,2025-02-26 10:55:00
d5159b33-1,0824d726,delivered,2025-12-13 23:55:00,2025-12-14 00:37:00,2025-12-15 23:55:00,2025-12-25 23:55:00,2025-12-24 23:55:00
6d5e0f76-8,121dc651,delivered,2025-10-24 14:47:00,2025-10-24 15:56:00,2025-10-26 14:47:00,2025-11-15 14:47:00,2025-11-09 14:47:00
67045e79-5,4c1b3911,invoiced,2025-08-16 22:11:00,2025-08-17 00:01:00,,,2025-09-03 22:11:00
7d481bda-2,0961fc8d,shipped,2025-05-24 02:49:00,2025-05-24 03:38:00,2025-05-27 02:49:00,,2025-06-06 02:49:00
c7f72ddc-b,53a2612c,delivered,2025-05-04 21:37:00,2025-05-04 22:46:00,2025-05-07 21:37:00,2025-05-18 21:37:00,2025-05-15 21:37:00
8c6c35c4-0,706ffe51,delivered,2025-06-12 17:57:00,2025-06-12 20:17:00,2025-06-13 17:57:00,2025-06-22 17:57:00,2025-06-23 17:57:00
408f17e7-e,90f8a981,delivered,2025-09-01 06:20:00,2025-09-01 09:15:00,2025-09-03 06:20:00,2025-09-15 06:20:00,2025-09-20 06:20:00
dbbf2264-0,e5484fe0,delivered,2025-02-21 13:53:00,2025-02-21 16:06:00,2025-02-24 13:53:00,2025-03-14 13:53:00,2025-03-09 13:53:00
7595a7e1-3,45d28416,shipped,2025-08-02 05:54:00,2025-08-02 08:17:00,2025-08-04 05:54:00,,2025-08-20 05:54:00
6aaeb4c6-f,aaa7b951,delivered,2025-12-17 21:33:00,2025-12-17 23:55:00,2025-12-18 21:33:00,2025-12-25 21:33:00,2025-12-30 21:33:00
2d3f2ed4-8,cc7bbe2a,canceled,2025-05-29 12:29:00,,,,2025-06-18 12:29:00
c1dc0c99-e,a2c6c8c2,invoiced,2025-10-11 09:24:00,2025-10-11 09:39:00,,,2025-10-22 09:24:00
b5b96c26-4,a09bf7ba,canceled,2025-07-27 09:38:00,,,,2025-08-06 09:38:00
dd738a95-6,c401460d,shipped,2025-02-11 20:05:00,2025-02-11 22:00:00,2025-02-12 20:05:00,,2025-02-25 20:05:00
6848288d-b,d7c7ffee,delivered,2025-07-12 13:11:00,2025-07-12 13:52:00,2025-07-15 13:11:00,2025-07-26 13:11:00,2025-07-26 13:11:00
09f1bd67-9,0247a691,delivered,2025-10-22 11:04:00,2025-10-22 11:35:00,2025-10-25 11:04:00,2025-11-04 11:04:00,2025-11-01 11:04:00
c3d34e7c-d,1d00a8bf,canceled,2025-12-04 01:11:00,,,,2025-12-20 01:11:00
e8f0273b-c,941941d3,delivered,2025-09-19 20:39:00,2025-09-19 21:11:00,2025-09-22 20:39:00,2025-10-13 20:39:00,2025-10-05 20:39:00
536fdd24-0,efc250d4,canceled,2025-09-09 17:34:00,,,,2025-09-23 17:34:00
6f637be1-3,ceaeec37,delivered,2025-08-09 11:03:00,2025-08-09 11:53:00,2025-08-12 11:03:00,2025-08-20 11:03:00,2025-08-23 11:03:00
02c97cbe-9,7c12ffc0,delivered,2025-12-18 14:48:00,2025-12-18 15:36:00,2025-12-21 14:48:00,2026-01-05 14:48:00,2026-01-05 14:48:00
bba2ed4f-5,9c7eaa10,canceled,2025-01-16 13:27:00,,,,2025-02-02 13:27:00
9f6d22a3-1,d114e50c,delivered,2025-03-04 15:48:00,2025-03-04 16:13:00,2025-03-06 15:48:00,2025-03-25 15:48:00,2025-03-21 15:48:00
f8fc9b99-7,3d311c3d,delivered,2025-05-30 18:11:00,2025-05-30 18:56:00,2025-05-31 18:11:00,2025-06-14 18:11:00,2025-06-11 18:11:00
bfe2a024-7,a9e11740,delivered,2025-03-03 05:26:00,2025-03-03 08:06:00,2025-03-05 05:26:00,2025-03-15 05:26:00,2025-03-15 05:26:00
60d6beff-1,663fa794,invoiced,2025-12-19 05:23:00,2025-12-19 05:39:00,,,2025-12-31 05:23:00
26642570-b,b61a1aa6,shipped,2025-05-25 09:03:00,2025-05-25 12:01:00,2025-05-26 09:03:00,,2025-06-11 09:03:00
e6db8bd0-e,69ae1c93,delivered,2025-10-15 11:47:00,2025-10-15 14:06:00,2025-10-16 11:47:00,2025-10-26 11:47:00,2025-10-28 11:47:00
179ed4bd-c,80a8d59b,invoiced,2025-05-20 21:32:00,2025-05-20 23:43:00,,,2025-06-09 21:32:00
cd0f12a5-c,a7f7e642,delivered,2025-08-27 15:10:00,2025-08-27 15:41:00,2025-08-28 15:10:00,2025-09-10 15:10:00,2025-09-15 15:10:00
6b4f3d48-9,e287b52e,canceled,2025-02-06 15:07:00,,,,2025-02-23 15:07:00
f0f9c55c-9,3bf9cf7c,delivered,2025-06-18 21:59:00,2025-06-19 00:08:00,2025-06-19 21:59:00,2025-07-04 21:59:00,2025-07-05 21:59:00
7718cfa7-6,b1a1c687,delivered,2025-02-23 04:00:00,2025-02-23 06:27:00,2025-02-24 04:00:00,2025-03-08 04:00:00,2025-03-13 04:00:00
97778024-6,6ae99b9a,invoiced,2025-10-01 21:37:00,2025-10-02 00:22:00,,,2025-10-15 21:37:00
e50896b9-8,20e477f1,delivered,2025-07-22 19:49:00,2025-07-22 21:18:00,2025-07-24 19:49:00,2025-08-08 19:49:00,2025-08-08 19:49:00
419014cf-0,61ca2f79,delivered,2025-12-08 23:06:00,2025-12-09 01:00:00,2025-12-09 23:06:00,2025-12-26 23:06:00,2025-12-24 23:06:00
80378e65-4,2ffe7b43,delivered,2025-06-23 07:31:00,2025-06-23 09:14:00,2025-06-25 07:31:00,2025-07-09 07:31:00,2025-07-05 07:31:00
ec02cd04-5,079590a8,shipped,2025-07-07 04:47:00,2025-07-07 06:33:00,2025-07-08 04:47:00,,2025-07-25 04:47:00
e3a9c145-4,e5c5578e,delivered,2025-05-29 22:55:00,2025-05-29 23:07:00,2025-05-30 22:55:00,2025-06-08 22:55:00,2025-06-09 22:55:00
266e2e05-0,1a27565e,canceled,2025-09-08 06:43:00,,,,2025-09-28 06:43:00
9e29306b-e,2254313b,delivered,2025-10-22 13:29:00,2025-10-22 15:50:00,2025-10-23 13:29:00,2025-11-09 13:29:00,2025-11-10 13:29:00
1cfd61bb-f,6675d1d4,delivered,2025-11-09 12:06:00,2025-11-09 12:19:00,2025-11-12 12:06:00,2025-11-29 12:06:00,2025-11-22 12:06:00
91d5ff94-7,1b67cb4d,invoiced,2025-10-25 03:59:00,2025-10-25 04:17:00,,,2025-11-12 03:59:00
df6b7283-9,9c7eaa10,delivered,2025-04-20 01:30:00,2025-04-20 02:16:00,2025-04-21 01:30:00,2025-05-13 01:30:00,2025-05-10 01:30:00
b66b6eed-1,ff7413b8,shipped,2025-02-21 12:20:00,2025-02-21 14:34:00,2025-02-23 12:20:00,,2025-03-05 12:20:00
533beb48-b,2258cf9f,invoiced,2025-06-19 14:35:00,2025-06-19 16:27:00,,,2025-07-06 14:35:00
df626202-3,2be20cab,delivered,2025-09-09 17:39:00,2025-09-09 20:28:00,2025-09-12 17:39:00,2025-09-27 17:39:00,2025-09-27 17:39:00
5a142e68-b,547b1a9b,shipped,2025-06-21 11:12:00,2025-06-21 13:16:00,2025-06-24 11:12:00,,2025-07-04 11:12:00
fa719770-a,5229665d,delivered,2025-07-08 18:25:00,2025-07-08 20:36:00,2025-07-09 18:25:00,2025-08-02 18:25:00,2025-07-25 18:25:00
b339a734-4,987f6a97,delivered,2025-01-03 01:47:00,2025-01-03 03:01:00,2025-01-04 01:47:00,2025-01-20 01:47:00,2025-01-20 01:47:00
6a00b73d-8,b0ebd4dc,delivered,2025-06-09 01:28:00,2025-06-09 04:08:00,2025-06-11 01:28:00,2025-06-25 01:28:00,2025-06-21 01:28:00
79cfc075-0,987f6a97,delivered,2025-08-21 06:47:00,2025-08-21 08:00:00,2025-08-23 06:47:00,2025-09-15 06:47:00,2025-09-09 06:47:00
e3c38126-c,603645d2,canceled,2025-04-10 13:26:00,,,,2025-04-30 13:26:00
6848d23b-0,4c1b3911,canceled,2025-12-08 23:15:00,,,,2025-12-28 23:15:00
7ea393d3-5,dd8db3f3,delivered,2025-10-28 23:44:00,2025-10-29 00:25:00,2025-10-30 23:44:00,2025-11-23 23:44:00,2025-11-17 23:44:00
1737cdef-e,32d806fc,delivered,2026-01-01 12:00:00,2026-01-01 14:47:00,2026-01-02 12:00:00,2026-01-17 12:00:00,2026-01-18 12:00:00
3f40650c-3,be31a80f,delivered,2025-09-11 14:22:00,2025-09-11 15:04:00,2025-09-13 14:22:00,2025-09-23 14:22:00,2025-09-21 14:22:00
b0bac6e5-d,a4c2c305,delivered,2025-08-09 06:47:00,2025-08-09 08:15:00,2025-08-10 06:47:00,2025-09-02 06:47:00,2025-08-25 06:47:00
f97c1069-0,91e5049e,shipped,2025-10-08 20:06:00,2025-10-08 22:15:00,2025-10-11 20:06:00,,2025-10-24 20:06:00
d11fe52d-b,01edc82f,delivered,2025-06-28 09:15:00,2025-06-28 09:38:00,2025-06-30 09:15:00,2025-07-16 09:15:00,2025-07-18 09:15:00
75d87fee-1,04577004,delivered,2025-06-21 13:03:00,2025-06-21 14:20:00,2025-06-23 13:03:00,2025-07-11 13:03:00,2025-07-08 13:03:00
5876f922-c,fc6c7aa8,delivered,2025-06-13 22:50:00,2025-06-14 00:24:00,2025-06-14 22:50:00,2025-07-11 22:50:00,2025-07-03 22:50:00
e27774e5-f,0016f51a,delivered,2025-02-17 04:09:00,2025-02-17 07:06:00,2025-02-18 04:09:00,2025-03-06 04:09:00,2025-03-05 04:09:00
be63a21e-b,9397f9ba,canceled,2025-11-22 05:17:00,,,,2025-12-04 05:17:00
4da31967-e,a7f22bc5,delivered,2025-04-24 10:14:00,2025-04-24 11:01:00,2025-04-27 10:14:00,2025-05-06 10:14:00,2025-05-10 10:14:00
45497e32-2,4c505778,delivered,2025-08-20 07:11:00,2025-08-20 07:45:00,2025-08-21 07:11:00,2025-09-12 07:11:00,2025-09-05 07:11:00
a08ac9ff-1,1f831bb4,delivered,2025-02-26 10:07:00,2025-02-26 10:19:00,2025-02-28 10:07:00,2025-03-14 10:07:00,2025-03-08 10:07:00
cd707f76-2,13c7f279,delivered,2025-10-15 12:34:00,2025-10-15 14:45:00,2025-10-17 12:34:00,2025-10-25 12:34:00,2025-10-29 12:34:00
ed6e7ae6-2,5351bd05,shipped,2025-10-29 13:41:00,2025-10-29 14:30:00,2025-10-31 13:41:00,,2025-11-16 13:41:00
f89da210-3,08fad7d8,delivered,2025-07-16 20:11:00,2025-07-16 21:41:00,2025-07-19 20:11:00,2025-07-27 20:11:00,2025-07-31 20:11:00
f332422c-a,5cc35ac6,delivered,2025-02-08 18:12:00,2025-02-08 20:18:00,2025-02-11 18:12:00,2025-02-26 18:12:00,2025-02-22 18:12:00
d01a7592-8,cf08e4b6,invoiced,2025-06-21 16:41:00,2025-06-21 16:51:00,,,2025-07-11 16:41:00
dcb51e5f-e,89cc50ee,invoiced,2025-02-15 12:17:00,2025-02-15 15:16:00,,,2025-03-03 12:17:00
9de9d553-3,83e3d7fb,delivered,2025-03-19 04:08:00,2025-03-19 07:05:00,2025-03-21 04:08:00,2025-03-31 04:08:00,2025-04-05 04:08:00
861484d9-7,25e41cdf,canceled,2025-02-25 05:37:00,,,,2025-03-14 05:37:00
2ac47141-3,d1f5fe12,shipped,2025-12-04 08:15:00,2025-12-04 10:14:00,2025-12-06 08:15:00,,2025-12-22 08:15:00
6d2e61df-9,92a72f84,delivered,2025-11-04 07:00:00,2025-11-04 07:08:00,2025-11-07 07:00:00,2025-11-14 07:00:00,2025-11-14 07:00:00
63f67c18-7,50015916,shipped,2025-03-03 08:01:00,2025-03-03 08:55:00,2025-03-04 08:01:00,,2025-03-17 08:01:00
26aec254-f,dba99754,delivered,2025-12-30 07:21:00,2025-12-30 10:10:00,2026-01-02 07:21:00,2026-01-20 07:21:00,2026-01-19 07:21:00
2e28f667-a,87486833,delivered,2025-08-03 00:56:00,2025-08-03 01:36:00,2025-08-06 00:56:00,2025-08-11 00:56:00,2025-08-14 00:56:00
5a3ef97e-b,b7bc3943,shipped,2025-04-08 12:49:00,2025-04-08 13:34:00,2025-04-09 12:49:00,,2025-04-25 12:49:00
6026d27e-3,e4811065,delivered,2025-03-30 12:00:00,2025-03-30 14:33:00,2025-03-31 12:00:00,2025-04-07 12:00:00,2025-04-09 12:00:00
c5b511d1-9,0d7fa440,canceled,2025-03-03 13:25:00,,,,2025-03-18 13:25:00
c14c12ac-0,29dea18c,shipped,2025-11-16 11:54:00,2025-11-16 12:13:00,2025-11-18 11:54:00,,2025-11-29 11:54:00
3a40a03e-1,ebae7f71,delivered,2025-03-08 04:54:00,2025-03-08 05:56:00,2025-03-09 04:54:00,2025-03-22 04:54:00,2025-03-25 04:54:00
96e6a57f-c,d1eb230f,shipped,2025-01-07 22:20:00,2025-01-08 00:34:00,2025-01-08 22:20:00,,2025-01-26 22:20:00
7c08d6e1-9,e72039b9,canceled,2025-11-24 15:32:00,,,,2025-12-12 15:32:00
b15650db-3,ea185435,delivered,2025-08-10 19:24:00,2025-08-10 21:04:00,2025-08-12 19:24:00,2025-08-27 19:24:00,2025-08-29 19:24:00
d21d0f2b-d,36604118,delivered,2025-03-13 07:26:00,2025-03-13 09:48:00,2025-03-14 07:26:00,2025-03-31 07:26:00,2025-03-24 07:26:00
88dfca45-f,f6835a07,shipped,2025-11-07 22:48:00,2025-11-08 00:21:00,2025-11-09 22:48:00,,2025-11-27 22:48:00
59127972-5,608046a9,shipped,2025-06-01 11:55:00,2025-06-01 12:04:00,2025-06-02 11:55:00,,2025-06-17 11:55:00
bea667a8-c,699f1d23,delivered,2025-05-23 03:56:00,2025-05-23 06:45:00,2025-05-25 03:56:00,2025-06-09 03:56:00,2025-06-05 03:56:00
d7ecf732-c,194dc6c4,invoiced,2025-12-06 23:27:00,2025-12-07 01:31:00,,,2025-12-25 23:27:00
6290b7f2-2,1be5f126,delivered,2025-11-27 20:08:00,2025-11-27 20:26:00,2025-11-30 20:08:00,2025-12-04 20:08:00,2025-12-08 20:08:00
ea39e637-a,cc7a88d2,delivered,2025-08-28 17:11:00,2025-08-28 18:56:00,2025-08-29 17:11:00,2025-09-13 17:11:00,2025-09-08 17:11:00
2cb81ce1-2,3537e170,delivered,2025-04-07 23:59:00,2025-04-08 01:16:00,2025-04-08 23:59:00,2025-04-19 23:59:00,2025-04-19 23:59:00
8ba3aa4b-5,9aeddef8,delivered,2025-09-10 15:28:00,2025-09-10 16:19:00,2025-09-12 15:28:00,2025-09-26 15:28:00,2025-09-27 15:28:00
36931306-9,d1e95301,delivered,2025-04-06 02:06:00,2025-04-06 03:23:00,2025-04-09 02:06:00,2025-04-21 02:06:00,2025-04-20 02:06:00
9dad26b7-8,2f5f8846,delivered,2025-12-19 20:44:00,2025-12-19 23:19:00,2025-12-22 20:44:00,2026-01-01 20:44:00,2026-01-01 20:44:00
b5a9075b-f,ff7413b8,canceled,2025-05-06 21:37:00,,,,2025-05-18 21:37:00
6f3e6d1f-8,380c0fb2,delivered,2025-06-08 13:05:00,2025-06-08 14:57:00,2025-06-11 13:05:00,2025-07-04 13:05:00,2025-06-28 13:05:00
53c93c2c-1,fb9dcea7,canceled,2025-02-04 16:48:00,,,,2025-02-23 16:48:00
3f6a3ea9-b,86274aa3,invoiced,2025-04-26 18:20:00,2025-04-26 21:03:00,,,2025-05-10 18:20:00
2126cae6-c,c24f5b76,delivered,2025-11-20 10:40:00,2025-11-20 10:58:00,2025-11-21 10:40:00,2025-12-08 10:40:00,2025-12-09 10:40:00
ee8289c4-a,43173f01,delivered,2025-09-16 18:24:00,2025-09-16 19:59:00,2025-09-18 18:24:00,2025-10-09 18:24:00,2025-10-05 18:24:00
6c4e771b-9,3abf6e20,shipped,2025-11-27 03:01:00,2025-11-27 03:13:00,2025-11-28 03:01:00,,2025-12-11 03:01:00
e4ea7323-9,786e6800,delivered,2025-02-13 10:31:00,2025-02-13 11:58:00,2025-02-16 10:31:00,2025-02-24 10:31:00,2025-02-28 10:31:00
d354c5b4-4,311d094b,delivered,2025-08-16 03:40:00,2025-08-16 06:36:00,2025-08-17 03:40:00,2025-09-08 03:40:00,2025-09-05 03:40:00
3c1f86d5-b,b54d5fcd,delivered,2025-03-22 21:11:00,2025-03-22 23:19:00,2025-03-25 21:11:00,2025-04-10 21:11:00,2025-04-11 21:11:00
c50dab34-0,e6aa9f45,delivered,2025-08-22 03:37:00,2025-08-22 05:40:00,2025-08-23 03:37:00,2025-09-02 03:37:00,2025-09-06 03:37:00
871f064a-9,30e237f9,delivered,2025-08-26 11:43:00,2025-08-26 13:42:00,2025-08-29 11:43:00,2025-09-14 11:43:00,2025-09-12 11:43:00
60473503-8,8e324d8d,shipped,2025-09-04 10:03:00,2025-09-04 11:00:00,2025-09-07 10:03:00,,2025-09-15 10:03:00
b8c950b9-d,fceb24cf,delivered,2025-11-19 21:40:00,2025-11-19 22:31:00,2025-11-22 21:40:00,2025-12-06 21:40:00,2025-11-29 21:40:00
c86ae998-3,8062d9d9,delivered,2025-12-29 13:38:00,2025-12-29 15:50:00,2026-01-01 13:38:00,2026-01-14 13:38:00,2026-01-12 13:38:00
cfbdedcd-8,b61a1aa6,delivered,2025-07-19 13:32:00,2025-07-19 16:25:00,2025-07-20 13:32:00,2025-07-27 13:32:00,2025-07-29 13:32:00
5a1dbb68-d,23ca5d4e,canceled,2025-03-15 11:20:00,,,,2025-04-02 11:20:00
369e52cd-a,ead8ba46,delivered,2025-10-14 02:47:00,2025-10-14 03:06:00,2025-10-17 02:47:00,2025-10-28 02:47:00,2025-10-31 02:47:00
3c1b4e42-7,ef1f00d0,delivered,2025-08-01 23:43:00,2025-08-02 00:06:00,2025-08-02 23:43:00,2025-08-22 23:43:00,2025-08-21 23:43:00
3e076d75-b,51c334c4,delivered,2025-04-01 14:21:00,2025-04-01 16:06:00,2025-04-04 14:21:00,2025-04-14 14:21:00,2025-04-15 14:21:00
c25ef11f-0,01b2d692,delivered,2025-07-25 06:01:00,2025-07-25 06:21:00,2025-07-28 06:01:00,2025-08-08 06:01:00,2025-08-10 06:01:00
88ba5721-b,e6031c0e,delivered,2025-08-17 16:29:00,2025-08-17 19:19:00,2025-08-18 16:29:00,2025-09-08 16:29:00,2025-08-31 16:29:00
29fc8490-e,cac8b898,canceled,2025-11-20 07:38:00,,,,2025-12-06 07:38:00
6de5f9ff-a,bd7fd680,invoiced,2025-11-01 10:37:00,2025-11-01 13:01:00,,,2025-11-17 10:37:00
1eeee808-1,1acdd0e0,shipped,2025-10-27 22:49:00,2025-10-27 23:03:00,2025-10-29 22:49:00,,2025-11-07 22:49:00
9d0f3434-4,87bb7f7b,invoiced,2025-02-23 06:08:00,2025-02-23 07:53:00,,,2025-03-13 06:08:00
e1840322-b,d120ba31,delivered,2025-10-07 17:18:00,2025-10-07 17:42:00,2025-10-09 17:18:00,2025-10-26 17:18:00,2025-10-24 17:18:00
f2035e38-c,69ae1c93,delivered,2025-12-25 20:41:00,2025-12-25 22:21:00,2025-12-26 20:41:00,2026-01-13 20:41:00,2026-01-13 20:41:00
e1010a7c-b,7b1c2050,delivered,2025-07-05 04:44:00,2025-07-05 07:08:00,2025-07-07 04:44:00,2025-07-25 04:44:00,2025-07-23 04:44:00
f5b75e23-3,306a2859,invoiced,2026-01-01 05:38:00,2026-01-01 06:40:00,,,2026-01-14 05:38:00
9c64fa6f-e,5801e377,delivered,2025-07-11 23:57:00,2025-07-12 00:51:00,2025-07-13 23:57:00,2025-08-04 23:57:00,2025-07-30 23:57:00
474c00c2-5,c17bcb7b,delivered,2025-07-31 08:43:00,2025-07-31 10:20:00,2025-08-02 08:43:00,2025-08-12 08:43:00,2025-08-10 08:43:00
aa2fe9e0-7,2078ef07,canceled,2025-12-17 01:33:00,,,,2026-01-04 01:33:00
63a2b796-4,835aec20,invoiced,2025-06-29 00:47:00,2025-06-29 03:45:00,,,2025-07-14 00:47:00
81527484-7,2ac66224,shipped,2025-12-15 13:31:00,2025-12-15 16:08:00,2025-12-17 13:31:00,,2025-12-29 13:31:00
065171b9-8,aa12fbb4,shipped,2025-08-07 12:12:00,2025-08-07 13:55:00,2025-08-10 12:12:00,,2025-08-21 12:12:00
52fafb5e-f,b0c3a63c,delivered,2025-05-22 23:36:00,2025-05-23 01:25:00,2025-05-23 23:36:00,2025-06-06 23:36:00,2025-06-04 23:36:00
67737a24-4,73bc708d,shipped,2025-02-28 19:59:00,2025-02-28 20:23:00,2025-03-02 19:59:00,,2025-03-10 19:59:00
cc9f232e-c,311f4558,delivered,2025-06-10 01:20:00,2025-06-10 02:07:00,2025-06-11 01:20:00,2025-06-28 01:20:00,2025-06-29 01:20:00
2ffc4765-2,da96e5f5,shipped,2025-09-02 20:36:00,2025-09-02 22:30:00,2025-09-03 20:36:00,,2025-09-21 20:36:00
6072704e-4,a3638fed,delivered,2025-10-20 17:48:00,2025-10-20 19:14:00,2025-10-23 17:48:00,2025-11-04 17:48:00,2025-10-31 17:48:00
863f9552-7,231b5e20,delivered,2025-04-15 19:28:00,2025-04-15 22:18:00,2025-04-18 19:28:00,2025-05-03 19:28:00,2025-05-03 19:28:00
e9aa7f50-6,d50b355f,invoiced,2025-07-05 14:07:00,2025-07-05 15:14:00,,,2025-07-16 14:07:00
3c2d06b3-8,fd31f6db,delivered,2025-06-23 15:16:00,2025-06-23 17:23:00,2025-06-25 15:16:00,2025-07-09 15:16:00,2025-07-10 15:16:00
6c94bf51-8,ef13ded5,delivered,2025-08-16 11:24:00,2025-08-16 11:47:00,2025-08-19 11:24:00,2025-08-30 11:24:00,2025-08-27 11:24:00
165da42e-4,bce966e5,canceled,2025-01-15 01:20:00,,,,2025-02-03 01:20:00
e7e86826-b,b61a1aa6,delivered,2025-06-14 17:23:00,2025-06-14 18:40:00,2025-06-15 17:23:00,2025-07-05 17:23:00,2025-06-29 17:23:00
ef6c4572-a,b4dbe023,delivered,2025-12-03 23:55:00,2025-12-04 02:00:00,2025-12-04 23:55:00,2025-12-13 23:55:00,2025-12-15 23:55:00
a94ab82f-d,90971306,delivered,2025-04-14 11:56:00,2025-04-14 12:50:00,2025-04-17 11:56:00,2025-05-03 11:56:00,2025-04-29 11:56:00
1fddec1e-6,f023f4af,delivered,2025-09-26 15:35:00,2025-09-26 17:45:00,2025-09-29 15:35:00,2025-10-16 15:35:00,2025-10-11 15:35:00
ae2d4bf9-2,ad48725c,delivered,2025-08-06 07:03:00,2025-08-06 09:38:00,2025-08-08 07:03:00,2025-08-21 07:03:00,2025-08-23 07:03:00
e0c76a65-f,d7c7ffee,delivered,2025-10-19 15:42:00,2025-10-19 18:12:00,2025-10-21 15:42:00,2025-11-13 15:42:00,2025-11-06 15:42:00
aaa3d1c4-b,fe030422,delivered,2025-12-05 01:28:00,2025-12-05 02:08:00,2025-12-08 01:28:00,2025-12-18 01:28:00,2025-12-21 01:28:00
1b35fac2-b,8aed46e5,delivered,2025-05-29 12:15:00,2025-05-29 12:24:00,2025-05-31 12:15:00,2025-06-16 12:15:00,2025-06-17 12:15:00
c07d5b94-b,c7f87701,delivered,2025-04-15 18:35:00,2025-04-15 20:33:00,2025-04-16 18:35:00,2025-05-06 18:35:00,2025-04-29 18:35:00
fc3f7a0a-2,631eb0b1,canceled,2025-01-18 16:42:00,,,,2025-02-05 16:42:00
12d0d808-a,93f7a6b8,canceled,2025-10-09 00:23:00,,,,2025-10-22 00:23:00
21df6f7e-c,322667db,shipped,2025-04-22 19:23:00,2025-04-22 19:36:00,2025-04-24 19:23:00,,2025-05-02 19:23:00
cd1fa135-b,b8bea469,delivered,2025-02-03 04:34:00,2025-02-03 05:06:00,2025-02-05 04:34:00,2025-02-22 04:34:00,2025-02-19 04:34:00
d8113f69-3,9ba2d340,delivered,2025-04-25 14:36:00,2025-04-25 17:03:00,2025-04-26 14:36:00,2025-05-05 14:36:00,2025-05-06 14:36:00
6c41d6bc-6,c6cd5275,delivered,2025-12-16 16:13:00,2025-12-16 18:06:00,2025-12-19 16:13:00,2025-12-28 16:13:00,2025-12-27 16:13:00
6fb03df8-b,b9fa2634,delivered,2025-09-01 15:23:00,2025-09-01 16:57:00,2025-09-04 15:23:00,2025-09-18 15:23:00,2025-09-16 15:23:00
3a84bd8a-8,3c98f093,canceled,2025-03-08 11:00:00,,,,2025-03-22 11:00:00
ef91d7c4-f,f53c12c3,canceled,2025-11-11 23:32:00,,,,2025-11-29 23:32:00
13a3d1b6-1,b1ce534a,delivered,2025-03-19 06:21:00,2025-03-19 08:30:00,2025-03-22 06:21:00,2025-04-09 06:21:00,2025-04-02 06:21:00
d8b00092-e,305257ed,delivered,2025-01-09 09:05:00,2025-01-09 10:44:00,2025-01-10 09:05:00,2025-02-01 09:05:00,2025-01-26 09:05:00
57513100-6,bfaf0411,delivered,2025-11-19 12:27:00,2025-11-19 12:54:00,2025-11-20 12:27:00,2025-12-08 12:27:00,2025-12-09 12:27:00
455aac45-8,2666541a,invoiced,2025-06-09 10:35:00,2025-06-09 11:57:00,,,2025-06-19 10:35:00
d80f8fc2-2,835aec20,shipped,2025-06-07 19:15:00,2025-06-07 20:45:00,2025-06-09 19:15:00,,2025-06-27 19:15:00
6bb3c97b-1,03533e45,shipped,2025-04-22 12:18:00,2025-04-22 14:27:00,2025-04-23 12:18:00,,2025-05-04 12:18:00
e3064534-0,110ef9e6,shipped,2025-04-24 07:22:00,2025-04-24 07:43:00,2025-04-26 07:22:00,,2025-05-14 07:22:00
3aa7ebab-1,826c1f0c,invoiced,2025-12-30 13:25:00,2025-12-30 14:33:00,,,2026-01-19 13:25:00
09ad2d81-8,228cbc18,shipped,2025-01-10 08:44:00,2025-01-10 11:09:00,2025-01-13 08:44:00,,2025-01-26 08:44:00
40e52dca-9,77f2d320,delivered,2025-08-13 01:36:00,2025-08-13 04:09:00,2025-08-16 01:36:00,2025-08-28 01:36:00,2025-08-30 01:36:00
983e0f12-d,6bbe5122,shipped,2025-10-15 03:14:00,2025-10-15 03:23:00,2025-10-16 03:14:00,,2025-11-04 03:14:00
e809f539-8,cc2c0f15,delivered,2025-01-28 03:24:00,2025-01-28 04:33:00,2025-01-30 03:24:00,2025-02-12 03:24:00,2025-02-11 03:24:00
c7675210-8,3bdc5f45,delivered,2025-02-25 04:28:00,2025-02-25 06:16:00,2025-02-28 04:28:00,2025-03-17 04:28:00,2025-03-15 04:28:00
db4714cb-a,a26caffa,delivered,2025-11-24 18:19:00,2025-11-24 20:29:00,2025-11-26 18:19:00,2025-12-04 18:19:00,2025-12-09 18:19:00
230a69c7-3,5d5a72b7,delivered,2025-04-29 20:14:00,2025-04-29 20:41:00,2025-05-01 20:14:00,2025-05-12 20:14:00,2025-05-16 20:14:00
6b9a9950-b,e2c0fc8a,invoiced,2025-05-16 08:49:00,2025-05-16 09:20:00,,,2025-05-31 08:49:00
656d276c-e,109eaa04,delivered,2025-11-03 13:47:00,2025-11-03 16:24:00,2025-11-05 13:47:00,2025-11-17 13:47:00,2025-11-18 13:47:00
58498b0e-f,2e1cb7f5,delivered,2025-05-11 19:32:00,2025-05-11 21:41:00,2025-05-13 19:32:00,2025-05-18 19:32:00,2025-05-23 19:32:00
eba55f25-5,bc67aa69,delivered,2025-03-26 09:57:00,2025-03-26 10:46:00,2025-03-28 09:57:00,2025-04-16 09:57:00,2025-04-15 09:57:00
5710c1c4-e,3cc328ca,delivered,2025-05-19 00:50:00,2025-05-19 01:38:00,2025-05-21 00:50:00,2025-05-28 00:50:00,2025-05-30 00:50:00
b781218d-b,f2b3e39d,shipped,2025-04-12 04:52:00,2025-04-12 06:47:00,2025-04-15 04:52:00,,2025-04-24 04:52:00
2bf5b1be-b,8a0177de,delivered,2025-05-20 04:55:00,2025-05-20 07:40:00,2025-05-22 04:55:00,2025-06-09 04:55:00,2025-06-01 04:55:00
0cb94b53-8,a7191243,delivered,2025-09-19 08:41:00,2025-09-19 11:00:00,2025-09-20 08:41:00,2025-10-01 08:41:00,2025-09-29 08:41:00
d9254380-6,181085e5,canceled,2025-12-06 05:42:00,,,,2025-12-25 05:42:00
63ade697-e,5fb642d4,delivered,2025-07-28 15:10:00,2025-07-28 17:10:00,2025-07-29 15:10:00,2025-08-07 15:10:00,2025-08-10 15:10:00
fb86f497-8,941941d3,shipped,2025-09-18 03:37:00,2025-09-18 06:24:00,2025-09-20 03:37:00,,2025-10-04 03:37:00
69d92506-b,723b6a03,canceled,2025-03-19 18:18:00,,,,2025-04-02 18:18:00
74d2f933-7,f153fda0,delivered,2025-11-23 15:10:00,2025-11-23 16:58:00,2025-11-25 15:10:00,2025-12-10 15:10:00,2025-12-11 15:10:00
b0d36fd0-9,6b2684bd,delivered,2025-08-13 20:32:00,2025-08-13 21:30:00,2025-08-14 20:32:00,2025-08-21 20:32:00,2025-08-23 20:32:00
39276f8d-9,4c2aa869,delivered,2025-11-02 00:21:00,2025-11-02 01:28:00,2025-11-04 00:21:00,2025-11-10 00:21:00,2025-11-12 00:21:00
72dfe611-0,1ed7b52a,canceled,2025-02-19 16:01:00,,,,2025-03-02 16:01:00
76ecdb39-9,d120ba31,delivered,2025-03-11 17:03:00,2025-03-11 17:38:00,2025-03-14 17:03:00,2025-03-27 17:03:00,2025-03-24 17:03:00
492b8a8a-6,220d8c84,invoiced,2025-12-09 07:36:00,2025-12-09 09:44:00,,,2025-12-27 07:36:00
9ccf7585-5,0ed1d17a,shipped,2025-08-04 05:15:00,2025-08-04 06:57:00,2025-08-06 05:15:00,,2025-08-14 05:15:00
6d55c51c-7,a5b047d2,invoiced,2025-09-11 17:40:00,2025-09-11 20:19:00,,,2025-09-23 17:40:00
10962455-7,0d33327a,delivered,2025-05-06 10:02:00,2025-05-06 11:53:00,2025-05-07 10:02:00,2025-05-12 10:02:00,2025-05-17 10:02:00
b333ea1e-f,46ac43b1,delivered,2025-11-30 00:25:00,2025-11-30 01:04:00,2025-12-03 00:25:00,2025-12-22 00:25:00,2025-12-19 00:25:00
f624b1e5-9,bf04e246,invoiced,2025-08-05 16:25:00,2025-08-05 18:17:00,,,2025-08-20 16:25:00
51fe9b23-c,0bf088c1,invoiced,2025-12-11 05:07:00,2025-12-11 06:26:00,,,2025-12-21 05:07:00
1cf07ebc-6,ed37d3dd,delivered,2025-02-12 08:48:00,2025-02-12 09:43:00,2025-02-15 08:48:00,2025-02-20 08:48:00,2025-02-22 08:48:00
9cd05add-0,ad4c59c5,delivered,2025-01-21 15:00:00,2025-01-21 17:46:00,2025-01-22 15:00:00,2025-02-09 15:00:00,2025-02-10 15:00:00
98490255-e,b193a424,shipped,2025-10-01 16:39:00,2025-10-01 17:27:00,2025-10-02 16:39:00,,2025-10-14 16:39:00
66fa457a-8,4b94943b,invoiced,2025-04-17 05:08:00,2025-04-17 07:40:00,,,2025-05-04 05:08:00
feedc291-c,a9e939cf,shipped,2025-12-10 21:15:00,2025-12-10 23:40:00,2025-12-13 21:15:00,,2025-12-24 21:15:00
fc49126b-b,970c3a1c,delivered,2025-06-09 11:38:00,2025-06-09 12:51:00,2025-06-11 11:38:00,2025-06-22 11:38:00,2025-06-27 11:38:00
2eac1bd7-0,6cc0eeea,delivered,2025-07-30 19:53:00,2025-07-30 22:11:00,2025-07-31 19:53:00,2025-08-24 19:53:00,2025-08-16 19:53:00
39672865-d,72134180,delivered,2025-10-04 15:23:00,2025-10-04 15:37:00,2025-10-05 15:23:00,2025-10-27 15:23:00,2025-10-21 15:23:00
1e980deb-4,1c6d3623,invoiced,2025-03-16 03:40:00,2025-03-16 04:04:00,,,2025-03-29 03:40:00
f78d8e19-7,fef4392b,delivered,2025-05-16 00:07:00,2025-05-16 00:24:00,2025-05-17 00:07:00,2025-05-31 00:07:00,2025-05-30 00:07:00
2fa1b9a9-7,687444f4,delivered,2025-08-11 05:11:00,2025-08-11 06:54:00,2025-08-12 05:11:00,2025-09-04 05:11:00,2025-08-31 05:11:00
d553eae2-f,c4e2a10e,invoiced,2025-04-27 07:07:00,2025-04-27 08:49:00,,,2025-05-08 07:07:00
90522957-7,6935f132,delivered,2025-12-20 14:07:00,2025-12-20 16:46:00,2025-12-23 14:07:00,2026-01-03 14:07:00,2026-01-03 14:07:00
d9103889-2,aa96a9f0,canceled,2025-10-21 11:01:00,,,,2025-11-08 11:01:00
7b467087-1,0b09fc06,delivered,2025-08-14 07:40:00,2025-08-14 09:16:00,2025-08-15 07:40:00,2025-08-28 07:40:00,2025-08-30 07:40:00
a17247fa-4,f9577a55,delivered,2025-02-26 07:41:00,2025-02-26 07:53:00,2025-02-27 07:41:00,2025-03-17 07:41:00,2025-03-10 07:41:00
a77d3d4a-b,76e0c751,delivered,2025-08-14 14:18:00,2025-08-14 14:43:00,2025-08-17 14:18:00,2025-09-01 14:18:00,2025-08-28 14:18:00
ceb7e352-4,0974ce47,delivered,2025-12-16 19:59:00,2025-12-16 22:42:00,2025-12-18 19:59:00,2026-01-12 19:59:00,2026-01-05 19:59:00
40d85f15-3,2e2fb92b,shipped,2025-12-27 16:38:00,2025-12-27 17:12:00,2025-12-29 16:38:00,,2026-01-14 16:38:00
a4f24eee-1,5a24ac91,delivered,2025-05-30 22:51:00,2025-05-31 01:04:00,2025-06-01 22:51:00,2025-06-13 22:51:00,2025-06-14 22:51:00
542379ac-2,5586b175,shipped,2025-01-01 21:26:00,2025-01-01 23:13:00,2025-01-04 21:26:00,,2025-01-16 21:26:00
b5f954be-2,3bb67932,delivered,2025-05-11 00:57:00,2025-05-11 01:33:00,2025-05-14 00:57:00,2025-05-24 00:57:00,2025-05-22 00:57:00
32410e57-9,138b8bdd,delivered,2025-12-11 04:28:00,2025-12-11 05:27:00,2025-12-14 04:28:00,2026-01-01 04:28:00,2025-12-24 04:28:00
646efc9c-4,f67dc5fe,delivered,2025-05-06 10:30:00,2025-05-06 13:05:00,2025-05-08 10:30:00,2025-05-29 10:30:00,2025-05-21 10:30:00
4532ca42-7,7413be7b,invoiced,2025-03-08 12:46:00,2025-03-08 13:05:00,,,2025-03-25 12:46:00
2175f03c-6,aea358ee,delivered,2025-05-19 22:11:00,2025-05-19 23:33:00,2025-05-22 22:11:00,2025-06-07 22:11:00,2025-05-30 22:11:00
3003df4e-8,adfb991d,delivered,2025-05-21 16:09:00,2025-05-21 16:46:00,2025-05-22 16:09:00,2025-06-05 16:09:00,2025-05-31 16:09:00
0fd6d58c-7,476ef5c3,delivered,2025-07-24 01:14:00,2025-07-24 03:31:00,2025-07-27 01:14:00,2025-08-04 01:14:00,2025-08-08 01:14:00
8250216d-8,9765d9e4,delivered,2025-03-17 02:54:00,2025-03-17 05:05:00,2025-03-19 02:54:00,2025-04-01 02:54:00,2025-04-02 02:54:00
8934ca8b-6,50daba29,invoiced,2025-06-11 00:27:00,2025-06-11 00:40:00,,,2025-06-26 00:27:00
efda4393-e,5e4874a9,delivered,2025-04-25 20:43:00,2025-04-25 22:02:00,2025-04-28 20:43:00,2025-05-17 20:43:00,2025-05-11 20:43:00
ab114f47-c,7168bb4b,delivered,2025-10-23 21:47:00,2025-10-23 23:14:00,2025-10-25 21:47:00,2025-11-03 21:47:00,2025-11-08 21:47:00
06b0f271-6,bda61991,invoiced,2025-05-23 20:18:00,2025-05-23 22:28:00,,,2025-06-06 20:18:00
7aaa8ac1-5,941b42b8,delivered,2025-08-10 19:30:00,2025-08-10 19:43:00,2025-08-11 19:30:00,2025-08-31 19:30:00,2025-08-30 19:30:00
cf385106-9,aa96a9f0,invoiced,2025-12-26 15:51:00,2025-12-26 17:17:00,,,2026-01-05 15:51:00
742e601c-6,0937291b,shipped,2025-06-17 19:25:00,2025-06-17 21:52:00,2025-06-20 19:25:00,,2025-07-04 19:25:00
6578ea4e-3,6e633b28,delivered,2025-12-03 11:02:00,2025-12-03 13:40:00,2025-12-05 11:02:00,2025-12-24 11:02:00,2025-12-20 11:02:00
4a92b7fc-0,80337d04,shipped,2025-01-26 12:13:00,2025-01-26 14:53:00,2025-01-29 12:13:00,,2025-02-15 12:13:00
fbc991cd-9,88e6fdca,invoiced,2025-12-20 23:46:00,2025-12-21 02:33:00,,,2026-01-05 23:46:00
4d7bfc72-c,3ffb74e7,shipped,2025-09-30 23:47:00,2025-10-01 02:39:00,2025-10-01 23:47:00,,2025-10-16 23:47:00
8857cb64-1,8ad820e0,delivered,2025-11-05 04:56:00,2025-11-05 07:22:00,2025-11-06 04:56:00,2025-11-15 04:56:00,2025-11-17 04:56:00
9ea0031e-f,83b38697,delivered,2025-01-02 22:45:00,2025-01-02 23:44:00,2025-01-05 22:45:00,2025-01-24 22:45:00,2025-01-17 22:45:00
65eab05c-9,0d8abd39,delivered,2025-12-01 22:31:00,2025-12-01 23:24:00,2025-12-02 22:31:00,2025-12-14 22:31:00,2025-12-14 22:31:00
ed9202ac-9,ebdd5cbf,delivered,2025-03-19 00:38:00,2025-03-19 01:47:00,2025-03-20 00:38:00,2025-03-31 00:38:00,2025-03-29 00:38:00
4db917f3-c,b353f0ef,delivered,2025-11-13 22:39:00,2025-11-13 23:57:00,2025-11-14 22:39:00,2025-11-23 22:39:00,2025-11-28 22:39:00
74291b00-3,db2c2358,delivered,2025-11-08 22:38:00,2025-11-08 23:40:00,2025-11-10 22:38:00,2025-11-27 22:38:00,2025-11-22 22:38:00
b23b7dcd-c,e20a714d,invoiced,2025-02-06 04:37:00,2025-02-06 05:20:00,,,2025-02-17 04:37:00
2a35bfd7-c,bdf833a6,delivered,2025-01-26 03:01:00,2025-01-26 05:07:00,2025-01-28 03:01:00,2025-02-08 03:01:00,2025-02-08 03:01:00
563b1628-9,3c6ebf2a,invoiced,2025-03-06 05:14:00,2025-03-06 06:02:00,,,2025-03-16 05:14:00
d78144f6-2,32badae5,invoiced,2025-10-22 09:13:00,2025-10-22 11:47:00,,,2025-11-02 09:13:00
2b230501-7,578e24c9,shipped,2025-04-16 15:39:00,2025-04-16 16:27:00,2025-04-17 15:39:00,,2025-04-29 15:39:00
f40e1643-3,6446b465,delivered,2025-02-04 11:06:00,2025-02-04 13:50:00,2025-02-05 11:06:00,2025-02-17 11:06:00,2025-02-15 11:06:00
8ad9c7d6-0,d149a1bb,delivered,2025-08-16 20:17:00,2025-08-16 23:08:00,2025-08-18 20:17:00,2025-09-01 20:17:00,2025-08-29 20:17:00
74a2a4fc-7,d769d23f,delivered,2025-07-22 05:19:00,2025-07-22 06:57:00,2025-07-24 05:19:00,2025-07-31 05:19:00,2025-08-05 05:19:00
30bb7672-9,353a5a76,delivered,2025-06-14 20:32:00,2025-06-14 22:49:00,2025-06-15 20:32:00,2025-06-26 20:32:00,2025-06-27 20:32:00
f40320fc-1,7d6f29ee,shipped,2025-11-30 23:14:00,2025-12-01 01:31:00,2025-12-02 23:14:00,,2025-12-10 23:14:00
e1771dc7-d,ef13ded5,delivered,2025-07-01 07:29:00,2025-07-01 07:51:00,2025-07-03 07:29:00,2025-07-24 07:29:00,2025-07-17 07:29:00
9c4953c1-4,6516653f,delivered,2025-01-09 12:26:00,2025-01-09 14:17:00,2025-01-12 12:26:00,2025-01-21 12:26:00,2025-01-26 12:26:00
270143f0-a,51c334c4,invoiced,2025-02-05 22:27:00,2025-02-05 22:55:00,,,2025-02-16 22:27:00
9ef72c46-b,e64883a2,invoiced,2025-04-21 15:36:00,2025-04-21 18:22:00,,,2025-05-11 15:36:00
76b9ab38-7,ccab290b,delivered,2025-07-09 16:08:00,2025-07-09 16:24:00,2025-07-11 16:08:00,2025-07-28 16:08:00,2025-07-21 16:08:00
667a8ed5-1,36e965f3,delivered,2025-08-09 17:17:00,2025-08-09 19:24:00,2025-08-10 17:17:00,2025-08-21 17:17:00,2025-08-21 17:17:00
b410961d-c,96f5d311,delivered,2025-04-23 12:51:00,2025-04-23 14:48:00,2025-04-26 12:51:00,2025-05-09 12:51:00,2025-05-13 12:51:00
5c66198b-2,e6aa9f45,delivered,2025-10-08 21:38:00,2025-10-08 21:48:00,2025-10-09 21:38:00,2025-10-29 21:38:00,2025-10-23 21:38:00
fd0471b5-5,d21dc5d3,canceled,2025-10-03 02:52:00,,,,2025-10-20 02:52:00
3ec62b97-3,437602f6,canceled,2025-07-05 02:57:00,,,,2025-07-20 02:57:00
309bc433-e,d19fce9f,invoiced,2025-06-11 19:47:00,2025-06-11 22:24:00,,,2025-07-01 19:47:00
4cd755cd-5,6516653f,delivered,2025-11-19 17:03:00,2025-11-19 18:47:00,2025-11-22 17:03:00,2025-12-01 17:03:00,2025-12-06 17:03:00
51ffc31d-d,19c99d65,delivered,2025-09-23 08:00:00,2025-09-23 08:17:00,2025-09-24 08:00:00,2025-10-02 08:00:00,2025-10-03 08:00:00
a6135b8d-1,1ff9acb2,shipped,2025-08-25 12:33:00,2025-08-25 13:32:00,2025-08-27 12:33:00,,2025-09-12 12:33:00
4dab1bdb-0,a90a5984,invoiced,2025-05-25 12:27:00,2025-05-25 13:06:00,,,2025-06-09 12:27:00
f27a452d-e,f8de208e,delivered,2025-02-10 02:32:00,2025-02-10 03:05:00,2025-02-11 02:32:00,2025-02-26 02:32:00,2025-03-02 02:32:00
bcf00741-2,b7bc3943,delivered,2025-11-05 00:19:00,2025-11-05 01:25:00,2025-11-06 00:19:00,2025-11-15 00:19:00,2025-11-20 00:19:00
e6ff6176-7,2c7503e1,delivered,2025-09-04 15:54:00,2025-09-04 18:48:00,2025-09-06 15:54:00,2025-09-25 15:54:00,2025-09-17 15:54:00
a2a99201-b,723b6a03,delivered,2025-07-25 15:03:00,2025-07-25 15:49:00,2025-07-27 15:03:00,2025-08-09 15:03:00,2025-08-08 15:03:00
631010fe-3,6327ad58,delivered,2025-05-25 11:48:00,2025-05-25 14:37:00,2025-05-28 11:48:00,2025-06-20 11:48:00,2025-06-13 11:48:00
cef3185a-4,db3515bc,invoiced,2025-02-04 02:54:00,2025-02-04 04:00:00,,,2025-02-21 02:54:00
19e96ff3-4,ccc2b6ec,canceled,2025-11-01 22:10:00,,,,2025-11-20 22:10:00
c053b488-0,68600fef,invoiced,2025-06-03 16:58:00,2025-06-03 19:30:00,,,2025-06-17 16:58:00
defd4472-7,72134180,delivered,2025-07-27 07:56:00,2025-07-27 10:29:00,2025-07-28 07:56:00,2025-08-22 07:56:00,2025-08-16 07:56:00
339ad61d-0,57e9d958,delivered,2025-07-23 21:40:00,2025-07-24 00:37:00,2025-07-25 21:40:00,2025-08-15 21:40:00,2025-08-08 21:40:00
8e7f585d-c,204b32cd,delivered,2025-05-08 08:54:00,2025-05-08 09:36:00,2025-05-10 08:54:00,2025-05-23 08:54:00,2025-05-19 08:54:00
6fd92452-1,eec3f5a1,delivered,2025-06-06 14:27:00,2025-06-06 16:29:00,2025-06-08 14:27:00,2025-06-28 14:27:00,2025-06-22 14:27:00
ffac0069-8,86aaceb2,canceled,2025-11-29 19:13:00,,,,2025-12-10 19:13:00
f441778d-b,64c98a13,shipped,2025-07-01 13:48:00,2025-07-01 15:47:00,2025-07-03 13:48:00,,2025-07-20 13:48:00
4ddb4058-8,4f389b6b,canceled,2025-08-01 15:02:00,,,,2025-08-21 15:02:00
b887c69c-6,3c98f093,invoiced,2025-02-26 08:02:00,2025-02-26 09:37:00,,,2025-03-15 08:02:00
f272f067-a,ce264ea4,delivered,2025-05-12 19:18:00,2025-05-12 19:32:00,2025-05-15 19:18:00,2025-06-06 19:18:00,2025-05-31 19:18:00
9859b64a-e,78c8c07e,canceled,2025-04-21 15:16:00,,,,2025-05-05 15:16:00
f31215c4-7,db2d654e,delivered,2025-04-18 07:52:00,2025-04-18 09:23:00,2025-04-21 07:52:00,2025-04-29 07:52:00,2025-05-02 07:52:00
848d2100-f,06a23b3e,invoiced,2025-01-06 21:28:00,2025-01-06 22:14:00,,,2025-01-23 21:28:00
59881753-f,6e9f8af2,delivered,2025-03-22 23:56:00,2025-03-23 02:46:00,2025-03-24 23:56:00,2025-04-02 23:56:00,2025-04-07 23:56:00
bed1705e-9,7ced49b0,canceled,2025-06-06 08:34:00,,,,2025-06-18 08:34:00
85f82907-d,6a59b1c7,delivered,2025-11-05 12:51:00,2025-11-05 13:22:00,2025-11-07 12:51:00,2025-11-18 12:51:00,2025-11-20 12:51:00
4676b037-e,2a3f7e04,delivered,2025-08-04 09:36:00,2025-08-04 09:57:00,2025-08-07 09:36:00,2025-08-16 09:36:00,2025-08-15 09:36:00
7be77a64-5,48e771df,delivered,2025-11-07 05:22:00,2025-11-07 05:36:00,2025-11-08 05:22:00,2025-11-27 05:22:00,2025-11-23 05:22:00
831d4b9e-8,5e3b59fa,shipped,2025-03-14 06:03:00,2025-03-14 08:10:00,2025-03-17 06:03:00,,2025-03-24 06:03:00
36dbe371-6,0de50958,delivered,2025-03-14 06:49:00,2025-03-14 08:56:00,2025-03-16 06:49:00,2025-03-24 06:49:00,2025-03-27 06:49:00
11365777-6,d9afeedd,delivered,2025-12-11 18:40:00,2025-12-11 20:15:00,2025-12-14 18:40:00,2025-12-26 18:40:00,2025-12-30 18:40:00
227f0be3-f,f3362ca7,delivered,2025-02-04 03:34:00,2025-02-04 04:18:00,2025-02-07 03:34:00,2025-02-25 03:34:00,2025-02-21 03:34:00
242748c1-4,32badae5,delivered,2025-11-05 12:27:00,2025-11-05 15:26:00,2025-11-07 12:27:00,2025-11-29 12:27:00,2025-11-25 12:27:00
229c071e-c,947b223f,delivered,2025-09-04 11:56:00,2025-09-04 14:54:00,2025-09-07 11:56:00,2025-09-15 11:56:00,2025-09-18 11:56:00
3d3fcb20-9,439d72d9,delivered,2025-11-18 17:40:00,2025-11-18 19:08:00,2025-11-19 17:40:00,2025-11-26 17:40:00,2025-12-01 17:40:00
28f6b081-d,cab06615,delivered,2025-02-08 12:10:00,2025-02-08 13:46:00,2025-02-09 12:10:00,2025-02-23 12:10:00,2025-02-23 12:10:00
8318d85d-f,d50b355f,canceled,2025-06-06 21:49:00,,,,2025-06-24 21:49:00
d90869e2-d,94c4283d,delivered,2025-12-29 15:37:00,2025-12-29 16:43:00,2026-01-01 15:37:00,2026-01-21 15:37:00,2026-01-16 15:37:00
44619b7a-9,adfb991d,delivered,2025-03-26 16:31:00,2025-03-26 18:38:00,2025-03-28 16:31:00,2025-04-19 16:31:00,2025-04-12 16:31:00
d297740d-4,590a0e2f,invoiced,2025-03-26 19:24:00,2025-03-26 22:07:00,,,2025-04-11 19:24:00
7f5f2691-c,aa96a9f0,shipped,2025-01-26 04:01:00,2025-01-26 05:19:00,2025-01-27 04:01:00,,2025-02-09 04:01:00
a3495830-7,4eb5cb0e,invoiced,2025-05-24 07:50:00,2025-05-24 08:58:00,,,2025-06-10 07:50:00
9ad9cee4-d,a6f23722,delivered,2025-04-24 11:20:00,2025-04-24 11:32:00,2025-04-25 11:20:00,2025-05-11 11:20:00,2025-05-13 11:20:00
2cf62f58-9,476ef5c3,delivered,2025-07-09 12:28:00,2025-07-09 13:30:00,2025-07-10 12:28:00,2025-07-24 12:28:00,2025-07-22 12:28:00
f336ec5e-3,9b2020b4,shipped,2025-04-08 02:57:00,2025-04-08 04:57:00,2025-04-10 02:57:00,,2025-04-24 02:57:00
a0c97acb-7,3c98f093,invoiced,2025-11-21 21:02:00,2025-11-21 21:28:00,,,2025-12-01 21:02:00
a4504122-e,27e4eb02,invoiced,2025-03-22 05:46:00,2025-03-22 08:44:00,,,2025-04-05 05:46:00
a5e1a1f9-c,8e324d8d,delivered,2025-12-21 18:27:00,2025-12-21 20:15:00,2025-12-22 18:27:00,2026-01-07 18:27:00,2026-01-02 18:27:00
2104a8ed-9,83e84140,canceled,2025-01-22 08:53:00,,,,2025-02-08 08:53:00
3e4b19f9-f,181085e5,delivered,2025-06-23 01:05:00,2025-06-23 02:30:00,2025-06-26 01:05:00,2025-07-02 01:05:00,2025-07-06 01:05:00
f6418891-8,4d4d9779,invoiced,2025-03-19 15:25:00,2025-03-19 18:03:00,,,2025-04-01 15:25:00
6d469a85-c,690b81a8,invoiced,2025-06-17 08:58:00,2025-06-17 11:11:00,,,2025-07-02 08:58:00
cb044049-2,049469e9,delivered,2025-06-08 12:55:00,2025-06-08 14:06:00,2025-06-09 12:55:00,2025-06-28 12:55:00,2025-06-24 12:55:00
656bdec0-9,85686a97,delivered,2025-09-13 03:50:00,2025-09-13 04:24:00,2025-09-15 03:50:00,2025-10-04 03:50:00,2025-10-01 03:50:00
aab9840f-0,bd7b5c5e,invoiced,2025-06-19 11:58:00,2025-06-19 14:08:00,,,2025-06-29 11:58:00
e853b801-e,6216346b,delivered,2025-05-19 23:18:00,2025-05-19 23:46:00,2025-05-21 23:18:00,2025-06-08 23:18:00,2025-06-02 23:18:00
2686de7e-f,cebc5bdb,delivered,2025-09-29 17:03:00,2025-09-29 18:36:00,2025-09-30 17:03:00,2025-10-10 17:03:00,2025-10-10 17:03:00
7e6d5b34-5,3b08798e,delivered,2025-11-13 14:02:00,2025-11-13 15:22:00,2025-11-14 14:02:00,2025-11-23 14:02:00,2025-11-27 14:02:00
bc86fadf-7,1deecdcb,delivered,2025-12-04 17:05:00,2025-12-04 19:02:00,2025-12-07 17:05:00,2025-12-09 17:05:00,2025-12-14 17:05:00
77b5cc8f-9,86aaceb2,delivered,2025-03-20 21:59:00,2025-03-20 23:01:00,2025-03-23 21:59:00,2025-04-16 21:59:00,2025-04-09 21:59:00
df0c9d75-5,1ff9acb2,delivered,2025-08-24 02:20:00,2025-08-24 02:34:00,2025-08-25 02:20:00,2025-09-11 02:20:00,2025-09-10 02:20:00
0da96e87-4,8f11d974,delivered,2025-08-18 15:35:00,2025-08-18 16:44:00,2025-08-19 15:35:00,2025-09-04 15:35:00,2025-09-05 15:35:00
3534101b-f,353a5a76,delivered,2025-10-28 03:16:00,2025-10-28 04:13:00,2025-10-29 03:16:00,2025-11-21 03:16:00,2025-11-17 03:16:00
2811c833-a,ee246dc9,delivered,2025-08-05 14:58:00,2025-08-05 16:14:00,2025-08-08 14:58:00,2025-08-18 14:58:00,2025-08-15 14:58:00
ac741f76-3,bb84554c,shipped,2025-05-18 09:44:00,2025-05-18 11:48:00,2025-05-21 09:44:00,,2025-06-03 09:44:00
52053ec5-3,bd7b5c5e,invoiced,2025-03-26 10:48:00,2025-03-26 12:36:00,,,2025-04-07 10:48:00
fe1b3dc1-c,09497254,delivered,2025-03-18 11:31:00,2025-03-18 14:24:00,2025-03-19 11:31:00,2025-04-06 11:31:00,2025-03-29 11:31:00
044e819c-2,94c4283d,delivered,2025-08-23 01:14:00,2025-08-23 02:54:00,2025-08-25 01:14:00,2025-09-11 01:14:00,2025-09-11 01:14:00
7d54363f-4,30f8b988,shipped,2025-07-27 11:34:00,2025-07-27 13:20:00,2025-07-30 11:34:00,,2025-08-09 11:34:00
795f4250-0,3affcdfa,delivered,2025-04-07 04:51:00,2025-04-07 05:11:00,2025-04-10 04:51:00,2025-04-16 04:51:00,2025-04-19 04:51:00
48bb4913-6,7e949ebd,delivered,2025-01-10 19:28:00,2025-01-10 21:56:00,2025-01-12 19:28:00,2025-01-31 19:28:00,2025-01-23 19:28:00
bc40c599-6,322667db,delivered,2025-06-15 17:18:00,2025-06-15 19:34:00,2025-06-17 17:18:00,2025-07-06 17:18:00,2025-06-28 17:18:00
205a1ad4-e,b149737e,delivered,2025-04-26 22:51:00,2025-04-27 00:16:00,2025-04-29 22:51:00,2025-05-07 22:51:00,2025-05-12 22:51:00
b2d6dac4-5,f737dc03,delivered,2025-08-29 11:39:00,2025-08-29 11:45:00,2025-08-31 11:39:00,2025-09-14 11:39:00,2025-09-12 11:39:00
f26451bc-a,d4d13e12,delivered,2025-09-08 20:33:00,2025-09-08 23:05:00,2025-09-09 20:33:00,2025-09-28 20:33:00,2025-09-20 20:33:00
9167929a-3,b2a44275,canceled,2025-01-26 03:57:00,,,,2025-02-14 03:57:00
684b5da3-f,72b1393d,delivered,2025-10-05 16:49:00,2025-10-05 16:54:00,2025-10-08 16:49:00,2025-10-16 16:49:00,2025-10-19 16:49:00
99688868-2,15b7a55a,invoiced,2025-01-02 14:10:00,2025-01-02 15:43:00,,,2025-01-17 14:10:00
58ce3dcc-c,615835e0,delivered,2025-06-13 11:57:00,2025-06-13 12:16:00,2025-06-14 11:57:00,2025-06-26 11:57:00,2025-06-26 11:57:00
b17eb954-9,3b08798e,delivered,2025-12-11 11:00:00,2025-12-11 12:37:00,2025-12-12 11:00:00,2026-01-01 11:00:00,2025-12-24 11:00:00
83744149-e,0543041b,delivered,2025-02-17 09:06:00,2025-02-17 09:43:00,2025-02-18 09:06:00,2025-03-01 09:06:00,2025-02-27 09:06:00
1244d8f6-c,ef7d6801,delivered,2025-08-08 18:38:00,2025-08-08 19:37:00,2025-08-09 18:38:00,2025-08-22 18:38:00,2025-08-20 18:38:00
a38694d9-c,723b6a03,delivered,2025-08-18 07:32:00,2025-08-18 09:36:00,2025-08-21 07:32:00,2025-08-26 07:32:00,2025-08-31 07:32:00
c5181016-1,3535e4bf,delivered,2025-01-27 11:26:00,2025-01-27 12:21:00,2025-01-29 11:26:00,2025-02-08 11:26:00,2025-02-06 11:26:00
e6afd8d3-5,e77d3d5b,shipped,2025-06-02 19:05:00,2025-06-02 19:45:00,2025-06-05 19:05:00,,2025-06-17 19:05:00
a8963003-9,431d2d03,delivered,2025-04-08 13:19:00,2025-04-08 14:17:00,2025-04-10 13:19:00,2025-04-28 13:19:00,2025-04-23 13:19:00
12522c10-6,ccd6af49,shipped,2025-05-24 11:26:00,2025-05-24 13:52:00,2025-05-25 11:26:00,,2025-06-08 11:26:00
3aa7d2f8-7,0251d63d,canceled,2025-04-30 20:59:00,,,,2025-05-11 20:59:00
eb22f502-1,630bd170,delivered,2025-12-11 01:08:00,2025-12-11 02:03:00,2025-12-12 01:08:00,2025-12-22 01:08:00,2025-12-25 01:08:00
088f3681-e,aaa7b951,delivered,2025-03-16 10:01:00,2025-03-16 12:42:00,2025-03-19 10:01:00,2025-04-02 10:01:00,2025-04-05 10:01:00
3a8c8fb8-4,7ced49b0,delivered,2025-08-08 16:19:00,2025-08-08 18:23:00,2025-08-09 16:19:00,2025-08-30 16:19:00,2025-08-25 16:19:00
191c390a-a,56730f82,shipped,2025-08-03 13:12:00,2025-08-03 15:02:00,2025-08-06 13:12:00,,2025-08-13 13:12:00
2bf52770-6,d1e95301,delivered,2025-04-14 06:56:00,2025-04-14 07:12:00,2025-04-17 06:56:00,2025-04-26 06:56:00,2025-05-01 06:56:00
cb5500e7-a,01b229c3,canceled,2025-12-18 14:23:00,,,,2025-12-29 14:23:00
41050592-8,5554ee5d,canceled,2025-11-17 20:53:00,,,,2025-12-03 20:53:00
0168afd0-5,1e4bf560,shipped,2025-10-21 12:00:00,2025-10-21 12:08:00,2025-10-23 12:00:00,,2025-11-06 12:00:00
4ef2c01d-a,fd10b577,shipped,2025-12-11 08:24:00,2025-12-11 09:51:00,2025-12-14 08:24:00,,2025-12-21 08:24:00
57619ecc-9,5a3bb68a,canceled,2025-11-09 19:50:00,,,,2025-11-26 19:50:00
bfa05f07-4,b9011251,delivered,2025-10-10 18:02:00,2025-10-10 19:16:00,2025-10-13 18:02:00,2025-10-21 18:02:00,2025-10-23 18:02:00
fd05a61b-3,2540f4a9,delivered,2025-07-18 01:11:00,2025-07-18 01:41:00,2025-07-19 01:11:00,2025-08-03 01:11:00,2025-07-29 01:11:00
306f769a-d,e64883a2,invoiced,2025-12-26 06:28:00,2025-12-26 08:47:00,,,2026-01-07 06:28:00
51dc25ab-6,fd31f6db,delivered,2025-10-04 20:06:00,2025-10-04 21:11:00,2025-10-07 20:06:00,2025-10-19 20:06:00,2025-10-21 20:06:00
678c69a0-b,014dd382,delivered,2025-07-18 04:17:00,2025-07-18 06:25:00,2025-07-21 04:17:00,2025-08-05 04:17:00,2025-08-06 04:17:00
69ab0916-3,13c08d7a,delivered,2025-08-11 04:02:00,2025-08-11 06:22:00,2025-08-13 04:02:00,2025-08-23 04:02:00,2025-08-21 04:02:00
ce8d3e75-5,c7f87701,delivered,2025-05-31 13:24:00,2025-05-31 14:04:00,2025-06-01 13:24:00,2025-06-23 13:24:00,2025-06-19 13:24:00
61917afd-9,57236085,delivered,2025-06-11 10:42:00,2025-06-11 12:03:00,2025-06-12 10:42:00,2025-06-25 10:42:00,2025-06-25 10:42:00
430465cb-7,a4b3b449,delivered,2025-08-26 05:08:00,2025-08-26 07:00:00,2025-08-28 05:08:00,2025-09-13 05:08:00,2025-09-14 05:08:00
ed6a7475-6,6fb9cd07,delivered,2025-09-22 05:28:00,2025-09-22 06:32:00,2025-09-25 05:28:00,2025-10-13 05:28:00,2025-10-08 05:28:00
d370c523-1,7f31a6c1,invoiced,2025-11-07 16:24:00,2025-11-07 17:04:00,,,2025-11-19 16:24:00
396c70d0-a,27c2dd2c,shipped,2025-07-31 13:05:00,2025-07-31 13:25:00,2025-08-01 13:05:00,,2025-08-15 13:05:00
39f142b4-0,c1b55e8b,delivered,2025-09-09 20:59:00,2025-09-09 21:24:00,2025-09-12 20:59:00,2025-10-01 20:59:00,2025-09-23 20:59:00
a07e784c-7,3678164c,invoiced,2025-08-08 13:55:00,2025-08-08 15:13:00,,,2025-08-24 13:55:00
8fc2501b-a,24ce1cf8,invoiced,2025-01-19 18:58:00,2025-01-19 19:24:00,,,2025-01-29 18:58:00
ee79e164-1,ebae7f71,delivered,2025-06-23 09:59:00,2025-06-23 11:07:00,2025-06-24 09:59:00,2025-06-29 09:59:00,2025-07-03 09:59:00
f302b084-3,a9ea80ab,delivered,2025-11-30 22:10:00,2025-11-30 22:16:00,2025-12-03 22:10:00,2025-12-12 22:10:00,2025-12-15 22:10:00
4a89e085-c,86932886,invoiced,2025-04-12 05:06:00,2025-04-12 06:56:00,,,2025-04-28 05:06:00
64071ba7-1,32badae5,canceled,2025-09-30 21:42:00,,,,2025-10-16 21:42:00
2079ab9c-c,c22c6f88,canceled,2025-03-17 11:02:00,,,,2025-03-27 11:02:00
1be16ad6-9,b5d42195,invoiced,2025-05-12 07:19:00,2025-05-12 09:51:00,,,2025-06-01 07:19:00
80f3e0f7-8,0cc348a1,invoiced,2025-06-13 06:18:00,2025-06-13 08:30:00,,,2025-06-30 06:18:00
ebb2bb96-d,db3515bc,delivered,2025-12-25 18:56:00,2025-12-25 20:31:00,2025-12-26 18:56:00,2026-01-15 18:56:00,2026-01-12 18:56:00
ea84b77c-8,d842cd04,delivered,2025-10-16 23:11:00,2025-10-16 23:31:00,2025-10-18 23:11:00,2025-11-01 23:11:00,2025-10-27 23:11:00
6f524e2c-4,12cb464a,invoiced,2025-04-27 01:51:00,2025-04-27 02:21:00,,,2025-05-13 01:51:00
e43c135d-f,98ac2436,delivered,2025-03-16 18:44:00,2025-03-16 20:08:00,2025-03-18 18:44:00,2025-04-07 18:44:00,2025-04-05 18:44:00
ccaff094-b,3a210e4a,delivered,2025-03-08 08:40:00,2025-03-08 11:27:00,2025-03-10 08:40:00,2025-03-26 08:40:00,2025-03-22 08:40:00
f93ac4a6-0,6ebf69a1,delivered,2025-08-19 20:57:00,2025-08-19 23:50:00,2025-08-20 20:57:00,2025-08-24 20:57:00,2025-08-29 20:57:00
ce7e70a3-0,1c7c807d,delivered,2025-10-24 18:15:00,2025-10-24 18:36:00,2025-10-26 18:15:00,2025-11-12 18:15:00,2025-11-13 18:15:00
39799583-b,2f677f1e,shipped,2025-08-29 01:58:00,2025-08-29 02:49:00,2025-08-31 01:58:00,,2025-09-16 01:58:00
296bbe64-9,51c334c4,shipped,2025-02-15 11:49:00,2025-02-15 14:09:00,2025-02-18 11:49:00,,2025-03-01 11:49:00
b854e0aa-c,2d29dc90,delivered,2025-04-15 08:17:00,2025-04-15 08:36:00,2025-04-18 08:17:00,2025-05-08 08:17:00,2025-05-02 08:17:00
de93a1e4-e,fbf2d460,delivered,2025-11-09 20:18:00,2025-11-09 21:24:00,2025-11-11 20:18:00,2025-11-29 20:18:00,2025-11-26 20:18:00
795887d5-0,6446b465,canceled,2025-03-05 04:33:00,,,,2025-03-17 04:33:00
c20895ba-0,629b8bc7,canceled,2025-03-19 03:42:00,,,,2025-04-06 03:42:00
953fd0f7-5,792fe453,shipped,2025-10-26 06:49:00,2025-10-26 08:52:00,2025-10-29 06:49:00,,2025-11-12 06:49:00
38c722cf-6,75ab69f6,canceled,2025-01-11 20:25:00,,,,2025-01-23 20:25:00
3a77f435-6,5b4d302d,canceled,2025-12-03 06:08:00,,,,2025-12-19 06:08:00
7ea085bf-e,4a099bc2,shipped,2025-01-27 08:47:00,2025-01-27 10:57:00,2025-01-28 08:47:00,,2025-02-13 08:47:00
65fd0535-c,f2f33e2c,canceled,2025-06-18 05:44:00,,,,2025-07-08 05:44:00
3b39ea15-9,332e32f1,invoiced,2025-02-25 16:19:00,2025-02-25 17:56:00,,,2025-03-11 16:19:00
786ba075-e,9b1ea421,canceled,2025-10-19 04:33:00,,,,2025-10-31 04:33:00
145a0674-f,4191ba08,invoiced,2025-06-30 03:20:00,2025-06-30 05:59:00,,,2025-07-19 03:20:00
5fdbda91-2,a8e70dbe,delivered,2025-07-04 20:21:00,2025-07-04 21:23:00,2025-07-05 20:21:00,2025-07-13 20:21:00,2025-07-17 20:21:00
93ef4706-d,56bafb96,invoiced,2025-08-26 12:23:00,2025-08-26 15:09:00,,,2025-09-05 12:23:00
087db043-2,b1ce534a,delivered,2025-06-07 21:39:00,2025-06-08 00:08:00,2025-06-09 21:39:00,2025-06-30 21:39:00,2025-06-25 21:39:00
45fddd38-2,160a0e4e,delivered,2025-11-11 22:00:00,2025-11-11 23:29:00,2025-11-12 22:00:00,2025-12-06 22:00:00,2025-11-28 22:00:00
67a77e2e-b,2b3f794c,canceled,2025-07-17 05:11:00,,,,2025-08-02 05:11:00
5aecfd94-4,089bfae1,delivered,2025-08-16 10:28:00,2025-08-16 13:07:00,2025-08-17 10:28:00,2025-08-26 10:28:00,2025-08-27 10:28:00
d76be195-9,6f6c5bdc,canceled,2025-10-22 20:24:00,,,,2025-11-03 20:24:00
e1483fe5-5,57b8a0e3,canceled,2025-03-14 15:28:00,,,,2025-04-03 15:28:00
aebad32e-5,aa96a9f0,canceled,2025-07-31 16:21:00,,,,2025-08-10 16:21:00
3fa8c653-0,0ca58e05,delivered,2025-06-28 02:41:00,2025-06-28 03:16:00,2025-06-29 02:41:00,2025-07-07 02:41:00,2025-07-11 02:41:00
3ac86d93-4,b58e18ab,shipped,2025-02-23 08:17:00,2025-02-23 09:57:00,2025-02-25 08:17:00,,2025-03-11 08:17:00
3c64bd6b-5,8710069d,delivered,2025-01-01 02:00:00,2025-01-01 02:52:00,2025-01-03 02:00:00,2025-01-21 02:00:00,2025-01-21 02:00:00
0ebdc18e-7,7c12ffc0,invoiced,2025-07-22 11:47:00,2025-07-22 13:49:00,,,2025-08-04 11:47:00
cec9c0fa-4,f6f369ee,delivered,2025-09-24 10:39:00,2025-09-24 10:49:00,2025-09-27 10:39:00,2025-10-04 10:39:00,2025-10-06 10:39:00
c4f6026c-6,a5b047d2,canceled,2025-09-06 20:01:00,,,,2025-09-22 20:01:00
95958c83-4,0ed1d17a,delivered,2025-04-15 09:10:00,2025-04-15 11:34:00,2025-04-18 09:10:00,2025-04-27 09:10:00,2025-04-25 09:10:00
25500ed6-d,20c70c16,delivered,2025-10-22 20:24:00,2025-10-22 20:57:00,2025-10-24 20:24:00,2025-11-03 20:24:00,2025-11-01 20:24:00
dcaf8c65-0,e7511260,delivered,2025-08-10 14:03:00,2025-08-10 15:32:00,2025-08-13 14:03:00,2025-08-19 14:03:00,2025-08-20 14:03:00
3920b237-c,45892159,shipped,2025-08-09 21:12:00,2025-08-09 21:43:00,2025-08-12 21:12:00,,2025-08-28 21:12:00
2c477140-5,3bdc5f45,delivered,2025-09-20 21:48:00,2025-09-20 23:58:00,2025-09-23 21:48:00,2025-10-07 21:48:00,2025-10-08 21:48:00
4bb7f13c-0,7e7329cc,delivered,2025-04-21 14:22:00,2025-04-21 17:06:00,2025-04-23 14:22:00,2025-05-15 14:22:00,2025-05-09 14:22:00
b53eed63-0,84bde093,delivered,2025-12-23 07:00:00,2025-12-23 07:14:00,2025-12-26 07:00:00,2026-01-05 07:00:00,2026-01-09 07:00:00
2573b73f-f,decd4cd6,delivered,2025-03-19 23:42:00,2025-03-20 00:09:00,2025-03-20 23:42:00,2025-04-04 23:42:00,2025-04-03 23:42:00
f867eca2-9,85686a97,shipped,2025-04-04 09:48:00,2025-04-04 11:36:00,2025-04-06 09:48:00,,2025-04-23 09:48:00
7bdb1476-d,15162c0f,delivered,2025-10-18 08:42:00,2025-10-18 11:30:00,2025-10-19 08:42:00,2025-11-14 08:42:00,2025-11-07 08:42:00
2b11cb92-1,5fcd0011,invoiced,2025-11-09 02:23:00,2025-11-09 02:55:00,,,2025-11-27 02:23:00
d09f44f5-e,ce7d5b66,delivered,2025-11-01 01:19:00,2025-11-01 03:14:00,2025-11-04 01:19:00,2025-11-14 01:19:00,2025-11-15 01:19:00
69fbab99-7,671df39f,delivered,2025-02-20 19:48:00,2025-02-20 20:50:00,2025-02-23 19:48:00,2025-03-03 19:48:00,2025-03-06 19:48:00
925ad827-0,ed37d3dd,delivered,2025-08-11 17:38:00,2025-08-11 17:56:00,2025-08-12 17:38:00,2025-09-02 17:38:00,2025-08-30 17:38:00
250c4b0d-8,629b8bc7,invoiced,2025-02-11 13:57:00,2025-02-11 16:45:00,,,2025-02-27 13:57:00
1c2563e6-0,bd7fd680,delivered,2025-07-29 15:03:00,2025-07-29 17:30:00,2025-07-30 15:03:00,2025-08-19 15:03:00,2025-08-13 15:03:00
19181fc9-7,aa5f24a6,canceled,2025-09-03 15:45:00,,,,2025-09-23 15:45:00
54569ef2-1,7a28783b,delivered,2025-04-29 01:12:00,2025-04-29 01:38:00,2025-05-01 01:12:00,2025-05-16 01:12:00,2025-05-10 01:12:00
97a58e8c-6,864b770c,delivered,2025-11-21 14:26:00,2025-11-21 15:38:00,2025-11-24 14:26:00,2025-12-06 14:26:00,2025-12-02 14:26:00
4d0024ef-e,52318cf8,shipped,2025-10-21 01:05:00,2025-10-21 01:12:00,2025-10-22 01:05:00,,2025-11-06 01:05:00
6e1bcd2a-6,93bd64e7,canceled,2025-08-31 01:34:00,,,,2025-09-15 01:34:00
be660085-1,3c8e805f,canceled,2025-07-04 23:23:00,,,,2025-07-18 23:23:00
dd2a4216-7,20119073,delivered,2025-09-25 20:00:00,2025-09-25 20:35:00,2025-09-26 20:00:00,2025-10-15 20:00:00,2025-10-10 20:00:00
51b463ee-7,f8a94554,shipped,2025-07-05 11:51:00,2025-07-05 12:59:00,2025-07-06 11:51:00,,2025-07-18 11:51:00
b528a77b-a,fe3d5a61,delivered,2025-08-25 10:57:00,2025-08-25 11:44:00,2025-08-27 10:57:00,2025-09-11 10:57:00,2025-09-06 10:57:00
b7443a4c-6,23692e04,shipped,2025-01-04 15:12:00,2025-01-04 16:14:00,2025-01-06 15:12:00,,2025-01-14 15:12:00
d4f60897-b,66cf3262,shipped,2025-01-23 09:50:00,2025-01-23 12:07:00,2025-01-24 09:50:00,,2025-02-11 09:50:00
6d9db27e-5,fb653317,delivered,2025-04-03 18:12:00,2025-04-03 20:12:00,2025-04-04 18:12:00,2025-04-26 18:12:00,2025-04-19 18:12:00
90f54ede-1,b5e408d4,shipped,2025-01-31 11:22:00,2025-01-31 13:44:00,2025-02-01 11:22:00,,2025-02-20 11:22:00
978e6e88-5,631eb0b1,delivered,2025-01-11 02:05:00,2025-01-11 03:44:00,2025-01-12 02:05:00,2025-01-28 02:05:00,2025-01-23 02:05:00
54b04968-f,56bf0f6d,invoiced,2025-12-24 17:32:00,2025-12-24 20:29:00,,,2026-01-09 17:32:00
7082d2dc-1,feab8959,shipped,2025-08-30 00:33:00,2025-08-30 00:45:00,2025-09-02 00:33:00,,2025-09-14 00:33:00
0cefffad-d,873310bf,delivered,2025-12-02 07:42:00,2025-12-02 10:23:00,2025-12-04 07:42:00,2025-12-19 07:42:00,2025-12-17 07:42:00
8324e156-d,efc250d4,delivered,2025-05-28 10:07:00,2025-05-28 10:52:00,2025-05-31 10:07:00,2025-06-13 10:07:00,2025-06-12 10:07:00
fe138f6f-3,238d5861,invoiced,2025-05-12 21:17:00,2025-05-12 21:55:00,,,2025-05-31 21:17:00
da360bcf-b,adf780cd,shipped,2025-12-14 12:02:00,2025-12-14 13:57:00,2025-12-17 12:02:00,,2026-01-02 12:02:00
feb5de92-d,ea8425bf,shipped,2025-03-19 19:09:00,2025-03-19 19:32:00,2025-03-21 19:09:00,,2025-03-31 19:09:00
cd54f480-b,e5484fe0,delivered,2025-11-03 10:41:00,2025-11-03 13:32:00,2025-11-05 10:41:00,2025-11-15 10:41:00,2025-11-15 10:41:00
b6dadfee-a,1c51e41c,delivered,2025-10-08 16:34:00,2025-10-08 19:16:00,2025-10-11 16:34:00,2025-11-04 16:34:00,2025-10-28 16:34:00
a6abc1aa-f,5f9f2274,delivered,2025-01-02 14:06:00,2025-01-02 15:23:00,2025-01-05 14:06:00,2025-01-12 14:06:00,2025-01-14 14:06:00
c7524e88-a,4aa727fc,shipped,2025-11-29 10:35:00,2025-11-29 13:29:00,2025-12-02 10:35:00,,2025-12-13 10:35:00
5a404e36-6,96aada91,delivered,2025-08-09 22:45:00,2025-08-10 00:56:00,2025-08-11 22:45:00,2025-08-23 22:45:00,2025-08-25 22:45:00
87e1715c-c,ad7970fc,shipped,2025-06-02 22:15:00,2025-06-02 22:31:00,2025-06-05 22:15:00,,2025-06-19 22:15:00
ae6c22fd-7,25b5c4b9,invoiced,2025-05-14 05:07:00,2025-05-14 07:34:00,,,2025-05-25 05:07:00
87948948-c,3f2ce00e,delivered,2025-03-27 19:05:00,2025-03-27 20:08:00,2025-03-28 19:05:00,2025-04-04 19:05:00,2025-04-07 19:05:00
7713e1e9-0,138b8bdd,delivered,2025-01-09 09:11:00,2025-01-09 10:18:00,2025-01-10 09:11:00,2025-02-03 09:11:00,2025-01-26 09:11:00
a730d833-4,826d0131,shipped,2025-03-27 00:26:00,2025-03-27 01:26:00,2025-03-28 00:26:00,,2025-04-10 00:26:00
396d95f5-5,ebf42e94,shipped,2025-10-18 03:00:00,2025-10-18 05:32:00,2025-10-20 03:00:00,,2025-10-31 03:00:00
0f60430a-d,4f7cd3b5,canceled,2025-04-03 10:04:00,,,,2025-04-16 10:04:00
36306da9-8,913f81b3,delivered,2025-04-21 21:28:00,2025-04-21 21:41:00,2025-04-22 21:28:00,2025-05-09 21:28:00,2025-05-01 21:28:00
e65e69e7-6,438e2ef4,delivered,2025-02-08 08:24:00,2025-02-08 11:06:00,2025-02-10 08:24:00,2025-02-27 08:24:00,2025-02-19 08:24:00
7004dc8b-8,623a40a6,delivered,2025-11-20 23:18:00,2025-11-21 00:56:00,2025-11-21 23:18:00,2025-12-12 23:18:00,2025-12-09 23:18:00
848da818-0,f810f0b2,delivered,2025-04-16 11:01:00,2025-04-16 11:34:00,2025-04-18 11:01:00,2025-04-29 11:01:00,2025-04-28 11:01:00
7ff9ff03-1,1a27565e,delivered,2025-03-03 15:15:00,2025-03-03 15:29:00,2025-03-05 15:15:00,2025-03-19 15:15:00,2025-03-23 15:15:00
b6809627-a,990c458b,invoiced,2025-03-18 09:00:00,2025-03-18 11:07:00,,,2025-04-01 09:00:00
61cd3036-2,725e2973,delivered,2025-05-03 07:36:00,2025-05-03 07:53:00,2025-05-04 07:36:00,2025-05-17 07:36:00,2025-05-19 07:36:00
0a4bcf01-c,93f7a6b8,delivered,2025-11-06 03:37:00,2025-11-06 05:03:00,2025-11-09 03:37:00,2025-11-22 03:37:00,2025-11-16 03:37:00
130416e3-4,8f36b34d,delivered,2025-01-23 02:45:00,2025-01-23 04:09:00,2025-01-25 02:45:00,2025-02-08 02:45:00,2025-02-10 02:45:00
483ce8b3-0,c85366d9,delivered,2025-11-21 11:55:00,2025-11-21 13:32:00,2025-11-24 11:55:00,2025-12-17 11:55:00,2025-12-11 11:55:00
d92f2e94-f,2725a577,shipped,2025-02-24 20:58:00,2025-02-24 23:36:00,2025-02-25 20:58:00,,2025-03-08 20:58:00
3dd6a84f-a,bcaa6449,shipped,2025-11-06 00:25:00,2025-11-06 00:34:00,2025-11-09 00:25:00,,2025-11-17 00:25:00
ddf892c0-b,4539cf14,delivered,2025-11-21 11:51:00,2025-11-21 12:01:00,2025-11-23 11:51:00,2025-12-03 11:51:00,2025-12-07 11:51:00
3fb22551-f,146d7882,delivered,2025-06-27 13:34:00,2025-06-27 16:21:00,2025-06-30 13:34:00,2025-07-19 13:34:00,2025-07-17 13:34:00
0c1e8e4f-d,b26b7602,delivered,2025-04-27 12:50:00,2025-04-27 15:47:00,2025-04-29 12:50:00,2025-05-09 12:50:00,2025-05-10 12:50:00
fe768010-8,6e8b89a7,canceled,2025-10-26 14:18:00,,,,2025-11-10 14:18:00
10c1530e-e,64c98a13,shipped,2025-01-27 01:09:00,2025-01-27 03:54:00,2025-01-30 01:09:00,,2025-02-06 01:09:00
534f203c-0,0543041b,shipped,2025-09-24 05:16:00,2025-09-24 06:43:00,2025-09-25 05:16:00,,2025-10-14 05:16:00
7f7adc93-7,2666541a,delivered,2025-04-12 13:00:00,2025-04-12 14:57:00,2025-04-14 13:00:00,2025-04-25 13:00:00,2025-04-23 13:00:00
c2fb9926-7,ebae7f71,delivered,2025-12-05 21:05:00,2025-12-05 21:58:00,2025-12-07 21:05:00,2025-12-18 21:05:00,2025-12-16 21:05:00
d1cfc200-0,576efc14,delivered,2025-09-09 11:17:00,2025-09-09 14:15:00,2025-09-10 11:17:00,2025-09-21 11:17:00,2025-09-20 11:17:00
bcde4653-c,e2181490,shipped,2025-03-26 17:07:00,2025-03-26 19:06:00,2025-03-27 17:07:00,,2025-04-14 17:07:00
84ec266f-a,1bb132c6,invoiced,2025-10-27 13:41:00,2025-10-27 16:35:00,,,2025-11-11 13:41:00
33754aa7-9,ebb4338a,delivered,2025-05-23 23:26:00,2025-05-24 01:33:00,2025-05-25 23:26:00,2025-06-08 23:26:00,2025-06-06 23:26:00
32ae3d64-b,d00413e4,delivered,2025-01-30 23:43:00,2025-01-31 00:07:00,2025-02-02 23:43:00,2025-02-11 23:43:00,2025-02-13 23:43:00
3e99b701-9,7dbb44eb,shipped,2025-08-10 03:00:00,2025-08-10 03:41:00,2025-08-13 03:00:00,,2025-08-25 03:00:00
53a93ede-1,f737dc03,delivered,2025-03-14 00:15:00,2025-03-14 01:07:00,2025-03-17 00:15:00,2025-04-08 00:15:00,2025-04-01 00:15:00
b2272839-a,ac14cf61,delivered,2025-06-28 05:33:00,2025-06-28 06:30:00,2025-07-01 05:33:00,2025-07-16 05:33:00,2025-07-08 05:33:00
c7fea99b-4,c5168d59,invoiced,2025-01-28 07:35:00,2025-01-28 09:54:00,,,2025-02-11 07:35:00
45dc94bd-d,7c6b6b63,delivered,2025-12-23 22:55:00,2025-12-23 23:16:00,2025-12-26 22:55:00,2026-01-08 22:55:00,2026-01-12 22:55:00
ec26913d-a,592842b5,delivered,2025-11-05 11:31:00,2025-11-05 12:51:00,2025-11-07 11:31:00,2025-11-26 11:31:00,2025-11-20 11:31:00
ec22ea60-e,f4dd053a,shipped,2025-08-21 13:30:00,2025-08-21 14:28:00,2025-08-24 13:30:00,,2025-09-10 13:30:00
082a6408-f,053a2386,delivered,2025-09-11 13:38:00,2025-09-11 15:03:00,2025-09-14 13:38:00,2025-10-02 13:38:00,2025-09-28 13:38:00
250e3240-c,d21aeb44,delivered,2025-05-16 07:31:00,2025-05-16 07:46:00,2025-05-17 07:31:00,2025-06-13 07:31:00,2025-06-05 07:31:00
c8571a74-c,b4dbe023,delivered,2025-06-14 21:51:00,2025-06-14 22:23:00,2025-06-16 21:51:00,2025-06-30 21:51:00,2025-06-25 21:51:00
72c908fd-b,4f389b6b,invoiced,2025-04-29 04:36:00,2025-04-29 06:50:00,,,2025-05-16 04:36:00
d98b64d9-5,6516653f,delivered,2025-11-18 02:37:00,2025-11-18 03:08:00,2025-11-20 02:37:00,2025-11-25 02:37:00,2025-11-28 02:37:00
e6318686-4,cc7a88d2,canceled,2025-12-05 06:29:00,,,,2025-12-18 06:29:00
8fcee499-f,f1db5cef,delivered,2025-05-28 02:12:00,2025-05-28 03:45:00,2025-05-31 02:12:00,2025-06-20 02:12:00,2025-06-14 02:12:00
0eb91943-d,67e80b46,canceled,2025-05-27 14:24:00,,,,2025-06-08 14:24:00
52ce3fb8-c,f810f0b2,canceled,2025-06-26 09:07:00,,,,2025-07-10 09:07:00
127ae741-9,915f8bf7,delivered,2025-11-30 03:49:00,2025-11-30 05:35:00,2025-12-03 03:49:00,2025-12-18 03:49:00,2025-12-18 03:49:00
82f2d57a-a,11aa41fb,invoiced,2025-11-28 16:56:00,2025-11-28 19:35:00,,,2025-12-12 16:56:00
5b292cd6-8,fca6b031,shipped,2025-02-23 12:23:00,2025-02-23 14:18:00,2025-02-24 12:23:00,,2025-03-13 12:23:00
9c9360b1-4,5f9f2274,shipped,2025-12-17 19:02:00,2025-12-17 21:58:00,2025-12-18 19:02:00,,2025-12-31 19:02:00
359a030d-2,7dbb44eb,delivered,2025-02-03 14:13:00,2025-02-03 15:25:00,2025-02-06 14:13:00,2025-02-14 14:13:00,2025-02-19 14:13:00
eb32f214-b,b84ed300,delivered,2025-03-19 18:47:00,2025-03-19 19:43:00,2025-03-22 18:47:00,2025-03-28 18:47:00,2025-03-29 18:47:00
3ede7e3c-4,087c113f,delivered,2025-10-18 03:41:00,2025-10-18 04:06:00,2025-10-20 03:41:00,2025-11-03 03:41:00,2025-11-01 03:41:00
6a6d5bf2-c,ae833e01,delivered,2025-10-12 03:13:00,2025-10-12 04:17:00,2025-10-15 03:13:00,2025-11-03 03:13:00,2025-10-29 03:13:00
174cd4a3-0,1a9773d6,shipped,2025-02-08 11:22:00,2025-02-08 12:20:00,2025-02-11 11:22:00,,2025-02-27 11:22:00
06b8b9fd-2,a6b6c875,delivered,2025-09-07 02:26:00,2025-09-07 02:44:00,2025-09-10 02:26:00,2025-09-18 02:26:00,2025-09-20 02:26:00
5e540b6c-f,61269610,delivered,2025-01-07 04:32:00,2025-01-07 06:43:00,2025-01-09 04:32:00,2025-01-21 04:32:00,2025-01-26 04:32:00
a983033c-0,c6f3cac7,delivered,2025-01-02 10:44:00,2025-01-02 10:56:00,2025-01-03 10:44:00,2025-01-17 10:44:00,2025-01-21 10:44:00
19418ba1-c,1aff82ca,canceled,2025-04-24 19:41:00,,,,2025-05-12 19:41:00
90c29222-b,c6d2cf7a,invoiced,2025-10-12 04:50:00,2025-10-12 05:42:00,,,2025-10-29 04:50:00
8a72ce3a-7,d120ba31,shipped,2025-06-12 07:52:00,2025-06-12 09:44:00,2025-06-15 07:52:00,,2025-06-30 07:52:00
3f4154d0-5,8ebe246d,canceled,2025-06-03 16:26:00,,,,2025-06-14 16:26:00
d065d9ad-a,3d311c3d,delivered,2025-09-13 17:01:00,2025-09-13 17:22:00,2025-09-16 17:01:00,2025-10-01 17:01:00,2025-10-02 17:01:00
7be1fc91-8,207f2b07,delivered,2025-05-11 09:28:00,2025-05-11 09:59:00,2025-05-12 09:28:00,2025-05-24 09:28:00,2025-05-21 09:28:00
ba5a56e4-f,e224c476,delivered,2025-07-26 05:13:00,2025-07-26 07:12:00,2025-07-29 05:13:00,2025-08-18 05:13:00,2025-08-15 05:13:00
d3d976a9-0,d62f71e3,delivered,2025-01-13 22:26:00,2025-01-13 23:19:00,2025-01-16 22:26:00,2025-02-07 22:26:00,2025-02-02 22:26:00
ecfdc3a3-2,b70b6684,delivered,2025-08-07 11:49:00,2025-08-07 13:55:00,2025-08-09 11:49:00,2025-08-24 11:49:00,2025-08-18 11:49:00
d0213cd3-a,2c9e7b1f,canceled,2025-05-05 21:15:00,,,,2025-05-22 21:15:00
320c2960-9,5554ee5d,delivered,2025-07-01 07:21:00,2025-07-01 09:29:00,2025-07-03 07:21:00,2025-07-24 07:21:00,2025-07-18 07:21:00
e6d70203-4,bf52fef6,delivered,2025-09-16 07:26:00,2025-09-16 07:49:00,2025-09-19 07:26:00,2025-10-13 07:26:00,2025-10-06 07:26:00
4f8fd519-5,0824d726,delivered,2025-11-14 12:02:00,2025-11-14 13:19:00,2025-11-15 12:02:00,2025-11-27 12:02:00,2025-11-28 12:02:00
fde06bc9-c,1a21e39a,delivered,2025-03-21 03:30:00,2025-03-21 05:47:00,2025-03-22 03:30:00,2025-04-09 03:30:00,2025-04-09 03:30:00
42fc58f0-5,363be82e,delivered,2025-04-17 05:37:00,2025-04-17 06:56:00,2025-04-18 05:37:00,2025-05-08 05:37:00,2025-04-30 05:37:00
686fae08-a,99298cff,shipped,2025-07-12 10:20:00,2025-07-12 10:55:00,2025-07-13 10:20:00,,2025-07-30 10:20:00
abe5d53f-8,0beeafa2,canceled,2025-09-15 06:39:00,,,,2025-09-28 06:39:00
c38a9eec-5,0824d726,canceled,2025-08-30 11:37:00,,,,2025-09-13 11:37:00
8911b5e5-7,13c7f279,delivered,2025-07-06 11:20:00,2025-07-06 13:26:00,2025-07-08 11:20:00,2025-07-25 11:20:00,2025-07-24 11:20:00
29c69b05-2,e2df27ff,canceled,2025-01-02 10:25:00,,,,2025-01-12 10:25:00
35fbed91-5,2458d228,delivered,2025-01-27 18:25:00,2025-01-27 18:31:00,2025-01-28 18:25:00,2025-02-13 18:25:00,2025-02-12 18:25:00
deed2330-2,9b965a4a,delivered,2025-01-11 22:10:00,2025-01-11 23:30:00,2025-01-13 22:10:00,2025-01-27 22:10:00,2025-01-26 22:10:00
b315136d-a,a9472bbe,delivered,2025-06-18 14:21:00,2025-06-18 15:58:00,2025-06-20 14:21:00,2025-07-11 14:21:00,2025-07-04 14:21:00
3b562215-3,6e633b28,delivered,2025-04-10 07:55:00,2025-04-10 10:14:00,2025-04-13 07:55:00,2025-04-30 07:55:00,2025-04-22 07:55:00
558722d0-a,873310bf,invoiced,2025-12-17 03:32:00,2025-12-17 05:36:00,,,2026-01-01 03:32:00
bb4f00d9-c,4191ba08,delivered,2025-06-06 16:28:00,2025-06-06 17:39:00,2025-06-08 16:28:00,2025-06-14 16:28:00,2025-06-17 16:28:00
c5039e72-7,f0eee812,canceled,2025-11-07 06:56:00,,,,2025-11-17 06:56:00
71abef0c-9,a9add77a,canceled,2025-03-25 02:50:00,,,,2025-04-07 02:50:00
53ac30eb-d,864b770c,shipped,2025-01-16 01:30:00,2025-01-16 02:22:00,2025-01-18 01:30:00,,2025-02-01 01:30:00
b139eadb-5,9e4c7e0d,delivered,2025-08-03 11:28:00,2025-08-03 13:47:00,2025-08-04 11:28:00,2025-08-26 11:28:00,2025-08-20 11:28:00
7d4baa7b-3,7cd6b918,delivered,2025-07-24 15:29:00,2025-07-24 17:37:00,2025-07-26 15:29:00,2025-08-14 15:29:00,2025-08-10 15:29:00
e20eed22-0,a460402e,invoiced,2025-11-04 12:30:00,2025-11-04 13:30:00,,,2025-11-21 12:30:00
d0cad916-3,8ad820e0,delivered,2025-03-09 00:53:00,2025-03-09 03:32:00,2025-03-11 00:53:00,2025-03-23 00:53:00,2025-03-24 00:53:00
34590e47-7,766d2be1,delivered,2025-10-14 23:33:00,2025-10-15 00:13:00,2025-10-16 23:33:00,2025-11-04 23:33:00,2025-11-02 23:33:00
fef70346-0,9ae65f41,delivered,2025-05-19 17:33:00,2025-05-19 19:27:00,2025-05-22 17:33:00,2025-06-11 17:33:00,2025-06-07 17:33:00
06e290fa-5,30e237f9,shipped,2025-02-10 09:07:00,2025-02-10 11:30:00,2025-02-13 09:07:00,,2025-02-23 09:07:00
47d09f4c-c,1d584a39,delivered,2025-12-18 09:50:00,2025-12-18 11:09:00,2025-12-20 09:50:00,2026-01-03 09:50:00,2026-01-04 09:50:00
3abae396-4,e3f22a7d,canceled,2025-03-19 15:35:00,,,,2025-04-04 15:35:00
c138c842-c,bd7fd680,shipped,2025-09-01 08:57:00,2025-09-01 09:16:00,2025-09-03 08:57:00,,2025-09-16 08:57:00
25fb65ad-4,11cbefd7,canceled,2025-02-28 21:57:00,,,,2025-03-10 21:57:00
6ba93cf6-4,00e528b5,canceled,2025-08-29 11:01:00,,,,2025-09-09 11:01:00
330a5877-9,48e771df,delivered,2025-07-21 14:53:00,2025-07-21 17:34:00,2025-07-23 14:53:00,2025-08-11 14:53:00,2025-08-04 14:53:00
0f7c7019-1,72b1393d,delivered,2025-09-23 12:11:00,2025-09-23 14:00:00,2025-09-25 12:11:00,2025-10-16 12:11:00,2025-10-10 12:11:00
9fddf96b-1,11f7f893,invoiced,2025-10-01 03:15:00,2025-10-01 03:22:00,,,2025-10-14 03:15:00
cd71a152-5,4984e90a,delivered,2025-06-05 00:39:00,2025-06-05 01:48:00,2025-06-07 00:39:00,2025-06-21 00:39:00,2025-06-21 00:39:00
6c2edfbf-6,83fb8e82,canceled,2025-06-22 09:06:00,,,,2025-07-04 09:06:00
8533a0cb-5,531f974c,canceled,2025-01-17 02:44:00,,,,2025-01-29 02:44:00
267aabdc-7,146d7882,shipped,2025-03-25 00:22:00,2025-03-25 01:30:00,2025-03-27 00:22:00,,2025-04-09 00:22:00
55117c00-e,e4811065,delivered,2025-01-20 02:38:00,2025-01-20 03:26:00,2025-01-21 02:38:00,2025-01-29 02:38:00,2025-02-02 02:38:00
64d45f7b-d,caf4dfc6,delivered,2025-06-17 16:44:00,2025-06-17 17:57:00,2025-06-20 16:44:00,2025-07-01 16:44:00,2025-06-29 16:44:00
f4c69eca-a,36f78a31,invoiced,2025-10-20 23:54:00,2025-10-21 00:49:00,,,2025-11-02 23:54:00
f0ce9456-a,26a7b29b,delivered,2025-02-17 17:17:00,2025-02-17 18:27:00,2025-02-19 17:17:00,2025-03-07 17:17:00,2025-03-06 17:17:00
f1366831-3,1f82aea3,delivered,2025-10-01 09:04:00,2025-10-01 11:51:00,2025-10-04 09:04:00,2025-10-16 09:04:00,2025-10-18 09:04:00
ad7e9943-f,2540f4a9,delivered,2025-07-09 22:57:00,2025-07-10 00:34:00,2025-07-11 22:57:00,2025-07-31 22:57:00,2025-07-25 22:57:00
3c1bccc3-2,56de3dce,delivered,2025-12-12 05:27:00,2025-12-12 06:38:00,2025-12-14 05:27:00,2025-12-27 05:27:00,2026-01-01 05:27:00
1fb23206-c,4f7cd3b5,delivered,2025-06-03 21:13:00,2025-06-03 22:43:00,2025-06-04 21:13:00,2025-06-26 21:13:00,2025-06-18 21:13:00
43b2201b-9,a7f7e642,invoiced,2025-09-30 21:55:00,2025-09-30 23:48:00,,,2025-10-20 21:55:00
d68e6de9-5,2458d228,canceled,2025-08-21 10:54:00,,,,2025-09-01 10:54:00
804356a4-0,90a42c95,shipped,2025-02-15 16:55:00,2025-02-15 18:21:00,2025-02-16 16:55:00,,2025-03-02 16:55:00
d1a684af-3,56b48067,invoiced,2025-06-27 21:59:00,2025-06-27 23:24:00,,,2025-07-11 21:59:00
cfc39791-7,dacee848,canceled,2025-11-18 20:27:00,,,,2025-11-29 20:27:00
bfe0d1ca-d,9fb2b4bc,delivered,2025-03-21 10:15:00,2025-03-21 10:20:00,2025-03-22 10:15:00,2025-04-01 10:15:00,2025-04-01 10:15:00
f1d5f800-7,cc7a88d2,delivered,2025-03-07 17:01:00,2025-03-07 18:28:00,2025-03-09 17:01:00,2025-03-22 17:01:00,2025-03-27 17:01:00
d08e87d7-2,d769d23f,delivered,2025-01-25 15:35:00,2025-01-25 17:47:00,2025-01-26 15:35:00,2025-02-12 15:35:00,2025-02-04 15:35:00
d74f4e20-9,bda61991,canceled,2025-11-20 06:11:00,,,,2025-12-09 06:11:00
49b9c839-d,3877f370,delivered,2025-12-30 11:45:00,2025-12-30 13:18:00,2026-01-02 11:45:00,2026-01-23 11:45:00,2026-01-15 11:45:00
c9a134cf-6,7501218e,canceled,2025-08-15 17:44:00,,,,2025-08-28 17:44:00
42a7563e-c,be31a80f,delivered,2025-02-10 17:32:00,2025-02-10 19:47:00,2025-02-12 17:32:00,2025-03-02 17:32:00,2025-02-27 17:32:00
644f0c4f-1,3709ab89,delivered,2025-04-03 23:55:00,2025-04-04 02:10:00,2025-04-04 23:55:00,2025-04-24 23:55:00,2025-04-22 23:55:00
cf22e146-f,9b80e23a,delivered,2025-07-05 20:41:00,2025-07-05 23:16:00,2025-07-08 20:41:00,2025-07-22 20:41:00,2025-07-23 20:41:00
45fc6356-1,2cc440b6,delivered,2025-12-09 10:43:00,2025-12-09 12:24:00,2025-12-12 10:43:00,2025-12-21 10:43:00,2025-12-26 10:43:00
ea64ebc4-6,13195675,invoiced,2025-10-24 17:55:00,2025-10-24 18:08:00,,,2025-11-13 17:55:00
ef52d713-7,b2490dd0,delivered,2025-10-27 01:56:00,2025-10-27 03:59:00,2025-10-29 01:56:00,2025-11-13 01:56:00,2025-11-09 01:56:00
a856cc91-9,603645d2,delivered,2025-04-08 19:10:00,2025-04-08 19:25:00,2025-04-09 19:10:00,2025-04-27 19:10:00,2025-04-22 19:10:00
9f6d4f54-7,f3cfb6c7,shipped,2025-12-11 00:07:00,2025-12-11 00:29:00,2025-12-12 00:07:00,,2025-12-21 00:07:00
65a43740-2,a7f7e642,delivered,2025-02-12 20:49:00,2025-02-12 22:34:00,2025-02-14 20:49:00,2025-03-05 20:49:00,2025-03-04 20:49:00
214df450-e,1af968f2,delivered,2025-04-04 14:21:00,2025-04-04 16:13:00,2025-04-06 14:21:00,2025-04-22 14:21:00,2025-04-16 14:21:00
5ef75902-4,2c3941dd,delivered,2025-02-08 23:24:00,2025-02-08 23:49:00,2025-02-11 23:24:00,2025-02-24 23:24:00,2025-02-26 23:24:00
6b6edb75-c,04484397,delivered,2025-02-05 23:24:00,2025-02-06 01:05:00,2025-02-08 23:24:00,2025-02-17 23:24:00,2025-02-19 23:24:00
5cbab26f-f,ce6185be,invoiced,2025-05-10 08:30:00,2025-05-10 09:04:00,,,2025-05-20 08:30:00
809a5ba8-6,85664205,shipped,2025-09-30 19:10:00,2025-09-30 19:33:00,2025-10-02 19:10:00,,2025-10-11 19:10:00
8a850503-0,2152c71b,shipped,2025-12-05 08:30:00,2025-12-05 11:13:00,2025-12-08 08:30:00,,2025-12-15 08:30:00
e2434f2d-d,a460402e,delivered,2025-11-23 21:27:00,2025-11-23 22:56:00,2025-11-26 21:27:00,2025-12-13 21:27:00,2025-12-13 21:27:00
49e5c1b6-1,c4e2a10e,canceled,2025-08-25 23:20:00,,,,2025-09-14 23:20:00
c8628cfe-c,494ae306,invoiced,2025-01-11 18:48:00,2025-01-11 21:31:00,,,2025-01-30 18:48:00
4adb8675-9,2328f8e4,shipped,2025-07-25 10:10:00,2025-07-25 11:10:00,2025-07-26 10:10:00,,2025-08-12 10:10:00
8f6f5712-0,fc4781cc,shipped,2025-10-06 05:01:00,2025-10-06 07:04:00,2025-10-07 05:01:00,,2025-10-16 05:01:00
d40c29c3-2,b9ea0ab7,delivered,2025-06-27 06:51:00,2025-06-27 09:33:00,2025-06-29 06:51:00,2025-07-18 06:51:00,2025-07-11 06:51:00
3cc9f372-c,f7b48ee6,invoiced,2025-03-14 20:12:00,2025-03-14 20:30:00,,,2025-03-27 20:12:00
c9149696-8,72134180,invoiced,2025-01-28 23:58:00,2025-01-29 01:09:00,,,2025-02-15 23:58:00
992301c7-6,19b42c94,canceled,2025-04-29 01:25:00,,,,2025-05-14 01:25:00
15b543a5-c,bcb22d0d,delivered,2025-08-16 03:44:00,2025-08-16 05:32:00,2025-08-19 03:44:00,2025-08-22 03:44:00,2025-08-27 03:44:00
d50c30b7-d,3b3bdec4,delivered,2025-04-30 11:08:00,2025-04-30 11:34:00,2025-05-02 11:08:00,2025-05-13 11:08:00,2025-05-12 11:08:00
c0dbcfdb-0,68bbd16f,delivered,2025-09-27 20:27:00,2025-09-27 21:42:00,2025-09-29 20:27:00,2025-10-07 20:27:00,2025-10-11 20:27:00
e8e51709-b,ebbd9e03,shipped,2025-10-19 10:12:00,2025-10-19 12:59:00,2025-10-21 10:12:00,,2025-11-02 10:12:00
41a26e76-d,20f85e09,delivered,2025-01-18 07:46:00,2025-01-18 08:32:00,2025-01-21 07:46:00,2025-02-05 07:46:00,2025-02-07 07:46:00
ef3a7174-b,df00f642,canceled,2025-11-27 01:43:00,,,,2025-12-14 01:43:00
9d55703e-8,61693318,canceled,2025-11-20 23:14:00,,,,2025-12-02 23:14:00
f84c7136-3,01b2d692,canceled,2025-10-30 13:04:00,,,,2025-11-10 13:04:00
502d7668-b,087c113f,delivered,2025-09-16 09:05:00,2025-09-16 10:50:00,2025-09-17 09:05:00,2025-10-14 09:05:00,2025-10-06 09:05:00
3ab34aab-7,82e633b8,delivered,2025-12-23 23:26:00,2025-12-24 01:12:00,2025-12-24 23:26:00,2026-01-20 23:26:00,2026-01-12 23:26:00
b7d28f54-4,06a23b3e,delivered,2025-04-13 08:52:00,2025-04-13 11:22:00,2025-04-14 08:52:00,2025-04-27 08:52:00,2025-04-29 08:52:00
f4869cac-4,c17bcb7b,delivered,2025-11-12 20:58:00,2025-11-12 22:06:00,2025-11-14 20:58:00,2025-11-26 20:58:00,2025-11-29 20:58:00
5a5e4588-5,873abb6a,delivered,2025-10-02 15:47:00,2025-10-02 17:06:00,2025-10-03 15:47:00,2025-10-16 15:47:00,2025-10-12 15:47:00
dec22280-1,9765d9e4,shipped,2025-05-01 23:19:00,2025-05-02 01:37:00,2025-05-03 23:19:00,,2025-05-11 23:19:00
de86aea4-3,74de19c3,delivered,2025-10-14 22:37:00,2025-10-14 22:52:00,2025-10-17 22:37:00,2025-10-28 22:37:00,2025-10-28 22:37:00
c921e98a-f,fe5bb0bf,invoiced,2025-04-06 10:33:00,2025-04-06 11:02:00,,,2025-04-18 10:33:00
8cfcb3c3-d,2d29dc90,delivered,2025-01-04 08:51:00,2025-01-04 09:22:00,2025-01-07 08:51:00,2025-01-29 08:51:00,2025-01-21 08:51:00
15838e56-b,2058d150,delivered,2025-03-08 09:25:00,2025-03-08 12:06:00,2025-03-10 09:25:00,2025-04-02 09:25:00,2025-03-26 09:25:00
0259c0b0-0,75ab69f6,delivered,2025-08-25 03:15:00,2025-08-25 04:55:00,2025-08-28 03:15:00,2025-09-11 03:15:00,2025-09-14 03:15:00
f572f4f2-f,2387a004,canceled,2025-01-12 11:51:00,,,,2025-01-29 11:51:00
be9a2391-b,6e4a1754,delivered,2025-08-03 09:34:00,2025-08-03 11:36:00,2025-08-06 09:34:00,2025-08-13 09:34:00,2025-08-17 09:34:00
5cc72038-a,4355b7c2,invoiced,2025-05-01 06:22:00,2025-05-01 09:02:00,,,2025-05-15 06:22:00
9870f24b-6,1b67cb4d,shipped,2025-03-02 12:55:00,2025-03-02 13:03:00,2025-03-05 12:55:00,,2025-03-15 12:55:00
ce0d55ae-c,7cd6b918,delivered,2025-11-27 18:41:00,2025-11-27 19:13:00,2025-11-28 18:41:00,2025-12-13 18:41:00,2025-12-17 18:41:00
fac0c087-8,86aaceb2,shipped,2025-11-30 07:51:00,2025-11-30 09:16:00,2025-12-03 07:51:00,,2025-12-14 07:51:00
f0d0418e-8,29f8a9dc,delivered,2025-08-15 15:44:00,2025-08-15 16:15:00,2025-08-17 15:44:00,2025-09-05 15:44:00,2025-08-31 15:44:00
b986957e-7,cc2c0f15,canceled,2025-08-19 09:17:00,,,,2025-09-05 09:17:00
f6bba372-9,d114e50c,delivered,2025-01-15 17:38:00,2025-01-15 18:23:00,2025-01-16 17:38:00,2025-02-08 17:38:00,2025-02-03 17:38:00
0e617cd0-5,efc250d4,delivered,2025-10-12 23:18:00,2025-10-12 23:31:00,2025-10-13 23:18:00,2025-10-29 23:18:00,2025-10-31 23:18:00
ef7782b7-a,a25f9ee3,delivered,2025-03-08 16:00:00,2025-03-08 16:48:00,2025-03-09 16:00:00,2025-03-27 16:00:00,2025-03-26 16:00:00
89a152f0-2,cefff033,delivered,2025-10-24 17:01:00,2025-10-24 19:57:00,2025-10-25 17:01:00,2025-11-18 17:01:00,2025-11-11 17:01:00
fceb73e4-8,e2dd6cda,delivered,2025-10-03 04:34:00,2025-10-03 06:20:00,2025-10-06 04:34:00,2025-10-25 04:34:00,2025-10-20 04:34:00
25664ba9-3,46fe6eac,delivered,2025-02-01 17:04:00,2025-02-01 18:57:00,2025-02-04 17:04:00,2025-02-10 17:04:00,2025-02-13 17:04:00
d69cbeb4-1,76e0c751,delivered,2025-02-05 11:54:00,2025-02-05 12:16:00,2025-02-08 11:54:00,2025-02-18 11:54:00,2025-02-23 11:54:00
954090e6-2,629b8bc7,invoiced,2025-03-21 21:35:00,2025-03-21 23:24:00,,,2025-04-03 21:35:00
a64135e6-1,93f7a6b8,shipped,2025-10-26 20:52:00,2025-10-26 23:15:00,2025-10-28 20:52:00,,2025-11-15 20:52:00
8a842137-1,e72039b9,invoiced,2025-04-28 07:23:00,2025-04-28 09:00:00,,,2025-05-16 07:23:00
1cb64237-9,65dcb60e,delivered,2025-05-15 12:41:00,2025-05-15 13:41:00,2025-05-18 12:41:00,2025-06-10 12:41:00,2025-06-02 12:41:00
44f60d8d-7,3f595a6b,shipped,2025-09-07 11:13:00,2025-09-07 11:22:00,2025-09-10 11:13:00,,2025-09-27 11:13:00
cbd43a9e-5,7843394a,invoiced,2025-01-30 21:54:00,2025-01-31 00:35:00,,,2025-02-13 21:54:00
115e6574-f,3d513c6c,delivered,2025-11-02 16:39:00,2025-11-02 19:38:00,2025-11-05 16:39:00,2025-11-12 16:39:00,2025-11-13 16:39:00
3a629ba4-5,2254313b,delivered,2025-08-31 20:10:00,2025-08-31 22:26:00,2025-09-02 20:10:00,2025-09-22 20:10:00,2025-09-15 20:10:00
1ef48a63-9,4ea30b9a,invoiced,2025-01-23 18:55:00,2025-01-23 19:44:00,,,2025-02-08 18:55:00
77504ac7-2,9d5eb4a1,delivered,2025-12-03 05:01:00,2025-12-03 05:20:00,2025-12-06 05:01:00,2025-12-28 05:01:00,2025-12-23 05:01:00
50a1b06c-c,29dea18c,invoiced,2025-04-18 21:42:00,2025-04-18 23:09:00,,,2025-05-05 21:42:00
4a6bd315-2,b2333f14,invoiced,2025-12-24 11:55:00,2025-12-24 14:42:00,,,2026-01-09 11:55:00
f5b5f731-a,6a760e17,delivered,2025-12-22 20:35:00,2025-12-22 21:08:00,2025-12-23 20:35:00,2026-01-05 20:35:00,2026-01-04 20:35:00
5a22d3cb-c,7501218e,delivered,2025-10-20 22:02:00,2025-10-20 23:47:00,2025-10-23 22:02:00,2025-11-03 22:02:00,2025-11-06 22:02:00
3256c858-8,bfcf156f,canceled,2025-09-06 05:53:00,,,,2025-09-20 05:53:00
d79fd3b7-5,e7511260,canceled,2025-09-30 06:21:00,,,,2025-10-17 06:21:00
bf20b443-7,774792e7,invoiced,2025-12-12 01:02:00,2025-12-12 02:53:00,,,2025-12-25 01:02:00
e61e0d4e-c,ccab290b,invoiced,2025-05-16 04:02:00,2025-05-16 07:00:00,,,2025-05-28 04:02:00
317f5544-9,7b51b4cf,delivered,2025-05-08 06:49:00,2025-05-08 08:44:00,2025-05-11 06:49:00,2025-06-04 06:49:00,2025-05-28 06:49:00
52b0e2e3-1,e5484fe0,canceled,2025-07-02 11:08:00,,,,2025-07-17 11:08:00
d788604b-3,531f974c,delivered,2025-01-13 23:27:00,2025-01-14 01:10:00,2025-01-15 23:27:00,2025-02-02 23:27:00,2025-01-31 23:27:00
9ca67877-f,950fe1ed,delivered,2025-01-24 01:03:00,2025-01-24 01:52:00,2025-01-26 01:03:00,2025-02-07 01:03:00,2025-02-08 01:03:00
4ee24192-1,58842283,shipped,2025-09-18 11:08:00,2025-09-18 13:42:00,2025-09-20 11:08:00,,2025-10-08 11:08:00
f4d004b0-d,d1eb230f,canceled,2025-12-24 09:23:00,,,,2026-01-03 09:23:00
251861f5-4,bce966e5,delivered,2025-11-05 10:41:00,2025-11-05 11:13:00,2025-11-06 10:41:00,2025-11-19 10:41:00,2025-11-23 10:41:00
6005f47f-f,f0eee812,shipped,2025-06-28 10:36:00,2025-06-28 11:52:00,2025-06-29 10:36:00,,2025-07-10 10:36:00
8984e721-7,e1735c49,shipped,2025-12-08 19:29:00,2025-12-08 21:32:00,2025-12-11 19:29:00,,2025-12-19 19:29:00
94990140-4,b668754c,canceled,2025-08-24 09:52:00,,,,2025-09-06 09:52:00
4d18afd1-2,bb84554c,shipped,2025-06-19 19:09:00,2025-06-19 21:06:00,2025-06-20 19:09:00,,2025-07-03 19:09:00
9b233a89-e,158eb961,delivered,2025-11-22 09:49:00,2025-11-22 11:56:00,2025-11-24 09:49:00,2025-12-13 09:49:00,2025-12-10 09:49:00
0ad7cd71-1,dc4bd367,delivered,2025-08-24 12:19:00,2025-08-24 13:44:00,2025-08-27 12:19:00,2025-09-08 12:19:00,2025-09-13 12:19:00
206beece-4,f67dc5fe,canceled,2025-02-04 22:28:00,,,,2025-02-23 22:28:00
bcd45ccd-4,671df39f,delivered,2025-08-03 00:23:00,2025-08-03 01:49:00,2025-08-06 00:23:00,2025-08-19 00:23:00,2025-08-20 00:23:00
6536d56a-f,2b673222,delivered,2025-10-03 14:27:00,2025-10-03 16:58:00,2025-10-05 14:27:00,2025-10-22 14:27:00,2025-10-18 14:27:00
04b9282e-f,bdfb9865,delivered,2025-09-24 22:44:00,2025-09-24 23:50:00,2025-09-26 22:44:00,2025-10-12 22:44:00,2025-10-13 22:44:00
bf335139-f,8ad820e0,canceled,2025-03-30 06:11:00,,,,2025-04-14 06:11:00
a8dd4709-f,dea15ed1,delivered,2025-09-13 02:58:00,2025-09-13 03:29:00,2025-09-15 02:58:00,2025-10-02 02:58:00,2025-09-25 02:58:00
eee590d9-0,ec257b19,delivered,2025-09-21 13:12:00,2025-09-21 13:51:00,2025-09-23 13:12:00,2025-09-28 13:12:00,2025-10-01 13:12:00
10f69f5d-9,bc0c7352,canceled,2025-02-08 01:24:00,,,,2025-02-18 01:24:00
38cfd6c5-c,502b9fc7,delivered,2025-04-03 20:56:00,2025-04-03 22:37:00,2025-04-04 20:56:00,2025-04-22 20:56:00,2025-04-16 20:56:00
2769410f-5,306a2859,canceled,2025-09-11 01:51:00,,,,2025-09-23 01:51:00
3678ae32-f,0d4e131b,delivered,2025-12-14 20:46:00,2025-12-14 21:49:00,2025-12-16 20:46:00,2025-12-27 20:46:00,2025-12-25 20:46:00
ff76ae21-e,1d00a8bf,delivered,2025-12-04 09:34:00,2025-12-04 11:12:00,2025-12-05 09:34:00,2025-12-15 09:34:00,2025-12-20 09:34:00
ac916dec-7,d6d033a3,canceled,2025-08-29 04:56:00,,,,2025-09-10 04:56:00
d56f0e55-d,1661c15e,delivered,2025-07-27 02:07:00,2025-07-27 03:09:00,2025-07-30 02:07:00,2025-08-01 02:07:00,2025-08-06 02:07:00
d99429d0-9,2540f4a9,delivered,2025-04-11 08:03:00,2025-04-11 10:17:00,2025-04-13 08:03:00,2025-04-28 08:03:00,2025-04-21 08:03:00
a76c20bd-2,8f359e37,delivered,2025-07-03 12:15:00,2025-07-03 14:30:00,2025-07-05 12:15:00,2025-07-25 12:15:00,2025-07-22 12:15:00
a42d5feb-b,cb785692,invoiced,2025-08-13 09:33:00,2025-08-13 11:17:00,,,2025-09-01 09:33:00
3f285503-f,99d557e6,delivered,2025-04-14 16:00:00,2025-04-14 18:02:00,2025-04-17 16:00:00,2025-04-27 16:00:00,2025-04-26 16:00:00
a46ae1a7-9,1ff9acb2,delivered,2025-07-09 00:06:00,2025-07-09 02:07:00,2025-07-11 00:06:00,2025-07-19 00:06:00,2025-07-19 00:06:00
fb99aa7a-8,d6bbef0c,canceled,2025-01-20 20:25:00,,,,2025-02-04 20:25:00
23dadc8e-2,99d557e6,canceled,2025-03-10 05:12:00,,,,2025-03-22 05:12:00
5090c700-1,c9cfa5c6,delivered,2025-12-20 02:36:00,2025-12-20 03:07:00,2025-12-21 02:36:00,2026-01-13 02:36:00,2026-01-05 02:36:00
c40b975f-0,e7a0acb3,delivered,2025-12-10 02:54:00,2025-12-10 04:16:00,2025-12-13 02:54:00,2025-12-30 02:54:00,2025-12-22 02:54:00
315466a2-3,b5c51d9e,shipped,2025-07-30 21:54:00,2025-07-30 22:29:00,2025-08-01 21:54:00,,2025-08-09 21:54:00
ce6cf43a-3,39f773ff,delivered,2025-05-14 23:38:00,2025-05-15 00:22:00,2025-05-15 23:38:00,2025-05-26 23:38:00,2025-05-28 23:38:00
bc9353a5-1,8ad3b61b,delivered,2025-04-08 04:28:00,2025-04-08 06:47:00,2025-04-11 04:28:00,2025-04-23 04:28:00,2025-04-20 04:28:00
39740b47-8,a35aeec9,shipped,2025-02-19 22:59:00,2025-02-20 00:03:00,2025-02-21 22:59:00,,2025-03-04 22:59:00
b718606d-5,d9afeedd,shipped,2025-05-21 13:47:00,2025-05-21 15:56:00,2025-05-23 13:47:00,,2025-06-04 13:47:00
ebe0bcd1-5,46fe6eac,delivered,2025-10-24 11:13:00,2025-10-24 12:54:00,2025-10-25 11:13:00,2025-11-02 11:13:00,2025-11-07 11:13:00
062d2c77-4,72eff22e,delivered,2025-07-12 01:08:00,2025-07-12 03:17:00,2025-07-13 01:08:00,2025-07-29 01:08:00,2025-07-23 01:08:00
773387d5-4,3f595a6b,invoiced,2025-11-03 21:34:00,2025-11-04 00:05:00,,,2025-11-20 21:34:00
538ba7ca-e,915f8bf7,shipped,2025-03-21 02:17:00,2025-03-21 04:12:00,2025-03-22 02:17:00,,2025-04-09 02:17:00
bca83fb7-5,bcaa6449,canceled,2025-02-12 06:32:00,,,,2025-02-27 06:32:00
810f8781-2,8d15410c,delivered,2025-03-16 15:43:00,2025-03-16 15:55:00,2025-03-19 15:43:00,2025-04-07 15:43:00,2025-03-30 15:43:00
c4e48291-3,5a34b388,delivered,2025-07-09 12:28:00,2025-07-09 15:25:00,2025-07-10 12:28:00,2025-08-01 12:28:00,2025-07-27 12:28:00
c77d0224-d,937270ad,delivered,2025-04-11 20:29:00,2025-04-11 21:45:00,2025-04-12 20:29:00,2025-04-24 20:29:00,2025-04-26 20:29:00
7df8b9eb-6,e9a8a25d,shipped,2025-07-06 19:05:00,2025-07-06 21:46:00,2025-07-07 19:05:00,,2025-07-21 19:05:00
2ef47dd7-6,207f2b07,delivered,2025-07-05 18:22:00,2025-07-05 18:42:00,2025-07-08 18:22:00,2025-07-17 18:22:00,2025-07-17 18:22:00
e90c08c0-f,af786b3b,invoiced,2025-02-05 17:27:00,2025-02-05 20:06:00,,,2025-02-19 17:27:00
4f43ad50-c,15611ef2,canceled,2025-06-29 05:47:00,,,,2025-07-18 05:47:00
2daac47c-c,ed329509,delivered,2025-07-05 01:35:00,2025-07-05 04:23:00,2025-07-07 01:35:00,2025-07-21 01:35:00,2025-07-24 01:35:00
6da547be-6,0b09fc06,invoiced,2025-03-08 21:43:00,2025-03-08 23:22:00,,,2025-03-28 21:43:00
4e4cc5af-3,2ea88e49,delivered,2025-07-30 05:41:00,2025-07-30 07:03:00,2025-07-31 05:41:00,2025-08-12 05:41:00,2025-08-11 05:41:00
94b8adba-c,4c84252b,delivered,2025-06-10 18:25:00,2025-06-10 19:47:00,2025-06-12 18:25:00,2025-06-18 18:25:00,2025-06-20 18:25:00
b10d5bc0-e,96aada91,canceled,2025-03-21 00:27:00,,,,2025-04-05 00:27:00
fdccf745-2,2ffe7b43,delivered,2025-04-23 09:55:00,2025-04-23 10:15:00,2025-04-26 09:55:00,2025-05-21 09:55:00,2025-05-13 09:55:00
ab9987c1-a,29e32549,delivered,2025-12-13 13:34:00,2025-12-13 14:42:00,2025-12-16 13:34:00,2025-12-27 13:34:00,2025-12-23 13:34:00
383f969f-9,ce7d5b66,shipped,2025-08-16 09:28:00,2025-08-16 11:53:00,2025-08-18 09:28:00,,2025-08-26 09:28:00
49d7da7b-0,ce026849,invoiced,2025-04-30 01:29:00,2025-04-30 04:22:00,,,2025-05-10 01:29:00
bd486e26-b,3df00e99,delivered,2025-05-29 16:49:00,2025-05-29 16:56:00,2025-05-31 16:49:00,2025-06-18 16:49:00,2025-06-14 16:49:00
69a1d830-9,1e222da9,canceled,2025-10-28 20:01:00,,,,2025-11-07 20:01:00
e2b914cc-0,a09fb0c9,delivered,2025-08-13 05:44:00,2025-08-13 06:38:00,2025-08-16 05:44:00,2025-08-30 05:44:00,2025-08-24 05:44:00
bd7370f7-e,73aa702e,delivered,2025-05-16 02:08:00,2025-05-16 02:31:00,2025-05-17 02:08:00,2025-05-28 02:08:00,2025-06-02 02:08:00
db98f37b-8,07d2603d,invoiced,2025-01-05 06:05:00,2025-01-05 07:43:00,,,2025-01-23 06:05:00
c3d5abca-2,1deecdcb,invoiced,2025-07-03 20:07:00,2025-07-03 21:20:00,,,2025-07-14 20:07:00
e4adffc8-7,6e633b28,shipped,2025-06-29 03:17:00,2025-06-29 03:55:00,2025-07-01 03:17:00,,2025-07-16 03:17:00
43d93962-9,e498406f,delivered,2025-02-23 10:07:00,2025-02-23 10:42:00,2025-02-24 10:07:00,2025-03-08 10:07:00,2025-03-11 10:07:00
2caa74b9-c,f08fbc20,canceled,2025-08-04 10:00:00,,,,2025-08-24 10:00:00
c1794b34-a,06a23b3e,delivered,2025-12-24 01:31:00,2025-12-24 02:27:00,2025-12-26 01:31:00,2026-01-01 01:31:00,2026-01-04 01:31:00
397710d9-3,d64cd06f,delivered,2025-06-14 23:47:00,2025-06-15 00:37:00,2025-06-16 23:47:00,2025-06-27 23:47:00,2025-06-24 23:47:00
23406598-f,9aeddef8,delivered,2025-04-28 07:26:00,2025-04-28 07:40:00,2025-04-29 07:26:00,2025-05-13 07:26:00,2025-05-18 07:26:00
70707ea5-1,372a0fa7,delivered,2025-11-01 19:43:00,2025-11-01 21:57:00,2025-11-02 19:43:00,2025-11-21 19:43:00,2025-11-13 19:43:00
6ef5f9d5-7,13f7963d,canceled,2025-12-25 20:11:00,,,,2026-01-12 20:11:00
35642d8b-5,fbf2d460,invoiced,2025-05-12 19:09:00,2025-05-12 20:45:00,,,2025-05-26 19:09:00
fcee0881-9,27489a40,delivered,2025-11-27 05:30:00,2025-11-27 06:37:00,2025-11-30 05:30:00,2025-12-18 05:30:00,2025-12-13 05:30:00
fed21a34-2,efca9221,delivered,2025-01-20 10:04:00,2025-01-20 10:52:00,2025-01-23 10:04:00,2025-02-15 10:04:00,2025-02-09 10:04:00
54fc9227-4,ccc2b6ec,delivered,2025-09-12 19:33:00,2025-09-12 20:37:00,2025-09-15 19:33:00,2025-09-30 19:33:00,2025-09-28 19:33:00
c953ff15-2,45105c89,shipped,2025-11-09 07:40:00,2025-11-09 09:16:00,2025-11-10 07:40:00,,2025-11-22 07:40:00
84ce0438-4,0bd156c4,delivered,2025-12-10 07:50:00,2025-12-10 09:45:00,2025-12-12 07:50:00,2025-12-29 07:50:00,2025-12-21 07:50:00
43ccb90b-2,15b7a55a,canceled,2025-03-01 21:08:00,,,,2025-03-17 21:08:00
9eb7fe73-a,d7055037,shipped,2025-08-05 03:05:00,2025-08-05 03:15:00,2025-08-08 03:05:00,,2025-08-19 03:05:00
9366cf07-5,9765d9e4,delivered,2025-04-21 13:01:00,2025-04-21 15:21:00,2025-04-23 13:01:00,2025-05-11 13:01:00,2025-05-04 13:01:00
fc72f215-d,9765d9e4,canceled,2025-07-27 20:31:00,,,,2025-08-12 20:31:00
4af0ec23-8,da96e5f5,canceled,2025-01-19 10:53:00,,,,2025-01-29 10:53:00
b6cb4db5-3,e94f8ff8,shipped,2025-04-06 11:03:00,2025-04-06 13:39:00,2025-04-09 11:03:00,,2025-04-16 11:03:00
cbcc6536-e,aa57d8fd,shipped,2025-10-21 23:18:00,2025-10-21 23:40:00,2025-10-22 23:18:00,,2025-11-04 23:18:00
4deccd77-8,b60d77cf,invoiced,2025-10-27 19:02:00,2025-10-27 20:59:00,,,2025-11-12 19:02:00
6eb52ea3-0,a3f439fa,shipped,2025-04-18 13:31:00,2025-04-18 15:49:00,2025-04-20 13:31:00,,2025-05-07 13:31:00
53f87140-9,3f2ce00e,shipped,2025-12-23 02:07:00,2025-12-23 04:14:00,2025-12-25 02:07:00,,2026-01-09 02:07:00
03a64f81-8,9f456e7f,invoiced,2025-09-10 10:41:00,2025-09-10 11:36:00,,,2025-09-21 10:41:00
bcb00d8d-c,9672189e,delivered,2025-01-27 22:34:00,2025-01-27 23:42:00,2025-01-30 22:34:00,2025-02-07 22:34:00,2025-02-12 22:34:00
43f8fe24-8,d558cc45,invoiced,2025-06-16 02:56:00,2025-06-16 04:21:00,,,2025-06-29 02:56:00
cba1fbf9-1,e0965c13,shipped,2025-02-23 05:03:00,2025-02-23 07:05:00,2025-02-26 05:03:00,,2025-03-05 05:03:00
822acb62-0,848eb191,delivered,2025-05-03 08:58:00,2025-05-03 09:27:00,2025-05-05 08:58:00,2025-05-17 08:58:00,2025-05-13 08:58:00
5854ef3c-6,9cf64566,invoiced,2025-07-01 03:56:00,2025-07-01 05:43:00,,,2025-07-17 03:56:00
a3b11161-b,69ae1c93,shipped,2025-01-25 08:14:00,2025-01-25 10:50:00,2025-01-27 08:14:00,,2025-02-14 08:14:00
ebf653f4-0,a1926dcf,delivered,2025-08-27 22:53:00,2025-08-28 00:51:00,2025-08-28 22:53:00,2025-09-08 22:53:00,2025-09-12 22:53:00
a30efbc7-0,063b6264,delivered,2025-01-10 23:54:00,2025-01-11 00:45:00,2025-01-13 23:54:00,2025-01-29 23:54:00,2025-01-30 23:54:00
66d3563c-7,0cda0f5d,delivered,2025-10-04 16:51:00,2025-10-04 18:38:00,2025-10-06 16:51:00,2025-10-27 16:51:00,2025-10-23 16:51:00
02c75315-9,4ea30b9a,delivered,2025-04-30 17:18:00,2025-04-30 19:45:00,2025-05-02 17:18:00,2025-05-12 17:18:00,2025-05-16 17:18:00
e914c800-5,3537e170,canceled,2025-01-19 19:54:00,,,,2025-01-29 19:54:00
160fa1cf-e,e5c5578e,shipped,2025-06-06 14:25:00,2025-06-06 15:25:00,2025-06-07 14:25:00,,2025-06-24 14:25:00
0ae0b561-f,29dea18c,shipped,2025-03-26 20:31:00,2025-03-26 22:53:00,2025-03-28 20:31:00,,2025-04-07 20:31:00
33a255ca-9,27489a40,delivered,2025-07-26 23:00:00,2025-07-27 01:18:00,2025-07-29 23:00:00,2025-08-06 23:00:00,2025-08-11 23:00:00
b673e407-3,294c864d,shipped,2025-08-17 16:43:00,2025-08-17 17:28:00,2025-08-20 16:43:00,,2025-08-31 16:43:00
c5030f9c-0,d21aeb44,shipped,2025-06-18 08:44:00,2025-06-18 11:32:00,2025-06-19 08:44:00,,2025-07-08 08:44:00
1cbeb5ef-6,3e413f93,delivered,2025-04-10 16:56:00,2025-04-10 17:51:00,2025-04-13 16:56:00,2025-04-25 16:56:00,2025-04-24 16:56:00
487806c1-9,ff785da8,delivered,2025-02-09 11:42:00,2025-02-09 12:38:00,2025-02-10 11:42:00,2025-02-21 11:42:00,2025-02-26 11:42:00
a80357c1-8,6e8aee1f,delivered,2025-09-22 13:01:00,2025-09-22 13:25:00,2025-09-24 13:01:00,2025-10-05 13:01:00,2025-10-02 13:01:00
6c33b054-8,3f19fbfb,delivered,2025-04-02 19:33:00,2025-04-02 20:16:00,2025-04-05 19:33:00,2025-04-28 19:33:00,2025-04-22 19:33:00
990a3131-a,4c1b3911,shipped,2025-02-25 09:41:00,2025-02-25 11:51:00,2025-02-28 09:41:00,,2025-03-11 09:41:00
7010290d-1,c278732f,shipped,2025-03-10 01:52:00,2025-03-10 02:48:00,2025-03-13 01:52:00,,2025-03-25 01:52:00
45b70cf0-c,8f359e37,delivered,2025-01-18 10:12:00,2025-01-18 11:38:00,2025-01-20 10:12:00,2025-02-12 10:12:00,2025-02-07 10:12:00
e83d9b4f-f,7a6a135c,delivered,2025-04-03 08:30:00,2025-04-03 09:46:00,2025-04-04 08:30:00,2025-04-25 08:30:00,2025-04-18 08:30:00
6dea239c-0,db3515bc,invoiced,2025-12-20 05:44:00,2025-12-20 06:56:00,,,2026-01-09 05:44:00
3576eeba-c,a9147a11,canceled,2025-08-19 21:23:00,,,,2025-09-05 21:23:00
2625561d-0,9765d9e4,delivered,2025-02-10 15:42:00,2025-02-10 16:52:00,2025-02-11 15:42:00,2025-03-02 15:42:00,2025-03-01 15:42:00
038fe03d-6,6c2c47a9,canceled,2025-09-19 06:57:00,,,,2025-10-09 06:57:00
0ffb5971-2,f2441d19,canceled,2025-10-13 15:30:00,,,,2025-10-30 15:30:00
85b5d965-e,f7b48ee6,invoiced,2025-03-04 09:22:00,2025-03-04 09:56:00,,,2025-03-17 09:22:00
3aea6c90-b,94072435,invoiced,2025-11-27 13:21:00,2025-11-27 14:12:00,,,2025-12-16 13:21:00
b5731502-7,02163a76,invoiced,2025-05-09 10:43:00,2025-05-09 11:54:00,,,2025-05-19 10:43:00
f6d8d425-9,663fa794,shipped,2025-08-18 11:39:00,2025-08-18 13:15:00,2025-08-20 11:39:00,,2025-08-31 11:39:00
f45a371d-5,b9ea0ab7,delivered,2025-01-18 10:16:00,2025-01-18 11:27:00,2025-01-20 10:16:00,2025-02-03 10:16:00,2025-02-03 10:16:00
5096ea0c-7,9b80e23a,canceled,2025-12-02 14:24:00,,,,2025-12-21 14:24:00
ae6678ca-2,94cd6f54,shipped,2025-06-19 23:09:00,2025-06-20 01:26:00,2025-06-21 23:09:00,,2025-06-30 23:09:00
839cb141-c,c5168d59,delivered,2025-03-09 18:39:00,2025-03-09 21:33:00,2025-03-11 18:39:00,2025-03-25 18:39:00,2025-03-22 18:39:00
3ce5eb11-4,0cc348a1,delivered,2025-11-12 08:52:00,2025-11-12 11:14:00,2025-11-13 08:52:00,2025-12-02 08:52:00,2025-11-26 08:52:00
9d9882b2-d,8fcf0956,shipped,2025-11-22 19:02:00,2025-11-22 21:25:00,2025-11-25 19:02:00,,2025-12-09 19:02:00
a3191d4e-d,006a19ea,invoiced,2025-08-27 03:07:00,2025-08-27 04:41:00,,,2025-09-13 03:07:00
ed7ddc2e-6,6bbe5122,delivered,2025-07-26 05:04:00,2025-07-26 07:14:00,2025-07-27 05:04:00,2025-08-13 05:04:00,2025-08-11 05:04:00
9250f8c5-4,63aefef2,canceled,2025-03-02 12:27:00,,,,2025-03-18 12:27:00
6fc9fe50-3,a09fb0c9,shipped,2025-11-26 23:27:00,2025-11-27 01:34:00,2025-11-28 23:27:00,,2025-12-08 23:27:00
a41e0e06-d,1e4bf560,delivered,2025-01-22 21:29:00,2025-01-22 22:00:00,2025-01-24 21:29:00,2025-02-04 21:29:00,2025-02-08 21:29:00
ea31a762-3,e72039b9,delivered,2025-08-22 17:23:00,2025-08-22 18:12:00,2025-08-23 17:23:00,2025-09-03 17:23:00,2025-09-06 17:23:00
78992777-8,f471d360,delivered,2025-02-05 07:49:00,2025-02-05 09:47:00,2025-02-06 07:49:00,2025-02-19 07:49:00,2025-02-19 07:49:00
b5be1406-4,c3686211,delivered,2025-09-23 05:54:00,2025-09-23 06:45:00,2025-09-24 05:54:00,2025-10-07 05:54:00,2025-10-11 05:54:00
f2dbfe6e-3,14b25a29,canceled,2025-08-07 21:38:00,,,,2025-08-20 21:38:00
5cf58f7d-8,57e9d958,shipped,2025-04-11 06:25:00,2025-04-11 07:45:00,2025-04-12 06:25:00,,2025-04-26 06:25:00
5853f937-8,5cc35ac6,canceled,2025-03-31 23:05:00,,,,2025-04-10 23:05:00
a492c14f-0,6675d1d4,delivered,2025-11-02 02:18:00,2025-11-02 04:51:00,2025-11-05 02:18:00,2025-11-26 02:18:00,2025-11-22 02:18:00
b7592340-0,c403b89e,delivered,2025-02-18 22:51:00,2025-02-19 00:58:00,2025-02-19 22:51:00,2025-03-06 22:51:00,2025-03-05 22:51:00
492d1630-b,69ae1c93,invoiced,2025-04-21 10:19:00,2025-04-21 11:58:00,,,2025-05-07 10:19:00
96e021f9-1,979a78e9,delivered,2025-05-01 13:40:00,2025-05-01 15:01:00,2025-05-04 13:40:00,2025-05-21 13:40:00,2025-05-15 13:40:00
3610ab9c-8,915f8bf7,invoiced,2025-03-09 13:55:00,2025-03-09 15:54:00,,,2025-03-22 13:55:00
3054387d-a,c5613c06,invoiced,2025-10-25 09:09:00,2025-10-25 11:51:00,,,2025-11-13 09:09:00
a91b88aa-b,dbe54014,delivered,2025-11-05 21:30:00,2025-11-05 23:53:00,2025-11-06 21:30:00,2025-11-19 21:30:00,2025-11-15 21:30:00
b01fbb69-f,a6b21703,delivered,2025-04-21 16:09:00,2025-04-21 18:45:00,2025-04-24 16:09:00,2025-05-07 16:09:00,2025-05-09 16:09:00
bb291a56-a,f7400d1f,delivered,2025-06-02 15:27:00,2025-06-02 15:52:00,2025-06-04 15:27:00,2025-06-27 15:27:00,2025-06-20 15:27:00
f0556c2d-f,a9ea80ab,invoiced,2025-01-16 00:55:00,2025-01-16 02:23:00,,,2025-02-05 00:55:00
4f64217d-9,d842cd04,delivered,2025-04-11 05:06:00,2025-04-11 05:38:00,2025-04-12 05:06:00,2025-04-25 05:06:00,2025-04-26 05:06:00
756ee9e5-7,971199e2,canceled,2025-02-25 19:24:00,,,,2025-03-16 19:24:00
7463d6c5-8,9b4cdd04,delivered,2025-12-25 18:08:00,2025-12-25 18:17:00,2025-12-27 18:08:00,2026-01-12 18:08:00,2026-01-13 18:08:00
250d0cbd-f,8ad3b61b,delivered,2025-08-04 16:00:00,2025-08-04 16:32:00,2025-08-05 16:00:00,2025-08-27 16:00:00,2025-08-19 16:00:00
23446b00-a,136f6fe1,delivered,2025-11-20 06:41:00,2025-11-20 07:54:00,2025-11-23 06:41:00,2025-12-05 06:41:00,2025-12-07 06:41:00
6cf66c4c-2,1cedae8f,delivered,2025-04-14 20:50:00,2025-04-14 21:02:00,2025-04-16 20:50:00,2025-04-24 20:50:00,2025-04-27 20:50:00
432c9567-7,0bd156c4,canceled,2025-12-19 17:01:00,,,,2026-01-02 17:01:00
afe4aa21-e,cc5cfe3e,delivered,2025-01-17 10:57:00,2025-01-17 13:45:00,2025-01-19 10:57:00,2025-02-13 10:57:00,2025-02-06 10:57:00
b0af2158-5,f4df87be,shipped,2025-02-20 20:00:00,2025-02-20 21:05:00,2025-02-23 20:00:00,,2025-03-12 20:00:00
e03e2af2-0,6eaa9c3c,delivered,2025-03-21 02:32:00,2025-03-21 04:02:00,2025-03-24 02:32:00,2025-04-16 02:32:00,2025-04-08 02:32:00
b23c4d1d-2,2540f4a9,delivered,2025-09-05 16:50:00,2025-09-05 17:46:00,2025-09-08 16:50:00,2025-09-18 16:50:00,2025-09-23 16:50:00
a69fd413-7,61ca2f79,delivered,2025-10-10 17:26:00,2025-10-10 19:56:00,2025-10-13 17:26:00,2025-10-27 17:26:00,2025-10-24 17:26:00
9864fe0f-c,aa57d8fd,invoiced,2025-04-07 08:01:00,2025-04-07 10:37:00,,,2025-04-22 08:01:00
6945df49-0,792fe453,delivered,2025-05-05 22:54:00,2025-05-06 00:37:00,2025-05-06 22:54:00,2025-05-17 22:54:00,2025-05-22 22:54:00
4d4eb038-8,be31a80f,delivered,2025-12-07 08:32:00,2025-12-07 09:03:00,2025-12-08 08:32:00,2025-12-25 08:32:00,2025-12-26 08:32:00
80924d35-3,6f06d8a3,delivered,2025-06-15 11:27:00,2025-06-15 11:52:00,2025-06-17 11:27:00,2025-06-25 11:27:00,2025-06-29 11:27:00
7fc52b20-3,194dc6c4,delivered,2025-02-26 03:56:00,2025-02-26 05:19:00,2025-03-01 03:56:00,2025-03-08 03:56:00,2025-03-11 03:56:00
b2d81761-2,e1735c49,delivered,2025-03-05 12:52:00,2025-03-05 14:42:00,2025-03-08 12:52:00,2025-03-23 12:52:00,2025-03-24 12:52:00
1c75bb66-d,6e8aee1f,delivered,2025-03-04 13:29:00,2025-03-04 16:02:00,2025-03-06 13:29:00,2025-03-19 13:29:00,2025-03-19 13:29:00
1a014d90-4,fa460a62,canceled,2025-11-28 06:24:00,,,,2025-12-16 06:24:00
ac59e711-b,9220bfb6,delivered,2025-09-16 00:47:00,2025-09-16 02:56:00,2025-09-18 00:47:00,2025-10-10 00:47:00,2025-10-06 00:47:00
ef1667a5-b,9e4c7e0d,delivered,2025-06-25 23:39:00,2025-06-26 01:18:00,2025-06-26 23:39:00,2025-07-21 23:39:00,2025-07-14 23:39:00
c1bc8e34-3,98f36087,shipped,2025-09-09 05:29:00,2025-09-09 06:47:00,2025-09-10 05:29:00,,2025-09-19 05:29:00
a22a9506-b,c6f3cac7,canceled,2025-02-13 11:21:00,,,,2025-02-28 11:21:00
4177988e-e,2ea88e49,delivered,2025-11-15 13:16:00,2025-11-15 14:24:00,2025-11-18 13:16:00,2025-11-27 13:16:00,2025-11-30 13:16:00
3cac010e-b,bc0c7352,delivered,2025-11-26 21:10:00,2025-11-26 23:40:00,2025-11-29 21:10:00,2025-12-11 21:10:00,2025-12-06 21:10:00
66665917-d,ea185435,delivered,2025-06-10 03:41:00,2025-06-10 06:31:00,2025-06-11 03:41:00,2025-06-21 03:41:00,2025-06-24 03:41:00
0a106452-2,7883ffae,delivered,2025-07-05 12:08:00,2025-07-05 13:48:00,2025-07-06 12:08:00,2025-07-13 12:08:00,2025-07-15 12:08:00
977998a2-6,0937291b,delivered,2025-04-18 02:18:00,2025-04-18 04:11:00,2025-04-20 02:18:00,2025-04-29 02:18:00,2025-05-02 02:18:00
d9423d77-e,941941d3,canceled,2025-11-12 04:47:00,,,,2025-11-24 04:47:00
2daf063e-9,a3e1789a,delivered,2025-11-15 20:30:00,2025-11-15 23:11:00,2025-11-18 20:30:00,2025-12-05 20:30:00,2025-12-03 20:30:00
e21c3db5-2,aa57d8fd,delivered,2025-04-19 11:00:00,2025-04-19 12:59:00,2025-04-22 11:00:00,2025-05-12 11:00:00,2025-05-05 11:00:00
9057dcc9-0,ad48725c,delivered,2025-10-17 13:32:00,2025-10-17 13:43:00,2025-10-18 13:32:00,2025-10-30 13:32:00,2025-11-03 13:32:00
51aa62f9-b,cefff033,canceled,2025-05-25 04:08:00,,,,2025-06-09 04:08:00
25530580-4,b00a0181,delivered,2025-07-27 23:55:00,2025-07-28 02:39:00,2025-07-30 23:55:00,2025-08-12 23:55:00,2025-08-13 23:55:00
6522fda8-b,cd03adaf,shipped,2025-10-24 10:57:00,2025-10-24 11:19:00,2025-10-25 10:57:00,,2025-11-04 10:57:00
38bea480-b,45d28416,delivered,2025-09-11 03:20:00,2025-09-11 06:10:00,2025-09-13 03:20:00,2025-09-30 03:20:00,2025-09-29 03:20:00
7b4c649d-0,dba99754,invoiced,2025-09-18 17:46:00,2025-09-18 19:04:00,,,2025-10-04 17:46:00
8e395ac9-9,41b74162,shipped,2025-09-12 11:55:00,2025-09-12 12:06:00,2025-09-15 11:55:00,,2025-10-02 11:55:00
7dc7c169-b,b1ce534a,delivered,2025-11-20 09:17:00,2025-11-20 09:34:00,2025-11-21 09:17:00,2025-12-08 09:17:00,2025-12-02 09:17:00
d892d26c-1,7bed9060,delivered,2025-08-15 19:52:00,2025-08-15 20:49:00,2025-08-17 19:52:00,2025-09-01 19:52:00,2025-08-31 19:52:00
00aa1f11-2,b8582e8d,delivered,2025-11-27 07:18:00,2025-11-27 09:17:00,2025-11-29 07:18:00,2025-12-15 07:18:00,2025-12-11 07:18:00
e3bc08a9-2,f12cdf05,canceled,2025-05-05 20:40:00,,,,2025-05-25 20:40:00
45f7d469-3,86fbe88a,delivered,2025-08-01 15:20:00,2025-08-01 16:37:00,2025-08-02 15:20:00,2025-08-21 15:20:00,2025-08-14 15:20:00
e11637e6-9,21885b1c,invoiced,2025-01-16 23:29:00,2025-01-17 02:07:00,,,2025-01-26 23:29:00
567272b2-3,d68c3f94,delivered,2025-01-14 00:04:00,2025-01-14 02:13:00,2025-01-15 00:04:00,2025-02-01 00:04:00,2025-01-25 00:04:00
8ff3d241-9,e52acd8d,canceled,2025-03-07 08:03:00,,,,2025-03-22 08:03:00
875192a8-0,d19fce9f,delivered,2025-05-28 20:34:00,2025-05-28 22:09:00,2025-05-30 20:34:00,2025-06-09 20:34:00,2025-06-12 20:34:00
3eb695b7-2,36e965f3,delivered,2025-05-21 02:00:00,2025-05-21 03:52:00,2025-05-23 02:00:00,2025-06-10 02:00:00,2025-06-09 02:00:00
0a07487c-a,063b6264,delivered,2025-09-20 14:26:00,2025-09-20 14:43:00,2025-09-23 14:26:00,2025-10-08 14:26:00,2025-10-06 14:26:00
a0fa8755-d,e2dd6cda,invoiced,2025-04-02 01:23:00,2025-04-02 01:28:00,,,2025-04-18 01:23:00
b885273d-7,531f974c,shipped,2025-05-10 08:42:00,2025-05-10 10:16:00,2025-05-11 08:42:00,,2025-05-23 08:42:00
730d71aa-4,547b1a9b,delivered,2025-01-17 17:36:00,2025-01-17 19:17:00,2025-01-19 17:36:00,2025-02-08 17:36:00,2025-02-02 17:36:00
c91f5e5e-c,ca75fdc2,invoiced,2025-07-05 03:44:00,2025-07-05 05:48:00,,,2025-07-20 03:44:00
47a8df9c-9,238d5861,delivered,2025-06-22 16:27:00,2025-06-22 18:02:00,2025-06-23 16:27:00,2025-07-02 16:27:00,2025-07-03 16:27:00
31442add-5,6216346b,delivered,2025-04-22 02:50:00,2025-04-22 05:50:00,2025-04-23 02:50:00,2025-05-11 02:50:00,2025-05-09 02:50:00
67677837-c,d760a52c,shipped,2025-10-18 06:46:00,2025-10-18 08:33:00,2025-10-20 06:46:00,,2025-11-01 06:46:00
e0795ec6-a,f94c5e0f,canceled,2025-08-30 21:55:00,,,,2025-09-17 21:55:00
a70435a9-7,4984e90a,delivered,2025-03-02 03:04:00,2025-03-02 04:01:00,2025-03-03 03:04:00,2025-03-22 03:04:00,2025-03-22 03:04:00
635fe0c0-b,b91d73e4,delivered,2025-04-18 14:31:00,2025-04-18 16:01:00,2025-04-19 14:31:00,2025-05-01 14:31:00,2025-05-02 14:31:00
ddd08051-3,c9cfa5c6,shipped,2025-05-09 13:02:00,2025-05-09 14:18:00,2025-05-10 13:02:00,,2025-05-21 13:02:00
d4d6662b-b,137c035b,delivered,2025-10-27 07:12:00,2025-10-27 10:05:00,2025-10-30 07:12:00,2025-11-17 07:12:00,2025-11-15 07:12:00
151a54d9-1,5244dbf1,canceled,2025-07-17 19:53:00,,,,2025-07-27 19:53:00
80c032eb-2,864b770c,invoiced,2025-08-07 21:48:00,2025-08-08 00:39:00,,,2025-08-27 21:48:00
63b237e1-e,ead8ba46,delivered,2025-06-14 13:49:00,2025-06-14 14:37:00,2025-06-15 13:49:00,2025-07-09 13:49:00,2025-07-01 13:49:00
11f7ab9c-2,2b8c89ce,delivered,2025-05-31 17:48:00,2025-05-31 19:24:00,2025-06-01 17:48:00,2025-06-15 17:48:00,2025-06-11 17:48:00
4affff65-e,7b1df443,canceled,2025-07-26 15:38:00,,,,2025-08-06 15:38:00
727b8655-9,a18d137b,canceled,2025-08-21 05:50:00,,,,2025-09-09 05:50:00
78058db1-4,2f9366f3,invoiced,2025-11-07 04:59:00,2025-11-07 06:33:00,,,2025-11-20 04:59:00
9e4c0ca7-6,a6d86955,delivered,2025-09-08 12:23:00,2025-09-08 15:21:00,2025-09-10 12:23:00,2025-09-17 12:23:00,2025-09-20 12:23:00
d61b82e9-e,0e4f4587,delivered,2025-08-10 00:31:00,2025-08-10 03:05:00,2025-08-13 00:31:00,2025-08-21 00:31:00,2025-08-23 00:31:00
8c1a178b-d,887c5e42,canceled,2025-09-23 00:34:00,,,,2025-10-03 00:34:00
f02dedf4-4,08fad7d8,delivered,2025-04-06 04:31:00,2025-04-06 06:09:00,2025-04-07 04:31:00,2025-04-23 04:31:00,2025-04-25 04:31:00
09660ca2-e,3042127f,shipped,2025-01-19 07:57:00,2025-01-19 08:58:00,2025-01-21 07:57:00,,2025-01-30 07:57:00
c1a01887-5,40542a0b,delivered,2025-10-19 07:37:00,2025-10-19 08:26:00,2025-10-22 07:37:00,2025-11-05 07:37:00,2025-10-31 07:37:00
029a901f-e,5f311807,delivered,2025-09-13 13:47:00,2025-09-13 14:24:00,2025-09-16 13:47:00,2025-10-02 13:47:00,2025-09-26 13:47:00
c25b4633-5,394cd650,delivered,2025-06-08 00:43:00,2025-06-08 02:48:00,2025-06-09 00:43:00,2025-06-22 00:43:00,2025-06-26 00:43:00
27cd8ca0-9,56730f82,invoiced,2025-01-16 19:34:00,2025-01-16 22:02:00,,,2025-01-26 19:34:00
c4d89b68-4,d97b58d9,delivered,2025-06-04 10:53:00,2025-06-04 11:30:00,2025-06-05 10:53:00,2025-06-21 10:53:00,2025-06-21 10:53:00
eeaf8b5c-7,4a8db9a7,delivered,2025-03-17 03:51:00,2025-03-17 05:16:00,2025-03-19 03:51:00,2025-03-27 03:51:00,2025-03-30 03:51:00
6cf10365-5,11828010,delivered,2025-05-10 11:06:00,2025-05-10 11:32:00,2025-05-13 11:06:00,2025-05-31 11:06:00,2025-05-30 11:06:00
c847412e-b,bb84554c,invoiced,2025-06-16 03:14:00,2025-06-16 04:10:00,,,2025-07-05 03:14:00
d3a9759c-1,b6afeb9e,invoiced,2025-03-18 20:36:00,2025-03-18 22:24:00,,,2025-04-03 20:36:00
6320c24b-1,d8679b37,delivered,2025-03-10 21:00:00,2025-03-10 23:01:00,2025-03-11 21:00:00,2025-03-29 21:00:00,2025-03-23 21:00:00
41d39df1-f,99e88bc4,delivered,2025-01-28 13:59:00,2025-01-28 14:59:00,2025-01-30 13:59:00,2025-02-22 13:59:00,2025-02-16 13:59:00
171aa03b-c,592842b5,canceled,2025-08-04 20:55:00,,,,2025-08-19 20:55:00
26aeba58-9,489abdc7,invoiced,2025-07-31 18:28:00,2025-07-31 20:16:00,,,2025-08-10 18:28:00
af022052-e,69c56696,canceled,2025-10-21 11:43:00,,,,2025-11-01 11:43:00
6fb13d75-2,5a34b388,delivered,2025-11-07 03:54:00,2025-11-07 05:46:00,2025-11-08 03:54:00,2025-11-21 03:54:00,2025-11-23 03:54:00
dc8bd46a-9,ceaeec37,delivered,2025-03-16 03:54:00,2025-03-16 04:46:00,2025-03-19 03:54:00,2025-03-27 03:54:00,2025-03-30 03:54:00
08199426-7,11713470,delivered,2025-08-21 10:06:00,2025-08-21 10:19:00,2025-08-24 10:06:00,2025-09-06 10:06:00,2025-09-02 10:06:00
48019874-8,a09bf7ba,canceled,2025-06-15 02:13:00,,,,2025-06-30 02:13:00
d06bf430-9,faa106fe,delivered,2025-12-23 14:04:00,2025-12-23 16:43:00,2025-12-26 14:04:00,2026-01-08 14:04:00,2026-01-12 14:04:00
d2551f94-4,752ffcee,invoiced,2025-04-19 07:59:00,2025-04-19 10:47:00,,,2025-05-09 07:59:00
fe607dc0-5,6b603408,shipped,2025-03-14 22:43:00,2025-03-14 23:25:00,2025-03-15 22:43:00,,2025-03-30 22:43:00
37c9472e-f,70f3fcf8,delivered,2025-03-02 21:35:00,2025-03-02 23:26:00,2025-03-05 21:35:00,2025-03-18 21:35:00,2025-03-22 21:35:00
bac32330-8,6f988726,delivered,2025-06-04 10:15:00,2025-06-04 12:07:00,2025-06-06 10:15:00,2025-06-13 10:15:00,2025-06-15 10:15:00
dcfcfc90-e,92c63399,canceled,2025-05-29 12:05:00,,,,2025-06-14 12:05:00
e31ceef4-9,ea9e73a0,canceled,2025-01-11 15:48:00,,,,2025-01-31 15:48:00
4accf51f-1,5d906d27,shipped,2025-07-11 07:51:00,2025-07-11 08:15:00,2025-07-12 07:51:00,,2025-07-22 07:51:00
b121dc3c-c,f7400d1f,invoiced,2025-08-19 04:38:00,2025-08-19 06:32:00,,,2025-09-05 04:38:00
6bfb2d13-c,a1926dcf,shipped,2025-07-17 22:16:00,2025-07-18 00:26:00,2025-07-19 22:16:00,,2025-07-27 22:16:00
653e699f-f,8e324d8d,delivered,2025-01-01 08:25:00,2025-01-01 08:56:00,2025-01-03 08:25:00,2025-01-11 08:25:00,2025-01-12 08:25:00
b0a76df8-0,c61bf159,delivered,2025-11-05 14:08:00,2025-11-05 15:49:00,2025-11-07 14:08:00,2025-11-19 14:08:00,2025-11-20 14:08:00
58c76d7c-1,23674bc7,delivered,2025-05-13 04:22:00,2025-05-13 07:15:00,2025-05-14 04:22:00,2025-06-01 04:22:00,2025-06-01 04:22:00
de0e35e4-e,0bde4e8c,canceled,2025-06-14 05:32:00,,,,2025-07-02 05:32:00
434ed713-7,a9472bbe,delivered,2025-09-06 16:13:00,2025-09-06 17:37:00,2025-09-07 16:13:00,2025-09-24 16:13:00,2025-09-21 16:13:00
9132d03d-0,e84b57a8,invoiced,2025-08-27 13:15:00,2025-08-27 15:31:00,,,2025-09-11 13:15:00
8034c1a2-e,8f359e37,canceled,2025-11-28 22:17:00,,,,2025-12-11 22:17:00
c3b8ff97-6,848eb191,delivered,2025-02-19 02:29:00,2025-02-19 03:03:00,2025-02-21 02:29:00,2025-03-14 02:29:00,2025-03-06 02:29:00
bf209d50-4,cd5a2089,delivered,2025-01-25 13:42:00,2025-01-25 16:12:00,2025-01-28 13:42:00,2025-02-13 13:42:00,2025-02-13 13:42:00
29e1610e-d,8cad9703,shipped,2025-08-25 22:09:00,2025-08-26 00:27:00,2025-08-27 22:09:00,,2025-09-09 22:09:00
66822cc9-9,576efc14,delivered,2025-02-13 09:57:00,2025-02-13 12:26:00,2025-02-16 09:57:00,2025-02-23 09:57:00,2025-02-24 09:57:00
ba4958f3-f,4bb5d868,delivered,2025-07-19 04:19:00,2025-07-19 05:00:00,2025-07-22 04:19:00,2025-08-05 04:19:00,2025-08-03 04:19:00
4f43b36c-e,d0fee399,canceled,2025-08-27 00:12:00,,,,2025-09-11 00:12:00
7b8662df-0,cdb1c6fc,delivered,2025-08-20 21:56:00,2025-08-20 23:54:00,2025-08-23 21:56:00,2025-09-10 21:56:00,2025-09-08 21:56:00
cc00716a-f,781732e8,shipped,2025-05-25 00:31:00,2025-05-25 01:19:00,2025-05-26 00:31:00,,2025-06-08 00:31:00
b68c091a-0,614b70ce,shipped,2025-03-15 10:05:00,2025-03-15 11:03:00,2025-03-18 10:05:00,,2025-03-25 10:05:00
d3d2e628-5,23c35ef0,delivered,2025-12-12 14:11:00,2025-12-12 16:53:00,2025-12-15 14:11:00,2025-12-28 14:11:00,2025-12-22 14:11:00
98d1ca3b-f,027c3e00,canceled,2025-11-13 00:16:00,,,,2025-12-02 00:16:00
25d17d80-6,cdb1c6fc,delivered,2025-04-18 07:49:00,2025-04-18 10:36:00,2025-04-21 07:49:00,2025-05-05 07:49:00,2025-05-06 07:49:00
61b4a43c-2,c6cd5275,delivered,2025-05-31 02:13:00,2025-05-31 02:28:00,2025-06-01 02:13:00,2025-06-23 02:13:00,2025-06-16 02:13:00
d72af3fb-6,2666541a,delivered,2025-07-07 20:47:00,2025-07-07 23:16:00,2025-07-08 20:47:00,2025-07-17 20:47:00,2025-07-21 20:47:00
020d4c91-f,77742b93,shipped,2025-03-19 03:40:00,2025-03-19 06:01:00,2025-03-20 03:40:00,,2025-03-30 03:40:00
02751ee5-2,623ae54d,delivered,2025-11-22 21:33:00,2025-11-22 22:07:00,2025-11-25 21:33:00,2025-12-08 21:33:00,2025-12-03 21:33:00
74754b2a-9,379f4fed,delivered,2025-07-24 18:43:00,2025-07-24 20:50:00,2025-07-25 18:43:00,2025-08-10 18:43:00,2025-08-13 18:43:00
fbcb30be-8,1be68eea,delivered,2025-02-05 19:41:00,2025-02-05 22:40:00,2025-02-06 19:41:00,2025-02-19 19:41:00,2025-02-20 19:41:00
665ec522-2,84bde093,canceled,2025-05-15 19:09:00,,,,2025-05-25 19:09:00
10abcd8a-3,d00413e4,delivered,2025-01-06 19:02:00,2025-01-06 21:40:00,2025-01-09 19:02:00,2025-01-21 19:02:00,2025-01-16 19:02:00
ee872e20-7,2d896480,delivered,2025-11-11 10:15:00,2025-11-11 12:47:00,2025-11-14 10:15:00,2025-11-17 10:15:00,2025-11-22 10:15:00
076cfa93-8,a7743fa5,delivered,2025-07-16 10:52:00,2025-07-16 11:52:00,2025-07-18 10:52:00,2025-08-08 10:52:00,2025-08-03 10:52:00
375374fc-b,ca2a343f,shipped,2025-10-22 22:10:00,2025-10-22 23:15:00,2025-10-25 22:10:00,,2025-11-06 22:10:00
5c5ef686-9,2540f4a9,canceled,2025-12-21 21:23:00,,,,2026-01-10 21:23:00
943f4cd9-0,97255e5e,delivered,2025-01-03 14:17:00,2025-01-03 14:36:00,2025-01-05 14:17:00,2025-01-21 14:17:00,2025-01-14 14:17:00
3cc2ad2e-5,73bc708d,delivered,2025-11-30 14:29:00,2025-11-30 15:58:00,2025-12-03 14:29:00,2025-12-14 14:29:00,2025-12-19 14:29:00
c8a01a30-4,14bd9191,shipped,2025-02-08 00:13:00,2025-02-08 01:03:00,2025-02-09 00:13:00,,2025-02-22 00:13:00
18320c91-6,ef7d6801,delivered,2025-03-18 19:29:00,2025-03-18 20:18:00,2025-03-21 19:29:00,2025-04-10 19:29:00,2025-04-02 19:29:00
f9961479-2,a8e70dbe,invoiced,2025-11-07 13:49:00,2025-11-07 16:41:00,,,2025-11-20 13:49:00
e2d52c08-3,9ae65f41,delivered,2025-08-12 17:39:00,2025-08-12 20:20:00,2025-08-13 17:39:00,2025-08-20 17:39:00,2025-08-23 17:39:00
23fa7375-0,54abaecc,shipped,2025-06-27 17:11:00,2025-06-27 19:59:00,2025-06-30 17:11:00,,2025-07-12 17:11:00
d5a493ae-b,5c6548a9,delivered,2025-06-02 15:23:00,2025-06-02 16:21:00,2025-06-04 15:23:00,2025-06-26 15:23:00,2025-06-18 15:23:00
3caf3005-a,8072f92c,delivered,2025-09-18 11:34:00,2025-09-18 13:28:00,2025-09-20 11:34:00,2025-10-06 11:34:00,2025-10-05 11:34:00
2f1ed1c6-4,93bd64e7,canceled,2025-01-03 10:07:00,,,,2025-01-21 10:07:00
045e415f-3,1e28a1ac,shipped,2025-10-25 13:59:00,2025-10-25 15:15:00,2025-10-27 13:59:00,,2025-11-05 13:59:00
db21b9aa-8,26c1c700,shipped,2025-08-22 00:19:00,2025-08-22 01:06:00,2025-08-24 00:19:00,,2025-09-05 00:19:00
a5f4391c-4,464348d5,invoiced,2025-06-03 22:25:00,2025-06-04 00:14:00,,,2025-06-13 22:25:00
c9d736c8-9,6df30318,delivered,2025-06-01 03:26:00,2025-06-01 04:07:00,2025-06-03 03:26:00,2025-06-11 03:26:00,2025-06-16 03:26:00
c9e4a99d-d,0ed1d17a,delivered,2025-10-25 21:46:00,2025-10-25 23:03:00,2025-10-27 21:46:00,2025-11-18 21:46:00,2025-11-10 21:46:00
25fd1583-8,94cd6f54,delivered,2025-05-15 18:54:00,2025-05-15 20:59:00,2025-05-18 18:54:00,2025-05-26 18:54:00,2025-05-26 18:54:00
0b4fb056-3,02163a76,invoiced,2025-10-14 19:15:00,2025-10-14 21:39:00,,,2025-10-29 19:15:00
40c4c16c-f,3aa4018a,shipped,2025-11-18 19:43:00,2025-11-18 22:25:00,2025-11-19 19:43:00,,2025-12-04 19:43:00
89ae0d23-2,4dac8c7a,delivered,2025-03-15 04:35:00,2025-03-15 06:41:00,2025-03-18 04:35:00,2025-04-04 04:35:00,2025-04-04 04:35:00
7f6ba106-f,ebf42e94,delivered,2025-12-08 09:48:00,2025-12-08 12:20:00,2025-12-10 09:48:00,2025-12-28 09:48:00,2025-12-21 09:48:00
094646e7-1,1e4bf560,invoiced,2025-01-14 18:34:00,2025-01-14 21:15:00,,,2025-01-25 18:34:00
e185a593-b,00554b3e,delivered,2025-12-27 11:39:00,2025-12-27 13:49:00,2025-12-29 11:39:00,2026-01-12 11:39:00,2026-01-14 11:39:00
12900747-f,a2c6c8c2,canceled,2025-06-03 05:01:00,,,,2025-06-23 05:01:00
3e63bbef-8,27c2dd2c,shipped,2025-11-18 13:20:00,2025-11-18 14:34:00,2025-11-21 13:20:00,,2025-11-28 13:20:00
6a09b2f9-5,5161a228,shipped,2025-01-25 18:13:00,2025-01-25 20:15:00,2025-01-27 18:13:00,,2025-02-11 18:13:00
ee17b35d-6,5586b175,canceled,2025-08-05 18:17:00,,,,2025-08-16 18:17:00
62ba22af-b,0ca58e05,delivered,2025-10-12 06:24:00,2025-10-12 09:02:00,2025-10-14 06:24:00,2025-10-31 06:24:00,2025-10-27 06:24:00
b3b5263b-1,3b3bdec4,shipped,2025-12-03 03:52:00,2025-12-03 05:32:00,2025-12-05 03:52:00,,2025-12-22 03:52:00
a2bfbf01-6,cb906066,delivered,2025-09-12 13:07:00,2025-09-12 13:16:00,2025-09-13 13:07:00,2025-09-30 13:07:00,2025-09-24 13:07:00
46e110e4-b,e6031c0e,delivered,2025-10-28 22:49:00,2025-10-29 00:32:00,2025-10-31 22:49:00,2025-11-08 22:49:00,2025-11-08 22:49:00
73ae857e-5,551b00f1,canceled,2025-05-18 18:44:00,,,,2025-05-29 18:44:00
89307e98-f,b1ce534a,delivered,2025-01-02 03:35:00,2025-01-02 05:52:00,2025-01-03 03:35:00,2025-01-29 03:35:00,2025-01-22 03:35:00
f31a2a06-c,1d584a39,delivered,2025-12-09 05:13:00,2025-12-09 06:09:00,2025-12-10 05:13:00,2025-12-21 05:13:00,2025-12-23 05:13:00
0a7b472e-3,781732e8,delivered,2025-09-08 16:31:00,2025-09-08 19:10:00,2025-09-10 16:31:00,2025-09-19 16:31:00,2025-09-21 16:31:00
81f87e70-2,7bb7fef0,delivered,2025-04-09 21:11:00,2025-04-09 22:00:00,2025-04-12 21:11:00,2025-04-27 21:11:00,2025-04-19 21:11:00
b39f4e10-8,ff1e2430,delivered,2025-12-04 22:15:00,2025-12-04 23:41:00,2025-12-05 22:15:00,2025-12-25 22:15:00,2025-12-23 22:15:00
b73684af-9,2078ef07,delivered,2025-02-27 01:51:00,2025-02-27 03:10:00,2025-02-28 01:51:00,2025-03-27 01:51:00,2025-03-19 01:51:00
f88d837c-d,fbee3c03,delivered,2025-03-10 08:48:00,2025-03-10 09:17:00,2025-03-12 08:48:00,2025-03-26 08:48:00,2025-03-20 08:48:00
577919e8-4,04484397,canceled,2025-05-22 06:16:00,,,,2025-06-01 06:16:00
b1de437a-5,bfcf156f,shipped,2025-03-29 10:45:00,2025-03-29 13:33:00,2025-03-30 10:45:00,,2025-04-15 10:45:00
0b8e4d7c-9,979a78e9,delivered,2025-03-25 01:05:00,2025-03-25 03:50:00,2025-03-27 01:05:00,2025-04-10 01:05:00,2025-04-06 01:05:00
abdfaed4-3,b91d73e4,delivered,2025-09-21 04:06:00,2025-09-21 04:44:00,2025-09-23 04:06:00,2025-10-03 04:06:00,2025-10-01 04:06:00
cbed30fc-6,819548a5,delivered,2025-12-23 07:56:00,2025-12-23 09:26:00,2025-12-24 07:56:00,2026-01-20 07:56:00,2026-01-12 07:56:00
a85e8928-e,0ca58e05,canceled,2025-10-24 10:01:00,,,,2025-11-12 10:01:00
9826a834-d,29dea18c,shipped,2025-10-27 18:16:00,2025-10-27 19:52:00,2025-10-29 18:16:00,,2025-11-16 18:16:00
0d3451ea-4,13f12e22,delivered,2025-06-06 04:43:00,2025-06-06 05:15:00,2025-06-08 04:43:00,2025-06-22 04:43:00,2025-06-21 04:43:00
ef7911bc-a,15b7a55a,delivered,2025-05-26 09:16:00,2025-05-26 10:39:00,2025-05-28 09:16:00,2025-06-12 09:16:00,2025-06-10 09:16:00
8e6d1240-5,6c718531,canceled,2025-09-19 16:34:00,,,,2025-10-09 16:34:00
7c9e9e4b-0,cc7a88d2,delivered,2025-02-12 15:59:00,2025-02-12 18:26:00,2025-02-14 15:59:00,2025-02-20 15:59:00,2025-02-24 15:59:00
c7958534-6,bcf8a96a,delivered,2025-06-24 08:33:00,2025-06-24 09:34:00,2025-06-27 08:33:00,2025-07-09 08:33:00,2025-07-07 08:33:00
613c6bfd-3,cf08e4b6,invoiced,2025-03-19 05:16:00,2025-03-19 05:50:00,,,2025-03-31 05:16:00
8a52e2f5-0,5f9f2274,shipped,2025-09-05 11:13:00,2025-09-05 13:20:00,2025-09-06 11:13:00,,2025-09-25 11:13:00
19528eaa-5,379f4fed,canceled,2025-11-18 17:57:00,,,,2025-12-05 17:57:00
64d325fc-3,33afd110,delivered,2025-12-16 17:57:00,2025-12-16 18:47:00,2025-12-18 17:57:00,2025-12-26 17:57:00,2025-12-29 17:57:00
eba1fe12-3,ec60c308,canceled,2025-10-24 16:45:00,,,,2025-11-13 16:45:00
3a7c9c63-1,4f7cd3b5,shipped,2025-05-19 05:35:00,2025-05-19 06:10:00,2025-05-21 05:35:00,,2025-06-06 05:35:00
b19708ed-6,d92c7bc0,delivered,2025-12-03 18:47:00,2025-12-03 21:39:00,2025-12-05 18:47:00,2025-12-16 18:47:00,2025-12-18 18:47:00
1f30d0d6-2,819548a5,canceled,2025-01-07 08:03:00,,,,2025-01-26 08:03:00
87929261-8,0881549d,invoiced,2025-11-17 01:55:00,2025-11-17 02:06:00,,,2025-12-06 01:55:00
b48c3280-a,c58330b1,canceled,2025-04-27 00:42:00,,,,2025-05-15 00:42:00
6d3c5153-d,550e606f,delivered,2025-09-15 07:53:00,2025-09-15 10:24:00,2025-09-18 07:53:00,2025-09-27 07:53:00,2025-09-25 07:53:00
a53beed9-1,5ff729fc,shipped,2025-10-04 18:27:00,2025-10-04 21:05:00,2025-10-05 18:27:00,,2025-10-14 18:27:00
0b37a48b-8,dbb46f5c,delivered,2025-05-29 20:39:00,2025-05-29 22:16:00,2025-05-30 20:39:00,2025-06-10 20:39:00,2025-06-08 20:39:00
1568bd8d-1,91e5049e,delivered,2025-02-16 18:29:00,2025-02-16 20:40:00,2025-02-19 18:29:00,2025-03-07 18:29:00,2025-03-07 18:29:00
1071b60b-5,d411393f,delivered,2025-07-10 08:18:00,2025-07-10 08:28:00,2025-07-11 08:18:00,2025-07-29 08:18:00,2025-07-27 08:18:00
1afd5053-7,c7ce152a,delivered,2025-08-30 11:05:00,2025-08-30 11:16:00,2025-08-31 11:05:00,2025-09-07 11:05:00,2025-09-09 11:05:00
91da2bfe-0,c18b33c7,shipped,2025-09-01 20:15:00,2025-09-01 22:40:00,2025-09-03 20:15:00,,2025-09-18 20:15:00
7a9c64de-8,9f83c16e,delivered,2025-07-28 06:54:00,2025-07-28 09:00:00,2025-07-29 06:54:00,2025-08-20 06:54:00,2025-08-12 06:54:00
31242cc8-7,72e9c627,delivered,2025-01-27 04:24:00,2025-01-27 05:08:00,2025-01-28 04:24:00,2025-02-08 04:24:00,2025-02-13 04:24:00
593eb70e-4,a09fb0c9,delivered,2025-12-13 11:10:00,2025-12-13 11:54:00,2025-12-16 11:10:00,2025-12-25 11:10:00,2025-12-25 11:10:00
84b0c88b-1,c046a219,delivered,2025-04-24 02:27:00,2025-04-24 05:06:00,2025-04-25 02:27:00,2025-05-08 02:27:00,2025-05-08 02:27:00
d30458e8-3,4363085a,delivered,2025-04-15 14:10:00,2025-04-15 15:20:00,2025-04-17 14:10:00,2025-05-03 14:10:00,2025-05-01 14:10:00
f0c4e709-9,4e1d1bcc,delivered,2025-05-23 11:48:00,2025-05-23 13:18:00,2025-05-24 11:48:00,2025-06-03 11:48:00,2025-06-04 11:48:00
3576c7d3-5,752ffcee,delivered,2025-07-07 09:38:00,2025-07-07 11:38:00,2025-07-10 09:38:00,2025-07-18 09:38:00,2025-07-17 09:38:00
3938a8d4-b,48011d87,canceled,2025-11-28 06:18:00,,,,2025-12-16 06:18:00
b77efb4f-9,b75e9d5c,delivered,2025-07-14 10:15:00,2025-07-14 12:44:00,2025-07-17 10:15:00,2025-07-26 10:15:00,2025-07-29 10:15:00
62b7a2cf-b,1f82aea3,invoiced,2025-11-24 14:39:00,2025-11-24 14:59:00,,,2025-12-12 14:39:00
0320eba3-5,f18dd002,canceled,2025-07-09 11:32:00,,,,2025-07-29 11:32:00
f8ff2244-3,8fcf0956,delivered,2025-05-14 04:22:00,2025-05-14 05:41:00,2025-05-15 04:22:00,2025-06-07 04:22:00,2025-06-03 04:22:00
63ce41e5-c,3bf9cf7c,delivered,2025-09-02 10:25:00,2025-09-02 12:41:00,2025-09-04 10:25:00,2025-09-23 10:25:00,2025-09-21 10:25:00
52188aed-f,3c98f093,delivered,2025-06-12 07:03:00,2025-06-12 09:18:00,2025-06-13 07:03:00,2025-06-30 07:03:00,2025-06-27 07:03:00
dd432c49-e,d00413e4,delivered,2025-02-25 03:54:00,2025-02-25 06:33:00,2025-02-26 03:54:00,2025-03-25 03:54:00,2025-03-17 03:54:00
593a216a-7,3c8e805f,shipped,2025-03-21 14:21:00,2025-03-21 15:09:00,2025-03-22 14:21:00,,2025-04-07 14:21:00
19a0d75b-c,a666d044,invoiced,2025-10-14 15:22:00,2025-10-14 17:22:00,,,2025-10-24 15:22:00
f2c8593c-4,e1735c49,delivered,2025-12-17 20:01:00,2025-12-17 20:22:00,2025-12-19 20:01:00,2026-01-07 20:01:00,2025-12-31 20:01:00
1bfc5d7b-1,089bfae1,delivered,2025-02-06 21:03:00,2025-02-06 22:02:00,2025-02-08 21:03:00,2025-02-23 21:03:00,2025-02-23 21:03:00
1eaa132a-a,ace33911,canceled,2025-09-26 18:17:00,,,,2025-10-06 18:17:00
aabf6149-c,41299692,invoiced,2025-05-08 22:31:00,2025-05-08 22:43:00,,,2025-05-27 22:31:00
a1f261dd-1,747c759d,shipped,2025-08-27 15:51:00,2025-08-27 16:55:00,2025-08-29 15:51:00,,2025-09-09 15:51:00
93ceb04b-7,2c3941dd,invoiced,2025-08-15 15:18:00,2025-08-15 15:36:00,,,2025-08-25 15:18:00
74b91a72-0,34d3cc94,canceled,2025-12-19 12:24:00,,,,2025-12-30 12:24:00
f7253f30-f,ea769a28,invoiced,2025-05-05 14:02:00,2025-05-05 14:08:00,,,2025-05-22 14:02:00
7c0164b0-5,7bb7fef0,delivered,2025-03-28 22:25:00,2025-03-29 00:53:00,2025-03-29 22:25:00,2025-04-11 22:25:00,2025-04-16 22:25:00
4e7ec2ed-2,7a6a135c,canceled,2025-07-13 18:12:00,,,,2025-07-27 18:12:00
23bde6e7-e,e84b57a8,delivered,2025-11-12 16:57:00,2025-11-12 19:04:00,2025-11-13 16:57:00,2025-11-30 16:57:00,2025-11-22 16:57:00
a026367d-3,37a38b16,shipped,2025-11-20 12:07:00,2025-11-20 14:02:00,2025-11-22 12:07:00,,2025-12-02 12:07:00
d03a736c-c,06ed2fed,invoiced,2025-06-04 19:24:00,2025-06-04 20:49:00,,,2025-06-19 19:24:00
fbf84afc-4,f8e8b22a,canceled,2025-03-14 10:53:00,,,,2025-03-28 10:53:00
1ed80da0-f,e6aa9f45,shipped,2025-06-18 00:56:00,2025-06-18 01:44:00,2025-06-20 00:56:00,,2025-06-30 00:56:00
37f727b0-8,5801e377,delivered,2025-12-18 06:09:00,2025-12-18 06:14:00,2025-12-19 06:09:00,2025-12-29 06:09:00,2025-12-28 06:09:00
0e3766d0-a,659347a5,invoiced,2025-09-26 13:28:00,2025-09-26 15:21:00,,,2025-10-13 13:28:00
538c9e1a-a,fe08c84f,delivered,2025-09-13 06:39:00,2025-09-13 06:59:00,2025-09-14 06:39:00,2025-10-01 06:39:00,2025-09-27 06:39:00
344fb9e3-b,00ff3308,invoiced,2025-08-18 13:11:00,2025-08-18 15:41:00,,,2025-09-03 13:11:00
b356f900-1,78cba808,delivered,2025-11-09 19:04:00,2025-11-09 21:52:00,2025-11-10 19:04:00,2025-11-30 19:04:00,2025-11-23 19:04:00
118c5739-9,bdb55f80,invoiced,2025-05-12 10:40:00,2025-05-12 12:53:00,,,2025-05-26 10:40:00
248301db-c,efc11797,invoiced,2025-11-21 14:07:00,2025-11-21 15:40:00,,,2025-12-04 14:07:00
8611d84e-8,1e28a1ac,invoiced,2025-04-21 04:59:00,2025-04-21 05:48:00,,,2025-05-08 04:59:00
0e2ee107-0,7a6d4c2e,invoiced,2025-05-29 13:44:00,2025-05-29 15:07:00,,,2025-06-13 13:44:00
632c34d8-6,1ac17d5b,delivered,2025-06-03 07:24:00,2025-06-03 09:15:00,2025-06-05 07:24:00,2025-06-21 07:24:00,2025-06-22 07:24:00
77fefe0b-7,3fb28e32,delivered,2025-06-20 23:15:00,2025-06-21 00:15:00,2025-06-22 23:15:00,2025-07-07 23:15:00,2025-07-06 23:15:00
0e5d9c9a-f,e4811065,canceled,2025-08-01 11:49:00,,,,2025-08-18 11:49:00
4e3ec2ac-c,9fa6c982,delivered,2025-04-24 22:39:00,2025-04-25 01:04:00,2025-04-25 22:39:00,2025-05-03 22:39:00,2025-05-05 22:39:00
d8d2e3ee-9,aa57d8fd,delivered,2025-12-11 14:30:00,2025-12-11 14:37:00,2025-12-12 14:30:00,2025-12-21 14:30:00,2025-12-25 14:30:00
c295dc5a-5,6dd7cde5,delivered,2025-02-05 11:15:00,2025-02-05 13:56:00,2025-02-07 11:15:00,2025-02-20 11:15:00,2025-02-17 11:15:00
cf6d2188-5,5e1e1e12,delivered,2025-10-23 02:24:00,2025-10-23 03:20:00,2025-10-26 02:24:00,2025-11-14 02:24:00,2025-11-09 02:24:00
446bc273-a,83b38697,delivered,2025-07-09 02:02:00,2025-07-09 04:54:00,2025-07-12 02:02:00,2025-08-04 02:02:00,2025-07-27 02:02:00
2356eba5-9,28009acc,delivered,2025-01-19 04:29:00,2025-01-19 06:38:00,2025-01-20 04:29:00,2025-02-07 04:29:00,2025-01-31 04:29:00
1ce38dd1-2,1ac17d5b,delivered,2025-11-18 06:35:00,2025-11-18 06:42:00,2025-11-21 06:35:00,2025-12-03 06:35:00,2025-12-06 06:35:00
153681ce-c,8072f92c,canceled,2025-04-26 22:41:00,,,,2025-05-07 22:41:00
ee7ee4c4-d,7747b46c,delivered,2025-11-02 16:55:00,2025-11-02 19:01:00,2025-11-03 16:55:00,2025-11-12 16:55:00,2025-11-16 16:55:00
e92b0fe6-f,28009acc,delivered,2025-07-12 21:51:00,2025-07-12 23:01:00,2025-07-15 21:51:00,2025-07-24 21:51:00,2025-07-28 21:51:00
29ed9eb1-0,57d790cd,delivered,2025-09-12 09:45:00,2025-09-12 10:24:00,2025-09-15 09:45:00,2025-10-06 09:45:00,2025-09-30 09:45:00
a30a00dc-7,63b378e0,delivered,2025-12-03 15:16:00,2025-12-03 16:24:00,2025-12-06 15:16:00,2025-12-21 15:16:00,2025-12-22 15:16:00
a9195b19-f,ed66be52,invoiced,2025-03-24 20:19:00,2025-03-24 21:49:00,,,2025-04-12 20:19:00
874164d1-f,69d9db29,delivered,2025-06-26 22:18:00,2025-06-26 22:29:00,2025-06-29 22:18:00,2025-07-15 22:18:00,2025-07-16 22:18:00
1d04d4c3-5,a3f439fa,delivered,2025-03-02 03:48:00,2025-03-02 05:54:00,2025-03-04 03:48:00,2025-03-20 03:48:00,2025-03-20 03:48:00
a6645155-1,7b865967,delivered,2025-07-16 04:47:00,2025-07-16 06:42:00,2025-07-19 04:47:00,2025-08-05 04:47:00,2025-07-28 04:47:00
c9c50037-4,fc6a7c3a,delivered,2025-11-01 10:55:00,2025-11-01 13:48:00,2025-11-02 10:55:00,2025-11-21 10:55:00,2025-11-21 10:55:00
13379c0f-9,c4f20f74,invoiced,2025-07-03 05:19:00,2025-07-03 06:56:00,,,2025-07-21 05:19:00
ffc52140-2,efca9221,delivered,2025-06-29 03:31:00,2025-06-29 04:36:00,2025-07-02 03:31:00,2025-07-12 03:31:00,2025-07-12 03:31:00
bef266b7-1,121dc651,delivered,2025-03-05 10:05:00,2025-03-05 11:36:00,2025-03-07 10:05:00,2025-03-23 10:05:00,2025-03-24 10:05:00
ff7a2008-0,5f9f2274,delivered,2025-06-15 21:56:00,2025-06-16 00:36:00,2025-06-16 21:56:00,2025-07-06 21:56:00,2025-06-30 21:56:00
6e0ecde2-6,fa7350b0,shipped,2025-03-31 10:27:00,2025-03-31 11:12:00,2025-04-03 10:27:00,,2025-04-17 10:27:00
d2433499-7,b149737e,delivered,2025-03-20 00:41:00,2025-03-20 03:19:00,2025-03-23 00:41:00,2025-04-04 00:41:00,2025-04-01 00:41:00
8736a80f-5,c58330b1,delivered,2025-12-08 22:30:00,2025-12-09 00:38:00,2025-12-10 22:30:00,2025-12-19 22:30:00,2025-12-19 22:30:00
cdc1617e-7,578e24c9,invoiced,2025-07-01 01:52:00,2025-07-01 03:35:00,,,2025-07-17 01:52:00
3ffbb41b-5,a0f81048,invoiced,2025-07-22 16:21:00,2025-07-22 18:50:00,,,2025-08-05 16:21:00
1744bfd5-6,d1aad680,delivered,2025-06-13 12:48:00,2025-06-13 15:36:00,2025-06-16 12:48:00,2025-07-01 12:48:00,2025-07-01 12:48:00
bebfbd02-e,00cf0d69,delivered,2025-07-21 22:44:00,2025-07-22 01:37:00,2025-07-22 22:44:00,2025-08-10 22:44:00,2025-08-03 22:44:00
24103610-0,079590a8,invoiced,2025-11-14 16:28:00,2025-11-14 16:53:00,,,2025-12-04 16:28:00
12985bfc-2,7ea1a48a,invoiced,2025-04-12 00:00:00,2025-04-12 02:03:00,,,2025-05-02 00:00:00
3a655c51-a,a35aeec9,delivered,2025-05-29 03:41:00,2025-05-29 05:01:00,2025-05-31 03:41:00,2025-06-21 03:41:00,2025-06-13 03:41:00
1627fe20-6,ee246dc9,invoiced,2025-05-05 22:27:00,2025-05-05 23:22:00,,,2025-05-15 22:27:00
78b85459-1,b6cfa4ed,invoiced,2025-01-29 14:03:00,2025-01-29 14:55:00,,,2025-02-13 14:03:00
c08e7b5b-9,cab06615,canceled,2025-12-11 11:01:00,,,,2025-12-29 11:01:00
10ea066e-c,25e1595d,delivered,2025-05-11 15:17:00,2025-05-11 15:49:00,2025-05-14 15:17:00,2025-05-21 15:17:00,2025-05-25 15:17:00
59bcee21-0,6f988726,shipped,2025-08-12 16:18:00,2025-08-12 18:34:00,2025-08-13 16:18:00,,2025-08-27 16:18:00
376d2fa7-e,f8156937,canceled,2025-03-21 00:57:00,,,,2025-04-08 00:57:00
72ac5274-3,14d33c6c,delivered,2025-10-31 06:45:00,2025-10-31 09:43:00,2025-11-03 06:45:00,2025-11-25 06:45:00,2025-11-20 06:45:00
85122892-c,1444c49c,shipped,2025-02-24 19:34:00,2025-02-24 21:41:00,2025-02-27 19:34:00,,2025-03-08 19:34:00
5246247c-d,8e096eb4,delivered,2025-08-04 23:00:00,2025-08-04 23:31:00,2025-08-07 23:00:00,2025-08-17 23:00:00,2025-08-14 23:00:00
d511aeae-d,56de3dce,delivered,2025-06-06 19:50:00,2025-06-06 20:17:00,2025-06-08 19:50:00,2025-06-23 19:50:00,2025-06-18 19:50:00
ac566298-0,adfb991d,delivered,2025-02-11 15:31:00,2025-02-11 16:27:00,2025-02-12 15:31:00,2025-02-20 15:31:00,2025-02-24 15:31:00
f99e8b69-6,fcec4189,delivered,2025-04-04 11:21:00,2025-04-04 14:03:00,2025-04-05 11:21:00,2025-04-22 11:21:00,2025-04-21 11:21:00
882ed038-4,322667db,invoiced,2025-08-06 20:49:00,2025-08-06 22:20:00,,,2025-08-17 20:49:00
c4554e06-4,1ff9acb2,shipped,2025-12-21 06:26:00,2025-12-21 07:15:00,2025-12-24 06:26:00,,2026-01-01 06:26:00
b0e3ec49-6,0ed1d17a,canceled,2025-08-31 09:37:00,,,,2025-09-16 09:37:00
d57e6dee-4,4def9caa,delivered,2025-10-03 04:07:00,2025-10-03 06:23:00,2025-10-05 04:07:00,2025-10-20 04:07:00,2025-10-16 04:07:00
b4e9a77b-5,9d6e20de,delivered,2025-04-17 09:48:00,2025-04-17 12:43:00,2025-04-19 09:48:00,2025-04-27 09:48:00,2025-05-02 09:48:00
43f560e4-0,3f10f164,canceled,2025-04-23 17:31:00,,,,2025-05-07 17:31:00
ce12aa28-8,b6c75d91,delivered,2025-05-03 20:51:00,2025-05-03 23:08:00,2025-05-06 20:51:00,2025-05-21 20:51:00,2025-05-23 20:51:00
372a3aec-d,13f7963d,shipped,2025-11-14 14:26:00,2025-11-14 16:08:00,2025-11-16 14:26:00,,2025-11-30 14:26:00
c6f57334-9,ffd41370,delivered,2025-12-15 15:29:00,2025-12-15 16:39:00,2025-12-17 15:29:00,2025-12-21 15:29:00,2025-12-26 15:29:00
466e31c8-f,687444f4,canceled,2025-01-29 00:13:00,,,,2025-02-18 00:13:00
f5546028-6,8bcf6687,delivered,2025-12-18 23:58:00,2025-12-19 00:37:00,2025-12-19 23:58:00,2025-12-27 23:58:00,2025-12-31 23:58:00
f33cd92d-c,0be207b2,delivered,2025-02-19 16:59:00,2025-02-19 18:12:00,2025-02-21 16:59:00,2025-03-16 16:59:00,2025-03-09 16:59:00
620b7550-6,530e3548,invoiced,2025-09-14 20:45:00,2025-09-14 22:55:00,,,2025-10-03 20:45:00
33b563bd-4,8a88c51e,invoiced,2025-11-03 02:29:00,2025-11-03 05:08:00,,,2025-11-17 02:29:00
0412e3f2-0,a7191243,canceled,2025-10-20 11:06:00,,,,2025-10-30 11:06:00
f6c98fdd-7,a388c941,shipped,2025-07-23 12:33:00,2025-07-23 14:26:00,2025-07-26 12:33:00,,2025-08-12 12:33:00
481607f1-6,2e187c84,delivered,2025-05-20 05:02:00,2025-05-20 07:00:00,2025-05-22 05:02:00,2025-06-12 05:02:00,2025-06-04 05:02:00
3d98f594-0,2328f8e4,shipped,2025-07-11 15:27:00,2025-07-11 15:45:00,2025-07-12 15:27:00,,2025-07-31 15:27:00
c187517f-3,12cb464a,invoiced,2025-10-30 15:03:00,2025-10-30 16:25:00,,,2025-11-14 15:03:00
d87c83b4-a,b8bea469,delivered,2025-09-09 12:09:00,2025-09-09 12:43:00,2025-09-12 12:09:00,2025-09-22 12:09:00,2025-09-22 12:09:00
4c4c01e6-7,048188ee,delivered,2025-03-03 11:47:00,2025-03-03 12:42:00,2025-03-06 11:47:00,2025-03-26 11:47:00,2025-03-21 11:47:00
e3db0c39-1,61cef4e7,canceled,2025-07-05 07:59:00,,,,2025-07-16 07:59:00
6bed733c-c,86aaceb2,delivered,2025-06-09 01:49:00,2025-06-09 02:01:00,2025-06-10 01:49:00,2025-06-19 01:49:00,2025-06-23 01:49:00
988962d8-5,efca9221,delivered,2025-11-17 14:07:00,2025-11-17 16:23:00,2025-11-20 14:07:00,2025-12-12 14:07:00,2025-12-04 14:07:00
d28839a6-6,1cd6b9bd,delivered,2025-11-25 19:11:00,2025-11-25 19:41:00,2025-11-26 19:11:00,2025-12-08 19:11:00,2025-12-06 19:11:00
cbf3115d-d,57e66981,delivered,2025-06-22 00:46:00,2025-06-22 02:56:00,2025-06-25 00:46:00,2025-07-12 00:46:00,2025-07-11 00:46:00
27624fce-e,990c458b,delivered,2025-02-11 19:57:00,2025-02-11 21:49:00,2025-02-14 19:57:00,2025-03-08 19:57:00,2025-03-03 19:57:00
9b455459-f,b6cdd3d0,delivered,2025-01-27 13:20:00,2025-01-27 15:41:00,2025-01-30 13:20:00,2025-02-19 13:20:00,2025-02-12 13:20:00
2201ff74-0,94cd6f54,delivered,2025-12-23 14:29:00,2025-12-23 14:58:00,2025-12-26 14:29:00,2026-01-05 14:29:00,2026-01-09 14:29:00
a0ae5ea8-5,f2b3e39d,delivered,2025-07-14 23:47:00,2025-07-15 01:54:00,2025-07-15 23:47:00,2025-08-11 23:47:00,2025-08-03 23:47:00
dfcef7b9-7,b0aca43e,canceled,2025-05-22 09:21:00,,,,2025-06-03 09:21:00
2b5713ce-0,ead8ba46,delivered,2025-11-07 17:31:00,2025-11-07 19:44:00,2025-11-10 17:31:00,2025-11-18 17:31:00,2025-11-17 17:31:00
0b547307-c,f8de208e,canceled,2025-04-10 22:11:00,,,,2025-04-20 22:11:00
ff7d1e82-c,3661b2fd,shipped,2025-08-30 00:41:00,2025-08-30 03:41:00,2025-08-31 00:41:00,,2025-09-16 00:41:00
3f06fcd0-6,bdb55f80,delivered,2025-12-28 22:57:00,2025-12-29 00:40:00,2025-12-30 22:57:00,2026-01-05 22:57:00,2026-01-10 22:57:00
0080edf7-9,d4dcbd02,delivered,2025-04-24 04:09:00,2025-04-24 04:58:00,2025-04-26 04:09:00,2025-05-11 04:09:00,2025-05-11 04:09:00
33a21340-f,1229a8a0,canceled,2025-07-11 23:48:00,,,,2025-07-21 23:48:00
34840cf6-c,3537e170,delivered,2025-04-29 03:18:00,2025-04-29 05:48:00,2025-04-30 03:18:00,2025-05-20 03:18:00,2025-05-19 03:18:00
56b2b1d1-c,82cc1127,delivered,2025-04-14 17:09:00,2025-04-14 20:08:00,2025-04-17 17:09:00,2025-04-26 17:09:00,2025-04-24 17:09:00
354a903d-4,a6b2d115,shipped,2025-11-05 12:39:00,2025-11-05 14:46:00,2025-11-08 12:39:00,,2025-11-18 12:39:00
4e9186e2-7,294c864d,delivered,2025-04-11 16:28:00,2025-04-11 18:22:00,2025-04-14 16:28:00,2025-04-27 16:28:00,2025-04-29 16:28:00
07ec3fd0-3,07ad5401,delivered,2025-08-18 06:35:00,2025-08-18 08:31:00,2025-08-21 06:35:00,2025-08-30 06:35:00,2025-08-29 06:35:00
0675c461-5,f4fc1410,canceled,2025-11-12 07:30:00,,,,2025-11-30 07:30:00
f611671b-8,ad18a686,delivered,2025-04-01 19:58:00,2025-04-01 22:40:00,2025-04-04 19:58:00,2025-04-11 19:58:00,2025-04-16 19:58:00
3b2a04d8-d,791b20d9,canceled,2025-08-11 05:34:00,,,,2025-08-22 05:34:00
357059bf-2,6a678291,delivered,2025-12-10 22:14:00,2025-12-11 00:53:00,2025-12-12 22:14:00,2025-12-24 22:14:00,2025-12-21 22:14:00
4827ec7c-8,4ea30b9a,canceled,2025-08-06 05:16:00,,,,2025-08-18 05:16:00
acc2423f-b,8262113b,shipped,2025-12-21 15:31:00,2025-12-21 16:24:00,2025-12-23 15:31:00,,2026-01-05 15:31:00
70b223eb-e,87e3398b,invoiced,2025-07-29 12:05:00,2025-07-29 13:04:00,,,2025-08-10 12:05:00
beca4ec1-5,786e6800,delivered,2025-08-28 12:54:00,2025-08-28 13:51:00,2025-08-31 12:54:00,2025-09-15 12:54:00,2025-09-15 12:54:00
92626773-4,ebae7f71,delivered,2025-01-06 14:08:00,2025-01-06 16:34:00,2025-01-09 14:08:00,2025-01-28 14:08:00,2025-01-20 14:08:00
c42c6481-6,dbe0a38a,shipped,2025-10-29 16:27:00,2025-10-29 18:23:00,2025-11-01 16:27:00,,2025-11-17 16:27:00
3e18516f-e,4b2f0796,delivered,2025-06-17 02:55:00,2025-06-17 04:08:00,2025-06-20 02:55:00,2025-06-26 02:55:00,2025-06-27 02:55:00
604d54b6-7,5357ab9c,delivered,2025-05-20 07:53:00,2025-05-20 09:11:00,2025-05-22 07:53:00,2025-06-03 07:53:00,2025-06-02 07:53:00
dfbd733a-9,9ac46a72,delivered,2025-08-22 04:09:00,2025-08-22 04:55:00,2025-08-23 04:09:00,2025-09-06 04:09:00,2025-09-07 04:09:00
3b7c064b-3,ceaeec37,delivered,2025-01-06 04:29:00,2025-01-06 06:07:00,2025-01-09 04:29:00,2025-01-24 04:29:00,2025-01-16 04:29:00
ca8c2075-8,78895a9a,invoiced,2025-10-03 22:02:00,2025-10-03 23:28:00,,,2025-10-14 22:02:00
84061879-0,547b1a9b,delivered,2025-03-01 13:33:00,2025-03-01 13:56:00,2025-03-02 13:33:00,2025-03-13 13:33:00,2025-03-11 13:33:00
9a754cfa-2,2c7503e1,delivered,2025-06-28 11:33:00,2025-06-28 13:06:00,2025-07-01 11:33:00,2025-07-19 11:33:00,2025-07-11 11:33:00
5bdd6868-b,3f19fbfb,delivered,2025-08-12 10:11:00,2025-08-12 11:10:00,2025-08-13 10:11:00,2025-08-20 10:11:00,2025-08-24 10:11:00
bb9276e1-1,f7400d1f,invoiced,2025-10-20 18:23:00,2025-10-20 21:15:00,,,2025-10-31 18:23:00
6c1cc806-6,8ccbb1b4,delivered,2025-12-04 21:48:00,2025-12-04 23:44:00,2025-12-07 21:48:00,2025-12-25 21:48:00,2025-12-19 21:48:00
aa83bddc-2,c5613c06,shipped,2025-09-06 09:02:00,2025-09-06 11:15:00,2025-09-09 09:02:00,,2025-09-17 09:02:00
46fcff51-1,37be15b1,delivered,2025-09-29 04:04:00,2025-09-29 05:19:00,2025-10-01 04:04:00,2025-10-14 04:04:00,2025-10-11 04:04:00
8531e007-8,f7f5a105,delivered,2025-09-16 18:15:00,2025-09-16 18:21:00,2025-09-19 18:15:00,2025-10-01 18:15:00,2025-09-28 18:15:00
70ca199b-6,4e8f3f13,invoiced,2025-01-27 17:59:00,2025-01-27 18:52:00,,,2025-02-07 17:59:00
f56d40e7-9,313b13f5,canceled,2025-09-28 18:26:00,,,,2025-10-13 18:26:00
216140c7-f,1a27565e,delivered,2025-11-01 07:34:00,2025-11-01 09:28:00,2025-11-03 07:34:00,2025-11-17 07:34:00,2025-11-15 07:34:00
5af127a7-6,6dff10df,shipped,2025-08-23 09:33:00,2025-08-23 11:38:00,2025-08-24 09:33:00,,2025-09-07 09:33:00
2df977a0-0,bc67aa69,delivered,2025-10-27 20:19:00,2025-10-27 21:33:00,2025-10-30 20:19:00,2025-11-20 20:19:00,2025-11-12 20:19:00
04ac2f14-9,614b70ce,delivered,2025-07-22 20:23:00,2025-07-22 22:04:00,2025-07-24 20:23:00,2025-08-09 20:23:00,2025-08-01 20:23:00
6463edb3-c,51c334c4,canceled,2025-05-08 18:06:00,,,,2025-05-27 18:06:00
fb2ebc12-3,2bb7de34,invoiced,2025-10-31 01:45:00,2025-10-31 02:38:00,,,2025-11-15 01:45:00
4f6b36a3-8,b0b17589,delivered,2025-03-12 14:27:00,2025-03-12 15:41:00,2025-03-14 14:27:00,2025-03-30 14:27:00,2025-03-23 14:27:00
6c7b737b-7,c61bf159,delivered,2025-08-12 20:26:00,2025-08-12 23:23:00,2025-08-13 20:26:00,2025-08-27 20:26:00,2025-08-25 20:26:00
4ebf0720-6,d6bbef0c,shipped,2025-05-05 03:16:00,2025-05-05 04:55:00,2025-05-06 03:16:00,,2025-05-18 03:16:00
62001724-1,4c17a52e,delivered,2025-05-16 20:09:00,2025-05-16 21:47:00,2025-05-18 20:09:00,2025-06-01 20:09:00,2025-05-31 20:09:00
758d5de8-2,bb76c022,shipped,2025-12-03 11:58:00,2025-12-03 12:58:00,2025-12-06 11:58:00,,2025-12-14 11:58:00
c89cdc2c-5,01ae29d6,delivered,2025-12-17 17:44:00,2025-12-17 19:14:00,2025-12-19 17:44:00,2025-12-31 17:44:00,2026-01-04 17:44:00
201b727e-4,44511fdc,canceled,2025-02-24 09:56:00,,,,2025-03-14 09:56:00
bb9422a1-c,88e6fdca,delivered,2025-07-28 11:26:00,2025-07-28 12:07:00,2025-07-30 11:26:00,2025-08-14 11:26:00,2025-08-13 11:26:00
ba71713c-d,f12cdf05,invoiced,2025-11-21 21:25:00,2025-11-21 22:26:00,,,2025-12-08 21:25:00
6c530b63-f,207f2b07,delivered,2025-08-08 05:11:00,2025-08-08 06:53:00,2025-08-10 05:11:00,2025-08-25 05:11:00,2025-08-22 05:11:00
78843bd1-7,9d5ce81c,delivered,2025-04-22 22:21:00,2025-04-23 00:43:00,2025-04-23 22:21:00,2025-05-12 22:21:00,2025-05-12 22:21:00
19874aba-7,919efc57,delivered,2025-02-25 14:57:00,2025-02-25 15:03:00,2025-02-26 14:57:00,2025-03-17 14:57:00,2025-03-14 14:57:00
09c03a09-a,893438a6,delivered,2025-03-29 23:11:00,2025-03-30 00:14:00,2025-04-01 23:11:00,2025-04-11 23:11:00,2025-04-09 23:11:00
a6fda38e-6,bcaa6449,shipped,2025-06-24 21:33:00,2025-06-24 22:47:00,2025-06-27 21:33:00,,2025-07-07 21:33:00
d9ad5fee-c,d4d13e12,shipped,2025-08-18 09:28:00,2025-08-18 10:43:00,2025-08-19 09:28:00,,2025-09-04 09:28:00
1f21e35b-6,dea15ed1,delivered,2025-06-24 14:31:00,2025-06-24 17:06:00,2025-06-27 14:31:00,2025-07-05 14:31:00,2025-07-04 14:31:00
4d133018-a,88e0d0b9,delivered,2025-09-17 01:38:00,2025-09-17 03:03:00,2025-09-19 01:38:00,2025-10-02 01:38:00,2025-10-02 01:38:00
8aa611b7-3,d787a80b,delivered,2025-06-09 17:16:00,2025-06-09 17:22:00,2025-06-10 17:16:00,2025-07-03 17:16:00,2025-06-25 17:16:00
f5511c90-f,615d60c8,delivered,2025-04-19 07:31:00,2025-04-19 09:05:00,2025-04-20 07:31:00,2025-04-25 07:31:00,2025-04-29 07:31:00
a6d7b374-3,fca6b031,delivered,2025-04-07 15:27:00,2025-04-07 17:44:00,2025-04-09 15:27:00,2025-04-23 15:27:00,2025-04-17 15:27:00
3763ae26-1,5f9f2274,delivered,2025-11-13 00:31:00,2025-11-13 01:04:00,2025-11-16 00:31:00,2025-11-30 00:31:00,2025-11-28 00:31:00
5673de41-b,e868a118,delivered,2025-05-24 18:54:00,2025-05-24 21:45:00,2025-05-26 18:54:00,2025-06-11 18:54:00,2025-06-08 18:54:00
245ac923-9,8062d9d9,delivered,2025-02-09 16:03:00,2025-02-09 18:24:00,2025-02-11 16:03:00,2025-02-25 16:03:00,2025-02-22 16:03:00
eeb4fb82-8,6c81acdf,invoiced,2025-08-28 22:10:00,2025-08-28 23:05:00,,,2025-09-17 22:10:00
5f9dd397-6,9d6e20de,delivered,2025-05-01 00:42:00,2025-05-01 00:48:00,2025-05-03 00:42:00,2025-05-16 00:42:00,2025-05-21 00:42:00
a3f0e9a4-9,d1aad680,invoiced,2025-09-20 15:14:00,2025-09-20 16:13:00,,,2025-09-30 15:14:00
ca978c2f-8,b54d5fcd,delivered,2025-04-16 15:14:00,2025-04-16 17:08:00,2025-04-19 15:14:00,2025-04-26 15:14:00,2025-05-01 15:14:00
f746a9b2-d,603e4d67,delivered,2025-05-14 14:14:00,2025-05-14 15:50:00,2025-05-15 14:14:00,2025-06-06 14:14:00,2025-05-29 14:14:00
ef7eb8fd-2,5f311807,shipped,2025-04-16 01:50:00,2025-04-16 03:23:00,2025-04-17 01:50:00,,2025-05-05 01:50:00
c816d611-4,e5ae5fe4,canceled,2025-06-27 19:37:00,,,,2025-07-13 19:37:00
6dafd196-5,00554b3e,canceled,2025-01-14 19:35:00,,,,2025-02-02 19:35:00
c22fedc2-6,aeb71e86,delivered,2025-02-15 08:41:00,2025-02-15 09:48:00,2025-02-16 08:41:00,2025-03-02 08:41:00,2025-03-03 08:41:00
6e6243c5-b,e00baaf1,delivered,2025-06-08 22:03:00,2025-06-09 00:52:00,2025-06-09 22:03:00,2025-06-22 22:03:00,2025-06-23 22:03:00
32a75aba-6,f471d360,shipped,2025-05-13 06:23:00,2025-05-13 08:26:00,2025-05-16 06:23:00,,2025-06-01 06:23:00
387c5f47-4,a7f22bc5,delivered,2025-03-21 10:04:00,2025-03-21 12:53:00,2025-03-23 10:04:00,2025-04-12 10:04:00,2025-04-04 10:04:00
13c61d3e-3,b58e18ab,delivered,2025-07-07 10:06:00,2025-07-07 10:52:00,2025-07-10 10:06:00,2025-07-30 10:06:00,2025-07-25 10:06:00
4678ea5c-e,0a348b84,delivered,2025-04-18 02:47:00,2025-04-18 02:52:00,2025-04-19 02:47:00,2025-04-27 02:47:00,2025-04-30 02:47:00
45aa76f9-4,ccc2b6ec,delivered,2025-04-18 20:49:00,2025-04-18 23:48:00,2025-04-20 20:49:00,2025-04-26 20:49:00,2025-04-30 20:49:00
83ddf7d6-a,ebdd5cbf,invoiced,2025-06-19 14:18:00,2025-06-19 16:47:00,,,2025-07-07 14:18:00
37253493-0,ccd6af49,delivered,2025-07-05 04:23:00,2025-07-05 05:41:00,2025-07-06 04:23:00,2025-07-19 04:23:00,2025-07-15 04:23:00
3c879aec-a,6f988726,canceled,2025-05-27 12:26:00,,,,2025-06-06 12:26:00
125cd071-5,d7836bde,delivered,2025-09-01 10:26:00,2025-09-01 10:57:00,2025-09-02 10:26:00,2025-09-14 10:26:00,2025-09-19 10:26:00
a7e80a16-5,4a8db9a7,delivered,2025-03-13 06:37:00,2025-03-13 08:08:00,2025-03-15 06:37:00,2025-03-21 06:37:00,2025-03-24 06:37:00
befbe61b-6,d1f5fe12,delivered,2025-05-13 03:16:00,2025-05-13 03:53:00,2025-05-14 03:16:00,2025-06-06 03:16:00,2025-05-29 03:16:00
293d6b53-4,e2cc81f8,delivered,2025-06-13 06:58:00,2025-06-13 09:04:00,2025-06-14 06:58:00,2025-07-03 06:58:00,2025-06-28 06:58:00
68c5b2b3-1,8280d088,invoiced,2025-08-14 15:35:00,2025-08-14 17:48:00,,,2025-08-24 15:35:00
88b382cc-1,7b1df443,delivered,2025-03-31 22:43:00,2025-04-01 00:28:00,2025-04-01 22:43:00,2025-04-15 22:43:00,2025-04-15 22:43:00
986eb9b0-0,ec60c308,delivered,2025-02-14 01:56:00,2025-02-14 03:28:00,2025-02-16 01:56:00,2025-03-01 01:56:00,2025-02-25 01:56:00
0a1d1b52-a,c58330b1,delivered,2025-06-23 04:29:00,2025-06-23 06:57:00,2025-06-26 04:29:00,2025-07-11 04:29:00,2025-07-10 04:29:00
b83feddf-5,99e88bc4,delivered,2025-05-26 00:43:00,2025-05-26 03:17:00,2025-05-27 00:43:00,2025-06-09 00:43:00,2025-06-05 00:43:00
df12e7a3-5,063b6264,delivered,2025-01-07 15:44:00,2025-01-07 18:12:00,2025-01-09 15:44:00,2025-01-28 15:44:00,2025-01-24 15:44:00
ae0bfe0d-8,02e06f94,delivered,2025-03-02 05:15:00,2025-03-02 08:08:00,2025-03-03 05:15:00,2025-03-27 05:15:00,2025-03-21 05:15:00
ee48f0ea-d,c6db506e,delivered,2025-06-17 16:48:00,2025-06-17 18:34:00,2025-06-18 16:48:00,2025-07-02 16:48:00,2025-07-04 16:48:00
d3d02fe5-b,bb84554c,shipped,2025-07-25 13:27:00,2025-07-25 15:40:00,2025-07-27 13:27:00,,2025-08-12 13:27:00
e34ad138-8,6f06d8a3,delivered,2025-02-04 01:45:00,2025-02-04 04:41:00,2025-02-07 01:45:00,2025-02-20 01:45:00,2025-02-20 01:45:00
213ac85e-6,60b82861,canceled,2025-05-29 23:12:00,,,,2025-06-09 23:12:00
e3042045-b,204b32cd,delivered,2025-12-15 01:42:00,2025-12-15 02:23:00,2025-12-17 01:42:00,2026-01-03 01:42:00,2025-12-30 01:42:00
aeaa80d9-c,67332eb5,shipped,2025-07-16 19:28:00,2025-07-16 22:08:00,2025-07-17 19:28:00,,2025-07-31 19:28:00
f9ca01c9-b,8ebe246d,canceled,2025-02-21 05:22:00,,,,2025-03-11 05:22:00
01836d06-6,3bb67932,invoiced,2025-11-16 16:06:00,2025-11-16 18:32:00,,,2025-11-26 16:06:00
11cb216d-f,06ef2d0e,delivered,2025-06-12 03:51:00,2025-06-12 05:13:00,2025-06-15 03:51:00,2025-06-22 03:51:00,2025-06-23 03:51:00
3e7ee7ad-1,43173f01,delivered,2025-09-03 20:17:00,2025-09-03 21:03:00,2025-09-06 20:17:00,2025-09-17 20:17:00,2025-09-19 20:17:00
271c025d-e,4e210f95,delivered,2025-12-25 18:47:00,2025-12-25 19:37:00,2025-12-27 18:47:00,2026-01-07 18:47:00,2026-01-09 18:47:00
b49540ac-2,3ffb74e7,shipped,2025-02-12 14:18:00,2025-02-12 17:04:00,2025-02-14 14:18:00,,2025-02-24 14:18:00
76e5caa3-c,25e41cdf,canceled,2025-06-22 20:11:00,,,,2025-07-09 20:11:00
435fb68e-e,fe5bb0bf,delivered,2025-03-20 09:50:00,2025-03-20 11:33:00,2025-03-22 09:50:00,2025-03-30 09:50:00,2025-03-31 09:50:00
813a14df-3,c13667cc,canceled,2025-01-08 19:27:00,,,,2025-01-28 19:27:00
9e8f2e4f-e,f8a94554,delivered,2025-02-08 15:21:00,2025-02-08 18:12:00,2025-02-09 15:21:00,2025-02-17 15:21:00,2025-02-21 15:21:00
c307c846-2,c17bcb7b,shipped,2025-08-31 00:34:00,2025-08-31 02:18:00,2025-09-01 00:34:00,,2025-09-14 00:34:00
047ae8d1-c,96aada91,delivered,2025-02-14 15:08:00,2025-02-14 15:22:00,2025-02-17 15:08:00,2025-02-25 15:08:00,2025-02-25 15:08:00
12f9e8ab-4,887c5e42,shipped,2025-08-01 08:28:00,2025-08-01 09:37:00,2025-08-02 08:28:00,,2025-08-14 08:28:00
46d2986b-4,b5c51d9e,delivered,2025-07-31 20:27:00,2025-07-31 21:22:00,2025-08-01 20:27:00,2025-08-14 20:27:00,2025-08-15 20:27:00
45a3e5dc-2,937270ad,shipped,2025-03-02 07:04:00,2025-03-02 08:40:00,2025-03-04 07:04:00,,2025-03-22 07:04:00
377e70ef-a,615d60c8,delivered,2025-12-28 06:21:00,2025-12-28 06:47:00,2025-12-31 06:21:00,2026-01-11 06:21:00,2026-01-11 06:21:00
15b1386a-c,6d40d9d0,delivered,2025-06-08 16:42:00,2025-06-08 18:09:00,2025-06-11 16:42:00,2025-06-28 16:42:00,2025-06-20 16:42:00
7f72b268-0,4b94943b,invoiced,2025-07-28 11:28:00,2025-07-28 13:29:00,,,2025-08-12 11:28:00
b9ac7120-8,779064a6,delivered,2025-12-16 12:18:00,2025-12-16 12:24:00,2025-12-18 12:18:00,2025-12-26 12:18:00,2025-12-30 12:18:00
f4c5f177-e,d00413e4,delivered,2025-09-15 06:00:00,2025-09-15 08:00:00,2025-09-17 06:00:00,2025-09-21 06:00:00,2025-09-25 06:00:00
020d88ac-e,455dc9e9,delivered,2025-05-10 03:55:00,2025-05-10 04:04:00,2025-05-13 03:55:00,2025-05-22 03:55:00,2025-05-25 03:55:00
4cc2ea70-e,8ebe246d,delivered,2025-03-20 23:04:00,2025-03-20 23:56:00,2025-03-22 23:04:00,2025-04-08 23:04:00,2025-04-03 23:04:00
fe11dbe2-b,d48975be,invoiced,2025-09-04 19:27:00,2025-09-04 21:34:00,,,2025-09-24 19:27:00
1d0b724a-5,4b94943b,shipped,2025-07-29 22:12:00,2025-07-29 22:18:00,2025-07-30 22:12:00,,2025-08-11 22:12:00
0f253493-2,3df00e99,invoiced,2025-02-18 14:00:00,2025-02-18 14:48:00,,,2025-03-10 14:00:00
b576f6f2-c,4f7e2004,delivered,2025-08-05 03:26:00,2025-08-05 03:41:00,2025-08-06 03:26:00,2025-08-22 03:26:00,2025-08-23 03:26:00
4758ceb6-1,ef13ded5,delivered,2025-03-22 16:29:00,2025-03-22 18:58:00,2025-03-24 16:29:00,2025-04-03 16:29:00,2025-04-07 16:29:00
4a33bb6d-e,887c5e42,delivered,2025-12-11 11:39:00,2025-12-11 12:27:00,2025-12-14 11:39:00,2025-12-21 11:39:00,2025-12-24 11:39:00
8fd5ca3b-a,04021d40,delivered,2025-01-23 13:36:00,2025-01-23 13:44:00,2025-01-24 13:36:00,2025-02-10 13:36:00,2025-02-02 13:36:00
113046da-b,ff3d2df1,invoiced,2025-02-06 02:11:00,2025-02-06 02:28:00,,,2025-02-18 02:11:00
1b9e90f6-d,e1ddb0a4,invoiced,2025-07-05 20:36:00,2025-07-05 22:05:00,,,2025-07-16 20:36:00
7740e045-c,a13ba73e,delivered,2025-04-11 01:50:00,2025-04-11 02:47:00,2025-04-12 01:50:00,2025-05-02 01:50:00,2025-04-26 01:50:00
785fa0b3-e,ef7d6801,delivered,2025-12-24 03:15:00,2025-12-24 06:00:00,2025-12-27 03:15:00,2026-01-14 03:15:00,2026-01-12 03:15:00
70241138-d,13f2d2ec,delivered,2025-10-01 05:15:00,2025-10-01 07:00:00,2025-10-02 05:15:00,2025-10-24 05:15:00,2025-10-21 05:15:00
85ba3e7b-0,f4e1bc8a,delivered,2025-06-05 08:43:00,2025-06-05 09:54:00,2025-06-08 08:43:00,2025-06-21 08:43:00,2025-06-21 08:43:00
6f933ca7-6,25e41cdf,delivered,2025-06-08 21:43:00,2025-06-09 00:10:00,2025-06-11 21:43:00,2025-06-29 21:43:00,2025-06-22 21:43:00
f084dc7e-2,c24f5b76,invoiced,2025-10-30 16:05:00,2025-10-30 16:26:00,,,2025-11-12 16:05:00
75f8fd42-d,5d5a72b7,delivered,2025-02-13 18:45:00,2025-02-13 21:10:00,2025-02-14 18:45:00,2025-03-02 18:45:00,2025-02-24 18:45:00
1df21410-7,eec3f5a1,delivered,2025-01-28 09:18:00,2025-01-28 10:24:00,2025-01-29 09:18:00,2025-02-10 09:18:00,2025-02-14 09:18:00
8abb2899-9,950fe1ed,invoiced,2025-07-29 02:43:00,2025-07-29 04:24:00,,,2025-08-17 02:43:00
74d71948-0,a97dd45a,invoiced,2025-06-19 03:57:00,2025-06-19 06:49:00,,,2025-07-09 03:57:00
66fb806f-9,fac5f41b,canceled,2025-06-13 15:45:00,,,,2025-07-03 15:45:00
43cf6cb0-c,9f83c16e,delivered,2025-08-01 23:21:00,2025-08-02 01:59:00,2025-08-03 23:21:00,2025-08-18 23:21:00,2025-08-12 23:21:00
5f93c624-8,530e3548,delivered,2025-08-09 07:20:00,2025-08-09 09:31:00,2025-08-12 07:20:00,2025-08-27 07:20:00,2025-08-20 07:20:00
fa885a92-1,f96436f3,invoiced,2025-09-14 08:51:00,2025-09-14 10:58:00,,,2025-09-25 08:51:00
ce590a4b-9,dd83427d,delivered,2025-06-23 16:49:00,2025-06-23 19:46:00,2025-06-25 16:49:00,2025-07-09 16:49:00,2025-07-13 16:49:00
fd592d4a-8,4b9f157e,delivered,2025-03-09 06:49:00,2025-03-09 08:28:00,2025-03-10 06:49:00,2025-03-29 06:49:00,2025-03-24 06:49:00
7919634a-a,138b8bdd,invoiced,2025-03-13 22:15:00,2025-03-13 23:46:00,,,2025-03-29 22:15:00
fca94466-f,c61bf159,delivered,2025-08-20 03:25:00,2025-08-20 05:53:00,2025-08-23 03:25:00,2025-09-03 03:25:00,2025-09-01 03:25:00
6ac0a722-a,d9ee7fe3,invoiced,2025-08-24 02:34:00,2025-08-24 02:58:00,,,2025-09-12 02:34:00
e09e0733-c,7924c6f1,delivered,2025-02-15 00:41:00,2025-02-15 01:51:00,2025-02-17 00:41:00,2025-02-23 00:41:00,2025-02-28 00:41:00
e4da8465-5,9397f9ba,delivered,2025-05-21 09:19:00,2025-05-21 11:01:00,2025-05-24 09:19:00,2025-06-10 09:19:00,2025-06-07 09:19:00
fe3123c9-0,28009acc,delivered,2025-10-24 00:48:00,2025-10-24 00:58:00,2025-10-25 00:48:00,2025-11-14 00:48:00,2025-11-12 00:48:00
2ca65ade-1,6a760e17,shipped,2025-07-06 02:42:00,2025-07-06 03:09:00,2025-07-07 02:42:00,,2025-07-26 02:42:00
ebe86f7a-7,bdd4ff59,delivered,2025-01-03 12:44:00,2025-01-03 13:16:00,2025-01-05 12:44:00,2025-01-29 12:44:00,2025-01-23 12:44:00
dcd8d9f5-7,43173f01,delivered,2025-11-25 00:59:00,2025-11-25 03:37:00,2025-11-28 00:59:00,2025-12-09 00:59:00,2025-12-12 00:59:00
4845b51a-b,659347a5,shipped,2025-07-19 18:25:00,2025-07-19 21:04:00,2025-07-20 18:25:00,,2025-08-01 18:25:00
0795caf0-e,d19fce9f,invoiced,2025-08-25 05:05:00,2025-08-25 06:06:00,,,2025-09-13 05:05:00
97dcd353-4,b00a0181,delivered,2025-01-04 21:17:00,2025-01-04 23:51:00,2025-01-07 21:17:00,2025-01-14 21:17:00,2025-01-18 21:17:00
99e96326-9,666f2e1c,delivered,2025-08-13 01:44:00,2025-08-13 03:28:00,2025-08-15 01:44:00,2025-09-01 01:44:00,2025-08-31 01:44:00
0af60d1c-3,a25f9ee3,shipped,2025-04-21 11:32:00,2025-04-21 12:41:00,2025-04-24 11:32:00,,2025-05-11 11:32:00
399ba705-8,fc6c7aa8,delivered,2025-02-15 05:53:00,2025-02-15 07:44:00,2025-02-17 05:53:00,2025-03-03 05:53:00,2025-03-03 05:53:00
40cb9278-5,13f2d2ec,delivered,2025-08-23 03:21:00,2025-08-23 05:23:00,2025-08-24 03:21:00,2025-09-11 03:21:00,2025-09-03 03:21:00
e1cf8eb6-0,5dee8dc0,canceled,2025-01-10 22:21:00,,,,2025-01-30 22:21:00
993c7454-0,b588d7fa,delivered,2025-11-20 18:51:00,2025-11-20 19:43:00,2025-11-22 18:51:00,2025-12-02 18:51:00,2025-12-02 18:51:00
40e7a474-0,8d15410c,canceled,2025-12-31 07:12:00,,,,2026-01-15 07:12:00
ee9dc812-4,74de19c3,invoiced,2025-12-09 22:40:00,2025-12-10 00:57:00,,,2025-12-22 22:40:00
623f38a3-d,a15f1c46,delivered,2025-04-22 04:52:00,2025-04-22 05:28:00,2025-04-25 04:52:00,2025-04-28 04:52:00,2025-05-02 04:52:00
c645c154-f,a7f22bc5,delivered,2025-05-24 00:03:00,2025-05-24 01:11:00,2025-05-26 00:03:00,2025-06-09 00:03:00,2025-06-09 00:03:00
0990754d-4,c403b89e,delivered,2025-08-10 10:47:00,2025-08-10 10:52:00,2025-08-11 10:47:00,2025-08-27 10:47:00,2025-08-25 10:47:00
eb921eab-8,6216346b,shipped,2025-06-16 19:03:00,2025-06-16 19:44:00,2025-06-19 19:03:00,,2025-07-03 19:03:00
73b14a2e-b,24ce1cf8,invoiced,2025-02-04 19:48:00,2025-02-04 22:20:00,,,2025-02-15 19:48:00
5f0c3704-f,b9011251,invoiced,2025-10-04 06:24:00,2025-10-04 07:03:00,,,2025-10-20 06:24:00
f557a2f4-1,1deecdcb,canceled,2025-09-01 02:29:00,,,,2025-09-18 02:29:00
73115cc2-5,c4dafad8,delivered,2025-12-11 05:44:00,2025-12-11 07:27:00,2025-12-14 05:44:00,2025-12-22 05:44:00,2025-12-22 05:44:00
7d55dc6c-e,ca75fdc2,canceled,2025-03-12 08:20:00,,,,2025-03-24 08:20:00
46001e3c-a,7163da87,delivered,2025-06-14 13:10:00,2025-06-14 14:22:00,2025-06-16 13:10:00,2025-06-28 13:10:00,2025-07-02 13:10:00
0b35b7c6-4,c7f87701,shipped,2025-10-30 22:23:00,2025-10-30 22:34:00,2025-10-31 22:23:00,,2025-11-12 22:23:00
12b560e3-f,8e0d40b7,delivered,2025-02-21 07:17:00,2025-02-21 10:01:00,2025-02-24 07:17:00,2025-03-19 07:17:00,2025-03-11 07:17:00
f18bbced-8,46e1e684,invoiced,2025-02-08 09:01:00,2025-02-08 10:20:00,,,2025-02-24 09:01:00
f226493e-6,09fcfd58,invoiced,2025-04-05 06:26:00,2025-04-05 09:20:00,,,2025-04-17 06:26:00
bc424306-f,7d51ddf0,delivered,2025-06-06 10:49:00,2025-06-06 12:09:00,2025-06-08 10:49:00,2025-06-27 10:49:00,2025-06-22 10:49:00
ce07f3e9-0,7a6d4c2e,delivered,2025-06-01 19:24:00,2025-06-01 21:52:00,2025-06-03 19:24:00,2025-06-14 19:24:00,2025-06-12 19:24:00
3e791164-a,d149a1bb,shipped,2025-11-14 02:44:00,2025-11-14 05:15:00,2025-11-17 02:44:00,,2025-12-04 02:44:00
0aa116ed-e,48011d87,delivered,2026-01-01 11:25:00,2026-01-01 12:11:00,2026-01-03 11:25:00,2026-01-24 11:25:00,2026-01-18 11:25:00
1f8aa42c-8,6516653f,delivered,2025-09-27 00:22:00,2025-09-27 02:23:00,2025-09-30 00:22:00,2025-10-12 00:22:00,2025-10-12 00:22:00
e421ce81-a,27489a40,invoiced,2025-07-15 21:15:00,2025-07-15 21:30:00,,,2025-07-30 21:15:00
851e5d58-4,1bb132c6,delivered,2025-08-19 10:34:00,2025-08-19 13:04:00,2025-08-20 10:34:00,2025-09-04 10:34:00,2025-09-06 10:34:00
0fc8eb17-d,2ac66224,delivered,2025-12-29 12:44:00,2025-12-29 12:56:00,2026-01-01 12:44:00,2026-01-12 12:44:00,2026-01-15 12:44:00
e8c33299-9,0d719f33,delivered,2025-03-14 07:41:00,2025-03-14 09:45:00,2025-03-16 07:41:00,2025-03-30 07:41:00,2025-03-29 07:41:00
6a9e57eb-f,a3cf2651,delivered,2025-04-06 08:07:00,2025-04-06 09:27:00,2025-04-09 08:07:00,2025-04-17 08:07:00,2025-04-20 08:07:00
5255bc10-d,23c35ef0,delivered,2025-09-01 20:59:00,2025-09-01 22:17:00,2025-09-03 20:59:00,2025-09-19 20:59:00,2025-09-16 20:59:00
8815fc48-7,76e0c751,delivered,2025-12-23 18:11:00,2025-12-23 19:26:00,2025-12-24 18:11:00,2026-01-13 18:11:00,2026-01-09 18:11:00
c89ba117-4,ba630108,shipped,2025-07-05 02:25:00,2025-07-05 03:58:00,2025-07-06 02:25:00,,2025-07-17 02:25:00
2808862c-3,3e413f93,delivered,2025-09-04 16:25:00,2025-09-04 17:31:00,2025-09-06 16:25:00,2025-09-20 16:25:00,2025-09-24 16:25:00
594468af-e,01602d5c,delivered,2025-07-28 06:37:00,2025-07-28 08:36:00,2025-07-31 06:37:00,2025-08-03 06:37:00,2025-08-08 06:37:00
8e1063cc-6,622f12c1,invoiced,2025-10-19 13:03:00,2025-10-19 14:52:00,,,2025-11-08 13:03:00
1e19a473-1,be79231f,delivered,2025-01-05 10:43:00,2025-01-05 10:55:00,2025-01-08 10:43:00,2025-01-22 10:43:00,2025-01-20 10:43:00
a84c1f2f-8,6446b465,delivered,2025-07-28 10:05:00,2025-07-28 12:26:00,2025-07-31 10:05:00,2025-08-21 10:05:00,2025-08-13 10:05:00
bb87bb16-a,d6b1b58c,canceled,2025-04-30 22:33:00,,,,2025-05-12 22:33:00
94110f8f-c,464348d5,shipped,2025-08-09 21:32:00,2025-08-09 23:26:00,2025-08-11 21:32:00,,2025-08-20 21:32:00
517e1d2f-9,1661c15e,shipped,2025-08-01 14:02:00,2025-08-01 14:34:00,2025-08-04 14:02:00,,2025-08-16 14:02:00
60c78717-8,ef1f00d0,delivered,2025-06-21 04:44:00,2025-06-21 07:37:00,2025-06-24 04:44:00,2025-07-10 04:44:00,2025-07-10 04:44:00
c586a2fb-5,eef90944,delivered,2025-10-06 07:08:00,2025-10-06 07:14:00,2025-10-07 07:08:00,2025-10-25 07:08:00,2025-10-18 07:08:00
cdb32f40-8,33099f7b,shipped,2025-01-27 01:46:00,2025-01-27 04:07:00,2025-01-29 01:46:00,,2025-02-13 01:46:00
7d716f97-4,2540f4a9,delivered,2025-08-01 12:37:00,2025-08-01 13:49:00,2025-08-04 12:37:00,2025-08-17 12:37:00,2025-08-19 12:37:00
8c388d00-1,d2e175d6,shipped,2025-09-12 06:08:00,2025-09-12 08:40:00,2025-09-14 06:08:00,,2025-09-27 06:08:00
88909fc0-1,13195675,canceled,2025-03-15 08:58:00,,,,2025-03-29 08:58:00
beaf028c-7,7e949ebd,canceled,2025-01-15 19:03:00,,,,2025-01-31 19:03:00
21bc75d2-a,96aada91,delivered,2025-08-02 04:59:00,2025-08-02 06:52:00,2025-08-04 04:59:00,2025-08-24 04:59:00,2025-08-18 04:59:00
ae77e606-2,6c81acdf,canceled,2025-01-22 18:11:00,,,,2025-02-08 18:11:00
2922a94b-2,35c5d5ba,shipped,2025-02-17 21:05:00,2025-02-17 21:46:00,2025-02-18 21:05:00,,2025-02-27 21:05:00
65405fd8-6,313b13f5,delivered,2025-04-18 12:32:00,2025-04-18 13:48:00,2025-04-19 12:32:00,2025-05-02 12:32:00,2025-05-03 12:32:00
b42c569d-5,b302206e,delivered,2025-09-01 11:04:00,2025-09-01 13:46:00,2025-09-02 11:04:00,2025-09-09 11:04:00,2025-09-11 11:04:00
491e67dd-b,8879168d,canceled,2025-05-27 07:10:00,,,,2025-06-12 07:10:00
f345ca7d-4,1a27565e,canceled,2025-04-23 02:49:00,,,,2025-05-03 02:49:00
1f776d83-2,fa50d2b3,delivered,2025-08-17 22:27:00,2025-08-18 00:35:00,2025-08-18 22:27:00,2025-09-02 22:27:00,2025-08-27 22:27:00
bb3138a4-d,fe030422,invoiced,2025-06-24 19:39:00,2025-06-24 21:31:00,,,2025-07-12 19:39:00
dab783ce-7,fbd81aed,delivered,2025-09-14 16:39:00,2025-09-14 18:57:00,2025-09-15 16:39:00,2025-09-30 16:39:00,2025-10-03 16:39:00
7cd4bf3a-6,99e88bc4,delivered,2025-01-11 21:26:00,2025-01-11 23:26:00,2025-01-12 21:26:00,2025-01-30 21:26:00,2025-01-28 21:26:00
d1c8ba5a-b,15162c0f,canceled,2025-11-05 14:04:00,,,,2025-11-16 14:04:00
0f5ff2ac-1,502b9fc7,invoiced,2025-09-27 15:13:00,2025-09-27 15:47:00,,,2025-10-17 15:13:00
dd86e3ed-6,37be15b1,canceled,2025-08-08 07:36:00,,,,2025-08-22 07:36:00
63ce2775-c,f02c1af7,delivered,2025-09-15 22:30:00,2025-09-15 23:09:00,2025-09-17 22:30:00,2025-10-03 22:30:00,2025-09-28 22:30:00
0f23c128-7,bda61991,delivered,2025-11-07 04:24:00,2025-11-07 05:47:00,2025-11-08 04:24:00,2025-11-24 04:24:00,2025-11-18 04:24:00
e428a0aa-7,306a2859,delivered,2025-09-08 07:27:00,2025-09-08 09:18:00,2025-09-11 07:27:00,2025-09-27 07:27:00,2025-09-28 07:27:00
d6226c31-b,dbe0a38a,canceled,2025-11-14 00:46:00,,,,2025-12-04 00:46:00
6871cfc3-5,b4cab618,delivered,2025-12-05 22:15:00,2025-12-05 23:48:00,2025-12-07 22:15:00,2025-12-15 22:15:00,2025-12-17 22:15:00
1a43e3cc-0,0016f51a,delivered,2025-12-18 01:00:00,2025-12-18 01:15:00,2025-12-21 01:00:00,2025-12-27 01:00:00,2025-12-30 01:00:00
724b743c-7,0ca58e05,shipped,2025-05-01 18:45:00,2025-05-01 20:21:00,2025-05-03 18:45:00,,2025-05-11 18:45:00
99e9c0cb-0,b8316a60,invoiced,2025-01-08 02:18:00,2025-01-08 04:23:00,,,2025-01-26 02:18:00
0091eefc-8,363be82e,delivered,2025-03-04 15:12:00,2025-03-04 17:42:00,2025-03-05 15:12:00,2025-03-21 15:12:00,2025-03-20 15:12:00
edd7aee8-6,8854cefd,delivered,2025-08-08 01:11:00,2025-08-08 03:15:00,2025-08-09 01:11:00,2025-08-20 01:11:00,2025-08-19 01:11:00
be46d8de-0,64c98a13,delivered,2025-04-13 04:47:00,2025-04-13 06:50:00,2025-04-14 04:47:00,2025-05-03 04:47:00,2025-05-03 04:47:00
a1d5edc2-e,bca5fbca,invoiced,2025-05-12 20:47:00,2025-05-12 22:12:00,,,2025-05-28 20:47:00
cbdcd9c7-5,d7c7ffee,shipped,2025-03-03 08:10:00,2025-03-03 10:24:00,2025-03-05 08:10:00,,2025-03-13 08:10:00
269a81fb-1,f1db5cef,delivered,2025-08-18 16:17:00,2025-08-18 18:27:00,2025-08-21 16:17:00,2025-08-24 16:17:00,2025-08-29 16:17:00
3a6ba8c0-a,a1926dcf,delivered,2025-04-25 15:27:00,2025-04-25 16:14:00,2025-04-28 15:27:00,2025-05-15 15:27:00,2025-05-07 15:27:00
0d5ad2eb-4,8c621a78,delivered,2025-06-29 19:05:00,2025-06-29 19:41:00,2025-07-02 19:05:00,2025-07-12 19:05:00,2025-07-15 19:05:00
e8a36ddd-d,e86f64c2,canceled,2025-04-16 09:32:00,,,,2025-05-06 09:32:00
b8d4a11b-e,2e10fccf,canceled,2025-12-12 12:58:00,,,,2025-12-25 12:58:00
c7fe9629-e,b6cdd3d0,canceled,2025-09-27 01:41:00,,,,2025-10-07 01:41:00
37ce4766-d,957ec722,delivered,2025-12-20 06:07:00,2025-12-20 08:22:00,2025-12-21 06:07:00,2026-01-04 06:07:00,2026-01-07 06:07:00
9baf314e-7,d72f8123,delivered,2025-09-17 11:45:00,2025-09-17 14:43:00,2025-09-19 11:45:00,2025-10-01 11:45:00,2025-09-28 11:45:00
fed34030-b,d120ba31,delivered,2025-09-07 21:02:00,2025-09-07 21:24:00,2025-09-08 21:02:00,2025-09-23 21:02:00,2025-09-23 21:02:00
ee7f364b-7,622f12c1,delivered,2025-04-05 15:36:00,2025-04-05 16:40:00,2025-04-06 15:36:00,2025-04-20 15:36:00,2025-04-25 15:36:00
205243a1-4,a0f81048,delivered,2025-11-03 19:45:00,2025-11-03 22:27:00,2025-11-06 19:45:00,2025-11-14 19:45:00,2025-11-13 19:45:00
d18c0832-e,ead8ba46,shipped,2025-07-04 12:25:00,2025-07-04 12:55:00,2025-07-05 12:25:00,,2025-07-22 12:25:00
b5cc768f-5,ed06d20d,shipped,2025-08-09 09:14:00,2025-08-09 10:51:00,2025-08-12 09:14:00,,2025-08-22 09:14:00
16bb7577-9,2a59ced2,delivered,2025-05-15 18:55:00,2025-05-15 19:34:00,2025-05-18 18:55:00,2025-06-08 18:55:00,2025-06-04 18:55:00
9e20fbe7-6,3ae79cc8,canceled,2025-07-22 17:27:00,,,,2025-08-04 17:27:00
3b520ea1-e,ce6185be,delivered,2025-12-08 21:10:00,2025-12-08 21:59:00,2025-12-09 21:10:00,2025-12-31 21:10:00,2025-12-24 21:10:00
15407b87-4,fec2d4a4,delivered,2025-06-29 17:03:00,2025-06-29 19:57:00,2025-07-02 17:03:00,2025-07-24 17:03:00,2025-07-17 17:03:00
6a236018-1,3a5a43a2,shipped,2025-02-19 23:54:00,2025-02-20 00:09:00,2025-02-22 23:54:00,,2025-03-09 23:54:00
08a1f010-c,037c75b1,delivered,2025-11-08 05:28:00,2025-11-08 06:14:00,2025-11-10 05:28:00,2025-11-28 05:28:00,2025-11-25 05:28:00
4ec8d909-2,34e341f1,delivered,2025-12-06 15:05:00,2025-12-06 17:15:00,2025-12-08 15:05:00,2025-12-22 15:05:00,2025-12-26 15:05:00
5ed92ebf-7,3bdc5f45,delivered,2025-02-03 15:19:00,2025-02-03 16:45:00,2025-02-05 15:19:00,2025-02-13 15:19:00,2025-02-17 15:19:00
ca928a71-0,def78bf7,delivered,2025-01-08 02:14:00,2025-01-08 03:20:00,2025-01-09 02:14:00,2025-02-02 02:14:00,2025-01-28 02:14:00
1f478327-6,cefff033,delivered,2025-02-17 23:52:00,2025-02-18 01:00:00,2025-02-20 23:52:00,2025-03-05 23:52:00,2025-03-08 23:52:00
08e987d0-d,380c0fb2,delivered,2025-09-09 04:17:00,2025-09-09 05:35:00,2025-09-10 04:17:00,2025-10-01 04:17:00,2025-09-29 04:17:00
4dc218f0-d,27489a40,shipped,2025-10-21 03:23:00,2025-10-21 06:10:00,2025-10-24 03:23:00,,2025-11-03 03:23:00
6c9099aa-b,72d630d4,delivered,2025-01-23 20:37:00,2025-01-23 21:08:00,2025-01-25 20:37:00,2025-02-12 20:37:00,2025-02-10 20:37:00
15c925a8-f,d4d13e12,invoiced,2025-09-19 07:14:00,2025-09-19 09:32:00,,,2025-10-01 07:14:00
2821e2c5-6,9b965a4a,shipped,2025-02-06 04:24:00,2025-02-06 06:12:00,2025-02-08 04:24:00,,2025-02-26 04:24:00
ca83c5d4-e,b5c51d9e,canceled,2025-08-23 14:43:00,,,,2025-09-02 14:43:00
150675d7-b,77f2d320,delivered,2025-08-22 09:59:00,2025-08-22 12:21:00,2025-08-25 09:59:00,2025-09-07 09:59:00,2025-09-07 09:59:00
35a8317a-b,053ea82c,delivered,2025-08-25 10:02:00,2025-08-25 11:52:00,2025-08-28 10:02:00,2025-09-04 10:02:00,2025-09-06 10:02:00
25784cf9-4,c18b33c7,delivered,2025-08-28 09:44:00,2025-08-28 10:12:00,2025-08-31 09:44:00,2025-09-10 09:44:00,2025-09-09 09:44:00
f69df5fd-2,72eff22e,canceled,2025-10-06 11:16:00,,,,2025-10-22 11:16:00
a5ef1d96-3,0002b17b,delivered,2025-02-04 07:13:00,2025-02-04 07:18:00,2025-02-07 07:13:00,2025-02-22 07:13:00,2025-02-19 07:13:00
ce6aee57-7,2e10fccf,canceled,2025-06-27 10:49:00,,,,2025-07-14 10:49:00
747c375e-6,e86f64c2,delivered,2025-12-17 01:28:00,2025-12-17 04:06:00,2025-12-20 01:28:00,2026-01-11 01:28:00,2026-01-05 01:28:00
8d2fd801-8,4363085a,delivered,2025-06-06 09:39:00,2025-06-06 10:04:00,2025-06-09 09:39:00,2025-06-22 09:39:00,2025-06-23 09:39:00
02982d22-8,d2adc334,delivered,2025-03-23 09:39:00,2025-03-23 11:59:00,2025-03-26 09:39:00,2025-04-15 09:39:00,2025-04-07 09:39:00
c90a94b5-d,c9389d9a,delivered,2025-08-02 04:40:00,2025-08-02 06:25:00,2025-08-04 04:40:00,2025-08-13 04:40:00,2025-08-14 04:40:00
d9251bac-6,0974ce47,delivered,2025-03-15 03:23:00,2025-03-15 05:09:00,2025-03-17 03:23:00,2025-03-27 03:23:00,2025-04-01 03:23:00
7a4e31c9-2,45123128,invoiced,2025-06-20 22:39:00,2025-06-21 01:10:00,,,2025-07-09 22:39:00
21a4f87b-e,b17e0f92,shipped,2025-12-09 00:09:00,2025-12-09 00:58:00,2025-12-10 00:09:00,,2025-12-22 00:09:00
7cd36cbb-4,ac5ec2a3,delivered,2025-06-09 12:06:00,2025-06-09 14:53:00,2025-06-10 12:06:00,2025-06-24 12:06:00,2025-06-26 12:06:00
eeee1dea-e,e84fa3e8,invoiced,2025-06-26 11:19:00,2025-06-26 12:47:00,,,2025-07-07 11:19:00
27447657-a,a9472bbe,delivered,2025-06-28 20:26:00,2025-06-28 22:14:00,2025-06-29 20:26:00,2025-07-14 20:26:00,2025-07-08 20:26:00
08941f44-f,c6f3cac7,delivered,2025-06-20 00:03:00,2025-06-20 02:02:00,2025-06-22 00:03:00,2025-07-02 00:03:00,2025-07-04 00:03:00
d35bb423-8,d72f8123,delivered,2025-07-07 07:25:00,2025-07-07 08:36:00,2025-07-09 07:25:00,2025-07-24 07:25:00,2025-07-17 07:25:00
cc7b7475-8,8bcf6687,shipped,2025-11-17 03:52:00,2025-11-17 04:50:00,2025-11-19 03:52:00,,2025-11-28 03:52:00
5914cf36-a,a9e11740,delivered,2025-05-21 18:04:00,2025-05-21 21:04:00,2025-05-23 18:04:00,2025-06-03 18:04:00,2025-06-03 18:04:00
5089c1e5-6,ad18a686,shipped,2025-03-20 19:45:00,2025-03-20 20:55:00,2025-03-23 19:45:00,,2025-04-05 19:45:00
52871ce4-5,576efc14,shipped,2025-12-02 18:06:00,2025-12-02 18:55:00,2025-12-04 18:06:00,,2025-12-16 18:06:00
6d040a56-7,03533e45,delivered,2025-10-18 21:47:00,2025-10-18 22:30:00,2025-10-21 21:47:00,2025-11-08 21:47:00,2025-10-31 21:47:00
e3803863-c,b893b1c1,canceled,2025-05-31 18:47:00,,,,2025-06-11 18:47:00
27c1a1e0-1,c24f5b76,invoiced,2025-05-03 17:07:00,2025-05-03 19:23:00,,,2025-05-16 17:07:00
060c9284-3,cefff033,delivered,2025-11-14 02:06:00,2025-11-14 04:11:00,2025-11-15 02:06:00,2025-12-11 02:06:00,2025-12-03 02:06:00
fe925235-3,b75e9d5c,delivered,2025-04-18 11:13:00,2025-04-18 11:39:00,2025-04-20 11:13:00,2025-05-01 11:13:00,2025-05-01 11:13:00
276337e3-1,f83cd7a2,canceled,2025-11-21 00:49:00,,,,2025-12-05 00:49:00
9560a5f2-f,6633caa7,canceled,2025-09-12 02:48:00,,,,2025-09-28 02:48:00
29e5d255-e,5244dbf1,shipped,2025-11-30 04:18:00,2025-11-30 05:36:00,2025-12-02 04:18:00,,2025-12-18 04:18:00
eb0d09ad-2,8f36b34d,delivered,2025-04-19 16:27:00,2025-04-19 19:16:00,2025-04-21 16:27:00,2025-05-17 16:27:00,2025-05-09 16:27:00
c275ad6b-7,fa41f92a,delivered,2025-05-10 05:54:00,2025-05-10 07:49:00,2025-05-11 05:54:00,2025-06-04 05:54:00,2025-05-27 05:54:00
ddf65f51-0,cf08e4b6,delivered,2025-05-31 10:08:00,2025-05-31 12:26:00,2025-06-02 10:08:00,2025-06-17 10:08:00,2025-06-18 10:08:00
5deb626a-9,be4c31c0,delivered,2025-04-20 08:17:00,2025-04-20 08:41:00,2025-04-21 08:17:00,2025-05-07 08:17:00,2025-05-05 08:17:00
f4f4e201-f,42d19df1,delivered,2025-10-24 07:40:00,2025-10-24 08:17:00,2025-10-26 07:40:00,2025-11-15 07:40:00,2025-11-07 07:40:00
17796b59-3,0a8cfce0,shipped,2025-10-28 11:20:00,2025-10-28 11:26:00,2025-10-31 11:20:00,,2025-11-17 11:20:00
0434ceca-e,a8e70dbe,delivered,2025-10-06 03:47:00,2025-10-06 05:14:00,2025-10-09 03:47:00,2025-10-18 03:47:00,2025-10-23 03:47:00
e710cbff-6,1c6d3623,delivered,2025-05-13 19:55:00,2025-05-13 21:13:00,2025-05-16 19:55:00,2025-05-27 19:55:00,2025-05-30 19:55:00
b4a58b21-f,ea185435,shipped,2025-12-17 21:15:00,2025-12-17 21:21:00,2025-12-19 21:15:00,,2026-01-02 21:15:00
44e4b50a-8,c4f20f74,delivered,2025-08-31 20:32:00,2025-08-31 20:38:00,2025-09-03 20:32:00,2025-09-21 20:32:00,2025-09-18 20:32:00
ca9db873-5,7eb3066f,invoiced,2025-03-15 06:40:00,2025-03-15 08:13:00,,,2025-04-04 06:40:00
ba055052-a,fef4392b,delivered,2025-10-28 18:00:00,2025-10-28 18:47:00,2025-10-30 18:00:00,2025-11-03 18:00:00,2025-11-08 18:00:00
a36b2926-e,543df39a,shipped,2025-10-20 16:57:00,2025-10-20 19:16:00,2025-10-21 16:57:00,,2025-11-04 16:57:00
765547c1-b,c61bf159,shipped,2025-01-03 20:29:00,2025-01-03 22:35:00,2025-01-06 20:29:00,,2025-01-13 20:29:00
132e1b03-9,c61bf159,delivered,2025-10-05 10:09:00,2025-10-05 11:29:00,2025-10-07 10:09:00,2025-10-18 10:09:00,2025-10-15 10:09:00
10f83144-b,a9147a11,canceled,2025-01-26 17:20:00,,,,2025-02-06 17:20:00
00aae32f-a,aa5f24a6,canceled,2025-08-22 22:18:00,,,,2025-09-10 22:18:00
383fe45c-f,13c7f279,shipped,2025-02-01 07:25:00,2025-02-01 08:45:00,2025-02-04 07:25:00,,2025-02-18 07:25:00
170ed03b-2,1033f6f4,delivered,2025-11-05 18:27:00,2025-11-05 20:41:00,2025-11-07 18:27:00,2025-11-29 18:27:00,2025-11-23 18:27:00
8064d4ca-4,531f974c,canceled,2025-08-07 20:31:00,,,,2025-08-18 20:31:00
158d9de4-3,2bb7de34,canceled,2025-06-23 21:39:00,,,,2025-07-12 21:39:00
dc0c2e9a-9,f0eee812,delivered,2025-01-27 01:29:00,2025-01-27 01:56:00,2025-01-30 01:29:00,2025-02-13 01:29:00,2025-02-07 01:29:00
0b7991e1-6,2d29dc90,delivered,2025-11-16 04:07:00,2025-11-16 06:52:00,2025-11-18 04:07:00,2025-11-26 04:07:00,2025-11-28 04:07:00
a0cadd7d-e,f53c12c3,canceled,2025-10-06 20:27:00,,,,2025-10-22 20:27:00
16aaf706-7,699f1d23,delivered,2025-10-05 14:03:00,2025-10-05 15:44:00,2025-10-06 14:03:00,2025-10-16 14:03:00,2025-10-16 14:03:00
e1f3cae1-c,8c42b6a3,shipped,2025-06-23 19:16:00,2025-06-23 21:53:00,2025-06-26 19:16:00,,2025-07-04 19:16:00
ea712454-c,e77d3d5b,delivered,2025-07-21 20:24:00,2025-07-21 22:17:00,2025-07-23 20:24:00,2025-08-04 20:24:00,2025-08-08 20:24:00
376b3e7e-2,dacee848,invoiced,2025-01-01 22:05:00,2025-01-02 00:35:00,,,2025-01-19 22:05:00
cd49b034-0,f7b06289,shipped,2025-03-26 05:17:00,2025-03-26 06:31:00,2025-03-27 05:17:00,,2025-04-07 05:17:00
3ec43cf4-b,b26b7602,canceled,2025-09-21 19:40:00,,,,2025-10-11 19:40:00
5d3d912c-9,0bde4e8c,invoiced,2025-06-16 02:28:00,2025-06-16 05:06:00,,,2025-06-27 02:28:00
20ffabb5-c,01ae29d6,delivered,2025-11-05 22:16:00,2025-11-06 00:37:00,2025-11-08 22:16:00,2025-11-13 22:16:00,2025-11-18 22:16:00
58a1a64a-d,28658509,delivered,2025-07-23 15:37:00,2025-07-23 16:25:00,2025-07-25 15:37:00,2025-08-07 15:37:00,2025-08-08 15:37:00
3d24d399-d,cb785692,invoiced,2025-10-22 18:01:00,2025-10-22 20:53:00,,,2025-11-07 18:01:00
502f7743-5,cab06615,delivered,2025-08-15 19:24:00,2025-08-15 21:03:00,2025-08-16 19:24:00,2025-09-01 19:24:00,2025-08-25 19:24:00
b682e191-4,73aa702e,shipped,2025-05-20 11:44:00,2025-05-20 13:20:00,2025-05-23 11:44:00,,2025-06-07 11:44:00
1053dbc3-4,6f06d8a3,canceled,2025-06-20 08:56:00,,,,2025-07-09 08:56:00
c4f63d0a-5,88e0d0b9,delivered,2025-08-29 20:59:00,2025-08-29 23:45:00,2025-09-01 20:59:00,2025-09-24 20:59:00,2025-09-16 20:59:00
08b6689e-b,48011d87,canceled,2025-04-22 00:31:00,,,,2025-05-12 00:31:00
4b0b96d7-a,83e3d7fb,shipped,2025-10-06 03:05:00,2025-10-06 05:55:00,2025-10-09 03:05:00,,2025-10-25 03:05:00
a38735c8-e,d3298d0b,shipped,2025-01-16 14:32:00,2025-01-16 15:45:00,2025-01-18 14:32:00,,2025-01-28 14:32:00
24546c17-9,ad9e4f01,invoiced,2025-12-04 04:51:00,2025-12-04 06:24:00,,,2025-12-23 04:51:00
41da09b5-4,9471e485,delivered,2025-06-29 17:19:00,2025-06-29 19:16:00,2025-07-02 17:19:00,2025-07-26 17:19:00,2025-07-19 17:19:00
d04bfe4d-4,913f81b3,invoiced,2025-02-04 21:45:00,2025-02-04 22:57:00,,,2025-02-14 21:45:00
0d875d23-2,09f906dd,invoiced,2025-10-20 13:10:00,2025-10-20 16:01:00,,,2025-11-04 13:10:00
75bd6f3c-0,a7667ec6,invoiced,2025-04-22 18:56:00,2025-04-22 21:53:00,,,2025-05-02 18:56:00
9e4063df-9,7494e4c0,delivered,2025-05-12 20:19:00,2025-05-12 21:10:00,2025-05-13 20:19:00,2025-05-21 20:19:00,2025-05-25 20:19:00
e5e1260a-5,5afc9d43,delivered,2025-03-09 08:23:00,2025-03-09 08:42:00,2025-03-11 08:23:00,2025-03-29 08:23:00,2025-03-26 08:23:00
2640d99a-4,e6a3a531,canceled,2025-09-19 01:55:00,,,,2025-09-30 01:55:00
faa33cca-c,e9f39f55,delivered,2025-03-29 06:54:00,2025-03-29 09:34:00,2025-04-01 06:54:00,2025-04-11 06:54:00,2025-04-11 06:54:00
5d4540a0-3,48e771df,invoiced,2025-08-02 10:21:00,2025-08-02 12:35:00,,,2025-08-13 10:21:00
3ecd2eb0-1,39f773ff,invoiced,2025-08-20 00:05:00,2025-08-20 03:01:00,,,2025-09-07 00:05:00
1493d0cd-9,0824d726,delivered,2025-12-17 07:02:00,2025-12-17 08:17:00,2025-12-20 07:02:00,2026-01-04 07:02:00,2026-01-02 07:02:00
3cd5e98e-0,1af968f2,delivered,2025-02-27 02:21:00,2025-02-27 04:09:00,2025-03-01 02:21:00,2025-03-15 02:21:00,2025-03-17 02:21:00
550ef832-8,ff5abafa,delivered,2025-04-09 21:06:00,2025-04-09 23:21:00,2025-04-11 21:06:00,2025-05-05 21:06:00,2025-04-27 21:06:00
3740a47c-0,380c0fb2,invoiced,2025-12-27 18:26:00,2025-12-27 19:35:00,,,2026-01-11 18:26:00
8d70a7f3-7,2098a9b8,canceled,2025-09-20 01:29:00,,,,2025-09-30 01:29:00
5c71444a-3,c3726a6e,invoiced,2025-06-21 10:31:00,2025-06-21 11:43:00,,,2025-07-11 10:31:00
74cb0c59-f,6a760e17,shipped,2025-10-07 06:56:00,2025-10-07 07:50:00,2025-10-09 06:56:00,,2025-10-17 06:56:00
50901734-6,34d3cc94,delivered,2025-08-31 13:47:00,2025-08-31 15:31:00,2025-09-03 13:47:00,2025-09-13 13:47:00,2025-09-16 13:47:00
3b037e36-1,b75e9d5c,canceled,2025-03-11 01:14:00,,,,2025-03-25 01:14:00
c8f19502-0,d71093c2,delivered,2025-08-19 02:25:00,2025-08-19 04:08:00,2025-08-21 02:25:00,2025-08-30 02:25:00,2025-09-01 02:25:00
0cc3d00e-9,20e6cbc9,invoiced,2025-11-03 19:39:00,2025-11-03 21:39:00,,,2025-11-23 19:39:00
29298971-1,a9147a11,delivered,2025-01-05 19:59:00,2025-01-05 22:58:00,2025-01-08 19:59:00,2025-01-24 19:59:00,2025-01-18 19:59:00
fd2c8884-4,1cd6b9bd,invoiced,2025-02-17 15:58:00,2025-02-17 17:05:00,,,2025-02-28 15:58:00
2d15f353-7,bc67aa69,delivered,2025-01-25 10:11:00,2025-01-25 13:01:00,2025-01-26 10:11:00,2025-02-12 10:11:00,2025-02-08 10:11:00
aaeb49ca-c,228cbc18,delivered,2025-02-15 00:12:00,2025-02-15 02:37:00,2025-02-18 00:12:00,2025-02-28 00:12:00,2025-03-02 00:12:00
0b821c58-3,b61a1aa6,invoiced,2025-10-21 05:47:00,2025-10-21 08:25:00,,,2025-10-31 05:47:00
686ca755-2,72134180,invoiced,2025-01-12 15:49:00,2025-01-12 17:38:00,,,2025-01-31 15:49:00
e8998427-5,4b94943b,delivered,2025-10-11 18:06:00,2025-10-11 19:16:00,2025-10-13 18:06:00,2025-10-31 18:06:00,2025-10-24 18:06:00
6347534c-a,d00413e4,shipped,2025-12-27 21:55:00,2025-12-27 22:16:00,2025-12-28 21:55:00,,2026-01-12 21:55:00
1918e64e-2,e20a714d,delivered,2025-10-13 05:09:00,2025-10-13 05:55:00,2025-10-14 05:09:00,2025-11-08 05:09:00,2025-11-02 05:09:00
8b311399-3,0a348b84,invoiced,2025-12-08 09:34:00,2025-12-08 10:56:00,,,2025-12-26 09:34:00
739e434f-2,a0031bf0,delivered,2025-02-11 22:16:00,2025-02-11 23:06:00,2025-02-12 22:16:00,2025-03-03 22:16:00,2025-03-03 22:16:00
c5f01074-3,dc585ecf,delivered,2025-04-14 18:05:00,2025-04-14 19:19:00,2025-04-15 18:05:00,2025-04-29 18:05:00,2025-05-02 18:05:00
3487dc19-0,37be15b1,delivered,2025-06-15 08:23:00,2025-06-15 11:11:00,2025-06-16 08:23:00,2025-07-06 08:23:00,2025-06-30 08:23:00
56411398-4,eed4a58f,delivered,2025-11-23 21:13:00,2025-11-23 21:33:00,2025-11-26 21:13:00,2025-12-15 21:13:00,2025-12-13 21:13:00
71c1684e-0,b600939f,shipped,2025-07-22 05:03:00,2025-07-22 07:10:00,2025-07-24 05:03:00,,2025-08-04 05:03:00
d2ef83cc-9,ad48725c,shipped,2025-03-22 16:59:00,2025-03-22 19:59:00,2025-03-25 16:59:00,,2025-04-02 16:59:00
b22ac24e-2,5679ffef,shipped,2025-09-14 09:34:00,2025-09-14 12:22:00,2025-09-16 09:34:00,,2025-09-29 09:34:00
012c5324-0,42861e95,delivered,2025-03-10 14:32:00,2025-03-10 16:02:00,2025-03-12 14:32:00,2025-03-31 14:32:00,2025-03-30 14:32:00
ba3d2cf8-8,a9147a11,canceled,2025-08-25 22:11:00,,,,2025-09-08 22:11:00
1bfe3bdd-6,3b2c1099,delivered,2025-07-05 13:55:00,2025-07-05 15:29:00,2025-07-06 13:55:00,2025-07-23 13:55:00,2025-07-19 13:55:00
6a90536c-c,17761198,delivered,2025-04-19 07:34:00,2025-04-19 08:45:00,2025-04-21 07:34:00,2025-05-03 07:34:00,2025-05-04 07:34:00
90334b51-6,3c8e805f,canceled,2025-09-24 20:32:00,,,,2025-10-08 20:32:00
427ba241-b,3eef1250,shipped,2025-05-06 01:35:00,2025-05-06 04:06:00,2025-05-09 01:35:00,,2025-05-25 01:35:00
3029bcf0-d,4dac8c7a,delivered,2025-03-26 22:59:00,2025-03-27 00:23:00,2025-03-27 22:59:00,2025-04-13 22:59:00,2025-04-12 22:59:00
38a06aee-f,b9011251,delivered,2025-12-23 17:10:00,2025-12-23 19:36:00,2025-12-24 17:10:00,2026-01-14 17:10:00,2026-01-08 17:10:00
20b0a2b8-0,5819675b,delivered,2025-09-07 07:20:00,2025-09-07 08:40:00,2025-09-10 07:20:00,2025-09-28 07:20:00,2025-09-27 07:20:00
c6ac953b-4,d1058f59,delivered,2025-06-20 06:03:00,2025-06-20 06:38:00,2025-06-21 06:03:00,2025-07-03 06:03:00,2025-07-05 06:03:00
7f6528c1-b,6e9f8af2,delivered,2025-08-27 01:27:00,2025-08-27 03:33:00,2025-08-30 01:27:00,2025-09-12 01:27:00,2025-09-11 01:27:00
8cd9e6ab-b,c4f20f74,delivered,2025-03-03 02:39:00,2025-03-03 03:50:00,2025-03-05 02:39:00,2025-03-17 02:39:00,2025-03-20 02:39:00
6eb12c35-c,f7f5a105,invoiced,2025-11-29 17:53:00,2025-11-29 19:21:00,,,2025-12-14 17:53:00
a83238b5-2,b32ecbe4,delivered,2025-06-30 16:52:00,2025-06-30 17:50:00,2025-07-03 16:52:00,2025-07-11 16:52:00,2025-07-16 16:52:00
cb387fbc-1,ff7413b8,delivered,2025-10-24 04:50:00,2025-10-24 07:11:00,2025-10-27 04:50:00,2025-11-17 04:50:00,2025-11-11 04:50:00
d3e9a41c-7,ccab290b,delivered,2025-01-16 12:40:00,2025-01-16 15:38:00,2025-01-18 12:40:00,2025-01-31 12:40:00,2025-01-28 12:40:00
780d74b6-a,8d576c2d,delivered,2025-05-11 03:27:00,2025-05-11 04:31:00,2025-05-14 03:27:00,2025-05-23 03:27:00,2025-05-28 03:27:00
3099337e-a,204b32cd,invoiced,2025-12-04 20:54:00,2025-12-04 22:28:00,,,2025-12-14 20:54:00
d6209407-c,65ed919f,shipped,2025-04-27 19:58:00,2025-04-27 21:56:00,2025-04-29 19:58:00,,2025-05-15 19:58:00
fb4f7983-4,f1818348,delivered,2025-06-28 19:01:00,2025-06-28 20:37:00,2025-06-30 19:01:00,2025-07-18 19:01:00,2025-07-10 19:01:00
2bfb84b1-d,86fbe88a,invoiced,2025-06-07 15:06:00,2025-06-07 16:17:00,,,2025-06-17 15:06:00
41fd9c63-6,5244dbf1,delivered,2025-12-24 12:39:00,2025-12-24 15:14:00,2025-12-25 12:39:00,2026-01-09 12:39:00,2026-01-05 12:39:00
48d92435-1,80337d04,shipped,2025-09-26 09:43:00,2025-09-26 09:51:00,2025-09-28 09:43:00,,2025-10-13 09:43:00
1936ab6b-3,bcb22d0d,delivered,2025-02-22 10:41:00,2025-02-22 13:13:00,2025-02-23 10:41:00,2025-03-11 10:41:00,2025-03-12 10:41:00
4b8f2348-9,fe5bb0bf,delivered,2025-06-22 07:49:00,2025-06-22 09:47:00,2025-06-24 07:49:00,2025-07-14 07:49:00,2025-07-08 07:49:00
120f7c21-6,97a5f6ce,delivered,2025-06-01 07:25:00,2025-06-01 07:47:00,2025-06-04 07:25:00,2025-06-08 07:25:00,2025-06-12 07:25:00
c5891bbf-4,a9e11740,delivered,2025-06-11 13:40:00,2025-06-11 14:48:00,2025-06-13 13:40:00,2025-06-21 13:40:00,2025-06-24 13:40:00
9f670ab9-2,94f79bd0,delivered,2025-12-22 03:50:00,2025-12-22 05:03:00,2025-12-25 03:50:00,2026-01-18 03:50:00,2026-01-11 03:50:00
6d0ad649-9,7d7b42b4,canceled,2025-08-21 09:29:00,,,,2025-09-04 09:29:00
e2b35a70-7,87486833,delivered,2025-02-19 18:55:00,2025-02-19 20:10:00,2025-02-20 18:55:00,2025-03-11 18:55:00,2025-03-04 18:55:00
fe915c85-0,fc6c7aa8,shipped,2025-03-20 08:54:00,2025-03-20 11:01:00,2025-03-23 08:54:00,,2025-03-30 08:54:00
36a1a1a2-1,a4d30736,canceled,2025-07-05 14:17:00,,,,2025-07-18 14:17:00
11812ddf-f,e5ae5fe4,delivered,2025-12-14 14:03:00,2025-12-14 14:52:00,2025-12-16 14:03:00,2025-12-29 14:03:00,2026-01-02 14:03:00
7f1bace0-0,4c2aa869,invoiced,2025-12-24 05:36:00,2025-12-24 07:38:00,,,2026-01-05 05:36:00
9745e9f0-e,d64cd06f,delivered,2025-01-14 16:56:00,2025-01-14 18:46:00,2025-01-17 16:56:00,2025-01-25 16:56:00,2025-01-27 16:56:00
28af7e14-7,709a6519,shipped,2025-12-01 00:44:00,2025-12-01 01:40:00,2025-12-04 00:44:00,,2025-12-16 00:44:00
e3ae16fc-0,fa7350b0,delivered,2025-03-20 14:33:00,2025-03-20 15:29:00,2025-03-22 14:33:00,2025-04-06 14:33:00,2025-04-01 14:33:00
827c4e35-2,333d3a9a,shipped,2025-01-29 08:18:00,2025-01-29 10:19:00,2025-01-31 08:18:00,,2025-02-09 08:18:00
886e520f-4,6e633b28,shipped,2025-03-08 07:43:00,2025-03-08 10:00:00,2025-03-09 07:43:00,,2025-03-18 07:43:00
ac83cea2-2,7b15e418,delivered,2025-11-20 10:12:00,2025-11-20 10:18:00,2025-11-23 10:12:00,2025-11-29 10:12:00,2025-12-02 10:12:00
4ac13155-c,aa5f24a6,delivered,2025-04-15 10:52:00,2025-04-15 13:14:00,2025-04-16 10:52:00,2025-05-03 10:52:00,2025-04-27 10:52:00
464376cd-9,c6d2cf7a,shipped,2025-04-20 17:33:00,2025-04-20 20:22:00,2025-04-23 17:33:00,,2025-05-01 17:33:00
fac90a87-1,7843394a,delivered,2025-12-10 05:13:00,2025-12-10 08:13:00,2025-12-11 05:13:00,2025-12-19 05:13:00,2025-12-22 05:13:00
e66005c5-5,1b4266f1,shipped,2025-10-26 18:28:00,2025-10-26 18:53:00,2025-10-27 18:28:00,,2025-11-13 18:28:00
36e835c0-5,1ac17d5b,delivered,2025-08-17 22:20:00,2025-08-18 01:19:00,2025-08-18 22:20:00,2025-09-04 22:20:00,2025-08-28 22:20:00
bf593e08-6,1db00f76,delivered,2026-01-01 01:55:00,2026-01-01 03:07:00,2026-01-04 01:55:00,2026-01-25 01:55:00,2026-01-20 01:55:00
b7a8e079-6,98d521a6,delivered,2025-11-11 21:55:00,2025-11-11 23:55:00,2025-11-12 21:55:00,2025-11-19 21:55:00,2025-11-21 21:55:00
070323e1-a,bd848711,invoiced,2025-08-13 08:54:00,2025-08-13 09:55:00,,,2025-08-25 08:54:00
bb5cb46b-3,5e423085,delivered,2025-11-24 14:31:00,2025-11-24 15:38:00,2025-11-26 14:31:00,2025-12-15 14:31:00,2025-12-14 14:31:00
bf889405-f,b668754c,delivered,2025-02-17 23:46:00,2025-02-18 01:12:00,2025-02-19 23:46:00,2025-02-28 23:46:00,2025-03-02 23:46:00
fea8d045-7,b8b9f31f,delivered,2025-05-07 17:46:00,2025-05-07 20:22:00,2025-05-09 17:46:00,2025-05-22 17:46:00,2025-05-27 17:46:00
fdf75027-1,b893b1c1,delivered,2025-09-26 03:09:00,2025-09-26 06:07:00,2025-09-27 03:09:00,2025-10-17 03:09:00,2025-10-13 03:09:00
925ed39a-d,b395c0d2,delivered,2025-03-23 05:16:00,2025-03-23 08:09:00,2025-03-24 05:16:00,2025-04-09 05:16:00,2025-04-09 05:16:00
5eb4a143-7,bc8d37ed,delivered,2025-02-10 15:54:00,2025-02-10 16:04:00,2025-02-11 15:54:00,2025-02-23 15:54:00,2025-02-21 15:54:00
c1b1a019-b,23674bc7,delivered,2025-05-07 11:07:00,2025-05-07 11:23:00,2025-05-09 11:07:00,2025-05-30 11:07:00,2025-05-24 11:07:00
fe656e24-9,1c7c807d,shipped,2025-01-22 22:31:00,2025-01-22 23:07:00,2025-01-25 22:31:00,,2025-02-07 22:31:00
1691e565-b,614b70ce,delivered,2025-01-10 05:18:00,2025-01-10 07:50:00,2025-01-11 05:18:00,2025-01-28 05:18:00,2025-01-23 05:18:00
d1c6bd00-2,e5436f79,delivered,2025-10-01 15:51:00,2025-10-01 16:26:00,2025-10-03 15:51:00,2025-10-23 15:51:00,2025-10-16 15:51:00
b54db189-d,6ebf69a1,delivered,2025-07-09 08:13:00,2025-07-09 08:44:00,2025-07-10 08:13:00,2025-08-01 08:13:00,2025-07-26 08:13:00
35aaac27-2,249e8f95,shipped,2025-11-17 23:34:00,2025-11-18 00:06:00,2025-11-20 23:34:00,,2025-12-05 23:34:00
3c9c1ed7-e,630bd170,delivered,2025-12-22 05:41:00,2025-12-22 08:15:00,2025-12-23 05:41:00,2026-01-11 05:41:00,2026-01-08 05:41:00
7366d36f-7,90013d69,delivered,2025-04-18 18:06:00,2025-04-18 20:52:00,2025-04-19 18:06:00,2025-05-01 18:06:00,2025-05-04 18:06:00
689e5caf-4,c278732f,shipped,2025-02-02 12:37:00,2025-02-02 12:59:00,2025-02-05 12:37:00,,2025-02-16 12:37:00
502b1583-f,2258cf9f,canceled,2025-07-28 08:17:00,,,,2025-08-11 08:17:00
4009f289-b,659347a5,delivered,2025-05-15 21:10:00,2025-05-15 23:07:00,2025-05-16 21:10:00,2025-05-30 21:10:00,2025-05-30 21:10:00
7d3e0ab2-3,d106be95,delivered,2025-03-31 07:01:00,2025-03-31 07:39:00,2025-04-01 07:01:00,2025-04-26 07:01:00,2025-04-20 07:01:00
8bcaa0f1-d,8aed46e5,delivered,2025-12-18 11:53:00,2025-12-18 12:41:00,2025-12-20 11:53:00,2026-01-04 11:53:00,2026-01-07 11:53:00
00b5fe78-6,4e8f3f13,invoiced,2025-04-30 17:10:00,2025-04-30 19:01:00,,,2025-05-17 17:10:00
1adebfd5-d,2b29aebe,delivered,2025-02-26 20:36:00,2025-02-26 22:51:00,2025-03-01 20:36:00,2025-03-13 20:36:00,2025-03-12 20:36:00
9bd1e48f-e,088e818e,delivered,2025-11-23 14:18:00,2025-11-23 14:38:00,2025-11-26 14:18:00,2025-12-16 14:18:00,2025-12-09 14:18:00
d32f1d95-2,e94f8ff8,shipped,2025-09-16 15:06:00,2025-09-16 17:00:00,2025-09-19 15:06:00,,2025-09-30 15:06:00
27eb99b4-2,b5e408d4,delivered,2025-05-04 19:00:00,2025-05-04 21:24:00,2025-05-05 19:00:00,2025-05-22 19:00:00,2025-05-15 19:00:00
63f4d464-4,2315a0cc,delivered,2025-09-23 05:46:00,2025-09-23 07:35:00,2025-09-24 05:46:00,2025-10-15 05:46:00,2025-10-10 05:46:00
7030d62d-1,687444f4,delivered,2025-01-29 23:32:00,2025-01-29 23:59:00,2025-02-01 23:32:00,2025-02-09 23:32:00,2025-02-11 23:32:00
c16ac696-2,dd83427d,delivered,2025-07-09 08:42:00,2025-07-09 10:16:00,2025-07-12 08:42:00,2025-07-30 08:42:00,2025-07-23 08:42:00
fd22e763-9,ace33911,shipped,2025-03-31 09:18:00,2025-03-31 11:15:00,2025-04-03 09:18:00,,2025-04-20 09:18:00
3c773fab-4,2e1cb7f5,delivered,2025-08-19 18:49:00,2025-08-19 21:21:00,2025-08-22 18:49:00,2025-08-30 18:49:00,2025-09-02 18:49:00
ae133466-2,1be97173,invoiced,2025-10-15 04:20:00,2025-10-15 06:59:00,,,2025-10-28 04:20:00
829f5418-e,17fa7ea7,delivered,2025-06-11 22:50:00,2025-06-12 01:17:00,2025-06-12 22:50:00,2025-06-27 22:50:00,2025-06-26 22:50:00
5ff5ffd9-a,ace33911,delivered,2025-02-22 19:12:00,2025-02-22 20:06:00,2025-02-24 19:12:00,2025-03-07 19:12:00,2025-03-10 19:12:00
954df4da-e,ad9e4f01,delivered,2025-02-20 05:22:00,2025-02-20 06:00:00,2025-02-21 05:22:00,2025-03-01 05:22:00,2025-03-02 05:22:00
89d4e482-c,65dcb60e,delivered,2025-03-20 09:30:00,2025-03-20 12:13:00,2025-03-22 09:30:00,2025-04-10 09:30:00,2025-04-09 09:30:00
00143f95-f,9220bfb6,shipped,2025-05-17 01:39:00,2025-05-17 04:20:00,2025-05-18 01:39:00,,2025-06-03 01:39:00
1c1906fb-5,af121c81,shipped,2025-02-27 09:47:00,2025-02-27 12:39:00,2025-02-28 09:47:00,,2025-03-18 09:47:00
16c0fd85-0,7413be7b,invoiced,2025-06-17 02:39:00,2025-06-17 03:23:00,,,2025-06-27 02:39:00
6e1a1c8e-a,d120ba31,invoiced,2025-09-20 10:05:00,2025-09-20 12:35:00,,,2025-10-04 10:05:00
341b82b5-1,bda61991,invoiced,2025-10-25 06:44:00,2025-10-25 07:53:00,,,2025-11-04 06:44:00
f07e8c5e-2,3a210e4a,invoiced,2025-12-04 22:20:00,2025-12-04 22:37:00,,,2025-12-16 22:20:00
3bcab58c-8,29dea18c,canceled,2025-10-19 11:59:00,,,,2025-11-03 11:59:00
54f637d5-8,0cda0f5d,shipped,2025-03-09 10:16:00,2025-03-09 12:10:00,2025-03-11 10:16:00,,2025-03-26 10:16:00
77bf2db6-1,fec2d4a4,delivered,2025-06-13 02:26:00,2025-06-13 03:22:00,2025-06-16 02:26:00,2025-06-24 02:26:00,2025-06-23 02:26:00
89cc619a-5,9a1c2e5a,shipped,2025-12-22 18:53:00,2025-12-22 19:07:00,2025-12-24 18:53:00,,2026-01-04 18:53:00
8964089e-f,a6d86955,delivered,2025-09-30 00:13:00,2025-09-30 02:00:00,2025-10-01 00:13:00,2025-10-19 00:13:00,2025-10-14 00:13:00
92f26474-e,81f3d0fc,shipped,2025-07-05 12:21:00,2025-07-05 12:30:00,2025-07-08 12:21:00,,2025-07-20 12:21:00
78d3477c-c,3aa4018a,delivered,2025-03-06 17:14:00,2025-03-06 18:42:00,2025-03-09 17:14:00,2025-03-17 17:14:00,2025-03-22 17:14:00
28e03b35-9,dc585ecf,delivered,2025-12-06 15:49:00,2025-12-06 17:10:00,2025-12-09 15:49:00,2025-12-27 15:49:00,2025-12-26 15:49:00
a67be714-6,532f422f,delivered,2025-07-20 01:30:00,2025-07-20 01:36:00,2025-07-23 01:30:00,2025-08-01 01:30:00,2025-08-03 01:30:00
e423bd32-7,e66b272c,delivered,2025-02-03 01:34:00,2025-02-03 04:31:00,2025-02-05 01:34:00,2025-02-19 01:34:00,2025-02-18 01:34:00
390f3673-4,2b8c89ce,delivered,2025-04-02 13:21:00,2025-04-02 13:38:00,2025-04-05 13:21:00,2025-04-26 13:21:00,2025-04-20 13:21:00
0f79856b-c,47a5974e,delivered,2025-10-30 19:42:00,2025-10-30 21:49:00,2025-11-02 19:42:00,2025-11-25 19:42:00,2025-11-17 19:42:00
6ffb89f3-b,99e88bc4,delivered,2025-02-23 18:35:00,2025-02-23 20:49:00,2025-02-26 18:35:00,2025-03-11 18:35:00,2025-03-12 18:35:00
f4f68b05-4,1a21e39a,delivered,2025-09-18 10:18:00,2025-09-18 11:44:00,2025-09-20 10:18:00,2025-10-04 10:18:00,2025-10-02 10:18:00
3c03d70f-8,014cb2d6,delivered,2025-04-29 05:54:00,2025-04-29 07:58:00,2025-05-02 05:54:00,2025-05-13 05:54:00,2025-05-14 05:54:00
0948b62c-0,380c0fb2,delivered,2025-08-21 01:58:00,2025-08-21 02:24:00,2025-08-24 01:58:00,2025-09-13 01:58:00,2025-09-05 01:58:00
c84a51a2-1,f1c9546a,delivered,2025-01-24 17:20:00,2025-01-24 18:30:00,2025-01-26 17:20:00,2025-02-14 17:20:00,2025-02-06 17:20:00
c10f0709-7,d9ee7fe3,delivered,2025-11-21 09:36:00,2025-11-21 10:32:00,2025-11-22 09:36:00,2025-12-06 09:36:00,2025-12-04 09:36:00
8566ba57-d,898a819e,delivered,2025-05-15 18:15:00,2025-05-15 21:06:00,2025-05-16 18:15:00,2025-06-07 18:15:00,2025-05-30 18:15:00
a83f09f5-b,c0ae012f,delivered,2025-01-05 12:27:00,2025-01-05 14:23:00,2025-01-07 12:27:00,2025-01-17 12:27:00,2025-01-18 12:27:00
6e7b1877-e,6e633b28,delivered,2025-03-19 17:59:00,2025-03-19 18:25:00,2025-03-20 17:59:00,2025-03-24 17:59:00,2025-03-29 17:59:00
9be9947b-f,1e5c5aab,delivered,2025-09-18 22:32:00,2025-09-19 00:20:00,2025-09-20 22:32:00,2025-10-08 22:32:00,2025-10-02 22:32:00
68503cf2-9,5cc35ac6,delivered,2025-07-31 11:00:00,2025-07-31 11:42:00,2025-08-03 11:00:00,2025-08-26 11:00:00,2025-08-19 11:00:00
8071973f-4,59775ab3,delivered,2025-07-05 06:23:00,2025-07-05 07:19:00,2025-07-07 06:23:00,2025-07-24 06:23:00,2025-07-20 06:23:00
011faf53-5,b7d80599,delivered,2025-03-01 14:29:00,2025-03-01 15:49:00,2025-03-03 14:29:00,2025-03-12 14:29:00,2025-03-17 14:29:00
a246d6dd-e,57b8a0e3,delivered,2025-09-07 23:20:00,2025-09-07 23:27:00,2025-09-09 23:20:00,2025-10-02 23:20:00,2025-09-25 23:20:00
0cebff25-6,6fd1be31,delivered,2025-07-13 05:06:00,2025-07-13 07:16:00,2025-07-15 05:06:00,2025-07-29 05:06:00,2025-07-24 05:06:00
c9e9d6c1-2,aea358ee,shipped,2025-07-29 22:24:00,2025-07-30 00:44:00,2025-08-01 22:24:00,,2025-08-17 22:24:00
d67e4c3a-4,1deecdcb,shipped,2025-07-21 01:10:00,2025-07-21 03:29:00,2025-07-23 01:10:00,,2025-08-09 01:10:00
6602d278-5,fd96217b,delivered,2025-12-13 18:45:00,2025-12-13 21:20:00,2025-12-15 18:45:00,2025-12-25 18:45:00,2025-12-25 18:45:00
11ff4e41-7,0cc8fc6c,delivered,2025-07-06 08:36:00,2025-07-06 10:45:00,2025-07-07 08:36:00,2025-07-28 08:36:00,2025-07-21 08:36:00
f1166a1e-b,5cf8b445,canceled,2025-09-01 00:40:00,,,,2025-09-18 00:40:00
9994aa0a-d,8d237443,delivered,2025-03-14 03:51:00,2025-03-14 03:57:00,2025-03-15 03:51:00,2025-03-29 03:51:00,2025-03-28 03:51:00
16fba803-b,59d46dda,shipped,2025-08-09 10:19:00,2025-08-09 11:08:00,2025-08-11 10:19:00,,2025-08-29 10:19:00
5012685e-b,eb76c00d,delivered,2025-06-27 12:31:00,2025-06-27 13:30:00,2025-06-30 12:31:00,2025-07-13 12:31:00,2025-07-09 12:31:00
3a2ab307-d,601914c8,invoiced,2025-07-14 08:43:00,2025-07-14 11:00:00,,,2025-08-03 08:43:00
cf6b449a-7,47e73e56,shipped,2025-12-08 21:56:00,2025-12-08 23:26:00,2025-12-09 21:56:00,,2025-12-25 21:56:00
c7f3f7dc-3,9765d9e4,delivered,2025-08-25 07:56:00,2025-08-25 08:44:00,2025-08-27 07:56:00,2025-09-07 07:56:00,2025-09-09 07:56:00
4e2f84ca-e,9397f9ba,delivered,2025-12-23 12:48:00,2025-12-23 13:34:00,2025-12-24 12:48:00,2026-01-02 12:48:00,2026-01-07 12:48:00
0342de1a-d,cdb1c6fc,invoiced,2025-01-02 02:16:00,2025-01-02 04:06:00,,,2025-01-16 02:16:00
3a1e199e-6,6a59b1c7,invoiced,2025-11-05 10:47:00,2025-11-05 12:07:00,,,2025-11-16 10:47:00
bed1f8df-a,5161a228,canceled,2025-01-11 08:48:00,,,,2025-01-25 08:48:00
682596d9-4,90013d69,delivered,2025-10-25 18:57:00,2025-10-25 20:03:00,2025-10-27 18:57:00,2025-11-09 18:57:00,2025-11-04 18:57:00
b00713c0-6,3b6659cb,delivered,2025-09-15 09:42:00,2025-09-15 12:01:00,2025-09-17 09:42:00,2025-09-30 09:42:00,2025-09-30 09:42:00
5c1281ae-e,578e24c9,delivered,2025-09-25 11:29:00,2025-09-25 12:59:00,2025-09-27 11:29:00,2025-10-19 11:29:00,2025-10-11 11:29:00
bde2c413-8,0002b17b,delivered,2025-07-04 04:45:00,2025-07-04 06:34:00,2025-07-06 04:45:00,2025-07-22 04:45:00,2025-07-18 04:45:00
7131b4ce-7,bf9bb08a,delivered,2025-11-10 11:11:00,2025-11-10 12:04:00,2025-11-13 11:11:00,2025-11-20 11:11:00,2025-11-21 11:11:00
af9300a4-0,9fa6c982,delivered,2025-08-22 15:28:00,2025-08-22 18:12:00,2025-08-23 15:28:00,2025-08-30 15:28:00,2025-09-02 15:28:00
52de828d-3,d97b58d9,invoiced,2025-04-28 02:58:00,2025-04-28 05:08:00,,,2025-05-13 02:58:00
80f19052-7,783f4ccb,delivered,2025-11-29 13:13:00,2025-11-29 13:33:00,2025-12-02 13:13:00,2025-12-15 13:13:00,2025-12-15 13:13:00
4be232ff-9,65ed919f,delivered,2025-04-23 20:01:00,2025-04-23 22:49:00,2025-04-24 20:01:00,2025-05-17 20:01:00,2025-05-10 20:01:00
b5e71589-8,7843394a,invoiced,2025-12-13 22:56:00,2025-12-14 01:45:00,,,2025-12-27 22:56:00
92b56183-7,622c5151,delivered,2025-07-29 03:39:00,2025-07-29 03:49:00,2025-07-31 03:39:00,2025-08-08 03:39:00,2025-08-13 03:39:00
7cfe666f-c,2e093507,invoiced,2025-02-19 01:31:00,2025-02-19 02:52:00,,,2025-03-10 01:31:00
0ddd322d-9,0ab63290,delivered,2025-02-14 11:35:00,2025-02-14 13:55:00,2025-02-17 11:35:00,2025-02-20 11:35:00,2025-02-24 11:35:00
dcb78740-3,cefff033,invoiced,2025-02-10 23:11:00,2025-02-11 01:02:00,,,2025-02-28 23:11:00
094803c9-c,7b1df443,delivered,2025-07-19 01:23:00,2025-07-19 04:11:00,2025-07-20 01:23:00,2025-07-31 01:23:00,2025-07-30 01:23:00
21341ced-0,663fa794,delivered,2025-03-19 12:56:00,2025-03-19 15:22:00,2025-03-20 12:56:00,2025-04-03 12:56:00,2025-03-30 12:56:00
5a1ab69d-4,234ac0b8,delivered,2025-01-17 22:30:00,2025-01-17 23:38:00,2025-01-18 22:30:00,2025-02-03 22:30:00,2025-02-01 22:30:00
0062ad72-d,576efc14,shipped,2025-11-10 18:48:00,2025-11-10 21:35:00,2025-11-11 18:48:00,,2025-11-25 18:48:00
34109cef-5,c7ce152a,invoiced,2025-02-10 23:03:00,2025-02-11 01:53:00,,,2025-03-02 23:03:00
e1d31cab-9,860dd06f,delivered,2025-08-21 00:41:00,2025-08-21 01:03:00,2025-08-24 00:41:00,2025-09-10 00:41:00,2025-09-08 00:41:00
88c161a8-0,e2cc81f8,delivered,2025-11-14 06:06:00,2025-11-14 08:31:00,2025-11-15 06:06:00,2025-11-23 06:06:00,2025-11-27 06:06:00
6b9d72ec-5,50daba29,delivered,2025-04-09 08:52:00,2025-04-09 09:23:00,2025-04-10 08:52:00,2025-04-29 08:52:00,2025-04-24 08:52:00
2a4f29c1-a,04577004,delivered,2025-11-29 17:53:00,2025-11-29 20:52:00,2025-12-01 17:53:00,2025-12-16 17:53:00,2025-12-11 17:53:00
cea6348f-4,baf1bec9,delivered,2025-04-30 19:18:00,2025-04-30 21:44:00,2025-05-03 19:18:00,2025-05-17 19:18:00,2025-05-10 19:18:00
f3404886-6,622c5151,invoiced,2025-05-09 23:56:00,2025-05-10 01:29:00,,,2025-05-29 23:56:00
e12cf8f9-5,4059db31,invoiced,2025-09-06 04:21:00,2025-09-06 05:11:00,,,2025-09-23 04:21:00
b135ff43-7,110ef9e6,delivered,2025-08-14 15:19:00,2025-08-14 18:08:00,2025-08-15 15:19:00,2025-08-31 15:19:00,2025-08-25 15:19:00
1182d18a-6,a4c2c305,delivered,2025-12-16 21:33:00,2025-12-16 22:43:00,2025-12-17 21:33:00,2026-01-02 21:33:00,2025-12-31 21:33:00
099dac58-3,332e32f1,invoiced,2025-08-22 04:19:00,2025-08-22 06:37:00,,,2025-09-07 04:19:00
c3b8d2ef-7,22afd2cf,delivered,2025-04-24 10:01:00,2025-04-24 10:53:00,2025-04-25 10:01:00,2025-05-13 10:01:00,2025-05-11 10:01:00
ac25ef0f-f,550e606f,delivered,2025-02-26 07:59:00,2025-02-26 10:06:00,2025-02-27 07:59:00,2025-03-16 07:59:00,2025-03-13 07:59:00
41ea5297-8,6516653f,canceled,2025-06-06 00:40:00,,,,2025-06-18 00:40:00
7aa83ebe-2,464348d5,delivered,2025-04-26 21:52:00,2025-04-27 00:16:00,2025-04-28 21:52:00,2025-05-14 21:52:00,2025-05-16 21:52:00
5caae3df-4,e1cc2aea,invoiced,2025-01-28 04:06:00,2025-01-28 05:31:00,,,2025-02-17 04:06:00
e4229b3a-0,332e32f1,delivered,2025-11-24 06:26:00,2025-11-24 07:57:00,2025-11-27 06:26:00,2025-12-16 06:26:00,2025-12-10 06:26:00
f671256e-f,a035d7c8,canceled,2025-06-14 22:07:00,,,,2025-06-27 22:07:00
8cea3c36-c,b2a44275,delivered,2025-12-23 05:38:00,2025-12-23 07:22:00,2025-12-25 05:38:00,2026-01-07 05:38:00,2026-01-09 05:38:00
690e4fb6-2,6446b465,delivered,2025-09-15 20:34:00,2025-09-15 22:53:00,2025-09-18 20:34:00,2025-09-27 20:34:00,2025-10-01 20:34:00
c6a62216-f,e682d5a9,invoiced,2025-09-20 01:38:00,2025-09-20 02:03:00,,,2025-10-01 01:38:00
b277bb8e-a,e9fec649,delivered,2025-01-03 11:43:00,2025-01-03 12:54:00,2025-01-06 11:43:00,2025-01-18 11:43:00,2025-01-22 11:43:00
2b892aa7-a,6df30318,canceled,2025-05-19 15:25:00,,,,2025-06-03 15:25:00
60bd5a50-3,2191f5dd,canceled,2025-11-29 23:17:00,,,,2025-12-18 23:17:00
074d4317-c,33afd110,delivered,2025-03-26 18:13:00,2025-03-26 19:14:00,2025-03-28 18:13:00,2025-04-19 18:13:00,2025-04-15 18:13:00
2c71ba6f-7,590a0e2f,delivered,2025-01-27 19:52:00,2025-01-27 21:13:00,2025-01-29 19:52:00,2025-02-07 19:52:00,2025-02-12 19:52:00
7805f2fc-d,cc22928f,invoiced,2025-08-10 02:10:00,2025-08-10 03:24:00,,,2025-08-29 02:10:00
1efc9d80-1,c13667cc,delivered,2025-07-10 21:10:00,2025-07-10 23:52:00,2025-07-11 21:10:00,2025-07-29 21:10:00,2025-07-24 21:10:00
e32cf899-d,191f09d3,shipped,2025-04-26 02:48:00,2025-04-26 03:13:00,2025-04-29 02:48:00,,2025-05-12 02:48:00
6d0084ab-1,e52acd8d,shipped,2025-08-12 16:58:00,2025-08-12 18:58:00,2025-08-13 16:58:00,,2025-08-24 16:58:00
e6dc341f-f,3c8e805f,delivered,2025-05-09 03:42:00,2025-05-09 06:07:00,2025-05-10 03:42:00,2025-06-01 03:42:00,2025-05-25 03:42:00
2f230f20-3,9cac810b,delivered,2025-10-20 17:43:00,2025-10-20 19:46:00,2025-10-22 17:43:00,2025-10-30 17:43:00,2025-10-30 17:43:00
02048706-9,f8698135,canceled,2025-06-13 21:50:00,,,,2025-06-24 21:50:00
3868cc70-e,835aec20,delivered,2025-06-01 11:05:00,2025-06-01 11:52:00,2025-06-02 11:05:00,2025-06-24 11:05:00,2025-06-19 11:05:00
852c9c9d-1,033e1561,shipped,2025-03-01 01:47:00,2025-03-01 02:52:00,2025-03-03 01:47:00,,2025-03-18 01:47:00
0b80cb30-7,4aa727fc,delivered,2025-11-27 18:59:00,2025-11-27 19:49:00,2025-11-29 18:59:00,2025-12-08 18:59:00,2025-12-13 18:59:00
a09e568f-e,d769d23f,canceled,2025-11-24 14:57:00,,,,2025-12-06 14:57:00
6bf66f21-f,551b00f1,delivered,2025-01-05 17:27:00,2025-01-05 19:23:00,2025-01-07 17:27:00,2025-01-14 17:27:00,2025-01-15 17:27:00
3b3364ef-8,26a7ebbc,delivered,2025-12-01 16:10:00,2025-12-01 17:11:00,2025-12-03 16:10:00,2025-12-28 16:10:00,2025-12-20 16:10:00
b5243089-2,791b20d9,delivered,2025-10-03 22:51:00,2025-10-04 00:43:00,2025-10-05 22:51:00,2025-10-27 22:51:00,2025-10-21 22:51:00
c82674cd-3,c403b89e,canceled,2025-07-20 04:29:00,,,,2025-08-01 04:29:00
618b0515-0,bdfb9865,delivered,2025-02-15 03:15:00,2025-02-15 05:32:00,2025-02-18 03:15:00,2025-02-27 03:15:00,2025-03-04 03:15:00
3b5f701e-d,5554ee5d,delivered,2025-09-12 23:23:00,2025-09-13 00:45:00,2025-09-15 23:23:00,2025-09-24 23:23:00,2025-09-29 23:23:00
67b8a477-a,38f824a6,shipped,2025-11-09 08:32:00,2025-11-09 09:39:00,2025-11-12 08:32:00,,2025-11-29 08:32:00
dfc43f40-1,ea769a28,shipped,2025-07-31 14:50:00,2025-07-31 16:47:00,2025-08-03 14:50:00,,2025-08-19 14:50:00
88b68f4b-9,06a23b3e,shipped,2025-04-18 01:14:00,2025-04-18 04:03:00,2025-04-20 01:14:00,,2025-04-29 01:14:00
f3da0ab4-f,950fe1ed,canceled,2025-07-10 23:28:00,,,,2025-07-30 23:28:00
6a526b3b-b,79579b55,canceled,2025-09-26 00:43:00,,,,2025-10-09 00:43:00
c04e0680-0,f266c6ca,shipped,2025-01-11 14:18:00,2025-01-11 16:06:00,2025-01-12 14:18:00,,2025-01-23 14:18:00
5a46f7a0-8,0a7c45c9,delivered,2025-04-24 22:24:00,2025-04-24 23:22:00,2025-04-26 22:24:00,2025-05-13 22:24:00,2025-05-07 22:24:00
a6eb7bf1-5,91e5049e,invoiced,2025-01-30 09:48:00,2025-01-30 10:39:00,,,2025-02-10 09:48:00
3e211932-3,2a87c429,invoiced,2025-04-06 00:19:00,2025-04-06 03:08:00,,,2025-04-24 00:19:00
b6170a48-f,cdb1c6fc,delivered,2025-06-21 14:53:00,2025-06-21 17:23:00,2025-06-24 14:53:00,2025-07-10 14:53:00,2025-07-04 14:53:00
4c78d7bb-e,7d6f29ee,shipped,2025-03-08 18:53:00,2025-03-08 21:52:00,2025-03-11 18:53:00,,2025-03-20 18:53:00
c7974307-7,3f595a6b,delivered,2025-05-17 22:00:00,2025-05-18 00:54:00,2025-05-20 22:00:00,2025-05-27 22:00:00,2025-06-01 22:00:00
dce86c18-4,5ae1b778,delivered,2025-06-09 19:15:00,2025-06-09 21:39:00,2025-06-10 19:15:00,2025-06-28 19:15:00,2025-06-25 19:15:00
12d8c286-3,9b80e23a,delivered,2025-05-01 13:47:00,2025-05-01 15:48:00,2025-05-04 13:47:00,2025-05-20 13:47:00,2025-05-14 13:47:00
70d6feb6-a,db2d654e,delivered,2025-02-09 19:18:00,2025-02-09 20:56:00,2025-02-11 19:18:00,2025-02-25 19:18:00,2025-02-20 19:18:00
f9641c4a-5,80337d04,canceled,2025-11-09 19:18:00,,,,2025-11-29 19:18:00
27321980-a,04021d40,shipped,2025-12-31 10:45:00,2025-12-31 13:43:00,2026-01-03 10:45:00,,2026-01-19 10:45:00
516d5c7c-f,64bb11fd,invoiced,2025-09-23 22:04:00,2025-09-23 22:10:00,,,2025-10-10 22:04:00
dd3d732c-1,6d2d3c4b,canceled,2025-08-14 16:15:00,,,,2025-08-24 16:15:00
65f8fc4d-b,4355b7c2,delivered,2025-06-07 08:16:00,2025-06-07 08:59:00,2025-06-09 08:16:00,2025-06-22 08:16:00,2025-06-20 08:16:00
1672f2b1-2,cc687655,delivered,2025-10-09 08:30:00,2025-10-09 10:42:00,2025-10-10 08:30:00,2025-10-19 08:30:00,2025-10-21 08:30:00
d6976607-0,5afc9d43,delivered,2025-08-13 02:38:00,2025-08-13 03:06:00,2025-08-14 02:38:00,2025-09-01 02:38:00,2025-08-27 02:38:00
504868ac-6,835aec20,delivered,2025-01-15 21:47:00,2025-01-15 22:31:00,2025-01-17 21:47:00,2025-01-27 21:47:00,2025-01-27 21:47:00
bc605c87-1,de2429a2,delivered,2025-10-14 09:18:00,2025-10-14 09:39:00,2025-10-17 09:18:00,2025-11-07 09:18:00,2025-10-31 09:18:00
6a897545-c,2013ca27,shipped,2025-08-13 22:11:00,2025-08-14 00:40:00,2025-08-15 22:11:00,,2025-08-25 22:11:00
3c795b49-0,e00baaf1,invoiced,2025-12-30 17:40:00,2025-12-30 18:07:00,,,2026-01-09 17:40:00
fc0da70d-d,d9272cca,delivered,2025-10-13 05:54:00,2025-10-13 07:22:00,2025-10-14 05:54:00,2025-10-25 05:54:00,2025-10-28 05:54:00
855bb60c-1,271648ce,delivered,2025-10-16 00:23:00,2025-10-16 00:39:00,2025-10-19 00:23:00,2025-11-04 00:23:00,2025-10-30 00:23:00
9e43b064-5,0d9ce242,invoiced,2025-01-26 09:30:00,2025-01-26 10:28:00,,,2025-02-05 09:30:00
be97743e-6,bcaa6449,invoiced,2025-05-11 09:07:00,2025-05-11 10:11:00,,,2025-05-24 09:07:00
2e24ea68-2,45d28416,delivered,2025-09-03 23:30:00,2025-09-03 23:38:00,2025-09-04 23:30:00,2025-09-13 23:30:00,2025-09-15 23:30:00
313b7879-c,f1f4eb96,delivered,2025-09-18 16:12:00,2025-09-18 16:59:00,2025-09-21 16:12:00,2025-10-12 16:12:00,2025-10-04 16:12:00
d3b627f0-0,8262113b,delivered,2026-01-01 09:37:00,2026-01-01 10:10:00,2026-01-04 09:37:00,2026-01-27 09:37:00,2026-01-21 09:37:00
51d53e54-6,9b1ea421,canceled,2025-05-27 20:26:00,,,,2025-06-16 20:26:00
bb8cacd9-4,1a27565e,invoiced,2025-01-09 06:57:00,2025-01-09 07:13:00,,,2025-01-29 06:57:00
b0c8ce98-4,791b20d9,shipped,2025-06-29 07:21:00,2025-06-29 07:26:00,2025-07-01 07:21:00,,2025-07-11 07:21:00
efa5356c-0,ec257b19,delivered,2025-11-10 02:36:00,2025-11-10 05:28:00,2025-11-12 02:36:00,2025-11-25 02:36:00,2025-11-23 02:36:00
2b437fdd-0,98d521a6,delivered,2025-03-22 04:00:00,2025-03-22 06:48:00,2025-03-25 04:00:00,2025-04-01 04:00:00,2025-04-01 04:00:00
47092120-a,6e8aee1f,delivered,2025-08-19 19:23:00,2025-08-19 19:44:00,2025-08-20 19:23:00,2025-09-07 19:23:00,2025-08-31 19:23:00
72fa3057-c,7a6d4c2e,delivered,2025-05-11 13:07:00,2025-05-11 15:53:00,2025-05-12 13:07:00,2025-05-17 13:07:00,2025-05-21 13:07:00
133a0e0f-c,e80532ff,delivered,2025-01-10 00:28:00,2025-01-10 02:26:00,2025-01-11 00:28:00,2025-02-04 00:28:00,2025-01-30 00:28:00
7ae780fe-b,23c35ef0,invoiced,2025-05-04 09:53:00,2025-05-04 12:33:00,,,2025-05-23 09:53:00
9b57b4fc-2,1e28a1ac,invoiced,2025-06-14 06:06:00,2025-06-14 08:17:00,,,2025-06-29 06:06:00
44ae091b-8,dacee848,canceled,2025-12-10 01:02:00,,,,2025-12-22 01:02:00
79a6db40-7,09497254,delivered,2025-09-30 07:21:00,2025-09-30 07:35:00,2025-10-03 07:21:00,2025-10-07 07:21:00,2025-10-10 07:21:00
1be17cf0-e,fbf2d460,delivered,2025-07-10 20:31:00,2025-07-10 22:48:00,2025-07-13 20:31:00,2025-08-01 20:31:00,2025-07-24 20:31:00
60fbcee7-3,4059db31,delivered,2025-04-03 03:40:00,2025-04-03 05:02:00,2025-04-06 03:40:00,2025-04-23 03:40:00,2025-04-15 03:40:00
2ad80f6f-8,29dea18c,delivered,2025-08-28 20:37:00,2025-08-28 21:29:00,2025-08-30 20:37:00,2025-09-21 20:37:00,2025-09-17 20:37:00
abd1e4ff-c,c3686211,delivered,2025-02-11 11:47:00,2025-02-11 14:38:00,2025-02-13 11:47:00,2025-02-28 11:47:00,2025-02-21 11:47:00
e40a27fd-5,73aa702e,delivered,2025-05-09 19:17:00,2025-05-09 21:44:00,2025-05-10 19:17:00,2025-05-28 19:17:00,2025-05-24 19:17:00
c15ee614-8,1be5f126,delivered,2025-05-30 07:15:00,2025-05-30 10:12:00,2025-06-01 07:15:00,2025-06-08 07:15:00,2025-06-12 07:15:00
6e6b7398-6,287c447d,shipped,2025-08-28 17:50:00,2025-08-28 19:46:00,2025-08-29 17:50:00,,2025-09-08 17:50:00
1a3dceb0-5,747e9d79,invoiced,2025-11-21 15:21:00,2025-11-21 16:56:00,,,2025-12-01 15:21:00
8812ce76-c,b26b7602,delivered,2025-08-23 20:05:00,2025-08-23 22:38:00,2025-08-25 20:05:00,2025-09-15 20:05:00,2025-09-12 20:05:00
5572f65b-3,6b8b8237,delivered,2025-07-14 07:22:00,2025-07-14 08:54:00,2025-07-16 07:22:00,2025-07-29 07:22:00,2025-07-26 07:22:00
7b9b338a-b,b0c3a63c,delivered,2025-01-27 06:55:00,2025-01-27 07:42:00,2025-01-28 06:55:00,2025-02-12 06:55:00,2025-02-14 06:55:00
a6d1a3fa-7,5cc35ac6,delivered,2025-01-15 05:24:00,2025-01-15 06:59:00,2025-01-17 05:24:00,2025-02-02 05:24:00,2025-02-02 05:24:00
91ead468-0,363be82e,canceled,2025-05-07 03:01:00,,,,2025-05-25 03:01:00
f7149845-d,aa12fbb4,delivered,2025-06-16 23:43:00,2025-06-17 00:11:00,2025-06-18 23:43:00,2025-07-04 23:43:00,2025-06-29 23:43:00
8be569c4-5,431d2d03,delivered,2025-10-28 18:16:00,2025-10-28 21:09:00,2025-10-30 18:16:00,2025-11-10 18:16:00,2025-11-14 18:16:00
c3740186-5,110ef9e6,delivered,2025-03-18 02:46:00,2025-03-18 04:03:00,2025-03-20 02:46:00,2025-03-27 02:46:00,2025-03-29 02:46:00
7da3ce20-b,372a0fa7,delivered,2025-06-14 10:22:00,2025-06-14 12:07:00,2025-06-15 10:22:00,2025-07-03 10:22:00,2025-06-28 10:22:00
a0460b9d-4,e84b57a8,delivered,2025-12-07 03:35:00,2025-12-07 03:54:00,2025-12-10 03:35:00,2025-12-23 03:35:00,2025-12-24 03:35:00
9d22608a-8,3f10f164,delivered,2025-07-04 04:34:00,2025-07-04 07:21:00,2025-07-06 04:34:00,2025-07-20 04:34:00,2025-07-15 04:34:00
0b6b05f7-c,bbf33662,delivered,2025-12-03 14:17:00,2025-12-03 15:57:00,2025-12-05 14:17:00,2025-12-26 14:17:00,2025-12-18 14:17:00
ce623934-a,a1926dcf,invoiced,2025-04-29 13:18:00,2025-04-29 14:14:00,,,2025-05-14 13:18:00
0c7893d7-b,0d719f33,delivered,2025-09-29 06:51:00,2025-09-29 07:01:00,2025-10-01 06:51:00,2025-10-18 06:51:00,2025-10-11 06:51:00
2a6ceb4a-6,19c99d65,canceled,2025-06-13 15:18:00,,,,2025-06-30 15:18:00
98ff0479-b,7d6c32a0,delivered,2025-06-16 04:06:00,2025-06-16 05:53:00,2025-06-17 04:06:00,2025-07-02 04:06:00,2025-07-04 04:06:00
fd806660-6,8262113b,invoiced,2025-01-02 19:13:00,2025-01-02 22:13:00,,,2025-01-21 19:13:00
7353f7b1-4,1cedae8f,delivered,2025-04-23 19:45:00,2025-04-23 21:16:00,2025-04-25 19:45:00,2025-05-12 19:45:00,2025-05-05 19:45:00
a425539d-5,1f831bb4,invoiced,2025-07-31 14:54:00,2025-07-31 15:19:00,,,2025-08-18 14:54:00
e49f66db-1,ad18a686,delivered,2025-02-03 18:05:00,2025-02-03 19:55:00,2025-02-05 18:05:00,2025-02-18 18:05:00,2025-02-20 18:05:00
61812729-0,6b2684bd,invoiced,2025-08-18 11:37:00,2025-08-18 12:52:00,,,2025-08-29 11:37:00
609d218c-8,47982000,delivered,2025-04-25 14:46:00,2025-04-25 16:30:00,2025-04-28 14:46:00,2025-05-16 14:46:00,2025-05-12 14:46:00
3a195115-9,311f4558,shipped,2025-07-29 21:57:00,2025-07-29 22:14:00,2025-07-31 21:57:00,,2025-08-11 21:57:00
21667e62-6,4def9caa,delivered,2025-11-24 23:35:00,2025-11-25 02:08:00,2025-11-25 23:35:00,2025-12-14 23:35:00,2025-12-11 23:35:00
33b0299b-3,28009acc,shipped,2025-04-05 02:06:00,2025-04-05 04:19:00,2025-04-07 02:06:00,,2025-04-23 02:06:00
179dfa0d-2,74de19c3,delivered,2025-01-25 11:54:00,2025-01-25 14:54:00,2025-01-28 11:54:00,2025-02-15 11:54:00,2025-02-13 11:54:00
1899b0b2-4,803941d0,delivered,2025-11-14 09:28:00,2025-11-14 12:10:00,2025-11-17 09:28:00,2025-11-30 09:28:00,2025-11-28 09:28:00
6dc4414e-f,56de3dce,invoiced,2025-03-20 23:44:00,2025-03-21 02:25:00,,,2025-03-30 23:44:00
bf02ea9d-c,09497254,delivered,2025-04-29 20:51:00,2025-04-29 22:45:00,2025-05-02 20:51:00,2025-05-18 20:51:00,2025-05-16 20:51:00
a739dfb7-b,ea9e73a0,delivered,2025-07-08 00:16:00,2025-07-08 00:23:00,2025-07-11 00:16:00,2025-07-25 00:16:00,2025-07-26 00:16:00
4530b208-a,ad641c20,delivered,2025-02-20 02:29:00,2025-02-20 03:55:00,2025-02-21 02:29:00,2025-03-15 02:29:00,2025-03-10 02:29:00
150d55ca-b,0d33327a,shipped,2025-12-03 16:46:00,2025-12-03 19:08:00,2025-12-06 16:46:00,,2025-12-19 16:46:00
b06e410e-a,27489a40,delivered,2025-01-21 05:35:00,2025-01-21 08:24:00,2025-01-22 05:35:00,2025-02-05 05:35:00,2025-02-02 05:35:00
dbf14b63-e,23674bc7,invoiced,2025-07-18 13:05:00,2025-07-18 14:55:00,,,2025-08-02 13:05:00
b49690b2-2,a26caffa,delivered,2025-01-27 09:58:00,2025-01-27 10:58:00,2025-01-30 09:58:00,2025-02-12 09:58:00,2025-02-14 09:58:00
2d788fea-c,42861e95,delivered,2025-11-15 18:45:00,2025-11-15 19:20:00,2025-11-16 18:45:00,2025-12-05 18:45:00,2025-12-01 18:45:00
423cd6b8-c,e52acd8d,delivered,2025-06-01 05:28:00,2025-06-01 06:26:00,2025-06-03 05:28:00,2025-06-23 05:28:00,2025-06-20 05:28:00
313b8b61-7,1f831bb4,delivered,2025-05-18 12:44:00,2025-05-18 14:12:00,2025-05-19 12:44:00,2025-06-07 12:44:00,2025-06-06 12:44:00
c3bfb2ad-7,aa57d8fd,canceled,2025-08-08 13:34:00,,,,2025-08-18 13:34:00
bbefd108-5,5e55263b,delivered,2025-10-19 15:30:00,2025-10-19 17:17:00,2025-10-21 15:30:00,2025-11-03 15:30:00,2025-11-08 15:30:00
118c5e14-0,7ea1a48a,invoiced,2025-03-08 06:32:00,2025-03-08 07:19:00,,,2025-03-20 06:32:00
3797b0f8-3,97a5f6ce,delivered,2025-05-14 10:41:00,2025-05-14 12:28:00,2025-05-15 10:41:00,2025-06-08 10:41:00,2025-06-03 10:41:00
f56b1681-8,b1a468b1,delivered,2025-02-10 06:36:00,2025-02-10 08:24:00,2025-02-12 06:36:00,2025-02-24 06:36:00,2025-02-24 06:36:00
0393fc1e-f,3b3bdec4,canceled,2025-11-11 17:14:00,,,,2025-11-27 17:14:00
ef4942cf-5,40542a0b,delivered,2025-03-17 16:59:00,2025-03-17 19:41:00,2025-03-19 16:59:00,2025-04-06 16:59:00,2025-04-01 16:59:00
0aee190c-5,b57bd140,shipped,2025-10-23 19:18:00,2025-10-23 21:18:00,2025-10-24 19:18:00,,2025-11-11 19:18:00
e18ab41d-7,138b8bdd,shipped,2025-10-17 04:14:00,2025-10-17 06:19:00,2025-10-18 04:14:00,,2025-10-27 04:14:00
490c78f6-e,1be68eea,delivered,2025-05-10 13:34:00,2025-05-10 16:16:00,2025-05-11 13:34:00,2025-06-01 13:34:00,2025-05-26 13:34:00
456bcbc1-2,e4811065,delivered,2025-03-14 20:51:00,2025-03-14 22:53:00,2025-03-16 20:51:00,2025-04-09 20:51:00,2025-04-02 20:51:00
195191f1-d,0b09fc06,delivered,2025-12-21 16:44:00,2025-12-21 19:28:00,2025-12-23 16:44:00,2026-01-09 16:44:00,2026-01-03 16:44:00
62a52f62-f,8bbfeb65,invoiced,2025-09-10 06:14:00,2025-09-10 08:30:00,,,2025-09-20 06:14:00
d301e4c4-6,32fe619c,canceled,2025-11-27 19:56:00,,,,2025-12-11 19:56:00
2ea776b9-2,1f831bb4,delivered,2025-03-14 00:02:00,2025-03-14 03:01:00,2025-03-17 00:02:00,2025-03-30 00:02:00,2025-03-30 00:02:00
7e51728e-d,0bd156c4,delivered,2025-09-26 02:39:00,2025-09-26 03:42:00,2025-09-28 02:39:00,2025-10-04 02:39:00,2025-10-08 02:39:00
bbbd03ec-7,671e25db,invoiced,2025-09-07 07:10:00,2025-09-07 08:36:00,,,2025-09-18 07:10:00
4cc3630c-a,d92c7bc0,invoiced,2025-02-14 05:17:00,2025-02-14 06:19:00,,,2025-02-26 05:17:00
48a9b374-2,fca6b031,invoiced,2025-12-23 22:25:00,2025-12-23 22:59:00,,,2026-01-09 22:25:00
43e29521-5,d760a52c,delivered,2025-09-24 08:07:00,2025-09-24 10:06:00,2025-09-25 08:07:00,2025-10-09 08:07:00,2025-10-11 08:07:00
9200c102-a,f1db5cef,delivered,2025-04-27 05:24:00,2025-04-27 06:18:00,2025-04-30 05:24:00,2025-05-15 05:24:00,2025-05-07 05:24:00
a9eb7cb4-6,8d237443,delivered,2025-11-11 16:12:00,2025-11-11 16:28:00,2025-11-14 16:12:00,2025-11-20 16:12:00,2025-11-23 16:12:00
25394584-3,3763a39f,delivered,2025-12-25 01:13:00,2025-12-25 04:03:00,2025-12-28 01:13:00,2026-01-05 01:13:00,2026-01-10 01:13:00
3e9b58cf-f,99a877d6,delivered,2025-05-21 10:07:00,2025-05-21 10:47:00,2025-05-24 10:07:00,2025-06-13 10:07:00,2025-06-05 10:07:00
6154768d-a,911dac13,delivered,2025-06-20 17:24:00,2025-06-20 19:36:00,2025-06-23 17:24:00,2025-06-29 17:24:00,2025-07-03 17:24:00
ac28b1cb-7,8d576c2d,delivered,2025-06-01 17:59:00,2025-06-01 19:56:00,2025-06-03 17:59:00,2025-06-22 17:59:00,2025-06-16 17:59:00
eac4d49e-e,4a099bc2,invoiced,2025-06-28 10:50:00,2025-06-28 11:35:00,,,2025-07-09 10:50:00
ed0ccd55-5,887c5e42,invoiced,2025-07-20 15:45:00,2025-07-20 18:11:00,,,2025-08-09 15:45:00
83ef5a58-a,2f9366f3,shipped,2025-03-17 20:34:00,2025-03-17 23:34:00,2025-03-20 20:34:00,,2025-03-28 20:34:00
c857bac1-f,20f85e09,delivered,2025-05-10 14:39:00,2025-05-10 16:26:00,2025-05-12 14:39:00,2025-05-24 14:39:00,2025-05-25 14:39:00
04380531-0,59775ab3,delivered,2025-06-06 07:37:00,2025-06-06 10:02:00,2025-06-08 07:37:00,2025-06-27 07:37:00,2025-06-24 07:37:00
5fb936dc-0,19b42c94,invoiced,2025-05-24 00:25:00,2025-05-24 00:39:00,,,2025-06-05 00:25:00
610d9ca0-5,332e32f1,shipped,2025-10-21 19:01:00,2025-10-21 19:53:00,2025-10-22 19:01:00,,2025-11-07 19:01:00
bcbf294d-f,1126f90f,delivered,2025-04-28 00:10:00,2025-04-28 02:43:00,2025-04-29 00:10:00,2025-05-09 00:10:00,2025-05-11 00:10:00
76720ee3-8,4e1d1bcc,canceled,2025-02-23 07:09:00,,,,2025-03-10 07:09:00
3f586ca8-6,1e5c5aab,shipped,2025-05-14 20:49:00,2025-05-14 20:58:00,2025-05-16 20:49:00,,2025-05-25 20:49:00
64b244e6-5,0d4e131b,canceled,2025-06-16 09:41:00,,,,2025-06-30 09:41:00
0ebd7a71-9,547b1a9b,delivered,2025-07-28 22:04:00,2025-07-28 22:13:00,2025-07-31 22:04:00,2025-08-09 22:04:00,2025-08-08 22:04:00
02c024f8-7,13f12e22,delivered,2025-01-08 19:40:00,2025-01-08 22:26:00,2025-01-10 19:40:00,2025-01-25 19:40:00,2025-01-19 19:40:00
bb94ae78-7,ea185435,delivered,2025-06-07 01:15:00,2025-06-07 04:02:00,2025-06-08 01:15:00,2025-07-04 01:15:00,2025-06-27 01:15:00
510ad7ea-c,1deecdcb,shipped,2025-06-25 13:45:00,2025-06-25 16:33:00,2025-06-26 13:45:00,,2025-07-15 13:45:00
1265d60d-b,053ea82c,delivered,2025-05-03 02:58:00,2025-05-03 03:43:00,2025-05-06 02:58:00,2025-05-22 02:58:00,2025-05-19 02:58:00
5a59e92a-c,a388c941,delivered,2025-07-15 07:13:00,2025-07-15 07:56:00,2025-07-16 07:13:00,2025-08-02 07:13:00,2025-08-03 07:13:00
b23c05ce-4,b70b6684,shipped,2025-12-04 19:00:00,2025-12-04 21:19:00,2025-12-06 19:00:00,,2025-12-14 19:00:00
8d913192-a,747c759d,invoiced,2025-11-18 22:10:00,2025-11-19 00:16:00,,,2025-12-01 22:10:00
782974a5-e,aea358ee,delivered,2025-06-20 00:32:00,2025-06-20 02:49:00,2025-06-23 00:32:00,2025-06-30 00:32:00,2025-07-02 00:32:00
42696840-b,d787a80b,invoiced,2025-11-17 23:19:00,2025-11-18 02:15:00,,,2025-12-04 23:19:00
3291d500-d,29cde9c1,delivered,2025-10-30 22:45:00,2025-10-30 23:32:00,2025-11-02 22:45:00,2025-11-16 22:45:00,2025-11-11 22:45:00
fd85aa1a-c,d0291993,shipped,2025-07-26 21:39:00,2025-07-27 00:29:00,2025-07-28 21:39:00,,2025-08-11 21:39:00
a607661d-7,b2490dd0,delivered,2025-01-14 11:46:00,2025-01-14 13:35:00,2025-01-17 11:46:00,2025-02-03 11:46:00,2025-01-29 11:46:00
bae12636-3,8ad820e0,delivered,2025-04-13 08:14:00,2025-04-13 10:59:00,2025-04-16 08:14:00,2025-05-10 08:14:00,2025-05-03 08:14:00
53f8a550-7,7bb28f78,delivered,2025-02-12 19:28:00,2025-02-12 20:42:00,2025-02-14 19:28:00,2025-02-23 19:28:00,2025-02-28 19:28:00
021787f6-4,33856af1,canceled,2025-12-13 13:20:00,,,,2025-12-29 13:20:00
7ad537db-7,b6cfa4ed,delivered,2025-05-07 00:56:00,2025-05-07 01:07:00,2025-05-09 00:56:00,2025-05-18 00:56:00,2025-05-19 00:56:00
8915f3ae-d,94c4283d,delivered,2025-02-06 06:39:00,2025-02-06 08:47:00,2025-02-09 06:39:00,2025-02-21 06:39:00,2025-02-19 06:39:00
57e6256f-8,3a210e4a,canceled,2025-09-04 05:19:00,,,,2025-09-16 05:19:00
4b767b44-a,db2c2358,canceled,2025-07-31 03:08:00,,,,2025-08-18 03:08:00
24636d55-a,15f7aa69,shipped,2025-10-11 14:28:00,2025-10-11 17:08:00,2025-10-14 14:28:00,,2025-10-30 14:28:00
84f77fa4-9,06b4cdf5,delivered,2025-02-16 23:00:00,2025-02-17 00:20:00,2025-02-17 23:00:00,2025-03-07 23:00:00,2025-03-06 23:00:00
885658c4-c,d106be95,delivered,2025-09-24 02:01:00,2025-09-24 03:42:00,2025-09-25 02:01:00,2025-10-10 02:01:00,2025-10-08 02:01:00
eb1cf0e3-2,4191ba08,delivered,2025-02-05 05:01:00,2025-02-05 06:32:00,2025-02-07 05:01:00,2025-02-16 05:01:00,2025-02-16 05:01:00
447f46ed-b,695d8586,delivered,2025-08-04 18:24:00,2025-08-04 19:04:00,2025-08-05 18:24:00,2025-08-21 18:24:00,2025-08-16 18:24:00
12b1ebaa-0,6df30318,invoiced,2025-05-05 21:35:00,2025-05-05 21:58:00,,,2025-05-18 21:35:00
52819489-9,65dcb60e,delivered,2025-03-25 18:01:00,2025-03-25 19:25:00,2025-03-27 18:01:00,2025-04-19 18:01:00,2025-04-12 18:01:00
4af83f5a-c,2e093507,delivered,2025-05-29 01:21:00,2025-05-29 01:36:00,2025-05-30 01:21:00,2025-06-20 01:21:00,2025-06-12 01:21:00
18d932b9-8,059bc403,delivered,2025-07-28 00:23:00,2025-07-28 02:50:00,2025-07-31 00:23:00,2025-08-11 00:23:00,2025-08-07 00:23:00
2ced8c5b-e,1be97173,delivered,2025-09-27 20:32:00,2025-09-27 21:40:00,2025-09-28 20:32:00,2025-10-09 20:32:00,2025-10-09 20:32:00
8a8dd3b2-e,532f422f,shipped,2025-12-08 22:11:00,2025-12-09 00:30:00,2025-12-09 22:11:00,,2025-12-22 22:11:00
180ea49d-8,029d0201,invoiced,2025-02-18 22:30:00,2025-02-19 00:56:00,,,2025-03-01 22:30:00
f202c4b3-c,1444c49c,delivered,2025-07-13 12:48:00,2025-07-13 15:36:00,2025-07-15 12:48:00,2025-07-31 12:48:00,2025-07-27 12:48:00
6f4d207b-f,059bc403,delivered,2025-08-09 14:35:00,2025-08-09 15:48:00,2025-08-11 14:35:00,2025-08-26 14:35:00,2025-08-25 14:35:00
22a72e22-1,c9cfa5c6,shipped,2025-11-27 02:57:00,2025-11-27 04:46:00,2025-11-28 02:57:00,,2025-12-16 02:57:00
1ed4edf2-2,0ab63290,invoiced,2025-02-19 09:47:00,2025-02-19 12:32:00,,,2025-03-08 09:47:00
f26ee964-7,1c46afa6,shipped,2025-09-12 23:45:00,2025-09-13 00:24:00,2025-09-14 23:45:00,,2025-09-25 23:45:00
2fd53c12-5,5a56558b,invoiced,2025-07-10 04:06:00,2025-07-10 06:12:00,,,2025-07-24 04:06:00
ff6c53f7-a,1e4bf560,shipped,2025-06-01 09:53:00,2025-06-01 10:55:00,2025-06-04 09:53:00,,2025-06-19 09:53:00
bf37cb0d-4,287c447d,delivered,2025-10-22 11:22:00,2025-10-22 13:23:00,2025-10-23 11:22:00,2025-11-17 11:22:00,2025-11-09 11:22:00
88631bfd-5,941b42b8,canceled,2025-03-09 16:05:00,,,,2025-03-24 16:05:00
cd0651de-4,8062d9d9,canceled,2025-11-20 19:18:00,,,,2025-12-09 19:18:00
582eca60-1,89e99d4d,canceled,2025-07-16 11:37:00,,,,2025-08-01 11:37:00
1efc9d6e-f,b26b7602,canceled,2025-09-04 11:14:00,,,,2025-09-18 11:14:00
cf850509-8,9c7eaa10,shipped,2025-08-14 20:53:00,2025-08-14 22:26:00,2025-08-15 20:53:00,,2025-08-25 20:53:00
4ef7f500-2,b88f8425,delivered,2025-10-29 03:56:00,2025-10-29 05:39:00,2025-10-30 03:56:00,2025-11-18 03:56:00,2025-11-14 03:56:00
e7808142-a,b31f2fb3,canceled,2025-05-03 06:11:00,,,,2025-05-15 06:11:00
3afadeac-d,7ce167d7,delivered,2025-09-22 05:19:00,2025-09-22 06:13:00,2025-09-24 05:19:00,2025-10-14 05:19:00,2025-10-11 05:19:00
8196388b-c,7b15e418,shipped,2025-02-14 20:19:00,2025-02-14 22:23:00,2025-02-15 20:19:00,,2025-02-25 20:19:00
aa2dffb1-1,3872ece8,canceled,2025-07-02 09:05:00,,,,2025-07-18 09:05:00
fad5c559-c,c403b89e,delivered,2025-08-09 20:44:00,2025-08-09 23:42:00,2025-08-11 20:44:00,2025-08-21 20:44:00,2025-08-24 20:44:00
11c10225-3,89850bba,canceled,2025-12-01 16:56:00,,,,2025-12-17 16:56:00
d65097bf-e,420b8881,invoiced,2025-01-27 00:49:00,2025-01-27 02:32:00,,,2025-02-11 00:49:00
f76783fc-2,1a27565e,delivered,2025-11-23 01:05:00,2025-11-23 03:19:00,2025-11-26 01:05:00,2025-12-01 01:05:00,2025-12-03 01:05:00
81b78f0a-d,5d906d27,shipped,2025-08-30 20:50:00,2025-08-30 21:02:00,2025-09-02 20:50:00,,2025-09-19 20:50:00
d2ac56ed-b,4c2aa869,delivered,2025-03-17 07:02:00,2025-03-17 08:14:00,2025-03-19 07:02:00,2025-04-04 07:02:00,2025-04-01 07:02:00
09c89a75-4,803941d0,canceled,2025-12-12 20:46:00,,,,2025-12-23 20:46:00
440c5e16-4,d7836bde,invoiced,2025-04-26 13:51:00,2025-04-26 15:40:00,,,2025-05-08 13:51:00
a6f211c4-f,623ae54d,invoiced,2025-02-02 21:01:00,2025-02-02 21:41:00,,,2025-02-13 21:01:00
5ec98efe-9,0ab63290,invoiced,2025-05-01 19:36:00,2025-05-01 20:47:00,,,2025-05-18 19:36:00
bb3b8886-a,f7f5a105,delivered,2025-12-11 17:09:00,2025-12-11 18:20:00,2025-12-14 17:09:00,2025-12-27 17:09:00,2025-12-28 17:09:00
98ba926b-d,438e2ef4,delivered,2025-02-27 21:29:00,2025-02-27 23:08:00,2025-03-01 21:29:00,2025-03-23 21:29:00,2025-03-15 21:29:00
e3fe81e5-4,eabc43c0,shipped,2025-07-11 00:07:00,2025-07-11 03:04:00,2025-07-14 00:07:00,,2025-07-28 00:07:00
465cabde-e,234ac0b8,delivered,2025-10-12 14:09:00,2025-10-12 15:50:00,2025-10-15 14:09:00,2025-11-03 14:09:00,2025-10-29 14:09:00
9db11131-d,50e105ab,invoiced,2025-09-26 17:13:00,2025-09-26 20:11:00,,,2025-10-06 17:13:00
1a152fc8-2,dc4bd367,delivered,2025-04-06 19:55:00,2025-04-06 20:21:00,2025-04-09 19:55:00,2025-04-14 19:55:00,2025-04-19 19:55:00
738169c0-f,f6ad384c,invoiced,2025-06-29 05:30:00,2025-06-29 06:33:00,,,2025-07-10 05:30:00
52156530-9,db2c2358,delivered,2025-04-06 08:06:00,2025-04-06 08:51:00,2025-04-09 08:06:00,2025-04-22 08:06:00,2025-04-22 08:06:00
c121e7a8-0,cc2c0f15,canceled,2025-10-18 11:51:00,,,,2025-11-06 11:51:00
7edbe8fb-7,e6aa9f45,shipped,2025-11-19 05:44:00,2025-11-19 06:21:00,2025-11-20 05:44:00,,2025-11-29 05:44:00
b0c625ab-6,9f456e7f,canceled,2025-10-15 05:22:00,,,,2025-10-30 05:22:00
fe82a738-d,b00a0181,invoiced,2025-02-28 22:30:00,2025-02-28 23:18:00,,,2025-03-14 22:30:00
77be445f-0,f18dd002,canceled,2025-01-20 17:26:00,,,,2025-01-31 17:26:00
fc940738-4,9af8f8ac,shipped,2025-06-07 14:55:00,2025-06-07 15:50:00,2025-06-08 14:55:00,,2025-06-21 14:55:00
116fd545-6,1e28a1ac,delivered,2025-04-25 13:23:00,2025-04-25 15:53:00,2025-04-27 13:23:00,2025-05-11 13:23:00,2025-05-14 13:23:00
b76cb3c0-f,898a819e,canceled,2025-10-22 05:38:00,,,,2025-11-01 05:38:00
7055cc89-8,2d896480,shipped,2025-02-06 02:46:00,2025-02-06 04:43:00,2025-02-07 02:46:00,,2025-02-17 02:46:00
0e55c312-5,0961fc8d,delivered,2025-07-16 15:05:00,2025-07-16 16:48:00,2025-07-19 15:05:00,2025-07-30 15:05:00,2025-08-02 15:05:00
eb4edcc3-4,a2c6c8c2,shipped,2025-04-16 00:35:00,2025-04-16 01:32:00,2025-04-17 00:35:00,,2025-04-26 00:35:00
90d9e4ad-7,6632321f,invoiced,2025-06-18 07:05:00,2025-06-18 10:03:00,,,2025-06-29 07:05:00
ce115c52-6,5a1c3693,delivered,2025-04-28 18:29:00,2025-04-28 19:10:00,2025-05-01 18:29:00,2025-05-19 18:29:00,2025-05-16 18:29:00
9dee747e-9,e920157c,delivered,2025-03-14 07:32:00,2025-03-14 09:37:00,2025-03-17 07:32:00,2025-04-02 07:32:00,2025-03-30 07:32:00
c681de73-0,a7667ec6,canceled,2025-01-18 19:56:00,,,,2025-02-04 19:56:00
db7bc91f-3,c13667cc,shipped,2025-02-03 06:58:00,2025-02-03 09:17:00,2025-02-05 06:58:00,,2025-02-17 06:58:00
f17c8a48-4,e868a118,delivered,2025-05-24 05:42:00,2025-05-24 06:44:00,2025-05-25 05:42:00,2025-06-06 05:42:00,2025-06-07 05:42:00
39a466e8-d,f8b63692,delivered,2025-01-05 16:33:00,2025-01-05 19:13:00,2025-01-06 16:33:00,2025-02-02 16:33:00,2025-01-25 16:33:00
ed225c23-4,7eb3066f,shipped,2025-06-16 07:05:00,2025-06-16 08:36:00,2025-06-19 07:05:00,,2025-07-06 07:05:00
2390a138-c,c9389d9a,delivered,2025-09-11 15:21:00,2025-09-11 16:26:00,2025-09-14 15:21:00,2025-09-25 15:21:00,2025-09-29 15:21:00
3e1a7f5a-0,0016f51a,shipped,2025-02-10 22:07:00,2025-02-10 22:14:00,2025-02-13 22:07:00,,2025-02-21 22:07:00
60ae7d25-3,e6a3a531,shipped,2025-04-14 02:26:00,2025-04-14 04:54:00,2025-04-17 02:26:00,,2025-04-25 02:26:00
48ccebc3-0,464348d5,canceled,2025-05-19 08:21:00,,,,2025-05-30 08:21:00
b45e18de-0,dc43fe81,delivered,2025-01-13 12:44:00,2025-01-13 14:37:00,2025-01-14 12:44:00,2025-01-27 12:44:00,2025-02-01 12:44:00
8e506689-1,1bb132c6,delivered,2025-03-24 08:54:00,2025-03-24 10:43:00,2025-03-26 08:54:00,2025-04-08 08:54:00,2025-04-04 08:54:00
456688df-7,5357ab9c,delivered,2025-12-19 18:01:00,2025-12-19 20:21:00,2025-12-21 18:01:00,2026-01-01 18:01:00,2026-01-03 18:01:00
5abad71d-0,0ec1e1f9,delivered,2025-12-08 19:59:00,2025-12-08 21:36:00,2025-12-09 19:59:00,2025-12-19 19:59:00,2025-12-21 19:59:00
a051c01b-4,1cedae8f,delivered,2025-05-06 05:17:00,2025-05-06 07:08:00,2025-05-09 05:17:00,2025-05-19 05:17:00,2025-05-19 05:17:00
a967696f-9,f1f4eb96,delivered,2025-03-22 01:19:00,2025-03-22 02:22:00,2025-03-25 01:19:00,2025-04-16 01:19:00,2025-04-08 01:19:00
dd6b7e86-a,77742b93,canceled,2025-07-12 23:39:00,,,,2025-07-28 23:39:00
830e0c71-8,323e6aaf,invoiced,2025-11-03 05:33:00,2025-11-03 06:44:00,,,2025-11-13 05:33:00
7363a143-b,eeb7d2e3,delivered,2025-08-02 12:33:00,2025-08-02 15:10:00,2025-08-05 12:33:00,2025-08-13 12:33:00,2025-08-16 12:33:00
ffdc976c-b,e94f8ff8,shipped,2025-01-16 02:06:00,2025-01-16 04:56:00,2025-01-19 02:06:00,,2025-02-03 02:06:00
f759f055-1,b91d73e4,delivered,2025-12-22 00:51:00,2025-12-22 02:26:00,2025-12-24 00:51:00,2026-01-16 00:51:00,2026-01-11 00:51:00
79856f35-8,191f09d3,delivered,2025-10-07 13:04:00,2025-10-07 15:37:00,2025-10-08 13:04:00,2025-10-28 13:04:00,2025-10-20 13:04:00
f397cfd3-7,52318cf8,shipped,2025-06-08 01:18:00,2025-06-08 04:07:00,2025-06-10 01:18:00,,2025-06-25 01:18:00
70c9ea11-7,39f59055,shipped,2025-08-24 09:04:00,2025-08-24 10:48:00,2025-08-25 09:04:00,,2025-09-05 09:04:00
02c02072-8,b588d7fa,delivered,2025-12-06 00:52:00,2025-12-06 01:44:00,2025-12-07 00:52:00,2025-12-18 00:52:00,2025-12-21 00:52:00
6cffe9ee-c,0d8abd39,shipped,2025-10-21 02:15:00,2025-10-21 02:27:00,2025-10-24 02:15:00,,2025-11-05 02:15:00
fc799688-f,9e4c7e0d,shipped,2025-02-14 08:29:00,2025-02-14 11:14:00,2025-02-17 08:29:00,,2025-03-02 08:29:00
33dbbc90-b,c86b03a9,delivered,2025-08-23 18:47:00,2025-08-23 20:47:00,2025-08-25 18:47:00,2025-09-13 18:47:00,2025-09-10 18:47:00
9ddaeb2c-3,7eb3066f,delivered,2025-09-17 04:39:00,2025-09-17 06:06:00,2025-09-19 04:39:00,2025-10-11 04:39:00,2025-10-03 04:39:00
dcbbc56b-5,2d29dc90,canceled,2025-01-04 08:29:00,,,,2025-01-15 08:29:00
9a5f6600-e,59d46dda,canceled,2025-04-01 11:15:00,,,,2025-04-21 11:15:00
1a636a66-b,e00ea70d,delivered,2025-02-15 04:37:00,2025-02-15 06:10:00,2025-02-16 04:37:00,2025-02-27 04:37:00,2025-02-25 04:37:00
20c30310-0,2725a577,delivered,2025-07-17 11:26:00,2025-07-17 13:17:00,2025-07-20 11:26:00,2025-08-01 11:26:00,2025-07-30 11:26:00
ba05741a-e,e2dd6cda,invoiced,2025-08-22 22:23:00,2025-08-22 22:48:00,,,2025-09-05 22:23:00
149dd233-b,81076e0b,canceled,2025-03-26 04:09:00,,,,2025-04-15 04:09:00
3e8880d3-0,9ae65f41,delivered,2025-01-29 19:31:00,2025-01-29 20:54:00,2025-02-01 19:31:00,2025-02-12 19:31:00,2025-02-08 19:31:00
59b508c3-8,b15c78d5,invoiced,2025-06-02 01:03:00,2025-06-02 02:27:00,,,2025-06-20 01:03:00
66ad5a04-f,2f5f8846,delivered,2025-07-08 13:58:00,2025-07-08 14:20:00,2025-07-09 13:58:00,2025-07-20 13:58:00,2025-07-21 13:58:00
e36d1178-0,3ffb74e7,delivered,2025-01-13 20:05:00,2025-01-13 21:41:00,2025-01-14 20:05:00,2025-01-31 20:05:00,2025-01-30 20:05:00
941a8237-e,39f773ff,invoiced,2025-04-05 01:37:00,2025-04-05 02:58:00,,,2025-04-18 01:37:00
e6b64542-d,20e6cbc9,canceled,2025-11-03 17:41:00,,,,2025-11-18 17:41:00
1987af12-c,7843394a,canceled,2025-05-03 14:09:00,,,,2025-05-16 14:09:00
ff9241b5-e,caf4dfc6,delivered,2025-07-19 23:04:00,2025-07-20 01:17:00,2025-07-21 23:04:00,2025-08-04 23:04:00,2025-08-05 23:04:00
408bd16a-1,dbb46f5c,delivered,2025-10-01 10:55:00,2025-10-01 12:03:00,2025-10-03 10:55:00,2025-10-21 10:55:00,2025-10-16 10:55:00
b352ba93-1,5fb642d4,delivered,2025-01-28 09:15:00,2025-01-28 11:40:00,2025-01-30 09:15:00,2025-02-08 09:15:00,2025-02-09 09:15:00
47896391-a,088e818e,delivered,2025-08-07 08:41:00,2025-08-07 09:16:00,2025-08-09 08:41:00,2025-08-27 08:41:00,2025-08-21 08:41:00
cc2389b7-5,39ec8305,delivered,2025-09-12 10:44:00,2025-09-12 12:53:00,2025-09-15 10:44:00,2025-09-27 10:44:00,2025-10-02 10:44:00
389b8bdb-8,db0b4ccb,shipped,2025-06-23 16:18:00,2025-06-23 17:48:00,2025-06-25 16:18:00,,2025-07-08 16:18:00
88c85223-1,efc250d4,delivered,2025-05-03 15:02:00,2025-05-03 16:12:00,2025-05-05 15:02:00,2025-05-25 15:02:00,2025-05-19 15:02:00
2eaf7375-a,fa460a62,delivered,2025-06-10 01:22:00,2025-06-10 01:52:00,2025-06-13 01:22:00,2025-06-22 01:22:00,2025-06-23 01:22:00
6db5d4a5-8,2540f4a9,delivered,2025-12-13 01:07:00,2025-12-13 02:22:00,2025-12-14 01:07:00,2026-01-01 01:07:00,2026-01-01 01:07:00
2f43bda8-8,c5168d59,delivered,2025-01-19 04:56:00,2025-01-19 05:27:00,2025-01-20 04:56:00,2025-01-28 04:56:00,2025-01-29 04:56:00
25fd1211-8,efc250d4,delivered,2025-07-22 11:12:00,2025-07-22 12:35:00,2025-07-25 11:12:00,2025-08-08 11:12:00,2025-08-10 11:12:00
60a73b5c-4,4e2d94c4,delivered,2025-08-01 12:55:00,2025-08-01 13:13:00,2025-08-03 12:55:00,2025-08-18 12:55:00,2025-08-16 12:55:00
cd47bb31-7,e868a118,delivered,2025-11-23 09:12:00,2025-11-23 11:03:00,2025-11-24 09:12:00,2025-12-04 09:12:00,2025-12-06 09:12:00
5ec4d38b-d,d1f5fe12,delivered,2025-03-02 21:02:00,2025-03-02 22:02:00,2025-03-05 21:02:00,2025-03-21 21:02:00,2025-03-19 21:02:00
1d517d54-3,86932886,invoiced,2025-10-14 19:50:00,2025-10-14 22:07:00,,,2025-10-25 19:50:00
a1adb075-6,965565c2,shipped,2025-12-05 16:19:00,2025-12-05 17:15:00,2025-12-06 16:19:00,,2025-12-16 16:19:00
884dbee2-8,784bc38d,canceled,2025-04-03 15:08:00,,,,2025-04-17 15:08:00
54cba4b3-a,e7511260,delivered,2025-06-06 06:38:00,2025-06-06 07:41:00,2025-06-08 06:38:00,2025-06-26 06:38:00,2025-06-22 06:38:00
339d7e83-1,4363085a,delivered,2025-10-31 10:52:00,2025-10-31 11:51:00,2025-11-02 10:52:00,2025-11-12 10:52:00,2025-11-12 10:52:00
c576c2df-e,ca2a343f,delivered,2025-10-20 13:09:00,2025-10-20 13:18:00,2025-10-21 13:09:00,2025-10-30 13:09:00,2025-11-02 13:09:00
dac29db6-f,22cc2120,invoiced,2025-02-26 15:14:00,2025-02-26 17:28:00,,,2025-03-13 15:14:00
c37ee9db-f,8977be52,invoiced,2025-12-27 14:54:00,2025-12-27 17:52:00,,,2026-01-12 14:54:00
a90c0b21-7,34d3cc94,invoiced,2025-12-24 02:05:00,2025-12-24 02:14:00,,,2026-01-11 02:05:00
84da35d6-b,b272d76e,delivered,2025-04-14 10:42:00,2025-04-14 13:17:00,2025-04-16 10:42:00,2025-05-06 10:42:00,2025-04-28 10:42:00
f5c68b4b-f,229defb5,delivered,2025-01-04 11:49:00,2025-01-04 12:53:00,2025-01-06 11:49:00,2025-01-16 11:49:00,2025-01-16 11:49:00
7c7e4c15-2,893438a6,invoiced,2025-06-07 17:35:00,2025-06-07 20:15:00,,,2025-06-18 17:35:00
789a3919-1,b893b1c1,delivered,2025-04-01 00:58:00,2025-04-01 01:21:00,2025-04-02 00:58:00,2025-04-20 00:58:00,2025-04-18 00:58:00
1eae4831-0,e2df27ff,shipped,2025-07-09 15:34:00,2025-07-09 17:39:00,2025-07-11 15:34:00,,2025-07-23 15:34:00
1fee3d2a-9,0d8abd39,delivered,2025-09-05 23:11:00,2025-09-06 01:20:00,2025-09-07 23:11:00,2025-09-22 23:11:00,2025-09-25 23:11:00
deb5d27f-1,bfcf156f,shipped,2025-10-16 21:05:00,2025-10-16 22:01:00,2025-10-18 21:05:00,,2025-11-02 21:05:00
657ad1e0-d,4e1d1bcc,canceled,2025-09-15 20:47:00,,,,2025-10-04 20:47:00
7439f4bc-4,0e4f4587,canceled,2025-09-29 22:51:00,,,,2025-10-11 22:51:00
4a33434f-2,b2333f14,delivered,2025-10-30 14:15:00,2025-10-30 15:14:00,2025-10-31 14:15:00,2025-11-13 14:15:00,2025-11-09 14:15:00
e4a313d7-c,32badae5,delivered,2025-11-11 14:40:00,2025-11-11 17:35:00,2025-11-12 14:40:00,2025-11-24 14:40:00,2025-11-25 14:40:00
c97dc5cc-e,781732e8,delivered,2025-01-08 02:49:00,2025-01-08 04:29:00,2025-01-09 02:49:00,2025-01-26 02:49:00,2025-01-20 02:49:00
9fd90c1f-0,b58e18ab,shipped,2025-09-30 02:10:00,2025-09-30 03:05:00,2025-10-02 02:10:00,,2025-10-18 02:10:00
b0d633df-f,3bbda289,delivered,2025-07-10 03:04:00,2025-07-10 04:12:00,2025-07-13 03:04:00,2025-07-29 03:04:00,2025-07-29 03:04:00
2fc75bf5-3,f0b6a2c4,delivered,2025-01-10 06:05:00,2025-01-10 08:10:00,2025-01-12 06:05:00,2025-02-02 06:05:00,2025-01-28 06:05:00
e297d1ab-4,b1a1c687,delivered,2025-09-04 06:03:00,2025-09-04 08:18:00,2025-09-05 06:03:00,2025-09-14 06:03:00,2025-09-18 06:03:00
3b0f6b83-3,4def9caa,delivered,2025-12-15 08:53:00,2025-12-15 10:33:00,2025-12-18 08:53:00,2025-12-28 08:53:00,2025-12-26 08:53:00
5c85765e-6,c08f82d4,delivered,2025-07-20 11:28:00,2025-07-20 13:48:00,2025-07-21 11:28:00,2025-08-10 11:28:00,2025-08-04 11:28:00
85a1c73d-a,941941d3,canceled,2025-12-11 02:50:00,,,,2025-12-28 02:50:00
7905e4ec-a,6cc0eeea,delivered,2025-01-28 03:30:00,2025-01-28 03:58:00,2025-01-30 03:30:00,2025-02-22 03:30:00,2025-02-14 03:30:00
65a3d034-8,67332eb5,delivered,2025-02-20 18:25:00,2025-02-20 19:51:00,2025-02-21 18:25:00,2025-03-07 18:25:00,2025-03-08 18:25:00
4ca2a5af-c,a3cf2651,canceled,2025-04-26 16:47:00,,,,2025-05-06 16:47:00
8d85a46f-1,92c63399,invoiced,2025-11-12 12:44:00,2025-11-12 13:16:00,,,2025-12-01 12:44:00
4d8a9b99-3,37a38b16,canceled,2025-10-22 22:05:00,,,,2025-11-04 22:05:00
ae3593a7-7,5819675b,shipped,2025-08-24 16:47:00,2025-08-24 17:11:00,2025-08-26 16:47:00,,2025-09-10 16:47:00
35d48217-e,965565c2,delivered,2025-09-10 17:34:00,2025-09-10 19:03:00,2025-09-11 17:34:00,2025-09-29 17:34:00,2025-09-26 17:34:00
bb940ccb-c,1033f6f4,canceled,2025-09-22 11:29:00,,,,2025-10-11 11:29:00
c8f52510-8,305257ed,canceled,2025-02-12 21:23:00,,,,2025-02-22 21:23:00
aba19ab9-5,56ae0408,shipped,2025-11-25 02:05:00,2025-11-25 03:47:00,2025-11-28 02:05:00,,2025-12-12 02:05:00
524dfc97-a,eec3f5a1,delivered,2025-05-29 00:08:00,2025-05-29 01:02:00,2025-05-30 00:08:00,2025-06-18 00:08:00,2025-06-11 00:08:00
d41f0d0f-c,898a819e,invoiced,2025-12-10 12:37:00,2025-12-10 15:20:00,,,2025-12-25 12:37:00
568ee147-a,2078ef07,delivered,2025-01-12 01:06:00,2025-01-12 02:59:00,2025-01-15 01:06:00,2025-01-26 01:06:00,2025-01-26 01:06:00
d62dc387-4,28009acc,shipped,2025-08-16 17:39:00,2025-08-16 20:37:00,2025-08-17 17:39:00,,2025-08-26 17:39:00
bbbedd92-0,61ca2f79,delivered,2025-01-02 18:25:00,2025-01-02 19:17:00,2025-01-05 18:25:00,2025-01-15 18:25:00,2025-01-18 18:25:00
342a59d3-7,3b00e7a0,invoiced,2025-07-04 06:11:00,2025-07-04 08:09:00,,,2025-07-16 06:11:00
88362c8c-d,e84b57a8,delivered,2025-05-21 18:41:00,2025-05-21 18:49:00,2025-05-23 18:41:00,2025-06-11 18:41:00,2025-06-09 18:41:00
a5bdd5fe-9,3872ece8,delivered,2025-12-19 01:32:00,2025-12-19 03:49:00,2025-12-20 01:32:00,2026-01-04 01:32:00,2025-12-29 01:32:00
22a38367-d,61ca2f79,delivered,2025-10-24 22:26:00,2025-10-25 00:35:00,2025-10-25 22:26:00,2025-11-11 22:26:00,2025-11-12 22:26:00
d8e8d53e-1,bd848711,delivered,2025-12-22 19:33:00,2025-12-22 19:45:00,2025-12-23 19:33:00,2026-01-12 19:33:00,2026-01-05 19:33:00
005fcf99-1,8f36b34d,delivered,2025-10-15 14:30:00,2025-10-15 14:44:00,2025-10-16 14:30:00,2025-11-04 14:30:00,2025-10-30 14:30:00
6da85743-2,3fb28e32,delivered,2025-01-23 04:39:00,2025-01-23 07:10:00,2025-01-24 04:39:00,2025-01-31 04:39:00,2025-02-04 04:39:00
b713f257-f,88e6fdca,delivered,2025-10-29 05:46:00,2025-10-29 07:18:00,2025-11-01 05:46:00,2025-11-09 05:46:00,2025-11-12 05:46:00
34416c17-b,6b8b8237,shipped,2025-02-01 07:49:00,2025-02-01 09:05:00,2025-02-02 07:49:00,,2025-02-11 07:49:00
b77af65e-d,b61f73dd,delivered,2025-11-23 11:43:00,2025-11-23 14:21:00,2025-11-26 11:43:00,2025-12-12 11:43:00,2025-12-09 11:43:00
e1ac71ea-7,56730f82,shipped,2025-12-15 22:50:00,2025-12-16 00:11:00,2025-12-17 22:50:00,,2026-01-04 22:50:00
586b541d-d,c4e2a10e,delivered,2025-03-26 10:00:00,2025-03-26 11:22:00,2025-03-28 10:00:00,2025-04-11 10:00:00,2025-04-09 10:00:00
e1b7092a-0,6b603408,invoiced,2025-06-02 01:26:00,2025-06-02 03:22:00,,,2025-06-13 01:26:00
0c037439-2,f08fbc20,delivered,2025-12-20 13:03:00,2025-12-20 15:04:00,2025-12-22 13:03:00,2026-01-07 13:03:00,2026-01-01 13:03:00
ea744da0-6,dc43fe81,delivered,2025-07-12 17:17:00,2025-07-12 19:22:00,2025-07-13 17:17:00,2025-07-19 17:17:00,2025-07-22 17:17:00
8664b9e6-0,2f9366f3,delivered,2025-05-12 06:11:00,2025-05-12 08:45:00,2025-05-14 06:11:00,2025-05-21 06:11:00,2025-05-26 06:11:00
5619b0da-6,3bbda289,shipped,2025-07-21 23:07:00,2025-07-22 01:17:00,2025-07-22 23:07:00,,2025-08-04 23:07:00
b435f214-5,cdf55148,delivered,2025-01-19 13:58:00,2025-01-19 14:15:00,2025-01-21 13:58:00,2025-02-03 13:58:00,2025-02-02 13:58:00
3b60e490-4,6935f132,delivered,2025-10-23 19:04:00,2025-10-23 21:59:00,2025-10-25 19:04:00,2025-11-14 19:04:00,2025-11-12 19:04:00
a7047b33-1,5bd4193c,delivered,2025-01-13 14:41:00,2025-01-13 17:08:00,2025-01-14 14:41:00,2025-01-27 14:41:00,2025-01-26 14:41:00
64842c09-0,80a8d59b,delivered,2025-09-23 07:54:00,2025-09-23 10:23:00,2025-09-25 07:54:00,2025-10-07 07:54:00,2025-10-05 07:54:00
2106e943-1,747c759d,delivered,2025-12-08 09:42:00,2025-12-08 12:38:00,2025-12-11 09:42:00,2025-12-17 09:42:00,2025-12-20 09:42:00
3bf28518-2,aea358ee,invoiced,2025-09-14 22:36:00,2025-09-15 00:13:00,,,2025-09-26 22:36:00
707b31b0-d,3f10f164,delivered,2025-07-29 12:13:00,2025-07-29 14:52:00,2025-07-31 12:13:00,2025-08-17 12:13:00,2025-08-09 12:13:00
4970918e-5,a09bf7ba,delivered,2025-07-01 15:22:00,2025-07-01 18:09:00,2025-07-04 15:22:00,2025-07-26 15:22:00,2025-07-20 15:22:00
e176ba61-6,ff5abafa,delivered,2025-08-03 08:24:00,2025-08-03 11:17:00,2025-08-05 08:24:00,2025-08-21 08:24:00,2025-08-20 08:24:00
1334b6aa-1,e5436f79,canceled,2025-09-19 03:25:00,,,,2025-10-08 03:25:00
7e08b5c2-0,920e9a00,canceled,2025-05-11 23:22:00,,,,2025-05-24 23:22:00
449a4338-b,2540f4a9,delivered,2025-03-03 09:25:00,2025-03-03 09:54:00,2025-03-04 09:25:00,2025-03-12 09:25:00,2025-03-13 09:25:00
e35af795-5,84bde093,delivered,2025-11-13 17:12:00,2025-11-13 19:05:00,2025-11-15 17:12:00,2025-12-01 17:12:00,2025-11-24 17:12:00
ea22aa29-c,df0e74a4,delivered,2025-07-31 11:13:00,2025-07-31 13:56:00,2025-08-02 11:13:00,2025-08-26 11:13:00,2025-08-19 11:13:00
9364ce39-5,59affd1e,delivered,2025-10-05 01:31:00,2025-10-05 03:07:00,2025-10-06 01:31:00,2025-10-24 01:31:00,2025-10-24 01:31:00
05eb639f-6,cecd1a2e,delivered,2025-08-09 08:02:00,2025-08-09 08:39:00,2025-08-12 08:02:00,2025-08-27 08:02:00,2025-08-28 08:02:00
01d7a840-b,0b09fc06,shipped,2025-06-14 00:12:00,2025-06-14 00:42:00,2025-06-15 00:12:00,,2025-06-25 00:12:00
a119a94d-2,3aa4018a,invoiced,2025-03-30 08:04:00,2025-03-30 10:44:00,,,2025-04-16 08:04:00
c44281e6-5,b9fa2634,delivered,2025-10-07 02:06:00,2025-10-07 04:56:00,2025-10-09 02:06:00,2025-10-15 02:06:00,2025-10-17 02:06:00
75a043f3-0,597a944f,shipped,2025-04-13 12:04:00,2025-04-13 13:22:00,2025-04-15 12:04:00,,2025-05-02 12:04:00
d30f4c36-2,7163da87,delivered,2025-06-09 17:07:00,2025-06-09 17:28:00,2025-06-10 17:07:00,2025-06-24 17:07:00,2025-06-23 17:07:00
5b50f827-e,ccab290b,delivered,2025-03-04 11:13:00,2025-03-04 13:37:00,2025-03-06 11:13:00,2025-03-14 11:13:00,2025-03-19 11:13:00
d80d2830-c,30f8b988,delivered,2025-04-14 02:46:00,2025-04-14 03:38:00,2025-04-16 02:46:00,2025-04-26 02:46:00,2025-04-27 02:46:00
68d4b270-9,77742b93,delivered,2025-12-22 12:11:00,2025-12-22 12:36:00,2025-12-24 12:11:00,2026-01-08 12:11:00,2026-01-04 12:11:00
d5c1e840-6,4191ba08,canceled,2025-02-27 22:08:00,,,,2025-03-09 22:08:00
3eeb4674-e,fa50d2b3,delivered,2025-07-10 07:39:00,2025-07-10 08:35:00,2025-07-12 07:39:00,2025-07-15 07:39:00,2025-07-20 07:39:00
8a5bf9e4-a,0e4f4587,delivered,2025-12-22 07:27:00,2025-12-22 10:11:00,2025-12-24 07:27:00,2026-01-10 07:27:00,2026-01-02 07:27:00
8a9cca0d-b,5819675b,delivered,2025-07-17 11:34:00,2025-07-17 12:15:00,2025-07-19 11:34:00,2025-07-31 11:34:00,2025-08-01 11:34:00
512ecc80-b,0d4e131b,delivered,2025-04-12 21:21:00,2025-04-12 23:39:00,2025-04-14 21:21:00,2025-04-26 21:21:00,2025-05-01 21:21:00
4227a92a-6,aaa7b951,invoiced,2025-05-08 12:27:00,2025-05-08 14:15:00,,,2025-05-25 12:27:00
be5c8c5a-d,f7f5a105,delivered,2025-04-15 17:36:00,2025-04-15 19:38:00,2025-04-17 17:36:00,2025-05-01 17:36:00,2025-04-29 17:36:00
bd7a7b6d-3,0d719f33,invoiced,2025-04-08 19:14:00,2025-04-08 21:44:00,,,2025-04-22 19:14:00
db20aab6-8,476ef5c3,delivered,2025-06-29 13:23:00,2025-06-29 16:07:00,2025-07-01 13:23:00,2025-07-08 13:23:00,2025-07-09 13:23:00
5ae4e68b-1,e9fec649,delivered,2025-07-16 08:34:00,2025-07-16 08:59:00,2025-07-17 08:34:00,2025-07-29 08:34:00,2025-07-29 08:34:00
52d05bf7-2,2458d228,delivered,2025-04-29 10:49:00,2025-04-29 11:05:00,2025-05-01 10:49:00,2025-05-20 10:49:00,2025-05-17 10:49:00
e8fd99d1-b,78c8c07e,delivered,2025-07-20 22:09:00,2025-07-21 00:02:00,2025-07-21 22:09:00,2025-08-13 22:09:00,2025-08-07 22:09:00
1938393b-e,5351bd05,canceled,2025-09-15 21:42:00,,,,2025-10-02 21:42:00
07dafe37-9,89e99d4d,canceled,2025-01-08 06:42:00,,,,2025-01-19 06:42:00
27ac3ba6-4,bf9bb08a,delivered,2025-10-26 05:30:00,2025-10-26 08:07:00,2025-10-29 05:30:00,2025-11-12 05:30:00,2025-11-09 05:30:00
b94cb20c-b,59d46dda,shipped,2025-03-08 14:31:00,2025-03-08 15:07:00,2025-03-11 14:31:00,,2025-03-23 14:31:00
84909cde-f,c9cfa5c6,delivered,2025-06-08 21:28:00,2025-06-08 23:33:00,2025-06-09 21:28:00,2025-06-23 21:28:00,2025-06-27 21:28:00
67b0ea98-4,3872ece8,delivered,2025-12-23 00:35:00,2025-12-23 01:25:00,2025-12-24 00:35:00,2026-01-08 00:35:00,2026-01-03 00:35:00
1e82f976-0,551b00f1,invoiced,2025-10-07 04:43:00,2025-10-07 07:37:00,,,2025-10-25 04:43:00
2b023b55-4,2be20cab,canceled,2025-09-17 00:16:00,,,,2025-10-02 00:16:00
333a297a-8,0d719f33,shipped,2025-07-10 03:10:00,2025-07-10 03:42:00,2025-07-13 03:10:00,,2025-07-30 03:10:00
15c9a39b-f,b9fd09c5,delivered,2025-08-23 01:45:00,2025-08-23 02:31:00,2025-08-24 01:45:00,2025-09-16 01:45:00,2025-09-09 01:45:00
96891f6b-7,53a2612c,delivered,2025-03-12 00:59:00,2025-03-12 02:00:00,2025-03-14 00:59:00,2025-03-26 00:59:00,2025-03-30 00:59:00
9505da65-e,bda61991,delivered,2025-12-26 08:23:00,2025-12-26 09:06:00,2025-12-28 08:23:00,2026-01-05 08:23:00,2026-01-05 08:23:00
1a8a0479-9,971199e2,delivered,2025-10-18 21:39:00,2025-10-18 23:55:00,2025-10-21 21:39:00,2025-11-09 21:39:00,2025-11-02 21:39:00
de92058b-9,b58e18ab,shipped,2025-06-13 10:53:00,2025-06-13 12:10:00,2025-06-14 10:53:00,,2025-06-25 10:53:00
482fea3b-7,804bd5da,delivered,2025-11-04 16:42:00,2025-11-04 19:41:00,2025-11-07 16:42:00,2025-11-22 16:42:00,2025-11-20 16:42:00
e1f98f5f-b,666f2e1c,invoiced,2025-11-20 13:47:00,2025-11-20 14:47:00,,,2025-12-02 13:47:00
ab227718-9,313b13f5,delivered,2025-09-02 13:12:00,2025-09-02 13:50:00,2025-09-05 13:12:00,2025-09-22 13:12:00,2025-09-17 13:12:00
c6c560a6-3,01ae29d6,invoiced,2025-10-13 23:24:00,2025-10-14 00:21:00,,,2025-10-30 23:24:00
7103df2d-3,3d24e460,delivered,2025-09-22 13:42:00,2025-09-22 14:00:00,2025-09-23 13:42:00,2025-10-13 13:42:00,2025-10-08 13:42:00
d59dd91d-8,af121c81,delivered,2025-06-20 07:48:00,2025-06-20 08:10:00,2025-06-23 07:48:00,2025-07-13 07:48:00,2025-07-10 07:48:00
19264a79-6,9c7eaa10,delivered,2025-07-19 23:07:00,2025-07-20 01:06:00,2025-07-20 23:07:00,2025-08-04 23:07:00,2025-08-05 23:07:00
dcc92b83-d,379f4fed,delivered,2025-09-28 14:01:00,2025-09-28 15:06:00,2025-09-30 14:01:00,2025-10-11 14:01:00,2025-10-09 14:01:00
c4b775e9-8,af121c81,delivered,2025-01-08 00:38:00,2025-01-08 02:45:00,2025-01-09 00:38:00,2025-01-23 00:38:00,2025-01-24 00:38:00
adae2951-9,e9f39f55,delivered,2025-02-19 10:54:00,2025-02-19 12:23:00,2025-02-22 10:54:00,2025-03-03 10:54:00,2025-03-06 10:54:00
45635d35-e,138b8bdd,delivered,2025-10-10 02:07:00,2025-10-10 03:10:00,2025-10-11 02:07:00,2025-11-02 02:07:00,2025-10-28 02:07:00
0e3a0074-d,36e965f3,delivered,2025-04-16 08:20:00,2025-04-16 08:39:00,2025-04-19 08:20:00,2025-05-06 08:20:00,2025-05-05 08:20:00
9fb21e17-3,4e8f3f13,delivered,2025-08-28 00:42:00,2025-08-28 03:10:00,2025-08-29 00:42:00,2025-09-20 00:42:00,2025-09-13 00:42:00
5d462240-1,3a5a43a2,delivered,2025-07-01 03:05:00,2025-07-01 05:28:00,2025-07-02 03:05:00,2025-07-16 03:05:00,2025-07-13 03:05:00
6906e1c8-c,0beeafa2,delivered,2025-01-21 14:39:00,2025-01-21 14:49:00,2025-01-23 14:39:00,2025-02-06 14:39:00,2025-02-03 14:39:00
8def6355-a,5fb642d4,delivered,2025-02-10 09:56:00,2025-02-10 12:22:00,2025-02-11 09:56:00,2025-02-23 09:56:00,2025-02-22 09:56:00
f87beaae-3,90013d69,canceled,2025-04-23 10:40:00,,,,2025-05-05 10:40:00
c86e69cd-a,47320469,shipped,2025-07-29 16:34:00,2025-07-29 18:01:00,2025-07-31 16:34:00,,2025-08-08 16:34:00
4668f0bc-d,a3cf2651,invoiced,2025-07-27 16:40:00,2025-07-27 17:55:00,,,2025-08-13 16:40:00
55fa8147-b,942c563b,canceled,2025-10-29 13:21:00,,,,2025-11-17 13:21:00
68ab0700-d,9471e485,invoiced,2025-11-28 19:16:00,2025-11-28 21:58:00,,,2025-12-11 19:16:00
5190a9bc-9,a7e033c4,delivered,2025-11-02 20:46:00,2025-11-02 21:06:00,2025-11-05 20:46:00,2025-11-21 20:46:00,2025-11-14 20:46:00
7ae612a9-6,99e88bc4,canceled,2025-01-17 20:43:00,,,,2025-01-29 20:43:00
bd6fcde3-7,c08f82d4,delivered,2025-08-16 13:53:00,2025-08-16 16:35:00,2025-08-17 13:53:00,2025-08-29 13:53:00,2025-08-26 13:53:00
104de842-5,25e41cdf,delivered,2025-02-27 03:02:00,2025-02-27 04:19:00,2025-03-01 03:02:00,2025-03-12 03:02:00,2025-03-09 03:02:00
37736392-3,a0774f97,invoiced,2025-04-28 21:08:00,2025-04-28 22:42:00,,,2025-05-14 21:08:00
bec12805-5,98e97c83,invoiced,2025-06-19 02:56:00,2025-06-19 03:23:00,,,2025-06-29 02:56:00
24a84c93-2,313b13f5,invoiced,2025-09-26 20:59:00,2025-09-26 21:37:00,,,2025-10-07 20:59:00
07b052b1-7,00e528b5,delivered,2025-09-30 16:34:00,2025-09-30 18:52:00,2025-10-03 16:34:00,2025-10-22 16:34:00,2025-10-17 16:34:00
4d60948f-d,23692e04,delivered,2025-04-02 16:23:00,2025-04-02 17:51:00,2025-04-04 16:23:00,2025-04-27 16:23:00,2025-04-21 16:23:00
9f0d9a83-5,d6d033a3,shipped,2025-10-13 02:46:00,2025-10-13 03:02:00,2025-10-16 02:46:00,,2025-10-30 02:46:00
2d33a9a6-5,411b69aa,shipped,2025-01-21 07:28:00,2025-01-21 09:33:00,2025-01-23 07:28:00,,2025-02-03 07:28:00
c56c1061-f,4b2f0796,invoiced,2025-04-09 14:42:00,2025-04-09 16:08:00,,,2025-04-28 14:42:00
89e26ee3-7,8a0177de,delivered,2025-11-17 09:36:00,2025-11-17 10:51:00,2025-11-18 09:36:00,2025-12-02 09:36:00,2025-12-07 09:36:00
09071bc6-5,592842b5,invoiced,2025-11-15 16:34:00,2025-11-15 16:59:00,,,2025-11-26 16:34:00
959be4db-0,a3638fed,invoiced,2025-12-16 01:20:00,2025-12-16 04:15:00,,,2026-01-04 01:20:00
115dc3eb-a,6bbe5122,shipped,2025-07-28 15:45:00,2025-07-28 16:53:00,2025-07-29 15:45:00,,2025-08-12 15:45:00
f4fe475e-0,1d109868,invoiced,2025-09-11 04:13:00,2025-09-11 06:38:00,,,2025-09-21 04:13:00
36fd727e-9,b7451573,shipped,2025-07-16 21:57:00,2025-07-16 23:40:00,2025-07-19 21:57:00,,2025-08-05 21:57:00
71106f61-0,73bc708d,delivered,2025-10-05 10:47:00,2025-10-05 13:47:00,2025-10-07 10:47:00,2025-10-20 10:47:00,2025-10-19 10:47:00
26c909ea-8,c18b33c7,delivered,2025-02-06 19:04:00,2025-02-06 22:00:00,2025-02-09 19:04:00,2025-02-17 19:04:00,2025-02-19 19:04:00
8629cd3a-6,15b7a55a,delivered,2025-06-03 22:34:00,2025-06-04 00:07:00,2025-06-05 22:34:00,2025-06-25 22:34:00,2025-06-17 22:34:00
b6d48557-d,0543041b,invoiced,2025-06-08 21:49:00,2025-06-09 00:40:00,,,2025-06-22 21:49:00
dac78dfa-a,2b29aebe,shipped,2025-01-09 08:53:00,2025-01-09 10:50:00,2025-01-11 08:53:00,,2025-01-21 08:53:00
4f1b6a35-c,6e633b28,delivered,2025-12-12 16:01:00,2025-12-12 18:23:00,2025-12-14 16:01:00,2026-01-01 16:01:00,2025-12-28 16:01:00
a2e5af5a-7,380c0fb2,delivered,2025-09-02 10:15:00,2025-09-02 10:24:00,2025-09-05 10:15:00,2025-09-27 10:15:00,2025-09-19 10:15:00
6f84fdc5-b,1deecdcb,delivered,2025-05-23 19:20:00,2025-05-23 21:38:00,2025-05-26 19:20:00,2025-06-03 19:20:00,2025-06-08 19:20:00
e8df783f-f,d1f5fe12,delivered,2025-05-19 18:04:00,2025-05-19 19:23:00,2025-05-22 18:04:00,2025-06-04 18:04:00,2025-06-04 18:04:00
5f561480-9,23c35ef0,delivered,2025-11-05 10:09:00,2025-11-05 11:57:00,2025-11-06 10:09:00,2025-11-18 10:09:00,2025-11-22 10:09:00
fa4bfe31-e,079590a8,invoiced,2025-12-24 22:47:00,2025-12-25 00:53:00,,,2026-01-05 22:47:00
0a88e49d-1,3247c0c8,canceled,2025-06-16 17:05:00,,,,2025-07-05 17:05:00
3b7f9106-a,630bd170,delivered,2025-01-19 09:43:00,2025-01-19 10:49:00,2025-01-21 09:43:00,2025-01-31 09:43:00,2025-01-31 09:43:00
f4b2729b-0,ebdd5cbf,delivered,2025-01-04 10:35:00,2025-01-04 11:00:00,2025-01-07 10:35:00,2025-01-27 10:35:00,2025-01-21 10:35:00
dea94b56-7,5586b175,delivered,2025-02-02 01:27:00,2025-02-02 04:27:00,2025-02-05 01:27:00,2025-02-17 01:27:00,2025-02-13 01:27:00
18a27db9-f,fb2902df,delivered,2025-03-18 18:44:00,2025-03-18 21:07:00,2025-03-20 18:44:00,2025-03-31 18:44:00,2025-04-02 18:44:00
a32303c9-7,0974ce47,delivered,2025-07-17 20:04:00,2025-07-17 20:54:00,2025-07-19 20:04:00,2025-07-27 20:04:00,2025-07-28 20:04:00
ee7333da-2,4d4ffa96,canceled,2025-02-10 04:19:00,,,,2025-02-21 04:19:00
0ed57580-e,f3cfb6c7,invoiced,2025-11-17 19:15:00,2025-11-17 20:14:00,,,2025-12-05 19:15:00
d976ed6b-6,294c864d,shipped,2025-08-16 19:50:00,2025-08-16 21:26:00,2025-08-18 19:50:00,,2025-08-29 19:50:00
1703fe56-9,1ac17d5b,delivered,2025-01-12 17:37:00,2025-01-12 19:00:00,2025-01-14 17:37:00,2025-01-19 17:37:00,2025-01-24 17:37:00
7a5c222a-2,0d7fa440,delivered,2025-05-15 18:19:00,2025-05-15 18:44:00,2025-05-16 18:19:00,2025-05-23 18:19:00,2025-05-28 18:19:00
51ec0f3f-b,234ac0b8,delivered,2025-03-06 05:32:00,2025-03-06 07:04:00,2025-03-07 05:32:00,2025-03-16 05:32:00,2025-03-20 05:32:00
702b269c-9,03533e45,canceled,2025-04-08 20:13:00,,,,2025-04-18 20:13:00
617cf491-4,98ac2436,delivered,2025-02-09 03:42:00,2025-02-09 06:34:00,2025-02-12 03:42:00,2025-02-24 03:42:00,2025-02-22 03:42:00
063208cf-2,89850bba,canceled,2025-12-19 19:03:00,,,,2026-01-06 19:03:00
e6d263c5-7,07d2603d,canceled,2025-11-20 05:47:00,,,,2025-12-02 05:47:00
b41a6718-a,033e1561,shipped,2025-10-09 06:42:00,2025-10-09 06:59:00,2025-10-12 06:42:00,,2025-10-26 06:42:00
22476ef7-7,f3cfb6c7,invoiced,2025-02-02 06:33:00,2025-02-02 09:24:00,,,2025-02-21 06:33:00
f025280d-c,913f81b3,invoiced,2025-09-19 04:35:00,2025-09-19 07:04:00,,,2025-10-05 04:35:00
2df46556-9,5679ffef,delivered,2025-06-12 20:51:00,2025-06-12 23:08:00,2025-06-14 20:51:00,2025-06-27 20:51:00,2025-06-24 20:51:00
be567aff-3,83e84140,shipped,2025-08-20 15:42:00,2025-08-20 18:18:00,2025-08-22 15:42:00,,2025-09-07 15:42:00
cbdbdf8b-2,2458d228,delivered,2025-05-14 08:10:00,2025-05-14 09:06:00,2025-05-17 08:10:00,2025-06-02 08:10:00,2025-05-29 08:10:00
39338917-2,687444f4,canceled,2025-08-30 00:56:00,,,,2025-09-11 00:56:00
987f3724-e,3c06fe94,invoiced,2025-03-20 20:16:00,2025-03-20 22:42:00,,,2025-04-08 20:16:00
2130b671-b,acd55327,invoiced,2025-04-17 12:12:00,2025-04-17 15:02:00,,,2025-05-07 12:12:00
0521c5cb-2,8879168d,delivered,2025-08-02 21:33:00,2025-08-02 22:05:00,2025-08-04 21:33:00,2025-08-19 21:33:00,2025-08-12 21:33:00
d491e383-1,01f097b4,delivered,2025-05-04 13:29:00,2025-05-04 15:59:00,2025-05-05 13:29:00,2025-05-31 13:29:00,2025-05-24 13:29:00
e7dec53d-e,4d4d9779,shipped,2025-12-09 02:04:00,2025-12-09 04:10:00,2025-12-11 02:04:00,,2025-12-28 02:04:00
3f75bd1b-5,efc250d4,delivered,2025-09-23 21:17:00,2025-09-23 23:51:00,2025-09-24 21:17:00,2025-10-17 21:17:00,2025-10-11 21:17:00
f29dd33d-1,b8316a60,delivered,2025-05-12 00:11:00,2025-05-12 00:58:00,2025-05-15 00:11:00,2025-06-02 00:11:00,2025-05-25 00:11:00
1249d784-d,8e324d8d,invoiced,2025-06-30 05:11:00,2025-06-30 07:46:00,,,2025-07-15 05:11:00
34214a01-8,68bbd16f,shipped,2025-05-28 17:42:00,2025-05-28 20:40:00,2025-05-30 17:42:00,,2025-06-08 17:42:00
63610fc8-8,23c35ef0,delivered,2025-09-25 04:27:00,2025-09-25 07:18:00,2025-09-26 04:27:00,2025-10-15 04:27:00,2025-10-11 04:27:00
d5a0e784-7,1d26216d,delivered,2025-04-30 20:50:00,2025-04-30 21:07:00,2025-05-01 20:50:00,2025-05-16 20:50:00,2025-05-16 20:50:00
128008d0-f,13195675,delivered,2025-06-23 10:50:00,2025-06-23 11:02:00,2025-06-24 10:50:00,2025-07-21 10:50:00,2025-07-13 10:50:00
8160a0b9-5,98ac2436,canceled,2025-02-15 15:46:00,,,,2025-02-27 15:46:00
499e48af-b,88e0d0b9,invoiced,2025-12-14 01:07:00,2025-12-14 02:36:00,,,2026-01-01 01:07:00
74f62d45-e,234ac0b8,canceled,2025-06-22 15:30:00,,,,2025-07-10 15:30:00
eec92599-a,23ca5d4e,invoiced,2025-05-29 04:01:00,2025-05-29 04:28:00,,,2025-06-09 04:01:00
a88b3437-5,df0e74a4,canceled,2025-06-05 01:05:00,,,,2025-06-23 01:05:00
2fa2da3d-3,578e24c9,canceled,2025-05-12 03:35:00,,,,2025-05-23 03:35:00
82508af1-b,1ed0c4ff,delivered,2025-09-27 05:47:00,2025-09-27 08:09:00,2025-09-30 05:47:00,2025-10-11 05:47:00,2025-10-09 05:47:00
99c14440-4,0228d25b,delivered,2025-07-10 14:46:00,2025-07-10 15:17:00,2025-07-13 14:46:00,2025-07-29 14:46:00,2025-07-28 14:46:00
1a780311-6,29dea18c,delivered,2025-08-24 03:19:00,2025-08-24 05:18:00,2025-08-25 03:19:00,2025-09-09 03:19:00,2025-09-10 03:19:00
a447614d-e,0961fc8d,delivered,2025-06-19 11:17:00,2025-06-19 12:02:00,2025-06-20 11:17:00,2025-07-04 11:17:00,2025-07-06 11:17:00
91fd8dd6-e,6eaa9c3c,delivered,2025-05-09 22:21:00,2025-05-10 00:44:00,2025-05-12 22:21:00,2025-05-21 22:21:00,2025-05-25 22:21:00
7ccba196-4,181085e5,delivered,2025-05-05 04:56:00,2025-05-05 07:10:00,2025-05-07 04:56:00,2025-05-22 04:56:00,2025-05-22 04:56:00
2dc8efed-5,70c45a75,shipped,2025-10-23 15:37:00,2025-10-23 17:55:00,2025-10-26 15:37:00,,2025-11-07 15:37:00
a8cb893c-9,1be68eea,delivered,2025-12-18 14:36:00,2025-12-18 15:33:00,2025-12-21 14:36:00,2026-01-12 14:36:00,2026-01-06 14:36:00
da872f20-e,46ac43b1,shipped,2025-11-02 01:45:00,2025-11-02 04:15:00,2025-11-04 01:45:00,,2025-11-22 01:45:00
51cce7bd-8,b6cfa4ed,delivered,2025-05-24 00:32:00,2025-05-24 01:25:00,2025-05-25 00:32:00,2025-06-12 00:32:00,2025-06-12 00:32:00
ee102ea6-c,2011a007,delivered,2025-12-20 06:46:00,2025-12-20 07:36:00,2025-12-21 06:46:00,2026-01-15 06:46:00,2026-01-09 06:46:00
23f26854-2,9ba2d340,invoiced,2025-12-05 09:32:00,2025-12-05 11:59:00,,,2025-12-15 09:32:00
d152ab46-1,65ed919f,canceled,2025-03-18 07:19:00,,,,2025-03-31 07:19:00
2568b4da-e,d5332303,delivered,2025-04-09 21:32:00,2025-04-10 00:25:00,2025-04-12 21:32:00,2025-04-26 21:32:00,2025-04-19 21:32:00
e8ef73f0-f,0d719f33,delivered,2025-10-02 17:55:00,2025-10-02 19:15:00,2025-10-03 17:55:00,2025-10-22 17:55:00,2025-10-21 17:55:00
0b73227d-7,9d5ce81c,canceled,2025-08-27 10:53:00,,,,2025-09-07 10:53:00
77d579ec-4,826d0131,invoiced,2025-10-20 21:34:00,2025-10-21 00:21:00,,,2025-10-30 21:34:00
e98d962f-6,5ff729fc,canceled,2025-01-19 07:10:00,,,,2025-02-08 07:10:00
a05d2434-d,ead8ba46,shipped,2025-12-18 13:17:00,2025-12-18 13:59:00,2025-12-21 13:17:00,,2025-12-31 13:17:00
3b9922ac-3,bac9e4e3,delivered,2025-01-04 01:44:00,2025-01-04 04:04:00,2025-01-05 01:44:00,2025-01-21 01:44:00,2025-01-24 01:44:00
71ec05c7-f,551b00f1,delivered,2025-06-12 21:51:00,2025-06-13 00:00:00,2025-06-13 21:51:00,2025-06-22 21:51:00,2025-06-26 21:51:00
0218055c-f,271648ce,delivered,2025-07-11 03:56:00,2025-07-11 04:32:00,2025-07-14 03:56:00,2025-07-20 03:56:00,2025-07-23 03:56:00
c3ae44c4-3,053a2386,delivered,2025-02-09 00:08:00,2025-02-09 01:15:00,2025-02-10 00:08:00,2025-02-28 00:08:00,2025-02-22 00:08:00
3421b2ad-d,671e25db,invoiced,2025-09-17 03:18:00,2025-09-17 04:10:00,,,2025-10-04 03:18:00
b7b1216c-f,bcf8a96a,delivered,2025-07-20 02:03:00,2025-07-20 02:29:00,2025-07-23 02:03:00,2025-08-08 02:03:00,2025-08-08 02:03:00
7fae42cc-e,80f1c658,shipped,2025-11-25 09:42:00,2025-11-25 10:32:00,2025-11-28 09:42:00,,2025-12-13 09:42:00
3758ced1-5,b24fa311,canceled,2025-12-01 19:41:00,,,,2025-12-15 19:41:00
c80747f0-0,4a099bc2,invoiced,2025-10-03 02:31:00,2025-10-03 04:20:00,,,2025-10-16 02:31:00
5014a058-8,8825b68e,delivered,2025-04-18 23:07:00,2025-04-19 01:03:00,2025-04-21 23:07:00,2025-04-30 23:07:00,2025-05-05 23:07:00
0fd6c96b-0,146d7882,invoiced,2025-10-14 16:08:00,2025-10-14 16:20:00,,,2025-10-30 16:08:00
764b919e-2,2254313b,shipped,2025-04-07 20:11:00,2025-04-07 22:22:00,2025-04-08 20:11:00,,2025-04-23 20:11:00
de736f0f-5,caf4dfc6,delivered,2025-07-13 11:26:00,2025-07-13 13:29:00,2025-07-16 11:26:00,2025-07-31 11:26:00,2025-07-24 11:26:00
0f814c84-6,a5b047d2,invoiced,2025-05-19 22:01:00,2025-05-19 22:30:00,,,2025-06-01 22:01:00
33db261e-3,dd83427d,canceled,2025-03-26 09:49:00,,,,2025-04-15 09:49:00
87e02a0e-6,184c639b,shipped,2025-08-06 17:32:00,2025-08-06 19:37:00,2025-08-09 17:32:00,,2025-08-22 17:32:00
31dc0ae4-0,56ae0408,canceled,2025-06-26 09:02:00,,,,2025-07-10 09:02:00
f0bee7f3-a,a6d86955,invoiced,2025-09-24 21:16:00,2025-09-24 22:42:00,,,2025-10-14 21:16:00
1d095bfd-c,c566e51f,invoiced,2025-10-04 08:33:00,2025-10-04 09:07:00,,,2025-10-23 08:33:00
2870069d-a,fca6b031,delivered,2025-06-24 21:47:00,2025-06-24 23:43:00,2025-06-26 21:47:00,2025-07-20 21:47:00,2025-07-13 21:47:00
37c1fd15-1,b600939f,shipped,2025-09-20 03:20:00,2025-09-20 04:27:00,2025-09-21 03:20:00,,2025-10-04 03:20:00
8c1a31a0-8,b88f8425,delivered,2025-12-31 05:58:00,2025-12-31 06:15:00,2026-01-03 05:58:00,2026-01-21 05:58:00,2026-01-15 05:58:00
30b5c08e-e,99298cff,delivered,2025-05-13 08:03:00,2025-05-13 09:35:00,2025-05-16 08:03:00,2025-05-29 08:03:00,2025-05-28 08:03:00
d8d38bd4-b,4ffcb4b8,delivered,2025-11-07 11:02:00,2025-11-07 12:11:00,2025-11-09 11:02:00,2025-12-02 11:02:00,2025-11-27 11:02:00
cf3ac23b-5,23ca5d4e,delivered,2025-06-13 11:17:00,2025-06-13 13:56:00,2025-06-14 11:17:00,2025-07-02 11:17:00,2025-06-25 11:17:00
12db0fca-8,ebb4338a,shipped,2025-05-31 08:58:00,2025-05-31 09:36:00,2025-06-01 08:58:00,,2025-06-18 08:58:00
2bf0de47-c,2f9b3593,delivered,2025-08-13 19:52:00,2025-08-13 21:42:00,2025-08-16 19:52:00,2025-08-21 19:52:00,2025-08-26 19:52:00
cb89b37c-b,f910e842,canceled,2025-12-12 12:45:00,,,,2025-12-26 12:45:00
f358c0c2-1,b893b1c1,shipped,2025-12-10 02:00:00,2025-12-10 03:31:00,2025-12-13 02:00:00,,2025-12-29 02:00:00
0540cd01-e,85686a97,delivered,2025-02-23 02:27:00,2025-02-23 04:08:00,2025-02-25 02:27:00,2025-03-11 02:27:00,2025-03-10 02:27:00
3d8100a9-b,b50ad9ff,invoiced,2025-04-09 06:20:00,2025-04-09 08:53:00,,,2025-04-19 06:20:00
42e18b41-5,37a38b16,canceled,2025-07-26 18:18:00,,,,2025-08-06 18:18:00
709aee1d-1,91e5049e,delivered,2025-11-13 04:44:00,2025-11-13 06:58:00,2025-11-14 04:44:00,2025-12-11 04:44:00,2025-12-03 04:44:00
459a0145-5,b9ea0ab7,canceled,2025-02-21 21:25:00,,,,2025-03-04 21:25:00
55e6130c-f,4a6906f2,delivered,2025-01-07 12:13:00,2025-01-07 13:20:00,2025-01-09 12:13:00,2025-01-22 12:13:00,2025-01-22 12:13:00
18ec658c-1,3aa4018a,invoiced,2025-07-29 14:36:00,2025-07-29 16:20:00,,,2025-08-17 14:36:00
9a6e3a91-9,26a7b29b,delivered,2025-06-09 09:12:00,2025-06-09 11:05:00,2025-06-12 09:12:00,2025-06-24 09:12:00,2025-06-21 09:12:00
41f9a292-8,06a23b3e,delivered,2025-12-25 07:26:00,2025-12-25 07:45:00,2025-12-26 07:26:00,2026-01-06 07:26:00,2026-01-04 07:26:00
986689e3-c,f94c5e0f,invoiced,2025-02-21 13:43:00,2025-02-21 16:37:00,,,2025-03-13 13:43:00
019b9417-f,c5483eac,shipped,2025-06-09 12:19:00,2025-06-09 14:45:00,2025-06-11 12:19:00,,2025-06-25 12:19:00
1d1e75fe-c,00ff3308,delivered,2025-08-08 00:13:00,2025-08-08 01:54:00,2025-08-09 00:13:00,2025-08-25 00:13:00,2025-08-28 00:13:00
2d47edbb-6,ce026849,delivered,2025-02-14 14:14:00,2025-02-14 16:03:00,2025-02-16 14:14:00,2025-03-02 14:14:00,2025-03-01 14:14:00
40789e65-7,9f83c16e,delivered,2025-12-15 15:48:00,2025-12-15 16:34:00,2025-12-18 15:48:00,2025-12-29 15:48:00,2025-12-28 15:48:00
21832d2a-f,5351bd05,delivered,2025-07-30 11:44:00,2025-07-30 13:49:00,2025-08-02 11:44:00,2025-08-11 11:44:00,2025-08-10 11:44:00
d80c5712-0,3872ece8,invoiced,2025-10-26 22:16:00,2025-10-26 23:47:00,,,2025-11-12 22:16:00
a1fb5c4d-9,26a7ebbc,shipped,2025-04-05 13:06:00,2025-04-05 14:28:00,2025-04-08 13:06:00,,2025-04-25 13:06:00
afaf4562-8,07ad5401,invoiced,2025-02-06 17:15:00,2025-02-06 18:12:00,,,2025-02-24 17:15:00
12da6086-4,b6cdd3d0,delivered,2025-08-02 15:00:00,2025-08-02 16:32:00,2025-08-03 15:00:00,2025-08-20 15:00:00,2025-08-15 15:00:00
5b69e0d4-3,2e093507,delivered,2025-10-20 02:04:00,2025-10-20 02:19:00,2025-10-21 02:04:00,2025-11-02 02:04:00,2025-10-30 02:04:00
d16eed4c-4,44b91a2f,invoiced,2025-06-01 08:06:00,2025-06-01 09:50:00,,,2025-06-12 08:06:00
21b0218d-f,2458d228,shipped,2025-06-28 06:36:00,2025-06-28 08:28:00,2025-06-29 06:36:00,,2025-07-18 06:36:00
b80d847b-2,f3cfb6c7,delivered,2025-05-15 21:37:00,2025-05-15 23:55:00,2025-05-18 21:37:00,2025-06-01 21:37:00,2025-06-01 21:37:00
56640bf3-6,1ed0c4ff,delivered,2025-09-14 14:04:00,2025-09-14 15:04:00,2025-09-17 14:04:00,2025-10-07 14:04:00,2025-10-03 14:04:00
eda6c59e-4,01b2d692,invoiced,2025-10-05 23:56:00,2025-10-06 02:39:00,,,2025-10-15 23:56:00
46a2458e-a,e7a0acb3,canceled,2025-11-04 10:08:00,,,,2025-11-20 10:08:00
a4e2a80d-6,1deecdcb,canceled,2025-09-23 05:53:00,,,,2025-10-07 05:53:00
df46a65e-d,464348d5,delivered,2025-02-26 04:33:00,2025-02-26 04:59:00,2025-02-28 04:33:00,2025-03-19 04:33:00,2025-03-11 04:33:00
66e04f2d-5,fe3d5a61,delivered,2025-04-12 17:53:00,2025-04-12 19:28:00,2025-04-14 17:53:00,2025-05-05 17:53:00,2025-04-30 17:53:00
14834e4c-b,eef90944,delivered,2025-12-13 01:53:00,2025-12-13 03:00:00,2025-12-15 01:53:00,2025-12-22 01:53:00,2025-12-26 01:53:00
6b42ebca-3,dd8db3f3,delivered,2025-06-08 19:08:00,2025-06-08 19:30:00,2025-06-09 19:08:00,2025-07-01 19:08:00,2025-06-28 19:08:00
1e727361-c,0a8ff198,invoiced,2025-12-08 21:32:00,2025-12-08 23:31:00,,,2025-12-18 21:32:00
9f6229e7-9,ad7970fc,delivered,2025-12-12 01:30:00,2025-12-12 03:16:00,2025-12-15 01:30:00,2026-01-06 01:30:00,2025-12-31 01:30:00
19121f46-4,bf9bb08a,delivered,2025-10-09 18:27:00,2025-10-09 20:31:00,2025-10-11 18:27:00,2025-10-21 18:27:00,2025-10-23 18:27:00
f8f03feb-a,2e093507,canceled,2025-09-10 02:26:00,,,,2025-09-30 02:26:00
cea619ef-0,77a7ae1f,delivered,2025-05-06 12:01:00,2025-05-06 13:50:00,2025-05-09 12:01:00,2025-05-12 12:01:00,2025-05-17 12:01:00
60fa3a3b-0,6ed53784,delivered,2025-08-07 16:18:00,2025-08-07 18:15:00,2025-08-08 16:18:00,2025-08-20 16:18:00,2025-08-17 16:18:00
1994eb30-b,9aeddef8,delivered,2025-07-24 04:32:00,2025-07-24 07:13:00,2025-07-26 04:32:00,2025-08-17 04:32:00,2025-08-11 04:32:00
59ed6104-4,bcb22d0d,canceled,2025-02-09 21:27:00,,,,2025-02-27 21:27:00
99b07794-e,29e32549,delivered,2025-05-07 20:24:00,2025-05-07 22:35:00,2025-05-10 20:24:00,2025-05-25 20:24:00,2025-05-22 20:24:00
5dcd55e4-d,aaa7b951,delivered,2025-09-05 13:59:00,2025-09-05 15:46:00,2025-09-08 13:59:00,2025-09-21 13:59:00,2025-09-17 13:59:00
0ffde893-6,d4dcbd02,delivered,2025-09-10 09:54:00,2025-09-10 11:49:00,2025-09-12 09:54:00,2025-09-26 09:54:00,2025-09-23 09:54:00
41d1eb93-f,dafce6d0,delivered,2025-01-16 09:17:00,2025-01-16 10:48:00,2025-01-18 09:17:00,2025-01-27 09:17:00,2025-01-30 09:17:00
ce0279c9-e,b062101b,delivered,2025-03-30 03:03:00,2025-03-30 05:36:00,2025-04-01 03:03:00,2025-04-20 03:03:00,2025-04-12 03:03:00
6aded788-9,c86b03a9,canceled,2025-05-16 23:32:00,,,,2025-06-04 23:32:00
5454f4ce-0,77a7ae1f,invoiced,2025-01-26 17:01:00,2025-01-26 19:05:00,,,2025-02-10 17:01:00
33d0c8c5-2,1e4bf560,invoiced,2025-01-05 00:55:00,2025-01-05 02:04:00,,,2025-01-17 00:55:00
c51d0eef-f,8e0ccaf9,canceled,2025-09-27 20:37:00,,,,2025-10-11 20:37:00
35b71e06-4,5244dbf1,canceled,2025-06-16 15:11:00,,,,2025-07-03 15:11:00
693c88ab-4,0251d63d,delivered,2025-01-29 10:22:00,2025-01-29 12:18:00,2025-01-31 10:22:00,2025-02-17 10:22:00,2025-02-09 10:22:00
b3a38c6d-b,7ce167d7,delivered,2025-06-17 16:44:00,2025-06-17 17:45:00,2025-06-18 16:44:00,2025-07-02 16:44:00,2025-06-27 16:44:00
a0f08d79-3,04021d40,delivered,2025-04-24 13:18:00,2025-04-24 15:03:00,2025-04-25 13:18:00,2025-05-06 13:18:00,2025-05-06 13:18:00
c8601445-e,1be97173,delivered,2025-09-14 13:49:00,2025-09-14 14:27:00,2025-09-15 13:49:00,2025-10-04 13:49:00,2025-10-01 13:49:00
31289aac-7,d7b0dfa7,delivered,2025-05-05 02:17:00,2025-05-05 04:12:00,2025-05-07 02:17:00,2025-05-29 02:17:00,2025-05-25 02:17:00
57671510-5,7b51b4cf,shipped,2025-12-02 00:49:00,2025-12-02 02:12:00,2025-12-03 00:49:00,,2025-12-17 00:49:00
4081e8e9-4,70c45a75,delivered,2025-03-21 23:54:00,2025-03-22 00:20:00,2025-03-22 23:54:00,2025-03-29 23:54:00,2025-03-31 23:54:00
b1556809-1,1de0562d,delivered,2025-10-07 16:48:00,2025-10-07 17:59:00,2025-10-10 16:48:00,2025-10-28 16:48:00,2025-10-24 16:48:00
1adabc28-a,8ad820e0,canceled,2025-09-27 01:16:00,,,,2025-10-09 01:16:00
f0773731-3,3178b7c1,delivered,2025-12-02 00:04:00,2025-12-02 01:48:00,2025-12-05 00:04:00,2025-12-21 00:04:00,2025-12-16 00:04:00
f0ae2ccf-8,6e4a1754,invoiced,2025-11-02 17:05:00,2025-11-02 17:57:00,,,2025-11-15 17:05:00
049908be-a,5229665d,delivered,2025-06-20 15:25:00,2025-06-20 16:10:00,2025-06-21 15:25:00,2025-07-10 15:25:00,2025-07-05 15:25:00
c76ce310-6,ce7d5b66,invoiced,2025-02-01 20:16:00,2025-02-01 22:00:00,,,2025-02-11 20:16:00
cd8a2f16-c,079590a8,shipped,2025-03-20 13:19:00,2025-03-20 15:58:00,2025-03-22 13:19:00,,2025-04-06 13:19:00
c9bd61b7-9,2fbc64cd,canceled,2025-12-28 16:58:00,,,,2026-01-09 16:58:00
a7341e4a-8,b5c51d9e,delivered,2025-02-04 17:34:00,2025-02-04 18:09:00,2025-02-05 17:34:00,2025-02-27 17:34:00,2025-02-19 17:34:00
f12c5176-a,0247a691,invoiced,2025-04-07 03:08:00,2025-04-07 04:00:00,,,2025-04-17 03:08:00
5dbe67ae-1,3247c0c8,shipped,2025-11-06 15:45:00,2025-11-06 18:36:00,2025-11-08 15:45:00,,2025-11-18 15:45:00
2872e68e-d,26c1c700,delivered,2025-12-10 06:48:00,2025-12-10 07:45:00,2025-12-11 06:48:00,2025-12-24 06:48:00,2025-12-22 06:48:00
36c5dfa2-9,4e52ed64,canceled,2025-06-10 12:39:00,,,,2025-06-29 12:39:00
7bde8032-3,110ef9e6,shipped,2025-02-25 14:29:00,2025-02-25 14:44:00,2025-02-26 14:29:00,,2025-03-15 14:29:00
a3fd8aca-6,32812e08,delivered,2025-07-23 09:49:00,2025-07-23 11:07:00,2025-07-25 09:49:00,2025-08-05 09:49:00,2025-08-04 09:49:00
28d8192f-a,ed329509,delivered,2025-02-16 23:32:00,2025-02-17 00:05:00,2025-02-17 23:32:00,2025-03-13 23:32:00,2025-03-07 23:32:00
82620007-5,1ed0c4ff,canceled,2025-04-14 14:05:00,,,,2025-04-28 14:05:00
